session_id,participant_id,status,started_datetime,completed_date_time,time_taken,age,num_approvals,num_rejections,prolific_score,reviewed_at_datetime,entered_code,Country of Birth,Current Country of Residence,Employment Status,First Language,Fluent languages,Nationality,Nationality (UK),Primary Language,Sex,Student Status
62b725d307982ead07763084,5c49a0c73bf5cd0001b2f102,APPROVED,2022-06-25 15:12:22.365000,2022-06-25 15:27:58.352000,935.987,39,225,1,100,2022-06-25 17:06:21.535000,91442ADD,United Kingdom,United Kingdom,Full-Time,English,English,United Kingdom,England,English,Female,No
62b7262151817153595def73,62b2f74cf3794e252cc7d1a7,REJECTED,2022-06-25 15:13:41.050000,2022-06-25 15:20:09.014000,387.964,20,4,1,96,2022-06-25 17:05:49.264000,91442ADD,United Kingdom,United Kingdom,DATA EXPIRED,English,English,United Kingdom,England,English,Male,No
62b72626b119d63e5e784cf3,5ee283eefd60a43bd8b0b655,APPROVED,2022-06-25 15:13:46.930000,2022-06-25 15:25:30.694000,703.764,29,297,0,100,2022-06-25 17:06:16.169000,91442ADD,United Kingdom,United Kingdom,Full-Time,English,English,United Kingdom,England,English,Female,No
62b72642fd68dd0d84704654,5e2b458e3d8aa1198ab3af80,APPROVED,2022-06-25 15:14:13.349000,2022-06-25 15:23:08.762000,535.413,36,313,0,100,2022-06-25 17:06:15.396000,91442ADD,United Kingdom,United Kingdom,Part-Time,English,English,United Kingdom,England,English,Female,No
62b72670c178db568680c296,5de91de1033565044b2e80b3,APPROVED,2022-06-25 15:15:59.396000,2022-06-25 15:29:25.179000,805.783,43,182,4,95,2022-06-25 17:06:10.769000,91442ADD,United Kingdom,United Kingdom,Part-Time,English,English,United Kingdom,England,English,Male,No
62b72679b119d63e5e784cfb,5ea9423a615c1501abef79bd,APPROVED,2022-06-25 15:15:11.008000,2022-06-25 15:27:23.329000,732.321,48,638,2,100,2022-06-25 17:06:14.426000,91442ADD,United Kingdom,United Kingdom,Full-Time,English,English,United Kingdom,England,English,Female,No
62b72690e6d9d4635ba39e6e,5dcfd2d783e3090dc7155733,APPROVED,2022-06-25 15:15:32.724000,2022-06-25 15:28:59.585000,806.861,52,389,2,100,2022-06-25 17:06:13.383000,91442ADD,United Kingdom,United Kingdom,Full-Time,English,English,United Kingdom,England,English,Female,No
62b72693d76086810a98f5c5,62b627e2ed6eb246e558ca5f,APPROVED,2022-06-25 15:16:02.556000,2022-06-25 15:25:34.289000,571.733,26,3,0,100,2022-06-25 17:06:09.774000,91442ADD,United Kingdom,United Kingdom,Full-Time,English,English,United Kingdom,England,English,Male,No
62b72699006ea87cc63fc23b,5a67b46ec0d836000108089f,REJECTED,2022-06-25 15:15:41.437000,2022-06-25 15:24:30.428000,528.991,43,757,4,100,2022-06-25 16:24:33.586000,91442ADD,United Kingdom,United Kingdom,"Not in paid work (e.g. homemaker', 'retired or disabled)",English,"French, English",United Kingdom,England,English,Female,No
62b726a04aa2d40aee704653,6166ebc86f4c693bf7b3d18b,APPROVED,2022-06-25 15:15:56.937000,2022-06-25 15:33:33.384000,1056.447,19,159,2,100,2022-06-25 17:06:11.668000,91442ADD,United Kingdom,United Kingdom,Other,English,English,United Kingdom,England,English,Male,Yes
62b74168c02f5745936ead7c,60dfa17abb2bb28bd46b992e,REJECTED,2022-06-25 17:10:05.376000,2022-06-25 17:19:52.623000,587.247,20,60,1,100,2022-06-25 17:25:23.820000,91442ADD,United Kingdom,United Kingdom,Part-Time,English,English,United Kingdom,England,English,Female,Yes
62b741a673d5874ae898f5ef,61158e87e520fccd66136db6,REJECTED,2022-06-25 17:11:05.006000,2022-06-25 17:21:11.278000,606.272,19,213,3,99,2022-06-25 17:24:18.033000,91442ADD,United Kingdom,United Kingdom,Part-Time,English,English,United Kingdom,England,English,Female,Yes
62b7451f725310c8e5c09284,612746228fd04bc4239808ca,APPROVED,2022-06-25 17:25:56.611000,2022-06-25 17:37:01.248000,664.637,38,235,3,99,2022-06-25 17:48:46.242000,91442ADD,United Kingdom,United Kingdom,Full-Time,English,English,United Kingdom,England,English,Female,No
62b7452e5cecbb9d8af5c5b0,57843098dcff7d0001c7ad0f,APPROVED,2022-06-25 17:26:09.917000,2022-06-25 17:41:57.530000,947.613,28,437,5,99,2022-06-25 17:48:21.658000,91442ADD,United Kingdom,United Kingdom,Unemployed (and job seeking),English,English,United Kingdom,England,English,Male,No
