session_id,participant_id,status,started_datetime,completed_date_time,time_taken,age,num_approvals,num_rejections,prolific_score,reviewed_at_datetime,entered_code,Country of Birth,Current Country of Residence,Employment Status,First Language,Fluent languages,Nationality,Nationality (UK),Primary Language,Sex,Student Status
62582087b87843e32a4c4b3b,60ecb3f500857abf7ae07653,APPROVED,2022-04-14 13:24:26.102000,2022-04-14 13:31:18.120000,412.018,35,262,0,100,2022-04-14 14:07:27.424000,91442ADD,United Kingdom,United Kingdom,Full-Time,English,English,United Kingdom,Scotland,English,Male,No
625820ded0dcd02c01dbe48b,62029826ef1cb18a1337c233,RETURNED,2022-04-14 13:25:54.768000,,2500.876609,29,13,0,100,,,CONSENT REVOKED,CONSENT REVOKED,CONSENT REVOKED,CONSENT REVOKED,CONSENT REVOKED,CONSENT REVOKED,CONSENT REVOKED,CONSENT REVOKED,CONSENT REVOKED,CONSENT REVOKED
62582167fa5e5c56370b1411,6092f8b1c80be84bfe9fc57d,APPROVED,2022-04-14 13:28:11.348000,2022-04-14 13:40:14.132000,722.784,52,84,1,100,2022-04-14 14:07:26.051000,91442ADD,United Kingdom,Israel,"Not in paid work (e.g. homemaker', 'retired or disabled)",English,English,United Kingdom,England,English,Female,No
625821fe6e8107dc50383b86,60fd14e6fc0464fad43ed86a,APPROVED,2022-04-14 13:30:41.309000,2022-04-14 13:46:23.539000,942.23,48,188,0,100,2022-04-14 14:07:25.093000,91442ADD,United Kingdom,United Kingdom,Part-Time,English,English,United Kingdom,England,English,Female,No
625822291ceb6995e8ba43bc,6127d9f67a9a57d0ef7a6f52,APPROVED,2022-04-14 13:31:29.068000,2022-04-14 13:43:26.019000,716.951,35,236,0,100,2022-04-14 14:07:24.500000,91442ADD,United Kingdom,United Kingdom,Full-Time,English,English,United Kingdom,England,English,Female,No
6258223e130597d5477cb1fd,616989dfe821dda0310ce721,APPROVED,2022-04-14 13:31:46.534000,2022-04-14 13:40:31.235000,524.701,53,77,4,95,2022-04-14 14:07:23.792000,91442ADD,United Kingdom,United Kingdom,Part-Time,English,English,United Kingdom,England,English,Female,No
6258229396715bfd0f839f7f,5c409407e7ccbf000174f147,APPROVED,2022-04-14 13:33:10.456000,2022-04-14 13:39:57.175000,406.719,37,464,7,98,2022-04-14 14:07:23.441000,91442ADD,United Kingdom,United Kingdom,Full-Time,English,English,United Kingdom,England,English,Female,Yes
6258229f146b00257a8218f6,5c545b99c3d94f00014a2149,APPROVED,2022-04-14 13:33:24.587000,2022-04-14 13:43:34.650000,610.063,44,658,4,100,2022-04-14 14:07:22.213000,91442ADD,United Kingdom,United Kingdom,Part-Time,English,English,United Kingdom,England,English,Female,No
625822a56814c556947ef863,6080184d05448481c709be1f,APPROVED,2022-04-14 13:33:56.106000,2022-04-14 13:45:15.904000,679.798,36,122,0,100,2022-04-14 14:07:21.443000,91442ADD,United Kingdom,United Kingdom,Other,English,English,United Kingdom,England,English,Female,No
625822d23ec13949d2fe1125,5d8c9c3bb7a83b00175048ec,RETURNED,2022-04-14 13:34:17.814000,,1997.958055,70,791,10,97,,,CONSENT REVOKED,CONSENT REVOKED,CONSENT REVOKED,CONSENT REVOKED,CONSENT REVOKED,CONSENT REVOKED,CONSENT REVOKED,CONSENT REVOKED,CONSENT REVOKED,CONSENT REVOKED
625824be7643fbb3d6bc3a4e,6127e539b4463e6b37b6ca94,APPROVED,2022-04-14 13:42:51.413000,2022-04-14 13:57:59.219000,907.806,32,94,1,100,2022-04-14 14:07:20.758000,91442ADD,United Kingdom,United Kingdom,"Not in paid work (e.g. homemaker', 'retired or disabled)",English,English,United Kingdom,England,English,Female,No
625825183ab133f5e4eba4f3,5e79f9e323a65202fa307222,APPROVED,2022-04-14 13:43:55.814000,2022-04-14 13:54:03.660000,607.846,25,486,7,98,2022-04-14 14:07:21.127000,91442ADD,United Kingdom,United Kingdom,Full-Time,English,English,United Kingdom,England,English,Female,DATA EXPIRED
