"session_id","participant_id","status","started_datetime","completed_date_time","time_taken","age","num_approvals","num_rejections","prolific_score","reviewed_at_datetime","entered_code","Country of Birth","Current Country of Residence","Employment Status","First Language","Fluent languages","Nationality","Nationality (UK)","Primary Language","Sex","Student Status"
"62ab0007a3c56075f368ec0f","60868644bc3f19d6d4f9a413","APPROVED","2022-06-16 10:03:54.653000","2022-06-16 10:14:10.739000","616.086","23","167","1","100","2022-06-23 17:03:44.730000","91442ADD","United Kingdom","United Kingdom","Unemployed (and job seeking)","English","English","United Kingdom","Wales","English","Female","No"
"62ab034dc70ff1246e15fb11","5edcfe489e50c29dad7917ae","APPROVED","2022-06-16 10:17:57.312000","2022-06-16 10:28:06.498000","609.186","51","532","7","98","2022-06-23 17:03:43.617000","91442ADD","United Kingdom","United Kingdom","Part-Time","English","English","United Kingdom","England","English","Female","No"
"62ab04040759047fa45cdd2b","6130a941b517244b0bd36a6b","APPROVED","2022-06-16 10:20:56.473000","2022-06-16 10:34:19.104000","802.631","61","88","1","100","2022-06-23 17:03:42.973000","91442ADD","United Kingdom","United Kingdom","Not in paid work (e.g. homemaker', 'retired or disabled)","English","English","United Kingdom","England","English","Female","No"
"62ab04f20f5c067eeb20a43d","5422f869fdf99b328c91b236","RETURNED","2022-06-16 10:25:07.849000","","628724.298941","48","88","1","100","","","CONSENT REVOKED","CONSENT REVOKED","CONSENT REVOKED","CONSENT REVOKED","CONSENT REVOKED","CONSENT REVOKED","CONSENT REVOKED","CONSENT REVOKED","CONSENT REVOKED","CONSENT REVOKED"
"62ab052bdaf7088f754ca9a4","5e94721dcf3467000af77d5d","REJECTED","2022-06-16 10:25:49.442000","2022-06-16 10:31:39.240000","349.798","38","645","7","99","2022-06-23 17:01:54.549000","91442ADD","United Kingdom","United Kingdom","Full-Time","English","English","United Kingdom","England","English","Female","No"
"62ab0558cb842976e8e06c7e","612563160add8583de6d675b","RETURNED","2022-06-16 10:26:34.453000","","628637.72525","19","103","0","100","","","CONSENT REVOKED","CONSENT REVOKED","CONSENT REVOKED","CONSENT REVOKED","CONSENT REVOKED","CONSENT REVOKED","CONSENT REVOKED","CONSENT REVOKED","CONSENT REVOKED","CONSENT REVOKED"
"62ab0558d625464a5e54afa0","6229dca723977615ba7996da","RETURNED","2022-06-16 10:26:42.304000","","628629.890413","63","51","1","100","","","CONSENT REVOKED","CONSENT REVOKED","CONSENT REVOKED","CONSENT REVOKED","CONSENT REVOKED","CONSENT REVOKED","CONSENT REVOKED","CONSENT REVOKED","CONSENT REVOKED","CONSENT REVOKED"
"62ab05b17c6c0e9ea65031fe","6083daa1d20bdba1864dfe41","APPROVED","2022-06-16 10:28:03.365000","2022-06-16 11:22:57.501000","3294.136","27","295","0","100","2022-06-23 17:03:40.539000","91442ADD","United Kingdom","United Kingdom","Full-Time","English","English","United Kingdom","England","English","Female","Yes"
"62ab05c3a0308c9a898166b5","613791ef07e699be4ebd53f8","APPROVED","2022-06-16 10:28:24.313000","2022-06-16 11:05:06.067000","2201.754","52","330","5","98","2022-06-23 17:03:37.688000","91442ADD","United Kingdom","United Kingdom","Not in paid work (e.g. homemaker', 'retired or disabled)","English","English","United Kingdom","Wales","English","Male","No"
"62ab05c810c802a98bcc6849","60bbea726dc12dd57d5f1b94","APPROVED","2022-06-16 10:29:09.074000","2022-06-16 11:01:17.192000","1928.118","60","305","2","100","2022-06-23 17:02:42.944000","91442ADD","United Kingdom","United Kingdom","Unemployed (and job seeking)","English","English","United Kingdom","England","English","Female","No"
"62ab05c96b4172e1cffbeccf","5e8d96efe32229018dec69dd","APPROVED","2022-06-16 10:28:27.344000","2022-06-16 10:33:39.371000","312.027","50","662","1","100","2022-06-23 17:03:36.128000","91442ADD","United Kingdom","United Kingdom","Part-Time","English","English","United Kingdom","England","English","Female","No"
"62ab05cbce6685fd00516845","58f271e6c31d4d00015aa785","APPROVED","2022-06-16 10:28:29.467000","2022-06-16 10:42:39.888000","850.421","30","327","4","99","2022-06-23 17:02:43.559000","91442ADD","United Kingdom","United Kingdom","Full-Time","English","English","United Kingdom","England","English","Female","No"
"62ab060940717f6c48d59af2","5f0043240be6d51395270ae1","APPROVED","2022-06-16 10:29:31.099000","2022-06-16 10:43:36.001000","844.902","50","513","3","100","2022-06-23 17:02:42.276000","91442ADD","United Kingdom","United Kingdom","Full-Time","English","English","United Kingdom","Scotland","English","Female","No"
"62b5ebcd010781f3a4c579c3","59ed327377860e00015135e2","APPROVED","2022-06-24 16:52:32.350000","2022-06-24 17:08:25.824000","953.474","45","387","6","98","2022-06-24 17:55:19.307000","91442ADD","United Kingdom","United Kingdom","Not in paid work (e.g. homemaker', 'retired or disabled)","English","English","United Kingdom","England","English","Female","No"