session_id,participant_id,status,started_datetime,completed_date_time,time_taken,age,num_approvals,num_rejections,prolific_score,reviewed_at_datetime,entered_code,Country of Birth,Current Country of Residence,Employment Status,First Language,Fluent languages,Nationality,Nationality (UK),Primary Language,Sex,Student Status
62b72d3c6fb7940647d8bddb,5cfa3cd395c070000121de0f,APPROVED,2022-06-25 15:44:03.953000,2022-06-25 15:59:04.065000,900.112,55,630,1,100,2022-06-28 15:08:38.479000,91442ADD,United Kingdom,United Kingdom,Part-Time,English,English,United Kingdom,England,English,Female,No
62b72d67de5197190e471547,5fc95de1cdee3944d33d6eb1,APPROVED,2022-06-25 15:44:42.780000,2022-06-25 15:53:38.537000,535.757,37,372,6,98,2022-06-28 15:08:37.686000,91442ADD,United Kingdom,United Kingdom,Part-Time,English,English,United Kingdom,England,English,Female,No
62b72da7a8a5967602516ac6,6155f2c84aedcacc95fb188d,APPROVED,2022-06-25 15:45:49.785000,2022-06-25 15:53:14.841000,445.056,42,244,2,100,2022-06-28 15:08:34.806000,91442ADD,United Kingdom,United Kingdom,Part-Time,English,English,United Kingdom,England,English,Female,No
62b72de0b48ee7c67f8fa249,5c6cf98a34d8f80001ddf31d,APPROVED,2022-06-25 15:46:43.471000,2022-06-25 15:57:51.962000,668.491,28,453,6,98,2022-06-28 15:08:33.187000,91442ADD,United Kingdom,United Kingdom,Full-Time,English,English,United Kingdom,England,English,Female,No
62b72df20d804ca18eed0660,627e79e832735d7aaa0b4684,APPROVED,2022-06-25 15:47:01.332000,2022-06-25 15:51:47.029000,285.697,30,58,0,100,2022-06-28 15:08:32.445000,91442ADD,United Kingdom,United Kingdom,"Not in paid work (e.g. homemaker', 'retired or disabled)",English,English,United Kingdom,England,English,Female,No
62b72e58941894b18d516ae9,6165d21a10257825b4bebfcc,APPROVED,2022-06-25 15:48:45.142000,2022-06-25 15:57:31.857000,526.715,34,259,1,100,2022-06-28 15:08:31.307000,91442ADD,United Kingdom,United Kingdom,Full-Time,English,English,United Kingdom,England,English,Male,No
62b72e591a2e625ed6eb05a9,59a186775fd74b0001abf91e,RETURNED,2022-06-25 15:59:00.066000,,258345.908134,41,573,15,96,,,CONSENT REVOKED,CONSENT REVOKED,CONSENT REVOKED,CONSENT REVOKED,CONSENT REVOKED,CONSENT REVOKED,CONSENT REVOKED,CONSENT REVOKED,CONSENT REVOKED,CONSENT REVOKED
62b72e5dc78cde7e6a170f20,61675b670a0d9e9d3d3b6a8c,REJECTED,2022-06-25 15:48:48.171000,2022-06-25 15:56:35.143000,466.972,31,181,1,100,2022-06-28 15:07:54.611000,91442ADD,United Kingdom,United Kingdom,Full-Time,English,English,United Kingdom,England,English,Female,No
62b72e5e0cd75f04c1c579d2,5dacdf401e90f600132de0e6,APPROVED,2022-06-25 15:48:48.829000,2022-06-25 15:55:49.971000,421.142,22,416,1,100,2022-06-28 15:08:29.965000,91442ADD,United Kingdom,United Kingdom,Part-Time,English,English,United Kingdom,England,English,Male,No
62b72e66ba8258ad9d257413,5838532eaac091000137f09e,RETURNED,2022-06-25 15:48:54.174000,,258951.8606,67,1621,11,99,,,CONSENT REVOKED,CONSENT REVOKED,CONSENT REVOKED,CONSENT REVOKED,CONSENT REVOKED,CONSENT REVOKED,CONSENT REVOKED,CONSENT REVOKED,CONSENT REVOKED,CONSENT REVOKED
62b7308446a79a1f6476307f,61409f25a5dc39e5ae3f2e88,APPROVED,2022-06-25 15:57:59.595000,2022-06-25 16:03:39.236000,339.641,21,60,0,100,2022-06-28 15:08:28.748000,91442ADD,United Kingdom,United Kingdom,Due to start a new job within the next month,English,English,United Kingdom,England,English,Female,Yes
62b730c95197770269f5c5be,5e8f28c5d73dcd03c21314dc,APPROVED,2022-06-25 15:59:08.503000,2022-06-25 16:09:50.855000,642.352,45,876,0,100,2022-06-28 15:08:26.599000,91442ADD,United Kingdom,United Kingdom,Full-Time,English,"English, French",United Kingdom,Scotland,English,Female,No
62bb1a7f57386c5a0198e562,5f5f33fb9348a2021c682ccc,REJECTED,2022-06-28 15:13:14.982000,2022-06-28 15:29:15.311000,960.329,49,382,2,100,2022-06-28 15:31:10.958000,91442ADD,United Kingdom,United Kingdom,Full-Time,English,English,United Kingdom,England,English,Female,No
62bb1ed4891581a6cb07d57e,5efb430ae70e7b0689f4e59d,APPROVED,2022-06-28 15:31:43.512000,2022-06-28 15:41:38.720000,595.208,48,352,3,100,2022-06-28 15:44:19.470000,91442ADD,United Kingdom,United Kingdom,Part-Time,English,English,United Kingdom,England,English,Female,No
