session_id,participant_id,status,started_datetime,completed_date_time,time_taken,age,num_approvals,num_rejections,prolific_score,reviewed_at_datetime,entered_code,Country of Birth,Current Country of Residence,Employment Status,First Language,Fluent languages,Nationality,Nationality (UK),Primary Language,Sex,Student Status
625543ad71f9537e00846624,5f901c39da08ae0598da82d5,APPROVED,2022-04-12 09:17:38.616000,2022-04-12 09:35:31.757000,1073.141,49,286,0,100,2022-04-12 10:32:13.326000,NOCODE,Canada,France,Part-Time,English,English,United Kingdom,England,English,Female,No
625543d7c37a0d7d59f98d06,5f2d4aa65de0a62be5153988,RETURNED,2022-04-12 09:28:15.426000,,127483.903493,36,443,6,99,,,CONSENT REVOKED,CONSENT REVOKED,CONSENT REVOKED,CONSENT REVOKED,CONSENT REVOKED,CONSENT REVOKED,CONSENT REVOKED,CONSENT REVOKED,CONSENT REVOKED,CONSENT REVOKED
6255445f825c8c7ddc1fef5a,602034913eb6e2600a0563ac,APPROVED,2022-04-12 09:20:35.347000,2022-04-12 09:34:16.898000,821.551,36,143,1,99,2022-04-12 10:32:35.303000,NOCODE,United Kingdom,United Kingdom,Other,English,English,United Kingdom,Scotland,English,Female,No
625544696265e6a6d90f6158,5b13db68e9270900013c51af,APPROVED,2022-04-12 09:21:07.960000,2022-04-12 09:30:09.164000,541.204,30,970,8,99,2022-04-12 10:33:43.847000,NOCODE,United Kingdom,United Kingdom,Full-Time,English,English,United Kingdom,England,English,Female,No
6255446e158fc88210f9014b,603cf1a241a4ccaa6d4c0677,APPROVED,2022-04-12 09:20:52.334000,2022-04-12 09:33:42.986000,770.652,24,216,0,100,2022-04-12 10:33:21.208000,NOCODE,United Kingdom,United Kingdom,Full-Time,English,English,United Kingdom,England,English,Female,No
6255449a565b7ff7248953c0,6032903277ccb729ab92972d,APPROVED,2022-04-12 09:25:29.240000,2022-04-12 09:48:35.186000,1385.946,36,173,0,100,2022-04-12 10:32:59.983000,NOCODE,United Kingdom,Sweden,Full-Time,English,"English, Swedish",United Kingdom,England,"English, Swedish",Male,No
625544a6e977a91a00e2cbf2,5f6f7f94d4b107514589d5b8,APPROVED,2022-04-12 09:28:25.749000,2022-04-12 09:53:21.099000,1495.35,29,452,0,100,2022-04-12 10:31:23.778000,NOCODE,United Kingdom,United Kingdom,Full-Time,English,English,United Kingdom,England,English,Female,No
625544c5cdabccf30e4a65d3,5709f7342dac80000e097087,APPROVED,2022-04-12 09:23:02.407000,2022-04-12 09:44:18.124000,1275.717,50,349,7,97,2022-04-12 10:27:38.675000,Nocode,Australia,Australia,DATA EXPIRED,English,English,United Kingdom,England,English,Female,No
625544ecdb2c8d55f4b171e4,5ba69a96bd9d9800016308a3,APPROVED,2022-04-12 09:23:10.824000,2022-04-12 09:36:32.683000,801.859,34,255,0,100,2022-04-12 10:29:52.966000,NOCODE,United Kingdom,United Kingdom,Full-Time,English,English,United Kingdom,England,English,Female,No
625544ece081a8538eacf28a,5e9f5bbf176a980b6531f799,APPROVED,2022-04-12 09:22:55.180000,2022-04-12 09:35:25.591000,750.411,51,224,3,98,2022-04-12 10:30:07.838000,NOCODE,United Kingdom,United Kingdom,Full-Time,English,English,United Kingdom,England,English,Female,No
62554528478dcb31b8a00d97,5e9f54905610650aee77858e,TIMED-OUT,2022-04-12 09:23:55.223000,,127744.362114,33,264,2,100,,,United Kingdom,United Kingdom,Full-Time,English,English,United Kingdom,England,English,Female,No
62555835d43307a713f49cb9,59e39cc9c0d35a0001294f20,APPROVED,2022-04-12 10:45:29.989000,2022-04-12 11:28:51.494000,2601.505,68,1630,7,100,2022-04-12 14:02:37.288000,NOCODE,United Kingdom,United Kingdom,"Not in paid work (e.g. homemaker', 'retired or disabled)",English,English,United Kingdom,England,English,Male,No
