﻿token;label + id;final label;pos tag
he;hatespeech targeting Hispanic 1_27519064_gab;targeting;PRP
a;hatespeech targeting Hispanic 2_27519064_gab;undecided;DT
wetback;hatespeech targeting Hispanic 3_27519064_gab;targeting;NN
so;hatespeech targeting Hispanic 4_27519064_gab;non targeting;IN
he;hatespeech targeting Hispanic 5_27519064_gab;non targeting;PRP
both;hatespeech targeting Hispanic 6_27519064_gab;non targeting;DT
nick;hatespeech targeting Hispanic 1_27243541_gab;targeting;IN
the;hatespeech targeting Hispanic 2_27243541_gab;undecided;DT
spic;hatespeech targeting Hispanic 3_27243541_gab;targeting;NN
fuentes;hatespeech targeting Hispanic 4_27243541_gab;targeting;NNS
chuck;offensive targeting Hispanic 1_17126242_gab;undecided;VB
twitter;offensive targeting Hispanic 10_17126242_gab;non targeting;NN
while;offensive targeting Hispanic 11_17126242_gab;non targeting;IN
supporting;offensive targeting Hispanic 12_17126242_gab;non targeting;VBG
spik;offensive targeting Hispanic 13_17126242_gab;targeting;JJ
cuban;offensive targeting Hispanic 14_17126242_gab;targeting;NN
ted;offensive targeting Hispanic 15_17126242_gab;undecided;VBD
cruz;offensive targeting Hispanic 16_17126242_gab;undecided;NN
jewed;offensive targeting Hispanic 17_17126242_gab;targeting;VBD
up;offensive targeting Hispanic 18_17126242_gab;undecided;RP
ass;offensive targeting Hispanic 19_17126242_gab;undecided;NN
the;offensive targeting Hispanic 2_17126242_gab;undecided;DT
now;offensive targeting Hispanic 20_17126242_gab;non targeting;RB
he;offensive targeting Hispanic 21_17126242_gab;undecided;PRP
on;offensive targeting Hispanic 22_17126242_gab;non targeting;IN
gab;offensive targeting Hispanic 23_17126242_gab;non targeting;NN
saying;offensive targeting Hispanic 24_17126242_gab;non targeting;VBG
how;offensive targeting Hispanic 25_17126242_gab;non targeting;WRB
great;offensive targeting Hispanic 26_17126242_gab;non targeting;JJ
trump;offensive targeting Hispanic 27_17126242_gab;undecided;NN
did;offensive targeting Hispanic 28_17126242_gab;non targeting;VBD
his;offensive targeting Hispanic 29_17126242_gab;undecided;PRP$
cuck;offensive targeting Hispanic 3_17126242_gab;undecided;NN
1;offensive targeting Hispanic 30_17126242_gab;non targeting;CD
st;offensive targeting Hispanic 31_17126242_gab;non targeting;JJ
year;offensive targeting Hispanic 32_17126242_gab;non targeting;NN
and;offensive targeting Hispanic 33_17126242_gab;non targeting;CC
knocking;offensive targeting Hispanic 34_17126242_gab;non targeting;NN
liberals;offensive targeting Hispanic 35_17126242_gab;undecided;NNS
he;offensive targeting Hispanic 36_17126242_gab;undecided;PRP
is;offensive targeting Hispanic 37_17126242_gab;undecided;VBZ
a;offensive targeting Hispanic 38_17126242_gab;undecided;DT
liberal;offensive targeting Hispanic 39_17126242_gab;targeting;JJ
nellis;offensive targeting Hispanic 4_17126242_gab;undecided;RB
shit;offensive targeting Hispanic 40_17126242_gab;undecided;NN
himself;offensive targeting Hispanic 41_17126242_gab;undecided;PRP
dam;offensive targeting Hispanic 42_17126242_gab;undecided;VBZ
cuck;offensive targeting Hispanic 43_17126242_gab;undecided;NN
bad;offensive targeting Hispanic 5_17126242_gab;undecided;JJ
mouthed;offensive targeting Hispanic 6_17126242_gab;undecided;VBN
trump;offensive targeting Hispanic 7_17126242_gab;undecided;NN
often;offensive targeting Hispanic 8_17126242_gab;non targeting;RB
on;offensive targeting Hispanic 9_17126242_gab;non targeting;IN
makes;hatespeech targeting Hispanic 1_17474395_gab;non targeting;VBZ
in;hatespeech targeting Hispanic 10_17474395_gab;non targeting;IN
a;hatespeech targeting Hispanic 11_17474395_gab;non targeting;DT
second;hatespeech targeting Hispanic 12_17474395_gab;non targeting;JJ
to;hatespeech targeting Hispanic 13_17474395_gab;non targeting;TO
sell;hatespeech targeting Hispanic 14_17474395_gab;non targeting;VB
spanish;hatespeech targeting Hispanic 15_17474395_gab;undecided;JJ
copies;hatespeech targeting Hispanic 16_17474395_gab;non targeting;NNS
of;hatespeech targeting Hispanic 17_17474395_gab;non targeting;IN
gorilla;hatespeech targeting Hispanic 18_17474395_gab;undecided;NN
mindset;hatespeech targeting Hispanic 19_17474395_gab;non targeting;NN
sense;hatespeech targeting Hispanic 2_17474395_gab;non targeting;NN
anyways;hatespeech targeting Hispanic 20_17474395_gab;non targeting;NNS
if;hatespeech targeting Hispanic 21_17474395_gab;non targeting;IN
he;hatespeech targeting Hispanic 22_17474395_gab;undecided;PRP
somehow;hatespeech targeting Hispanic 23_17474395_gab;non targeting;RB
managed;hatespeech targeting Hispanic 24_17474395_gab;non targeting;VBD
to;hatespeech targeting Hispanic 25_17474395_gab;non targeting;TO
gain;hatespeech targeting Hispanic 26_17474395_gab;non targeting;VB
power;hatespeech targeting Hispanic 27_17474395_gab;non targeting;NN
lol;hatespeech targeting Hispanic 28_17474395_gab;non targeting;NN
when;hatespeech targeting Hispanic 29_17474395_gab;non targeting;WRB
thernovith;hatespeech targeting Hispanic 3_17474395_gab;undecided;NN
it;hatespeech targeting Hispanic 30_17474395_gab;non targeting;PRP
comes;hatespeech targeting Hispanic 31_17474395_gab;non targeting;VBZ
down;hatespeech targeting Hispanic 32_17474395_gab;non targeting;RB
to;hatespeech targeting Hispanic 33_17474395_gab;non targeting;TO
it;hatespeech targeting Hispanic 34_17474395_gab;non targeting;PRP
alt;hatespeech targeting Hispanic 35_17474395_gab;undecided;RP
lite;hatespeech targeting Hispanic 36_17474395_gab;undecided;JJ
fags;hatespeech targeting Hispanic 37_17474395_gab;targeting;NNS
are;hatespeech targeting Hispanic 38_17474395_gab;undecided;VBP
just;hatespeech targeting Hispanic 39_17474395_gab;undecided;RB
would;hatespeech targeting Hispanic 4_17474395_gab;non targeting;MD
gayer;hatespeech targeting Hispanic 40_17474395_gab;targeting;JJ
leftists;hatespeech targeting Hispanic 41_17474395_gab;targeting;NNS
sell;hatespeech targeting Hispanic 5_17474395_gab;non targeting;VB
out;hatespeech targeting Hispanic 6_17474395_gab;undecided;RP
on;hatespeech targeting Hispanic 7_17474395_gab;non targeting;IN
beaner;hatespeech targeting Hispanic 8_17474395_gab;targeting;NN
invasion;hatespeech targeting Hispanic 9_17474395_gab;undecided;NN
we;hatespeech targeting Hispanic 1_22969485_gab;non targeting;PRP
wetbacks;hatespeech targeting Hispanic 10_22969485_gab;targeting;NNS
are;hatespeech targeting Hispanic 11_22969485_gab;non targeting;VBP
not;hatespeech targeting Hispanic 12_22969485_gab;non targeting;RB
turned;hatespeech targeting Hispanic 13_22969485_gab;non targeting;VBN
back;hatespeech targeting Hispanic 14_22969485_gab;non targeting;RP
ram;hatespeech targeting Hispanic 15_22969485_gab;non targeting;NN
into;hatespeech targeting Hispanic 16_22969485_gab;non targeting;IN
them;hatespeech targeting Hispanic 17_22969485_gab;undecided;PRP
with;hatespeech targeting Hispanic 18_22969485_gab;non targeting;IN
trucks;hatespeech targeting Hispanic 19_22969485_gab;undecided;NNS
could;hatespeech targeting Hispanic 2_22969485_gab;non targeting;MD
kill;hatespeech targeting Hispanic 20_22969485_gab;undecided;VBP
more;hatespeech targeting Hispanic 21_22969485_gab;undecided;JJR
beaners;hatespeech targeting Hispanic 22_22969485_gab;targeting;NNS
faster;hatespeech targeting Hispanic 23_22969485_gab;non targeting;RBR
that;hatespeech targeting Hispanic 24_22969485_gab;non targeting;DT
way;hatespeech targeting Hispanic 25_22969485_gab;non targeting;NN
meet;hatespeech targeting Hispanic 3_22969485_gab;non targeting;VB
at;hatespeech targeting Hispanic 4_22969485_gab;non targeting;IN
the;hatespeech targeting Hispanic 5_22969485_gab;non targeting;DT
border;hatespeech targeting Hispanic 6_22969485_gab;non targeting;NN
and;hatespeech targeting Hispanic 7_22969485_gab;non targeting;CC
if;hatespeech targeting Hispanic 8_22969485_gab;non targeting;IN
the;hatespeech targeting Hispanic 9_22969485_gab;undecided;DT
according;hatespeech targeting Hispanic 1_15459655_gab;non targeting;VBG
of;hatespeech targeting Hispanic 10_15459655_gab;non targeting;IN
involuntary;hatespeech targeting Hispanic 11_15459655_gab;undecided;JJ
manslaughter;hatespeech targeting Hispanic 12_15459655_gab;undecided;NN
in;hatespeech targeting Hispanic 13_15459655_gab;non targeting;IN
ca;hatespeech targeting Hispanic 14_15459655_gab;non targeting;MD
when;hatespeech targeting Hispanic 15_15459655_gab;non targeting;WRB
they;hatespeech targeting Hispanic 16_15459655_gab;non targeting;PRP
get;hatespeech targeting Hispanic 17_15459655_gab;non targeting;VBP
a;hatespeech targeting Hispanic 18_15459655_gab;non targeting;DT
jury;hatespeech targeting Hispanic 19_15459655_gab;non targeting;NN
to;hatespeech targeting Hispanic 2_15459655_gab;non targeting;TO
of;hatespeech targeting Hispanic 20_15459655_gab;non targeting;IN
your;hatespeech targeting Hispanic 21_15459655_gab;non targeting;PRP$
peers;hatespeech targeting Hispanic 22_15459655_gab;non targeting;NNS
that;hatespeech targeting Hispanic 23_15459655_gab;non targeting;WDT
includes;hatespeech targeting Hispanic 24_15459655_gab;non targeting;VBZ
getting;hatespeech targeting Hispanic 25_15459655_gab;non targeting;VBG
anchor;hatespeech targeting Hispanic 26_15459655_gab;undecided;RB
baby;hatespeech targeting Hispanic 27_15459655_gab;undecided;VBN
wetback;hatespeech targeting Hispanic 28_15459655_gab;targeting;NN
child;hatespeech targeting Hispanic 29_15459655_gab;targeting;NN
news;hatespeech targeting Hispanic 3_15459655_gab;non targeting;NN
rapists;hatespeech targeting Hispanic 30_15459655_gab;targeting;NNS
reports;hatespeech targeting Hispanic 4_15459655_gab;non targeting;NNS
the;hatespeech targeting Hispanic 5_15459655_gab;non targeting;DT
jury;hatespeech targeting Hispanic 6_15459655_gab;undecided;NN
also;hatespeech targeting Hispanic 7_15459655_gab;non targeting;RB
acquitted;hatespeech targeting Hispanic 8_15459655_gab;non targeting;VBD
him;hatespeech targeting Hispanic 9_15459655_gab;undecided;PRP
he;hatespeech targeting Hispanic 1_7164097_gab;undecided;PRP
beaners;hatespeech targeting Hispanic 10_7164097_gab;targeting;NNS
so;hatespeech targeting Hispanic 11_7164097_gab;non targeting;VBP
what;hatespeech targeting Hispanic 12_7164097_gab;non targeting;WP
even;hatespeech targeting Hispanic 13_7164097_gab;non targeting;RB
barry;hatespeech targeting Hispanic 14_7164097_gab;non targeting;VBP
did;hatespeech targeting Hispanic 15_7164097_gab;non targeting;VBD
that;hatespeech targeting Hispanic 16_7164097_gab;non targeting;IN
has;hatespeech targeting Hispanic 2_7164097_gab;non targeting;VBZ
not;hatespeech targeting Hispanic 3_7164097_gab;non targeting;RB
done;hatespeech targeting Hispanic 4_7164097_gab;non targeting;VBN
anything;hatespeech targeting Hispanic 5_7164097_gab;non targeting;NN
he;hatespeech targeting Hispanic 6_7164097_gab;undecided;PRP
deported;hatespeech targeting Hispanic 7_7164097_gab;undecided;VBD
a;hatespeech targeting Hispanic 8_7164097_gab;non targeting;DT
couple;hatespeech targeting Hispanic 9_7164097_gab;undecided;NN
<user>;offensive targeting Hispanic 1_3718125_gab;non targeting;NN
about;offensive targeting Hispanic 10_3718125_gab;non targeting;IN
florida;offensive targeting Hispanic 11_3718125_gab;undecided;JJ
looks;offensive targeting Hispanic 12_3718125_gab;non targeting;NNS
like;offensive targeting Hispanic 13_3718125_gab;non targeting;IN
he;offensive targeting Hispanic 14_3718125_gab;undecided;PRP
was;offensive targeting Hispanic 15_3718125_gab;undecided;VBD
a;offensive targeting Hispanic 16_3718125_gab;undecided;DT
muzzie;offensive targeting Hispanic 17_3718125_gab;targeting;JJ
despite;offensive targeting Hispanic 18_3718125_gab;non targeting;IN
the;offensive targeting Hispanic 19_3718125_gab;non targeting;DT
i;offensive targeting Hispanic 2_3718125_gab;non targeting;NN
wetback;offensive targeting Hispanic 20_3718125_gab;undecided;NN
name;offensive targeting Hispanic 21_3718125_gab;undecided;NN
am;offensive targeting Hispanic 3_3718125_gab;non targeting;VBP
a;offensive targeting Hispanic 4_3718125_gab;non targeting;DT
brit;offensive targeting Hispanic 5_3718125_gab;undecided;NN
if;offensive targeting Hispanic 6_3718125_gab;non targeting;IN
you;offensive targeting Hispanic 7_3718125_gab;non targeting;PRP
are;offensive targeting Hispanic 8_3718125_gab;non targeting;VBP
talking;offensive targeting Hispanic 9_3718125_gab;non targeting;VBG
it;hatespeech targeting Hispanic 1_11333277_gab;non targeting;PRP
only;hatespeech targeting Hispanic 2_11333277_gab;non targeting;RB
hit;hatespeech targeting Hispanic 3_11333277_gab;non targeting;VBD
the;hatespeech targeting Hispanic 4_11333277_gab;undecided;DT
beaner;hatespeech targeting Hispanic 5_11333277_gab;targeting;NN
city;hatespeech targeting Hispanic 6_11333277_gab;undecided;NN
his;offensive targeting Hispanic 1_23836265_gab;undecided;PRP$
majority;offensive targeting Hispanic 10_23836265_gab;non targeting;NN
i;offensive targeting Hispanic 11_23836265_gab;non targeting;NN
bet;offensive targeting Hispanic 12_23836265_gab;non targeting;VBD
ricky;offensive targeting Hispanic 13_23836265_gab;undecided;JJ
vaughn;offensive targeting Hispanic 14_23836265_gab;undecided;NN
and;offensive targeting Hispanic 15_23836265_gab;non targeting;CC
based;offensive targeting Hispanic 16_23836265_gab;undecided;VBN
spic;offensive targeting Hispanic 17_23836265_gab;targeting;NN
fuentes;offensive targeting Hispanic 18_23836265_gab;targeting;NNS
are;offensive targeting Hispanic 19_23836265_gab;non targeting;VBP
base;offensive targeting Hispanic 2_23836265_gab;non targeting;NN
running;offensive targeting Hispanic 20_23836265_gab;non targeting;VBG
damage;offensive targeting Hispanic 21_23836265_gab;non targeting;NN
control;offensive targeting Hispanic 22_23836265_gab;non targeting;NN
is;offensive targeting Hispanic 3_23836265_gab;non targeting;VBZ
not;offensive targeting Hispanic 4_23836265_gab;non targeting;RB
happy;offensive targeting Hispanic 5_23836265_gab;non targeting;JJ
there;offensive targeting Hispanic 6_23836265_gab;non targeting;RB
goes;offensive targeting Hispanic 7_23836265_gab;non targeting;VBZ
the;offensive targeting Hispanic 8_23836265_gab;non targeting;DT
silent;offensive targeting Hispanic 9_23836265_gab;non targeting;JJ
<user>;offensive targeting Hispanic 1_1179102478710837249_twitter;non targeting;NN
man;offensive targeting Hispanic 10_1179102478710837249_twitter;undecided;NN
i;offensive targeting Hispanic 2_1179102478710837249_twitter;undecided;NN
am;offensive targeting Hispanic 3_1179102478710837249_twitter;non targeting;VBP
black;offensive targeting Hispanic 4_1179102478710837249_twitter;undecided;JJ
with;offensive targeting Hispanic 5_1179102478710837249_twitter;non targeting;IN
all;offensive targeting Hispanic 6_1179102478710837249_twitter;non targeting;DT
white;offensive targeting Hispanic 7_1179102478710837249_twitter;undecided;JJ
freinds;offensive targeting Hispanic 8_1179102478710837249_twitter;undecided;NNS
taco;offensive targeting Hispanic 9_1179102478710837249_twitter;targeting;JJ
this;hatespeech targeting Hispanic 1_13791614_gab;non targeting;DT
lawn;hatespeech targeting Hispanic 10_13791614_gab;targeting;NN
guys;hatespeech targeting Hispanic 11_13791614_gab;targeting;NNS
hit;hatespeech targeting Hispanic 12_13791614_gab;non targeting;VBD
a;hatespeech targeting Hispanic 13_13791614_gab;non targeting;DT
dudes;hatespeech targeting Hispanic 14_13791614_gab;non targeting;JJ
car;hatespeech targeting Hispanic 15_13791614_gab;non targeting;NN
in;hatespeech targeting Hispanic 16_13791614_gab;non targeting;IN
the;hatespeech targeting Hispanic 17_13791614_gab;non targeting;DT
parking;hatespeech targeting Hispanic 18_13791614_gab;non targeting;NN
lot;hatespeech targeting Hispanic 19_13791614_gab;non targeting;NN
morning;hatespeech targeting Hispanic 2_13791614_gab;non targeting;NN
waited;hatespeech targeting Hispanic 20_13791614_gab;non targeting;VBD
for;hatespeech targeting Hispanic 21_13791614_gab;non targeting;IN
the;hatespeech targeting Hispanic 22_13791614_gab;non targeting;DT
owner;hatespeech targeting Hispanic 23_13791614_gab;non targeting;NN
to;hatespeech targeting Hispanic 24_13791614_gab;non targeting;TO
come;hatespeech targeting Hispanic 25_13791614_gab;non targeting;VB
outside;hatespeech targeting Hispanic 26_13791614_gab;non targeting;RB
because;hatespeech targeting Hispanic 27_13791614_gab;non targeting;IN
the;hatespeech targeting Hispanic 28_13791614_gab;undecided;DT
spicks;hatespeech targeting Hispanic 29_13791614_gab;targeting;NNS
at;hatespeech targeting Hispanic 3_13791614_gab;non targeting;IN
were;hatespeech targeting Hispanic 30_13791614_gab;non targeting;VBD
trying;hatespeech targeting Hispanic 31_13791614_gab;non targeting;VBG
to;hatespeech targeting Hispanic 32_13791614_gab;non targeting;TO
drive;hatespeech targeting Hispanic 33_13791614_gab;non targeting;VB
away;hatespeech targeting Hispanic 34_13791614_gab;non targeting;RP
it;hatespeech targeting Hispanic 35_13791614_gab;non targeting;PRP
was;hatespeech targeting Hispanic 36_13791614_gab;non targeting;VBD
extremely;hatespeech targeting Hispanic 37_13791614_gab;non targeting;RB
satisfying;hatespeech targeting Hispanic 38_13791614_gab;non targeting;VBG
knowing;hatespeech targeting Hispanic 39_13791614_gab;non targeting;VBG
<number>;hatespeech targeting Hispanic 4_13791614_gab;non targeting;NNP
they;hatespeech targeting Hispanic 40_13791614_gab;non targeting;PRP
were;hatespeech targeting Hispanic 41_13791614_gab;non targeting;VBD
gonna;hatespeech targeting Hispanic 42_13791614_gab;non targeting;NNS
have;hatespeech targeting Hispanic 43_13791614_gab;non targeting;VBP
to;hatespeech targeting Hispanic 44_13791614_gab;non targeting;TO
talk;hatespeech targeting Hispanic 45_13791614_gab;non targeting;VB
to;hatespeech targeting Hispanic 46_13791614_gab;non targeting;TO
the;hatespeech targeting Hispanic 47_13791614_gab;non targeting;DT
police;hatespeech targeting Hispanic 48_13791614_gab;non targeting;NN
about;hatespeech targeting Hispanic 49_13791614_gab;non targeting;IN
<number>;hatespeech targeting Hispanic 5_13791614_gab;non targeting;NNP
it;hatespeech targeting Hispanic 50_13791614_gab;non targeting;PRP
i;hatespeech targeting Hispanic 6_13791614_gab;non targeting;NN
saw;hatespeech targeting Hispanic 7_13791614_gab;non targeting;VBD
some;hatespeech targeting Hispanic 8_13791614_gab;undecided;DT
spick;hatespeech targeting Hispanic 9_13791614_gab;targeting;JJ
you;hatespeech targeting Hispanic 1_21127890_gab;targeting;PRP
dumbass;hatespeech targeting Hispanic 10_21127890_gab;undecided;NN
spic;hatespeech targeting Hispanic 11_21127890_gab;targeting;NN
was;hatespeech targeting Hispanic 12_21127890_gab;non targeting;VBD
destined;hatespeech targeting Hispanic 13_21127890_gab;non targeting;VBN
to;hatespeech targeting Hispanic 14_21127890_gab;non targeting;TO
lose;hatespeech targeting Hispanic 15_21127890_gab;non targeting;VB
deserve;hatespeech targeting Hispanic 2_21127890_gab;undecided;VBP
death;hatespeech targeting Hispanic 3_21127890_gab;undecided;NN
if;hatespeech targeting Hispanic 4_21127890_gab;non targeting;IN
you;hatespeech targeting Hispanic 5_21127890_gab;undecided;PRP
voted;hatespeech targeting Hispanic 6_21127890_gab;undecided;VBD
yes;hatespeech targeting Hispanic 7_21127890_gab;non targeting;RB
cruz;hatespeech targeting Hispanic 8_21127890_gab;undecided;NN
that;hatespeech targeting Hispanic 9_21127890_gab;undecided;IN
gotta;hatespeech targeting Hispanic 1_13543989_gab;non targeting;NN
shit;hatespeech targeting Hispanic 10_13543989_gab;undecided;VBN
like;hatespeech targeting Hispanic 11_13543989_gab;undecided;IN
mexican;hatespeech targeting Hispanic 12_13543989_gab;undecided;NN
is;hatespeech targeting Hispanic 13_13543989_gab;non targeting;VBZ
keep;hatespeech targeting Hispanic 2_13543989_gab;non targeting;VB
some;hatespeech targeting Hispanic 3_13543989_gab;undecided;DT
beaners;hatespeech targeting Hispanic 4_13543989_gab;targeting;NNS
in;hatespeech targeting Hispanic 5_13543989_gab;non targeting;IN
texas;hatespeech targeting Hispanic 6_13543989_gab;undecided;NN
texmex;hatespeech targeting Hispanic 7_13543989_gab;undecided;NN
is;hatespeech targeting Hispanic 8_13543989_gab;non targeting;VBZ
not;hatespeech targeting Hispanic 9_13543989_gab;non targeting;RB
hahahaha;hatespeech targeting Hispanic 1_23032780_gab;non targeting;NN
<number>;hatespeech targeting Hispanic 10_23032780_gab;non targeting;NN
minutes;hatespeech targeting Hispanic 11_23032780_gab;non targeting;NNS
she;hatespeech targeting Hispanic 12_23032780_gab;undecided;PRP
was;hatespeech targeting Hispanic 13_23032780_gab;non targeting;VBD
so;hatespeech targeting Hispanic 14_23032780_gab;non targeting;RB
freaked;hatespeech targeting Hispanic 15_23032780_gab;non targeting;JJ
good;hatespeech targeting Hispanic 16_23032780_gab;non targeting;JJ
thing;hatespeech targeting Hispanic 17_23032780_gab;non targeting;NN
they;hatespeech targeting Hispanic 18_23032780_gab;non targeting;PRP
had;hatespeech targeting Hispanic 19_23032780_gab;non targeting;VBD
that;hatespeech targeting Hispanic 2_23032780_gab;undecided;IN
an;hatespeech targeting Hispanic 20_23032780_gab;non targeting;DT
aed;hatespeech targeting Hispanic 21_23032780_gab;non targeting;NN
at;hatespeech targeting Hispanic 22_23032780_gab;non targeting;IN
the;hatespeech targeting Hispanic 23_23032780_gab;non targeting;DT
taco;hatespeech targeting Hispanic 24_23032780_gab;non targeting;NN
bell;hatespeech targeting Hispanic 25_23032780_gab;non targeting;VBP
down;hatespeech targeting Hispanic 26_23032780_gab;non targeting;IN
the;hatespeech targeting Hispanic 27_23032780_gab;non targeting;DT
street;hatespeech targeting Hispanic 28_23032780_gab;non targeting;NN
beaner;hatespeech targeting Hispanic 3_23032780_gab;targeting;NN
rolled;hatespeech targeting Hispanic 4_23032780_gab;non targeting;VBD
out;hatespeech targeting Hispanic 5_23032780_gab;non targeting;RP
that;hatespeech targeting Hispanic 6_23032780_gab;non targeting;IN
mile;hatespeech targeting Hispanic 7_23032780_gab;non targeting;NN
in;hatespeech targeting Hispanic 8_23032780_gab;non targeting;IN
under;hatespeech targeting Hispanic 9_23032780_gab;non targeting;IN
trump;hatespeech targeting Hispanic 1_26938167_gab;undecided;NN
who;hatespeech targeting Hispanic 10_26938167_gab;non targeting;WP
performed;hatespeech targeting Hispanic 11_26938167_gab;non targeting;VBD
gay;hatespeech targeting Hispanic 12_26938167_gab;undecided;JJ
marriages;hatespeech targeting Hispanic 13_26938167_gab;undecided;NNS
but;hatespeech targeting Hispanic 14_26938167_gab;non targeting;CC
did;hatespeech targeting Hispanic 15_26938167_gab;non targeting;VBD
not;hatespeech targeting Hispanic 16_26938167_gab;non targeting;RB
recuse;hatespeech targeting Hispanic 17_26938167_gab;non targeting;VB
themselves;hatespeech targeting Hispanic 18_26938167_gab;non targeting;PRP
from;hatespeech targeting Hispanic 19_26938167_gab;non targeting;IN
should;hatespeech targeting Hispanic 2_26938167_gab;non targeting;MD
the;hatespeech targeting Hispanic 20_26938167_gab;non targeting;DT
gay;hatespeech targeting Hispanic 21_26938167_gab;undecided;JJ
marriage;hatespeech targeting Hispanic 22_26938167_gab;non targeting;NN
ruling;hatespeech targeting Hispanic 23_26938167_gab;non targeting;NN
try;hatespeech targeting Hispanic 3_26938167_gab;non targeting;VB
to;hatespeech targeting Hispanic 4_26938167_gab;non targeting;TO
impeach;hatespeech targeting Hispanic 5_26938167_gab;non targeting;VB
the;hatespeech targeting Hispanic 6_26938167_gab;undecided;DT
wetback;hatespeech targeting Hispanic 7_26938167_gab;targeting;NN
jew;hatespeech targeting Hispanic 8_26938167_gab;targeting;NN
justices;hatespeech targeting Hispanic 9_26938167_gab;targeting;NNS
esteban;hatespeech targeting Hispanic 1_3725815_gab;undecided;NN
ban;hatespeech targeting Hispanic 10_3725815_gab;undecided;NN
muslim;hatespeech targeting Hispanic 11_3725815_gab;undecided;JJ
immigration;hatespeech targeting Hispanic 12_3725815_gab;undecided;NN
trump;hatespeech targeting Hispanic 13_3725815_gab;non targeting;NN
was;hatespeech targeting Hispanic 14_3725815_gab;non targeting;VBD
right;hatespeech targeting Hispanic 15_3725815_gab;non targeting;RB
again;hatespeech targeting Hispanic 16_3725815_gab;non targeting;RB
hail;hatespeech targeting Hispanic 17_3725815_gab;non targeting;JJ
trump;hatespeech targeting Hispanic 18_3725815_gab;undecided;NN
santiago;hatespeech targeting Hispanic 2_3725815_gab;undecided;NN
is;hatespeech targeting Hispanic 3_3725815_gab;non targeting;VBZ
a;hatespeech targeting Hispanic 4_3725815_gab;undecided;DT
beaner;hatespeech targeting Hispanic 5_3725815_gab;targeting;NN
muslim;hatespeech targeting Hispanic 6_3725815_gab;targeting;JJ
build;hatespeech targeting Hispanic 7_3725815_gab;non targeting;VBP
the;hatespeech targeting Hispanic 8_3725815_gab;non targeting;DT
wall;hatespeech targeting Hispanic 9_3725815_gab;non targeting;NN
i;hatespeech targeting Hispanic 1_14698347_gab;non targeting;NN
whose;hatespeech targeting Hispanic 10_14698347_gab;non targeting;WP$
birth;hatespeech targeting Hispanic 11_14698347_gab;undecided;NN
canals;hatespeech targeting Hispanic 12_14698347_gab;undecided;NNS
are;hatespeech targeting Hispanic 13_14698347_gab;non targeting;VBP
like;hatespeech targeting Hispanic 14_14698347_gab;undecided;IN
bazookas;hatespeech targeting Hispanic 15_14698347_gab;undecided;NNS
launching;hatespeech targeting Hispanic 16_14698347_gab;undecided;VBG
anchor;hatespeech targeting Hispanic 17_14698347_gab;undecided;NN
beaners;hatespeech targeting Hispanic 18_14698347_gab;targeting;NNS
onto;hatespeech targeting Hispanic 19_14698347_gab;non targeting;IN
am;hatespeech targeting Hispanic 2_14698347_gab;non targeting;VBP
the;hatespeech targeting Hispanic 20_14698347_gab;non targeting;DT
lanscape;hatespeech targeting Hispanic 21_14698347_gab;non targeting;NN
of;hatespeech targeting Hispanic 22_14698347_gab;non targeting;IN
the;hatespeech targeting Hispanic 23_14698347_gab;non targeting;DT
united;hatespeech targeting Hispanic 24_14698347_gab;non targeting;JJ
states;hatespeech targeting Hispanic 25_14698347_gab;non targeting;NNS
even;hatespeech targeting Hispanic 3_14698347_gab;non targeting;RB
more;hatespeech targeting Hispanic 4_14698347_gab;non targeting;RBR
concerned;hatespeech targeting Hispanic 5_14698347_gab;non targeting;JJ
about;hatespeech targeting Hispanic 6_14698347_gab;non targeting;IN
mexican;hatespeech targeting Hispanic 7_14698347_gab;targeting;JJ
teenage;hatespeech targeting Hispanic 8_14698347_gab;targeting;NN
tramps;hatespeech targeting Hispanic 9_14698347_gab;targeting;NNS
johnson;hatespeech targeting Hispanic 1_11849813_gab;undecided;NN
if;hatespeech targeting Hispanic 10_11849813_gab;non targeting;IN
i;hatespeech targeting Hispanic 11_11849813_gab;non targeting;JJ
disagree;hatespeech targeting Hispanic 12_11849813_gab;non targeting;VBP
with;hatespeech targeting Hispanic 13_11849813_gab;non targeting;IN
him;hatespeech targeting Hispanic 14_11849813_gab;non targeting;PRP
vox;hatespeech targeting Hispanic 15_11849813_gab;undecided;FW
is;hatespeech targeting Hispanic 16_11849813_gab;non targeting;VBZ
pulling;hatespeech targeting Hispanic 17_11849813_gab;non targeting;VBG
some;hatespeech targeting Hispanic 18_11849813_gab;non targeting;DT
dorklord;hatespeech targeting Hispanic 19_11849813_gab;undecided;NN
view;hatespeech targeting Hispanic 2_11849813_gab;non targeting;NN
machiavellian;hatespeech targeting Hispanic 20_11849813_gab;undecided;JJ
master;hatespeech targeting Hispanic 21_11849813_gab;undecided;NN
plan;hatespeech targeting Hispanic 22_11849813_gab;undecided;NN
bullshit;hatespeech targeting Hispanic 23_11849813_gab;undecided;IN
for;hatespeech targeting Hispanic 24_11849813_gab;non targeting;IN
whatever;hatespeech targeting Hispanic 25_11849813_gab;non targeting;WDT
reason;hatespeech targeting Hispanic 26_11849813_gab;non targeting;NN
it;hatespeech targeting Hispanic 27_11849813_gab;non targeting;PRP
obvious;hatespeech targeting Hispanic 28_11849813_gab;non targeting;JJ
moronic;hatespeech targeting Hispanic 29_11849813_gab;undecided;JJ
by;hatespeech targeting Hispanic 3_11849813_gab;non targeting;IN
and;hatespeech targeting Hispanic 30_11849813_gab;non targeting;CC
tiresome;hatespeech targeting Hispanic 31_11849813_gab;undecided;JJ
fuck;hatespeech targeting Hispanic 32_11849813_gab;undecided;NN
off;hatespeech targeting Hispanic 33_11849813_gab;non targeting;IN
with;hatespeech targeting Hispanic 34_11849813_gab;non targeting;IN
your;hatespeech targeting Hispanic 35_11849813_gab;undecided;PRP$
triracial;hatespeech targeting Hispanic 36_11849813_gab;undecided;JJ
alt;hatespeech targeting Hispanic 37_11849813_gab;undecided;NN
west;hatespeech targeting Hispanic 38_11849813_gab;undecided;JJS
milo;hatespeech targeting Hispanic 39_11849813_gab;undecided;NN
contrast;hatespeech targeting Hispanic 4_11849813_gab;non targeting;NN
apologetics;hatespeech targeting Hispanic 40_11849813_gab;undecided;NNS
gamergate;hatespeech targeting Hispanic 41_11849813_gab;undecided;VBP
bullshit;hatespeech targeting Hispanic 42_11849813_gab;undecided;IN
you;hatespeech targeting Hispanic 43_11849813_gab;targeting;PRP
fucking;hatespeech targeting Hispanic 44_11849813_gab;undecided;VBG
spic;hatespeech targeting Hispanic 45_11849813_gab;targeting;NNS
was;hatespeech targeting Hispanic 5_11849813_gab;non targeting;VBD
reasonable;hatespeech targeting Hispanic 6_11849813_gab;non targeting;JJ
and;hatespeech targeting Hispanic 7_11849813_gab;non targeting;CC
genuine;hatespeech targeting Hispanic 8_11849813_gab;non targeting;JJ
even;hatespeech targeting Hispanic 9_11849813_gab;non targeting;RB
jury;hatespeech targeting Hispanic 1_15415739_gab;undecided;NN
piece;hatespeech targeting Hispanic 10_15415739_gab;undecided;NN
of;hatespeech targeting Hispanic 11_15415739_gab;undecided;IN
shit;hatespeech targeting Hispanic 12_15415739_gab;undecided;NNS
off;hatespeech targeting Hispanic 13_15415739_gab;non targeting;IN
not;hatespeech targeting Hispanic 14_15415739_gab;non targeting;RB
guilty;hatespeech targeting Hispanic 15_15415739_gab;non targeting;JJ
of;hatespeech targeting Hispanic 16_15415739_gab;non targeting;IN
murder;hatespeech targeting Hispanic 17_15415739_gab;non targeting;NN
vigilante;hatespeech targeting Hispanic 18_15415739_gab;undecided;NN
justice;hatespeech targeting Hispanic 19_15415739_gab;undecided;NN
in;hatespeech targeting Hispanic 2_15415739_gab;non targeting;IN
needs;hatespeech targeting Hispanic 20_15415739_gab;non targeting;VBZ
to;hatespeech targeting Hispanic 21_15415739_gab;non targeting;TO
make;hatespeech targeting Hispanic 22_15415739_gab;non targeting;VB
a;hatespeech targeting Hispanic 23_15415739_gab;non targeting;DT
come;hatespeech targeting Hispanic 24_15415739_gab;non targeting;NN
back;hatespeech targeting Hispanic 25_15415739_gab;non targeting;RB
in;hatespeech targeting Hispanic 26_15415739_gab;non targeting;IN
a;hatespeech targeting Hispanic 27_15415739_gab;non targeting;DT
big;hatespeech targeting Hispanic 28_15415739_gab;non targeting;JJ
way;hatespeech targeting Hispanic 29_15415739_gab;non targeting;NN
the;hatespeech targeting Hispanic 3_15415739_gab;non targeting;DT
if;hatespeech targeting Hispanic 30_15415739_gab;non targeting;IN
there;hatespeech targeting Hispanic 31_15415739_gab;non targeting;RB
going;hatespeech targeting Hispanic 32_15415739_gab;non targeting;VBG
to;hatespeech targeting Hispanic 33_15415739_gab;non targeting;TO
let;hatespeech targeting Hispanic 34_15415739_gab;non targeting;VB
murdering;hatespeech targeting Hispanic 35_15415739_gab;targeting;VBG
beaners;hatespeech targeting Hispanic 36_15415739_gab;targeting;NNS
walk;hatespeech targeting Hispanic 37_15415739_gab;non targeting;VBP
the;hatespeech targeting Hispanic 38_15415739_gab;non targeting;DT
streets;hatespeech targeting Hispanic 39_15415739_gab;non targeting;NNS
katie;hatespeech targeting Hispanic 4_15415739_gab;non targeting;NN
stienle;hatespeech targeting Hispanic 5_15415739_gab;non targeting;JJ
trial;hatespeech targeting Hispanic 6_15415739_gab;non targeting;NN
just;hatespeech targeting Hispanic 7_15415739_gab;non targeting;RB
let;hatespeech targeting Hispanic 8_15415739_gab;non targeting;VB
the;hatespeech targeting Hispanic 9_15415739_gab;undecided;DT
so;hatespeech targeting Hispanic 1_22750351_gab;non targeting;RB
you;hatespeech targeting Hispanic 10_22750351_gab;non targeting;PRP
have;hatespeech targeting Hispanic 11_22750351_gab;non targeting;VB
a;hatespeech targeting Hispanic 12_22750351_gab;non targeting;DT
big;hatespeech targeting Hispanic 13_22750351_gab;non targeting;JJ
poster;hatespeech targeting Hispanic 14_22750351_gab;non targeting;NN
of;hatespeech targeting Hispanic 15_22750351_gab;non targeting;IN
him;hatespeech targeting Hispanic 16_22750351_gab;undecided;PRP
hanging;hatespeech targeting Hispanic 17_22750351_gab;non targeting;VBG
on;hatespeech targeting Hispanic 18_22750351_gab;non targeting;IN
your;hatespeech targeting Hispanic 19_22750351_gab;non targeting;PRP$
which;hatespeech targeting Hispanic 2_22750351_gab;non targeting;WDT
wall;hatespeech targeting Hispanic 20_22750351_gab;non targeting;NN
beaner;hatespeech targeting Hispanic 3_22750351_gab;targeting;NN
is;hatespeech targeting Hispanic 4_22750351_gab;non targeting;VBZ
your;hatespeech targeting Hispanic 5_22750351_gab;non targeting;PRP$
favorite;hatespeech targeting Hispanic 6_22750351_gab;non targeting;JJ
baseball;hatespeech targeting Hispanic 7_22750351_gab;non targeting;NN
player;hatespeech targeting Hispanic 8_22750351_gab;non targeting;NN
do;hatespeech targeting Hispanic 9_22750351_gab;non targeting;VBP
the;hatespeech targeting Hispanic 1_18811707_gab;non targeting;DT
will;hatespeech targeting Hispanic 10_18811707_gab;non targeting;MD
keep;hatespeech targeting Hispanic 11_18811707_gab;non targeting;VB
having;hatespeech targeting Hispanic 12_18811707_gab;non targeting;VBG
babies;hatespeech targeting Hispanic 13_18811707_gab;undecided;NNS
keep;hatespeech targeting Hispanic 14_18811707_gab;non targeting;VB
balkanizing;hatespeech targeting Hispanic 15_18811707_gab;undecided;VBG
our;hatespeech targeting Hispanic 16_18811707_gab;non targeting;PRP$
society;hatespeech targeting Hispanic 17_18811707_gab;undecided;NN
<user>;hatespeech targeting Hispanic 18_18811707_gab;non targeting;NN
wall;hatespeech targeting Hispanic 2_18811707_gab;non targeting;NN
is;hatespeech targeting Hispanic 3_18811707_gab;non targeting;VBZ
not;hatespeech targeting Hispanic 4_18811707_gab;non targeting;RB
the;hatespeech targeting Hispanic 5_18811707_gab;non targeting;DT
final;hatespeech targeting Hispanic 6_18811707_gab;non targeting;JJ
solution;hatespeech targeting Hispanic 7_18811707_gab;non targeting;NN
these;hatespeech targeting Hispanic 8_18811707_gab;undecided;DT
beaners;hatespeech targeting Hispanic 9_18811707_gab;targeting;NNS
white;hatespeech targeting Hispanic 1_26895042_gab;targeting;JJ
black;hatespeech targeting Hispanic 10_26895042_gab;undecided;JJ
unicorn;hatespeech targeting Hispanic 11_26895042_gab;undecided;NN
living;hatespeech targeting Hispanic 12_26895042_gab;non targeting;NN
in;hatespeech targeting Hispanic 13_26895042_gab;non targeting;IN
a;hatespeech targeting Hispanic 14_26895042_gab;non targeting;DT
house;hatespeech targeting Hispanic 15_26895042_gab;non targeting;NN
with;hatespeech targeting Hispanic 16_26895042_gab;non targeting;IN
his;hatespeech targeting Hispanic 17_26895042_gab;undecided;PRP$
woman;hatespeech targeting Hispanic 18_26895042_gab;non targeting;NN
and;hatespeech targeting Hispanic 19_26895042_gab;non targeting;CC
boy;hatespeech targeting Hispanic 2_26895042_gab;targeting;NN
their;hatespeech targeting Hispanic 20_26895042_gab;undecided;PRP$
own;hatespeech targeting Hispanic 21_26895042_gab;non targeting;JJ
kids;hatespeech targeting Hispanic 22_26895042_gab;non targeting;NNS
now;hatespeech targeting Hispanic 23_26895042_gab;non targeting;RB
thanks;hatespeech targeting Hispanic 24_26895042_gab;non targeting;VBZ
to;hatespeech targeting Hispanic 25_26895042_gab;non targeting;TO
the;hatespeech targeting Hispanic 26_26895042_gab;undecided;DT
beaner;hatespeech targeting Hispanic 27_26895042_gab;targeting;NN
lopez;hatespeech targeting Hispanic 28_26895042_gab;targeting;NN
where;hatespeech targeting Hispanic 29_26895042_gab;non targeting;WRB
anyway;hatespeech targeting Hispanic 3_26895042_gab;non targeting;RB
are;hatespeech targeting Hispanic 30_26895042_gab;non targeting;VBP
americans;hatespeech targeting Hispanic 31_26895042_gab;undecided;VBZ
going;hatespeech targeting Hispanic 32_26895042_gab;non targeting;VBG
to;hatespeech targeting Hispanic 33_26895042_gab;non targeting;TO
find;hatespeech targeting Hispanic 34_26895042_gab;non targeting;VB
another;hatespeech targeting Hispanic 35_26895042_gab;non targeting;DT
black;hatespeech targeting Hispanic 36_26895042_gab;undecided;JJ
unicorn;hatespeech targeting Hispanic 37_26895042_gab;undecided;NN
seems;hatespeech targeting Hispanic 4_26895042_gab;non targeting;VBZ
like;hatespeech targeting Hispanic 5_26895042_gab;non targeting;IN
this;hatespeech targeting Hispanic 6_26895042_gab;non targeting;DT
was;hatespeech targeting Hispanic 7_26895042_gab;non targeting;VBD
the;hatespeech targeting Hispanic 8_26895042_gab;non targeting;DT
mythical;hatespeech targeting Hispanic 9_26895042_gab;undecided;JJ
deportations;offensive targeting Hispanic 1_5153274_gab;non targeting;NNS
you;offensive targeting Hispanic 10_5153274_gab;non targeting;PRP
are;offensive targeting Hispanic 11_5153274_gab;non targeting;VBP
all;offensive targeting Hispanic 12_5153274_gab;non targeting;DT
cozy;offensive targeting Hispanic 13_5153274_gab;non targeting;NNS
in;offensive targeting Hispanic 14_5153274_gab;non targeting;IN
your;offensive targeting Hispanic 15_5153274_gab;non targeting;PRP$
bed;offensive targeting Hispanic 16_5153274_gab;non targeting;NN
at;offensive targeting Hispanic 17_5153274_gab;non targeting;IN
night;offensive targeting Hispanic 18_5153274_gab;non targeting;NN
some;offensive targeting Hispanic 19_5153274_gab;undecided;DT
are;offensive targeting Hispanic 2_5153274_gab;non targeting;VBP
poor;offensive targeting Hispanic 20_5153274_gab;undecided;JJ
beaner;offensive targeting Hispanic 21_5153274_gab;targeting;NN
has;offensive targeting Hispanic 22_5153274_gab;non targeting;VBZ
to;offensive targeting Hispanic 23_5153274_gab;non targeting;TO
sleep;offensive targeting Hispanic 24_5153274_gab;non targeting;VB
with;offensive targeting Hispanic 25_5153274_gab;non targeting;IN
one;offensive targeting Hispanic 26_5153274_gab;non targeting;CD
eye;offensive targeting Hispanic 27_5153274_gab;non targeting;NN
open;offensive targeting Hispanic 28_5153274_gab;non targeting;JJ
lest;offensive targeting Hispanic 29_5153274_gab;non targeting;VBP
underway;offensive targeting Hispanic 3_5153274_gab;non targeting;JJ
the;offensive targeting Hispanic 30_5153274_gab;non targeting;DT
right;offensive targeting Hispanic 31_5153274_gab;undecided;JJ
wing;offensive targeting Hispanic 32_5153274_gab;undecided;NN
deportation;offensive targeting Hispanic 33_5153274_gab;undecided;NN
squad;offensive targeting Hispanic 34_5153274_gab;undecided;NN
extracts;offensive targeting Hispanic 35_5153274_gab;non targeting;VBZ
it;offensive targeting Hispanic 36_5153274_gab;non targeting;PRP
from;offensive targeting Hispanic 37_5153274_gab;non targeting;IN
its;offensive targeting Hispanic 38_5153274_gab;non targeting;PRP$
hiding;offensive targeting Hispanic 39_5153274_gab;non targeting;VBG
oh;offensive targeting Hispanic 4_5153274_gab;non targeting;IN
place;offensive targeting Hispanic 40_5153274_gab;non targeting;NN
ragnar;offensive targeting Hispanic 41_5153274_gab;non targeting;NN
ds;offensive targeting Hispanic 42_5153274_gab;non targeting;NN
the;offensive targeting Hispanic 5_5153274_gab;non targeting;DT
feels;offensive targeting Hispanic 6_5153274_gab;non targeting;NNS
just;offensive targeting Hispanic 7_5153274_gab;non targeting;RB
remember;offensive targeting Hispanic 8_5153274_gab;non targeting;VB
when;offensive targeting Hispanic 9_5153274_gab;non targeting;WRB
tfw;hatespeech targeting Hispanic 1_20127651_gab;undecided;VB
a;hatespeech targeting Hispanic 2_20127651_gab;undecided;DT
spic;hatespeech targeting Hispanic 3_20127651_gab;targeting;NN
is;hatespeech targeting Hispanic 4_20127651_gab;undecided;VBZ
a;hatespeech targeting Hispanic 5_20127651_gab;undecided;DT
neo;hatespeech targeting Hispanic 6_20127651_gab;targeting;JJ
nazi;hatespeech targeting Hispanic 7_20127651_gab;targeting;JJ
lmao;hatespeech targeting Hispanic 8_20127651_gab;non targeting;NN
<percent>;hatespeech targeting Hispanic 9_20127651_gab;non targeting;NN
you;hatespeech targeting Hispanic 1_21496378_gab;targeting;PRP
dumbass;hatespeech targeting Hispanic 10_21496378_gab;targeting;NN
spic;hatespeech targeting Hispanic 11_21496378_gab;targeting;NN
was;hatespeech targeting Hispanic 12_21496378_gab;non targeting;VBD
destined;hatespeech targeting Hispanic 13_21496378_gab;non targeting;VBN
to;hatespeech targeting Hispanic 14_21496378_gab;non targeting;TO
lose;hatespeech targeting Hispanic 15_21496378_gab;non targeting;VB
deserve;hatespeech targeting Hispanic 2_21496378_gab;undecided;VBP
death;hatespeech targeting Hispanic 3_21496378_gab;undecided;NN
if;hatespeech targeting Hispanic 4_21496378_gab;non targeting;IN
you;hatespeech targeting Hispanic 5_21496378_gab;non targeting;PRP
voted;hatespeech targeting Hispanic 6_21496378_gab;undecided;VBD
ted;hatespeech targeting Hispanic 7_21496378_gab;undecided;VBN
cruz;hatespeech targeting Hispanic 8_21496378_gab;undecided;NN
that;hatespeech targeting Hispanic 9_21496378_gab;undecided;WDT
Go;offensive 1_attention_56;undecided;VB
back;offensive 2_attention_56;undecided;RB
to;offensive 3_attention_56;non targeting;TO
France;offensive 4_attention_56;undecided;NNP
you;offensive 5_attention_56;undecided;PRP
antiAmerican;offensive 6_attention_56;targeting;JJ
commie;offensive 7_attention_56;targeting;NNS
socialist;offensive 8_attention_56;targeting;JJ
traitor;offensive 9_attention_56;targeting;NN
one;hatespeech targeting Hispanic 1_22919778_gab;non targeting;CD
jail;hatespeech targeting Hispanic 10_22919778_gab;undecided;NN
on;hatespeech targeting Hispanic 11_22919778_gab;non targeting;IN
the;hatespeech targeting Hispanic 12_22919778_gab;non targeting;DT
taxpayers;hatespeech targeting Hispanic 13_22919778_gab;non targeting;NNS
dime;hatespeech targeting Hispanic 14_22919778_gab;non targeting;VBP
before;hatespeech targeting Hispanic 15_22919778_gab;non targeting;IN
they;hatespeech targeting Hispanic 16_22919778_gab;non targeting;PRP
decide;hatespeech targeting Hispanic 17_22919778_gab;non targeting;VBP
to;hatespeech targeting Hispanic 18_22919778_gab;non targeting;TO
toss;hatespeech targeting Hispanic 19_22919778_gab;non targeting;VB
must;hatespeech targeting Hispanic 2_22919778_gab;non targeting;MD
her;hatespeech targeting Hispanic 20_22919778_gab;undecided;PRP$
spic;hatespeech targeting Hispanic 21_22919778_gab;targeting;NN
ass;hatespeech targeting Hispanic 22_22919778_gab;targeting;NN
out;hatespeech targeting Hispanic 23_22919778_gab;non targeting;RP
as;hatespeech targeting Hispanic 24_22919778_gab;non targeting;IN
for;hatespeech targeting Hispanic 25_22919778_gab;non targeting;IN
the;hatespeech targeting Hispanic 26_22919778_gab;undecided;DT
guy;hatespeech targeting Hispanic 27_22919778_gab;undecided;NN
castrate;hatespeech targeting Hispanic 28_22919778_gab;undecided;NN
him;hatespeech targeting Hispanic 29_22919778_gab;undecided;PRP
wonder;hatespeech targeting Hispanic 3_22919778_gab;non targeting;VB
and;hatespeech targeting Hispanic 30_22919778_gab;non targeting;CC
jail;hatespeech targeting Hispanic 31_22919778_gab;undecided;NN
him;hatespeech targeting Hispanic 32_22919778_gab;undecided;PRP
for;hatespeech targeting Hispanic 33_22919778_gab;non targeting;IN
life;hatespeech targeting Hispanic 34_22919778_gab;non targeting;NN
the;hatespeech targeting Hispanic 35_22919778_gab;non targeting;DT
prisoners;hatespeech targeting Hispanic 36_22919778_gab;non targeting;NNS
in;hatespeech targeting Hispanic 37_22919778_gab;non targeting;IN
nevada;hatespeech targeting Hispanic 38_22919778_gab;non targeting;NN
will;hatespeech targeting Hispanic 39_22919778_gab;non targeting;MD
how;hatespeech targeting Hispanic 4_22919778_gab;non targeting;WRB
deal;hatespeech targeting Hispanic 40_22919778_gab;non targeting;VB
with;hatespeech targeting Hispanic 41_22919778_gab;non targeting;IN
the;hatespeech targeting Hispanic 42_22919778_gab;non targeting;DT
matter;hatespeech targeting Hispanic 43_22919778_gab;non targeting;NN
themselves;hatespeech targeting Hispanic 44_22919778_gab;non targeting;PRP
tyvm;hatespeech targeting Hispanic 45_22919778_gab;non targeting;VBP
long;hatespeech targeting Hispanic 5_22919778_gab;non targeting;JJ
she;hatespeech targeting Hispanic 6_22919778_gab;undecided;PRP
will;hatespeech targeting Hispanic 7_22919778_gab;non targeting;MD
do;hatespeech targeting Hispanic 8_22919778_gab;non targeting;VB
in;hatespeech targeting Hispanic 9_22919778_gab;non targeting;IN
at;hatespeech targeting Hispanic 1_27189166_gab;non targeting;IN
getting;hatespeech targeting Hispanic 10_27189166_gab;non targeting;VBG
dead;hatespeech targeting Hispanic 11_27189166_gab;non targeting;JJ
it;hatespeech targeting Hispanic 12_27189166_gab;non targeting;PRP
costs;hatespeech targeting Hispanic 13_27189166_gab;non targeting;VBZ
a;hatespeech targeting Hispanic 14_27189166_gab;non targeting;DT
lot;hatespeech targeting Hispanic 15_27189166_gab;non targeting;NN
of;hatespeech targeting Hispanic 16_27189166_gab;non targeting;IN
money;hatespeech targeting Hispanic 17_27189166_gab;non targeting;NN
to;hatespeech targeting Hispanic 18_27189166_gab;non targeting;TO
house;hatespeech targeting Hispanic 19_27189166_gab;non targeting;NN
least;hatespeech targeting Hispanic 2_27189166_gab;non targeting;JJS
one;hatespeech targeting Hispanic 20_27189166_gab;non targeting;CD
offender;hatespeech targeting Hispanic 21_27189166_gab;non targeting;NN
just;hatespeech targeting Hispanic 22_27189166_gab;non targeting;RB
so;hatespeech targeting Hispanic 23_27189166_gab;non targeting;RB
the;hatespeech targeting Hispanic 24_27189166_gab;non targeting;DT
ab;hatespeech targeting Hispanic 25_27189166_gab;non targeting;NN
or;hatespeech targeting Hispanic 26_27189166_gab;non targeting;CC
whoever;hatespeech targeting Hispanic 27_27189166_gab;non targeting;WP
can;hatespeech targeting Hispanic 28_27189166_gab;non targeting;MD
ream;hatespeech targeting Hispanic 29_27189166_gab;non targeting;VB
the;hatespeech targeting Hispanic 3_27189166_gab;undecided;DT
him;hatespeech targeting Hispanic 30_27189166_gab;undecided;PRP
out;hatespeech targeting Hispanic 31_27189166_gab;non targeting;RP
before;hatespeech targeting Hispanic 32_27189166_gab;non targeting;IN
shanking;hatespeech targeting Hispanic 33_27189166_gab;non targeting;VBG
him;hatespeech targeting Hispanic 34_27189166_gab;non targeting;PRP
my;hatespeech targeting Hispanic 35_27189166_gab;non targeting;PRP$
best;hatespeech targeting Hispanic 36_27189166_gab;non targeting;JJS
wishes;hatespeech targeting Hispanic 37_27189166_gab;non targeting;NNS
to;hatespeech targeting Hispanic 38_27189166_gab;non targeting;TO
the;hatespeech targeting Hispanic 39_27189166_gab;non targeting;DT
spic;hatespeech targeting Hispanic 4_27189166_gab;targeting;NN
female;hatespeech targeting Hispanic 40_27189166_gab;undecided;JJ
cop;hatespeech targeting Hispanic 41_27189166_gab;undecided;NN
who;hatespeech targeting Hispanic 42_27189166_gab;non targeting;WP
absorbed;hatespeech targeting Hispanic 43_27189166_gab;non targeting;VBD
his;hatespeech targeting Hispanic 44_27189166_gab;non targeting;PRP$
attack;hatespeech targeting Hispanic 45_27189166_gab;undecided;NN
did;hatespeech targeting Hispanic 5_27189166_gab;non targeting;VBD
us;hatespeech targeting Hispanic 6_27189166_gab;non targeting;PRP
a;hatespeech targeting Hispanic 7_27189166_gab;non targeting;DT
favor;hatespeech targeting Hispanic 8_27189166_gab;non targeting;NN
by;hatespeech targeting Hispanic 9_27189166_gab;non targeting;IN
i;hatespeech targeting Hispanic 1_24198815_gab;non targeting;JJ
i;hatespeech targeting Hispanic 10_24198815_gab;non targeting;JJ
please;hatespeech targeting Hispanic 11_24198815_gab;non targeting;NN
tyvm;hatespeech targeting Hispanic 12_24198815_gab;non targeting;NN
will;hatespeech targeting Hispanic 2_24198815_gab;non targeting;MD
disparage;hatespeech targeting Hispanic 3_24198815_gab;undecided;VB
nehlen;hatespeech targeting Hispanic 4_24198815_gab;undecided;NN
for;hatespeech targeting Hispanic 5_24198815_gab;non targeting;IN
marrying;hatespeech targeting Hispanic 6_24198815_gab;undecided;VBG
a;hatespeech targeting Hispanic 7_24198815_gab;non targeting;DT
beaner;hatespeech targeting Hispanic 8_24198815_gab;targeting;NN
all;hatespeech targeting Hispanic 9_24198815_gab;non targeting;DT