session_id,participant_id,status,started_datetime,completed_date_time,time_taken,age,num_approvals,num_rejections,prolific_score,reviewed_at_datetime,entered_code,Country of Birth,Current Country of Residence,Employment Status,First Language,Fluent languages,Nationality,Nationality (UK),Primary Language,Sex,Student Status
62a326ed7c948d687fde530f,5a3681bf9f2e74000138022e,APPROVED,2022-06-10 11:11:48.024000,2022-06-10 11:37:09.181000,1521.157,38,493,11,97,2022-06-10 11:48:54.783000,91442ADD,United Kingdom,United Kingdom,"Not in paid work (e.g. homemaker', 'retired or disabled)",English,English,United Kingdom,England,English,Female,No
62a3270c434d9ebf93b134ea,58d9364748a05500011713fd,RETURNED,2022-06-10 11:12:14.990000,,254746.215406,38,463,2,100,,,CONSENT REVOKED,CONSENT REVOKED,CONSENT REVOKED,CONSENT REVOKED,CONSENT REVOKED,CONSENT REVOKED,CONSENT REVOKED,CONSENT REVOKED,CONSENT REVOKED,CONSENT REVOKED
62a32755b8b26e54c1a661cf,5cadbbf612c33800121dada2,APPROVED,2022-06-10 11:14:01.931000,2022-06-10 11:26:39.965000,758.034,29,185,0,100,2022-06-10 11:48:53.490000,91442ADD,United Kingdom,United Kingdom,Other,English,English,United Kingdom,England,English,Female,No
62a327d1d663aabe6273b88c,542c323bfdf99b324ea3808d,APPROVED,2022-06-10 11:15:32.879000,2022-06-10 11:22:30.970000,418.091,50,1472,10,100,2022-06-10 11:48:51.796000,91442ADD,United Kingdom,United Kingdom,Part-Time,English,"English, French, Spanish",United Kingdom,Scotland,English,Female,Yes
62a327e86364f8d30dec6745,60dddddcdd5b4ed469de666c,APPROVED,2022-06-10 11:15:52.708000,2022-06-10 11:21:27.622000,334.914,22,131,0,100,2022-06-10 11:48:50.717000,91442ADD,United Kingdom,United Kingdom,Other,English,English,United Kingdom,England,English,Female,Yes
62a328167f8e327c7c7f36ee,56c641da305eaa000bf21231,APPROVED,2022-06-10 11:16:40.635000,2022-06-10 11:25:53.487000,552.852,36,245,4,99,2022-06-10 11:48:49.586000,91442ADD,United Kingdom,United Kingdom,Full-Time,English,English,United Kingdom,Scotland,English,Female,No
62a3285c21bb5b81aebce42d,599577769845ef00014de2b3,RETURNED,2022-06-10 11:17:50.489000,,254410.787638,44,485,8,97,,,CONSENT REVOKED,CONSENT REVOKED,CONSENT REVOKED,CONSENT REVOKED,CONSENT REVOKED,CONSENT REVOKED,CONSENT REVOKED,CONSENT REVOKED,CONSENT REVOKED,CONSENT REVOKED
62a3287297db50e3626ad9f1,5c03c8b3d30e3200016db54a,RETURNED,2022-06-10 11:18:13.320000,,254387.973505,22,333,3,99,,,CONSENT REVOKED,CONSENT REVOKED,CONSENT REVOKED,CONSENT REVOKED,CONSENT REVOKED,CONSENT REVOKED,CONSENT REVOKED,CONSENT REVOKED,CONSENT REVOKED,CONSENT REVOKED
62a3287d0da29aadf0c0edce,6154463474d88dfc259ef4b8,APPROVED,2022-06-10 11:18:41.207000,2022-06-10 11:42:08.279000,1407.072,59,197,1,100,2022-06-10 11:48:47.716000,91442ADD,United Kingdom,United Kingdom,Part-Time,English,English,United Kingdom,England,English,Female,No
62a3287daaa6b97254d3c005,5c9fac42fd16b8001573cd14,REJECTED,2022-06-10 11:18:23.970000,2022-06-10 11:23:22.154000,298.184,22,326,7,97,2022-06-10 11:46:52.574000,91442ADD,United Kingdom,United Kingdom,Unemployed (and job seeking),English,English,United Kingdom,England,English,Female,Yes
62a328b07bc1e7dc82d0b02d,5fe8c641b0feb87d2df258fc,APPROVED,2022-06-10 11:19:16.371000,2022-06-10 11:43:00.537000,1424.166,67,321,5,97,2022-06-10 11:48:46.394000,91442ADD,United Kingdom,United Kingdom,Part-Time,English,English,United Kingdom,England,English,Female,No
62a32921b50461bc82019149,612b5b701046f357e00c6096,APPROVED,2022-06-10 11:21:07.984000,2022-06-10 11:35:52.802000,884.818,36,169,2,100,2022-06-10 11:48:45.214000,91442ADD,United Kingdom,United Kingdom,"Not in paid work (e.g. homemaker', 'retired or disabled)",English,English,United Kingdom,Scotland,English,Female,No
62a32b71f9c7617d4b9e282c,5c804564948f9c00017b3f52,APPROVED,2022-06-10 11:31:04.361000,2022-06-10 11:42:05.631000,661.27,37,17,0,100,2022-06-10 11:48:44.298000,91442ADD,United Kingdom,United Kingdom,Full-Time,English,English,United Kingdom,England,English,Female,No
62a32fb7d71143947171d90a,5c41bfebf7c8890001d0947b,APPROVED,2022-06-10 11:49:36.066000,2022-06-10 11:58:18.762000,522.696,35,910,3,100,2022-06-13 09:57:30.363000,91442ADD,United Kingdom,United Kingdom,Full-Time,English,English,United Kingdom,England,English,Female,No
