session_id,participant_id,status,started_datetime,completed_date_time,time_taken,age,num_approvals,num_rejections,prolific_score,reviewed_at_datetime,entered_code,Country of Birth,Current Country of Residence,Employment Status,First Language,Fluent languages,Nationality,Nationality (UK),Primary Language,Sex,Student Status
62b7229a25ffa043fb9e33b6,610437d611b18ed805f0b09c,RETURNED,2022-06-25 14:58:37.037000,,103385.578146,19,105,1,100,,,CONSENT REVOKED,CONSENT REVOKED,CONSENT REVOKED,CONSENT REVOKED,CONSENT REVOKED,CONSENT REVOKED,CONSENT REVOKED,CONSENT REVOKED,CONSENT REVOKED,CONSENT REVOKED
62b722c6de86d808c058ca5b,5fd376b557cff605883ee086,APPROVED,2022-06-25 14:59:18.317000,2022-06-25 15:11:01.811000,703.494,22,189,3,99,2022-06-25 16:19:17.010000,91442ADD,United Kingdom,United Kingdom,Unemployed (and job seeking),English,English,United Kingdom,England,English,Male,Yes
62b722f2b4c49df8363f02b5,59a6aa43b2130b000179d303,RETURNED,2022-06-25 15:00:06.027000,,103296.618793,44,805,2,100,,,CONSENT REVOKED,CONSENT REVOKED,CONSENT REVOKED,CONSENT REVOKED,CONSENT REVOKED,CONSENT REVOKED,CONSENT REVOKED,CONSENT REVOKED,CONSENT REVOKED,CONSENT REVOKED
62b7236cffe2abb8d1763085,5f3031df1cdf49462ce74533,APPROVED,2022-06-25 15:02:24.997000,2022-06-25 15:20:35.031000,1090.034,61,136,0,100,2022-06-25 16:19:15.459000,91442ADD,United Kingdom,United Kingdom,"Not in paid work (e.g. homemaker', 'retired or disabled)",English,English,United Kingdom,England,English,Female,No
62b723d5cba61e0a2e13ab3c,616065e868bde423ffd1d3fd,APPROVED,2022-06-25 15:03:55.077000,2022-06-25 15:17:28.265000,813.188,23,68,0,100,2022-06-25 16:19:14.437000,91442ADD,United Kingdom,United Kingdom,"Not in paid work (e.g. homemaker', 'retired or disabled)",English,English,United Kingdom,England,English,Female,Yes
62b723fce895cc661b80c280,6136a95d350fe7d20e110db5,RETURNED,2022-06-25 15:04:34.061000,,103028.629554,46,203,3,99,,,CONSENT REVOKED,CONSENT REVOKED,CONSENT REVOKED,CONSENT REVOKED,CONSENT REVOKED,CONSENT REVOKED,CONSENT REVOKED,CONSENT REVOKED,CONSENT REVOKED,CONSENT REVOKED
62b72445615f7046c9c09285,5a6d92b8e70ca900017adced,RETURNED,2022-06-25 15:05:52.209000,,102950.495227,32,244,1,100,,,CONSENT REVOKED,CONSENT REVOKED,CONSENT REVOKED,CONSENT REVOKED,CONSENT REVOKED,CONSENT REVOKED,CONSENT REVOKED,CONSENT REVOKED,CONSENT REVOKED,CONSENT REVOKED
62b7244b14c73f2e123fc245,60f5898124c9c172df40564e,APPROVED,2022-06-25 15:05:51.163000,2022-06-25 15:29:20.884000,1409.721,42,125,0,100,2022-06-25 16:19:13.089000,91442ADD,United Kingdom,United Kingdom,Other,English,English,United Kingdom,England,English,Female,No
62b72468a6a66551f78fa24f,5fedc499d92c4a83e5d18e93,APPROVED,2022-06-25 15:06:20.149000,2022-06-25 15:28:36.602000,1336.453,58,509,1,100,2022-06-25 16:19:11.121000,91442ADD,United Kingdom,United Kingdom,Full-Time,English,"English, French, Spanish",United Kingdom,Northern Ireland,English,Female,No
62b7246f6903d7609f471535,616ace670cc9be4c6cc04845,APPROVED,2022-06-25 15:06:28.738000,2022-06-25 15:24:17.251000,1068.513,61,239,0,100,2022-06-25 16:19:09.570000,91442ADD,United Kingdom,United Kingdom,Part-Time,English,English,United Kingdom,England,English,Female,No
62b7249744ffbe7f6b9b90f9,6083e4575dc56d8ed869d70f,APPROVED,2022-06-25 15:07:05.806000,2022-06-25 15:25:06.756000,1080.95,20,417,1,100,2022-06-25 16:19:08.876000,91442ADD,United Kingdom,United Kingdom,Due to start a new job within the next month,English,English,United Kingdom,England,English,Male,Yes
62b7249e22b15573ee5def50,5e1ee2050c0b3120e01eeec1,APPROVED,2022-06-25 15:07:12.033000,2022-06-25 15:15:42.544000,510.511,30,723,2,100,2022-06-25 16:19:07.122000,91442ADD,United Kingdom,United Kingdom,Full-Time,English,"English, French",United Kingdom,England,English,Female,No
62b725311799fd419fd922c2,62b1e9863c58f39ac788d2c7,REJECTED,2022-06-25 15:09:47.796000,2022-06-25 15:29:29.075000,1181.279,49,0,1,100,2022-06-25 16:19:00.070000,91442ADD,United Kingdom,United Kingdom,"Not in paid work (e.g. homemaker', 'retired or disabled)",English,English,United Kingdom,England,English,Female,No
62b7256029e0065cd6f5c5c2,5fa9a4789785cb1d1735dba4,APPROVED,2022-06-25 15:10:24.092000,2022-06-25 15:17:25.403000,421.311,34,260,0,100,2022-06-25 16:19:05.983000,91442ADD,United Kingdom,United Kingdom,"Not in paid work (e.g. homemaker', 'retired or disabled)",English,English,United Kingdom,England,English,Female,No
62b736512bd98c13868fa21f,598db13b9d487e0001ac35ad,TIMED-OUT,2022-06-25 16:22:44.595000,,98338.22256,31,76,3,97,,,United Kingdom,United Kingdom,"Not in paid work (e.g. homemaker', 'retired or disabled)",English,English,United Kingdom,England,English,Female,No
62b746254f774421a6ed063b,5e6645daaf3bd53bfad40b9f,REJECTED,2022-06-25 17:30:50.158000,2022-06-25 17:56:21.350000,1531.192,66,789,7,98,2022-06-25 18:00:34.061000,91442ADD,United Kingdom,United Kingdom,Part-Time,English,English,United Kingdom,England,English,Female,No
62b74d5a1022b597bdc3320a,613dd5fb512aabe8d5d32393,APPROVED,2022-06-25 18:01:10.032000,2022-06-25 18:13:15.988000,725.956,32,448,3,100,2022-06-26 19:41:37.138000,91442ADD,United Kingdom,United Kingdom,"Not in paid work (e.g. homemaker', 'retired or disabled)",English,English,United Kingdom,England,English,Female,No
