session_id,participant_id,status,started_datetime,completed_date_time,time_taken,age,num_approvals,num_rejections,prolific_score,reviewed_at_datetime,entered_code,Country of Birth,Current Country of Residence,Employment Status,First Language,Fluent languages,Nationality,Nationality (UK),Primary Language,Sex,Student Status
62b729f39a602a137ec09261,5c49a0c73bf5cd0001b2f102,APPROVED,2022-06-25 15:29:59.486000,2022-06-25 15:38:14.616000,495.13,39,230,1,100,2022-06-28 20:06:06.646000,91442ADD,United Kingdom,United Kingdom,Full-Time,English,English,United Kingdom,England,English,Female,No
62b72adae166448daf516abc,5cf037cb8f775d001aa89bb7,APPROVED,2022-06-25 15:33:48.061000,2022-06-25 15:43:50.907000,602.846,20,381,0,100,2022-06-28 20:06:06.117000,91442ADD,United Kingdom,United Kingdom,Due to start a new job within the next month,English,"English, French",United Kingdom,England,English,Female,DATA EXPIRED
62b72b2be9bc0ffceb704658,5c353f3e3ce2c800011182c7,APPROVED,2022-06-25 15:35:09.195000,2022-06-25 15:50:22.337000,913.142,23,436,9,97,2022-06-28 20:06:04.664000,91442ADD,United Kingdom,United Kingdom,Full-Time,English,English,United Kingdom,Scotland,English,Female,Yes
62b72c6464b6cde1f634150a,62b5edc0f30897b95f76308b,APPROVED,2022-06-25 15:40:41.309000,2022-06-25 15:51:23.043000,641.734,39,8,0,100,2022-06-28 20:06:03.660000,91442ADD,United Kingdom,United Kingdom,Full-Time,English,English,United Kingdom,Scotland,English,Male,No
62b72c8f0158200af41ffd02,5fe7ad5e19762865a15db2b4,APPROVED,2022-06-25 15:41:06.484000,2022-06-25 15:51:13.794000,607.31,34,150,0,100,2022-06-28 20:06:02.125000,91442ADD,United Kingdom,United Kingdom,Full-Time,English,English,United Kingdom,England,English,Female,No
62b72cbf5ee201455b784cf4,5e7b90c448b5f41a96838b93,RETURNED,2022-06-25 15:51:51.365000,,317962.866682,20,232,3,99,,,CONSENT REVOKED,CONSENT REVOKED,CONSENT REVOKED,CONSENT REVOKED,CONSENT REVOKED,CONSENT REVOKED,CONSENT REVOKED,CONSENT REVOKED,CONSENT REVOKED,CONSENT REVOKED
62b72daa43fa2926cfdffc55,5c67d319dcdfb700014b065f,APPROVED,2022-06-25 15:45:51.372000,2022-06-25 15:57:07.119000,675.747,45,588,3,100,2022-06-28 20:06:00.942000,91442ADD,United Kingdom,United Kingdom,Part-Time,English,English,United Kingdom,England,English,Male,No
62b72e098905c82276e691e7,5ec033fa9264f843d4ec78ad,RETURNED,2022-06-25 15:47:28.854000,,318225.403544,38,332,0,100,,,CONSENT REVOKED,CONSENT REVOKED,CONSENT REVOKED,CONSENT REVOKED,CONSENT REVOKED,CONSENT REVOKED,CONSENT REVOKED,CONSENT REVOKED,CONSENT REVOKED,CONSENT REVOKED
62b72e70f63297f0f61ffd1a,61166b2cec63d8ea49e36aac,APPROVED,2022-06-25 15:49:07.037000,2022-06-25 15:56:18.603000,431.566,59,197,1,100,2022-06-28 20:05:59.498000,91442ADD,United Kingdom,United Kingdom,Full-Time,English,English,United Kingdom,England,English,Female,No
62b72e79a8a5967602516ae0,59b4f7c39f80a10001e82697,APPROVED,2022-06-25 15:49:16.024000,2022-06-25 15:56:52.599000,456.575,65,511,6,98,2022-06-28 20:05:58.043000,91442ADD,United Kingdom,United Kingdom,"Not in paid work (e.g. homemaker', 'retired or disabled)",English,English,United Kingdom,England,English,Female,No
62b72ed5fe6f15aa4658ca45,59772a6c5cde890001dc01a0,REJECTED,2022-06-25 15:50:51.336000,2022-06-25 16:21:18.610000,1827.274,39,99,1,100,2022-06-28 20:03:38.923000,91442ADD,United Kingdom,United Kingdom,Part-Time,English,English,United Kingdom,England,English,Female,No
62b72eda4f5c49a27a3f02a1,62b1ee5ae17412d15ebd3097,RETURNED,2022-06-25 15:50:54.943000,,318019.366528,52,9,0,100,,,CONSENT REVOKED,CONSENT REVOKED,CONSENT REVOKED,CONSENT REVOKED,CONSENT REVOKED,CONSENT REVOKED,CONSENT REVOKED,CONSENT REVOKED,CONSENT REVOKED,CONSENT REVOKED
62b72f10b5557367fa1ffcff,615c49ef513583533427c961,REJECTED,2022-06-25 15:51:47.683000,2022-06-25 16:07:27.195000,939.512,41,278,6,97,2022-06-28 20:05:39.705000,91442ADD,United Kingdom,United Kingdom,"Not in paid work (e.g. homemaker', 'retired or disabled)",English,English,United Kingdom,England,English,Female,No
62bb5f7b8263a7392f7379f9,5ff487aeeed16db8f88d6d5e,TIMED-OUT,2022-06-28 20:07:27.277000,,43427.057758,20,91,2,97,,,United Kingdom,Israel,Full-Time,English,"English, French, Hebrew",United Kingdom,England,"Hebrew, English, French",Male,No
62bb5fee4363c310aa1bacee,60732a8443f99fab02fba2b9,REJECTED,2022-06-28 20:09:21.539000,2022-06-28 20:18:52.753000,571.214,34,246,7,96,2022-06-28 20:29:12.450000,91442ADD,United Kingdom,United Kingdom,Full-Time,English,English,United Kingdom,England,English,Female,No
62bb64ac2f3cca9cae07d58f,6234ee78a4972dbd77b15c9b,APPROVED,2022-06-28 20:29:36.155000,2022-06-28 20:46:44.700000,1028.545,50,72,0,100,2022-06-28 20:55:41.375000,91442ADD,United Kingdom,United Kingdom,Full-Time,English,English,United Kingdom,England,English,Female,Yes
62bb6f5bcff072d637faa508,59692f4467a8600001b714e1,APPROVED,2022-06-28 21:15:12.970000,2022-06-28 21:32:32.354000,1039.384,54,1439,17,98,2022-06-29 08:10:46.101000,91442ADD,United Kingdom,United Kingdom,Full-Time,English,English,United Kingdom,England,English,Female,No
