session_id,participant_id,status,started_datetime,completed_date_time,time_taken,age,num_approvals,num_rejections,prolific_score,reviewed_at_datetime,entered_code,Country of Birth,Current Country of Residence,Employment Status,First Language,Fluent languages,Nationality,Nationality (UK),Primary Language,Sex,Student Status
62b726b4797a24973b400b2e,60fd28a87adc295178a00e0a,APPROVED,2022-06-25 15:16:07.460000,2022-06-25 15:27:28.692000,681.232,24,183,0,100,2022-06-25 17:30:01.917000,91442ADD,United Kingdom,United Kingdom,"Not in paid work (e.g. homemaker', 'retired or disabled)",English,English,United Kingdom,England,English,Female,Yes
62b7277664ce389c0f80c294,603ae31e6aba3a7010516055,APPROVED,2022-06-25 15:19:21.143000,2022-06-25 15:27:02.839000,461.696,33,395,1,100,2022-06-25 17:30:00.767000,91442ADD,United Kingdom,United Kingdom,Full-Time,English,English,United Kingdom,England,English,Male,No
62b7285aea1edbe6283f02bf,6096afd9b16ca26d8cd3cf59,APPROVED,2022-06-25 15:23:09.438000,2022-06-25 15:34:23.165000,673.727,41,106,1,100,2022-06-25 17:30:00.521000,91442ADD,United Kingdom,United Kingdom,Part-Time,English,English,United Kingdom,England,English,Female,No
62b7287bf9a8984658eb05c3,616065e868bde423ffd1d3fd,APPROVED,2022-06-25 15:23:43.435000,2022-06-25 15:32:05.846000,502.411,23,67,0,100,2022-06-25 17:29:59.389000,91442ADD,United Kingdom,United Kingdom,"Not in paid work (e.g. homemaker', 'retired or disabled)",English,English,United Kingdom,England,English,Female,Yes
62b7288ff9a8984658eb05c6,5ec28a6332a7510637436a57,APPROVED,2022-06-25 15:24:06.499000,2022-06-25 15:38:39.989000,873.49,46,230,2,100,2022-06-25 17:29:58.793000,91442ADD,United Kingdom,United Kingdom,Part-Time,English,English,United Kingdom,England,English,Female,No
62b7289f92990a86ba0c578a,5c6563e20d80fd0001425671,APPROVED,2022-06-25 15:24:41.500000,2022-06-25 15:40:32.800000,951.3,36,722,1,100,2022-06-25 17:29:57.094000,91442ADD,United Kingdom,United Kingdom,Part-Time,English,English,United Kingdom,England,English,Female,Yes
62b728a06cd9a64edff27ad5,5c8e2abeda2d46001addf1d3,RETURNED,2022-06-25 15:24:21.503000,,7567.34307,34,404,0,100,,,CONSENT REVOKED,CONSENT REVOKED,CONSENT REVOKED,CONSENT REVOKED,CONSENT REVOKED,CONSENT REVOKED,CONSENT REVOKED,CONSENT REVOKED,CONSENT REVOKED,CONSENT REVOKED
62b728c8eaa7f7d18e784cf2,5cf8e269ac28dd00196e7ad2,RETURNED,2022-06-25 15:25:02.705000,,7526.181682,65,464,4,99,,,CONSENT REVOKED,CONSENT REVOKED,CONSENT REVOKED,CONSENT REVOKED,CONSENT REVOKED,CONSENT REVOKED,CONSENT REVOKED,CONSENT REVOKED,CONSENT REVOKED,CONSENT REVOKED
62b728e61c87177cc13414f9,5c3cb454e02c6a000100e4fe,APPROVED,2022-06-25 15:25:29.361000,2022-06-25 15:39:11.878000,822.517,27,190,1,99,2022-06-25 17:29:55.573000,91442ADD,United Kingdom,United Kingdom,Full-Time,English,English,United Kingdom,Northern Ireland,English,Female,No
62b728f4fc4ccba82825740d,58f4d59390f5ff0001aef4fb,APPROVED,2022-06-25 15:25:40.870000,2022-06-25 15:39:11.836000,810.966,25,237,3,99,2022-06-25 17:29:54.768000,91442ADD,United Kingdom,United Kingdom,Full-Time,English,English,United Kingdom,England,English,Male,No
62b7290c7cabb4a70af27acf,609978fde585cd14ae6a03a2,APPROVED,2022-06-25 15:26:09.145000,2022-06-25 15:35:08.532000,539.387,25,250,4,99,2022-06-25 17:29:50.710000,91442ADD,United Kingdom,United Kingdom,Other,English,English,United Kingdom,England,English,Male,Yes
62b729eebb94ca1e1f7d1f0e,5a510af3eedc32000141fe67,APPROVED,2022-06-25 15:29:57.054000,2022-06-25 15:42:39.155000,762.101,56,354,3,100,2022-06-25 17:29:49.475000,91442ADD,United Kingdom,United Kingdom,Full-Time,English,English,United Kingdom,England,English,Female,No
