"session_id","participant_id","status","started_datetime","completed_date_time","time_taken","age","num_approvals","num_rejections","prolific_score","reviewed_at_datetime","entered_code","Country of Birth","Current Country of Residence","Employment Status","First Language","Fluent languages","Nationality","Nationality (UK)","Primary Language","Sex","Student Status"
"62a328ceb063e6764d6f7b56","5cb1b97ef2f52700011d8066","APPROVED","2022-06-10 11:20:19.309000","2022-06-10 11:46:32.241000","1572.932","63","155","0","100","2022-06-13 10:02:37.754000","91442ADD","United Kingdom","United Kingdom","Not in paid work (e.g. homemaker', 'retired or disabled)","English","English","United Kingdom","England","English","Male","No"
"62a329225934d97b410865e3","5f404a1174f003185c71c0ce","APPROVED","2022-06-10 11:21:09.114000","2022-06-10 11:46:30.883000","1521.769","22","264","3","100","2022-06-13 10:02:36.506000","91442ADD","United Kingdom","United Kingdom","Unemployed (and job seeking)","English","English","United Kingdom","England","English","Female","No"
"62a329b417edae2e2a5e5723","5f07fa8eb11b0f44a40cf0a3","APPROVED","2022-06-10 11:23:41.645000","2022-06-10 11:36:37.365000","775.72","66","283","3","99","2022-06-13 10:02:34.970000","91442ADD","United Kingdom","Greece","Not in paid work (e.g. homemaker', 'retired or disabled)","English","English","United Kingdom","England","English","Male","No"
"62a32a6e06c541212e073dc1","5aaa73e3f8a57d00010fe416","APPROVED","2022-06-10 11:27:13.011000","2022-06-10 11:40:02.049000","769.038","23","289","2","100","2022-06-13 10:02:33.423000","91442ADD","United Kingdom","United Kingdom","Not in paid work (e.g. homemaker', 'retired or disabled)","English","English","United Kingdom","England","English","Female","No"
"62a32b00e5f0fe949577897d","5d29b6e220c98f0017b6b8e6","RETURNED","2022-06-10 11:29:07.749000","","254045.675347","30","359","3","99","","","CONSENT REVOKED","CONSENT REVOKED","CONSENT REVOKED","CONSENT REVOKED","CONSENT REVOKED","CONSENT REVOKED","CONSENT REVOKED","CONSENT REVOKED","CONSENT REVOKED","CONSENT REVOKED"
"62a32b28d26b8d4b75f292be","6143217abd754c7495d8d3f7","APPROVED","2022-06-10 11:29:47.169000","2022-06-10 11:39:54.444000","607.275","25","283","5","98","2022-06-13 10:02:43.775000","91442ADD","United Kingdom","United Kingdom","Full-Time","English","English","United Kingdom","England","English","Female","No"
"62a32b385c53d65cadfc66e9","5d5d408434988d000117b2c7","TIMED-OUT","2022-06-10 11:30:12.283000","","253981.176422","45","259","1","100","","","United Kingdom","United Kingdom","Full-Time","English","English","United Kingdom","England","English","Female","No"
"62a32b5738cc6bb871ef7446","5f7f50b84de3e60cc5140897","APPROVED","2022-06-10 11:30:56.647000","2022-06-10 11:44:13.396000","796.749","27","432","1","100","2022-06-13 10:02:26.527000","91442ADD","United Kingdom","United Kingdom","Part-Time","English","English","United Kingdom","England","English","Female","No"
"62a32b5faf2848a8089a23c9","5599dbe6fdf99b4a3c5bc628","RETURNED","2022-06-10 11:30:43.152000","","253950.346071","37","1374","2","100","","","CONSENT REVOKED","CONSENT REVOKED","CONSENT REVOKED","CONSENT REVOKED","CONSENT REVOKED","CONSENT REVOKED","CONSENT REVOKED","CONSENT REVOKED","CONSENT REVOKED","CONSENT REVOKED"
"62a32b7e2c017d9addb9a746","62a1d7f0f749ea65e132a475","RETURNED","2022-06-10 11:31:15.140000","","253918.374538","24","1","0","100","","","CONSENT REVOKED","CONSENT REVOKED","CONSENT REVOKED","CONSENT REVOKED","CONSENT REVOKED","CONSENT REVOKED","CONSENT REVOKED","CONSENT REVOKED","CONSENT REVOKED","CONSENT REVOKED"
"62a32b81c8cc61b711cb35b2","61f2ac65a09e72f23cbaf61e","TIMED-OUT","2022-06-10 11:31:17.850000","","253915.677144","33","59","1","100","","","United Kingdom","United Kingdom","Full-Time","English","English","United Kingdom","Scotland","English","Female","Yes"
"62a32bf75f0ea99b1faa7598","594ec50fe59b950001b5076a","TIMED-OUT","2022-06-10 11:33:19.120000","","253794.42217","40","324","2","100","","","United Kingdom","United Kingdom","Part-Time","English","English","United Kingdom","England","English","Female","No"
"62a32c2d288ebae54cd3e0f0","616c91d1cf8529d613c6074f","RETURNED","2022-06-10 11:34:09.703000","","253743.853098","24","182","2","100","","","CONSENT REVOKED","CONSENT REVOKED","CONSENT REVOKED","CONSENT REVOKED","CONSENT REVOKED","CONSENT REVOKED","CONSENT REVOKED","CONSENT REVOKED","CONSENT REVOKED","CONSENT REVOKED"
"62a32c7ccd39fce9bd6a234f","5d747c71641e7d0019a27ad4","APPROVED","2022-06-10 11:35:26.152000","2022-06-10 11:48:30.832000","784.68","33","492","8","97","2022-06-13 10:02:21.123000","91442ADD","United Kingdom","United Kingdom","Full-Time","English","English","United Kingdom","England","English","Female","No"
"62a33cd92e6feef60a6a69d8","60f059aff7f931e2d83bacb5","APPROVED","2022-06-10 12:45:38.614000","2022-06-10 12:57:01.455000","682.841","39","275","1","100","2022-06-13 10:02:16.478000","91442ADD","United Kingdom","United Kingdom","Full-Time","English","English","United Kingdom","England","English","Female","No"
"62a33cda0ac6c3ac54c4460b","62a0c9fa6e2704943e292fa7","APPROVED","2022-06-10 12:45:24.572000","2022-06-10 13:04:22.600000","1138.028","45","15","0","100","2022-06-13 10:02:17.595000","91442ADD","United Kingdom","United Kingdom","Full-Time","English","English","United Kingdom","Wales","English","Male","No"
"62a33cdade10115e129e550b","5c745ec64e199a001230c7f7","APPROVED","2022-06-10 12:45:18.719000","2022-06-10 13:05:16.859000","1198.14","43","966","1","100","2022-06-13 10:02:19.901000","91442ADD","United Kingdom","United Kingdom","Full-Time","English","English","United Kingdom","England","English","Male","No"