session_id,participant_id,status,started_datetime,completed_date_time,time_taken,age,num_approvals,num_rejections,prolific_score,reviewed_at_datetime,entered_code,Country of Birth,Current Country of Residence,Employment Status,First Language,Fluent languages,Nationality,Nationality (UK),Primary Language,Sex,Student Status
629f19241407535508b24f86,5f8836a5fb70462a169fc0ac,APPROVED,2022-06-07 09:23:48.044000,2022-06-07 09:38:20.575000,872.531,26,325,4,100,2022-06-07 10:03:11.499000,91442ADD,United Kingdom,Hungary,Part-Time,English,"German, Hungarian, English",United Kingdom,England,"Hungarian, English, German",Male,Yes
629f199af5c6d4f4c136496a,6160c3c0d2e99e0e0c625391,APPROVED,2022-06-07 09:26:07.534000,2022-06-07 09:40:41.512000,873.978,34,213,0,100,2022-06-07 10:03:11.556000,91442ADD,United Kingdom,United Kingdom,Part-Time,English,English,United Kingdom,England,English,Female,No
629f19cf1f74065730b35d29,5bab547b8e137f000162af01,APPROVED,2022-06-07 09:26:44.489000,2022-06-07 09:37:37.886000,653.397,39,35,0,100,2022-06-07 10:03:11.606000,91442ADD,United Kingdom,United Kingdom,Full-Time,English,English,United Kingdom,England,English,Female,No
629f1a0002953b5bc6105417,5a4d6973f4c9dc0001649fc7,APPROVED,2022-06-07 09:27:30.473000,2022-06-07 09:49:19.941000,1309.468,49,661,12,96,2022-06-07 10:03:11.656000,91442ADD,United Kingdom,United Kingdom,Unemployed (and job seeking),English,English,United Kingdom,England,English,Female,No
629f1a1558213439c5f9b26e,5c6063290040350001faf92a,APPROVED,2022-06-07 09:27:56.976000,2022-06-07 09:49:39.243000,1302.267,69,608,9,97,2022-06-07 10:03:11.714000,91442ADD,United Kingdom,United Kingdom,"Not in paid work (e.g. homemaker', 'retired or disabled)",English,English,United Kingdom,England,English,Female,No
629f1a2b97689f9d96fb3c64,5f8ee107ad172f0956700793,APPROVED,2022-06-07 09:28:13.509000,2022-06-07 09:36:29.166000,495.657,54,26,0,100,2022-06-07 10:03:11.772000,91442ADD,United Kingdom,United Kingdom,Full-Time,English,English,United Kingdom,England,English,Male,No
629f1a2ecd2b4f16984303e9,62349ad9663d3c46fc1219cc,APPROVED,2022-06-07 09:28:19.428000,2022-06-07 09:53:49.978000,1530.55,44,70,0,100,2022-06-07 10:03:11.836000,91442ADD,United Kingdom,United Kingdom,Other,English,English,United Kingdom,England,English,Male,No
629f1a93533b1e472e842e80,5cf0f45706fb120015ecfd2e,APPROVED,2022-06-07 09:30:02.010000,2022-06-07 09:43:35.561000,813.551,54,783,12,97,2022-06-07 10:03:11.895000,91442ADD,United Kingdom,United Kingdom,Full-Time,English,English,United Kingdom,England,English,Female,No
629f1ab145c04a040fd723d8,5c1d3a99cb7ecd0001f47b9f,APPROVED,2022-06-07 09:39:08.676000,2022-06-07 09:56:28.261000,1039.585,30,732,3,100,2022-06-07 10:03:11.947000,91442ADD,United Kingdom,United Kingdom,Part-Time,English,English,United Kingdom,England,English,Female,No
629f1b258eaea471b18f24d3,60c1f0e3708c6bcc65473102,APPROVED,2022-06-07 09:32:29.586000,2022-06-07 09:49:58.712000,1049.126,43,242,0,100,2022-06-07 10:03:12.283000,91442ADD,United Kingdom,United Kingdom,Part-Time,English,English,United Kingdom,England,English,Female,No
