"session_id","participant_id","status","started_datetime","completed_date_time","time_taken","age","num_approvals","num_rejections","prolific_score","reviewed_at_datetime","entered_code","Country of Birth","Current Country of Residence","Employment Status","First Language","Fluent languages","Nationality","Nationality (UK)","Primary Language","Sex","Student Status"
"625820207db96c0cac16cf23","6158d21467d1c77397989b0e","APPROVED","2022-04-14 13:22:44.254000","2022-04-14 13:29:57.347000","433.093","23","63","1","100","2022-04-14 14:26:24.438000","91442ADD","United Kingdom","United Kingdom","Unemployed (and job seeking)","English","English","United Kingdom","Scotland","English","Female","No"
"62582183b164948e76b9ff5b","5dc8dff727a26762edc4c858","APPROVED","2022-04-14 13:28:39.166000","2022-04-14 13:45:01.174000","982.008","33","75","0","100","2022-04-14 14:11:07.866000","91442ADD","United Kingdom","United Kingdom","Other","English","English","United Kingdom","Scotland","English","Female","No"
"6258223296715bfd0f839f7b","607d730ea4fd7a087dc5b90d","RETURNED","2022-04-14 13:31:34.604000","","4397.013972","49","109","0","100","","","CONSENT REVOKED","CONSENT REVOKED","CONSENT REVOKED","CONSENT REVOKED","CONSENT REVOKED","CONSENT REVOKED","CONSENT REVOKED","CONSENT REVOKED","CONSENT REVOKED","CONSENT REVOKED"
"6258225a5dadebc07008e871","5c940c78e2d9fb0001386eb0","RETURNED","2022-04-14 13:32:24.128000","","4347.509366","45","400","7","94","","","CONSENT REVOKED","CONSENT REVOKED","CONSENT REVOKED","CONSENT REVOKED","CONSENT REVOKED","CONSENT REVOKED","CONSENT REVOKED","CONSENT REVOKED","CONSENT REVOKED","CONSENT REVOKED"
"625822ce4e943ec9a81242b4","5ed601e0feb4d7000883c10b","APPROVED","2022-04-14 13:34:09.318000","2022-04-14 13:40:29.160000","379.842","31","148","0","100","2022-04-14 14:11:36.366000","91442ADD","United Kingdom","United Kingdom","Part-Time","English","English","United Kingdom","Scotland","English","Female","No"
"625822d89a5e4001a9999452","5b545133b3c9400001f27aa3","APPROVED","2022-04-14 13:34:20.604000","2022-04-14 13:55:41.531000","1280.927","53","393","1","100","2022-04-14 14:11:00.370000","91442ADD","United Kingdom","United Kingdom","Full-Time","English","English","United Kingdom","England","English","Male","No"
"6258231461dd07c16b0818c3","60d3a7ce58da5a1177c50e46","REJECTED","2022-04-14 13:35:18.897000","2022-04-14 13:43:40.668000","501.771","19","85","3","97","2022-04-14 14:27:37.522000","91442ADD","United Kingdom","United Kingdom","Other","English","English","United Kingdom","England","English","Female","Yes"
"6258233047f7dd6d4a7825d8","5f062fad1145f916fd34cebc","APPROVED","2022-04-14 13:35:48.135000","2022-04-14 13:55:58.459000","1210.324","22","159","2","99","2022-04-14 14:11:53.297000","91442ADD","United Kingdom","United Kingdom","Full-Time","English","English","United Kingdom","England","English","Female","No"
"625823534a79a7d08f5cb499","5f200d7923978b03c9901f2a","APPROVED","2022-04-14 13:36:22.982000","2022-04-14 13:47:38.185000","675.203","59","506","1","100","2022-04-14 14:26:07.152000","91442ADD","United Kingdom","United Kingdom","Not in paid work (e.g. homemaker', 'retired or disabled)","English","English","United Kingdom","England","English","Female","No"
"625823640f369b369582d660","610659e2d2015c331933c919","APPROVED","2022-04-14 13:36:39.541000","2022-04-14 13:47:29.655000","650.114","53","199","1","100","2022-04-14 14:26:15.234000","91442ADD","United Kingdom","United Kingdom","Full-Time","English","English","United Kingdom","Scotland","English","Female","No"
"6258238c230b15cd80f47c88","5ab41678e1546900019b4b15","APPROVED","2022-04-14 13:37:18.710000","2022-04-14 13:42:28.362000","309.652","38","759","9","98","2022-04-14 14:10:46.659000","91442ADD","United Kingdom","Sweden","Part-Time","English","English","United Kingdom","England","English","Female","No"
"6258243af6bba41a122e80d0","5e16e01f8d257bca61195ea2","APPROVED","2022-04-14 13:40:14.546000","2022-04-14 13:49:38.833000","564.287","35","282","0","100","2022-04-14 14:11:20.558000","91442ADD","United Kingdom","United Kingdom","Full-Time","English","English","United Kingdom","England","English","Female","No"
"62582f897716d5d2663257fb","611ca335aacb5226c6da71c4","APPROVED","2022-04-14 14:28:29.125000","2022-04-14 14:40:31.647000","722.522","27","93","4","92","2022-04-14 14:44:38.084000","91442ADD","United Kingdom","United Kingdom","Due to start a new job within the next month","English","English","United Kingdom","England","English","Female","No"