session_id,participant_id,status,started_datetime,completed_date_time,time_taken,age,num_approvals,num_rejections,prolific_score,reviewed_at_datetime,entered_code,Country of Birth,Current Country of Residence,Employment Status,First Language,Fluent languages,Nationality,Nationality (UK),Primary Language,Sex,Student Status
62b72d7a8d2181174ed8bdbe,5cadcbd3cdf3eb00136336a4,APPROVED,2022-06-25 15:45:01.741000,2022-06-25 16:01:48.857000,1007.116,34,236,1,100,2022-06-28 15:41:55.415000,NOCODE,United Kingdom,United Kingdom,Full-Time,English,English,United Kingdom,England,English,Male,No
62b72e29346470947dfa46c6,5fb29271661abe46e8d138b4,RETURNED,2022-06-25 15:47:58.922000,,270038.948463,31,359,0,100,,,CONSENT REVOKED,CONSENT REVOKED,CONSENT REVOKED,CONSENT REVOKED,CONSENT REVOKED,CONSENT REVOKED,CONSENT REVOKED,CONSENT REVOKED,CONSENT REVOKED,CONSENT REVOKED
62b72e3866da703bdd7630a7,5ff85cb8d2ca6f03514e637a,RETURNED,2022-06-25 15:48:13.613000,,270024.271584,42,322,1,100,,,CONSENT REVOKED,CONSENT REVOKED,CONSENT REVOKED,CONSENT REVOKED,CONSENT REVOKED,CONSENT REVOKED,CONSENT REVOKED,CONSENT REVOKED,CONSENT REVOKED,CONSENT REVOKED
62b72e3c273c6a8cef5f2a41,595dd47e2ab2e60001516c99,RETURNED,2022-06-25 15:48:14.423000,,270023.478151,57,625,13,97,,,CONSENT REVOKED,CONSENT REVOKED,CONSENT REVOKED,CONSENT REVOKED,CONSENT REVOKED,CONSENT REVOKED,CONSENT REVOKED,CONSENT REVOKED,CONSENT REVOKED,CONSENT REVOKED
62b72efa43a296a6b0a89df1,603f581f15614a0e86a13823,APPROVED,2022-06-25 15:51:26.012000,2022-06-25 16:06:03.514000,877.502,34,232,1,100,2022-06-28 15:41:53.782000,91442ADD,United Kingdom,United Kingdom,Full-Time,English,English,United Kingdom,England,English,Female,No
62b72f0f41b2fb65d66ead7b,5d0ca909a37d8b0018913ca4,APPROVED,2022-06-25 15:51:48.580000,2022-06-25 16:09:38.957000,1070.377,84,1106,16,97,2022-06-28 15:41:52.946000,91442ADD,United Kingdom,United Kingdom,"Not in paid work (e.g. homemaker', 'retired or disabled)",English,English,United Kingdom,England,English,Male,No
62b72f2b5e63f8d54ff5c5d5,62b22949a3d0a8d422573f97,APPROVED,2022-06-25 15:52:20.080000,2022-06-25 16:06:57.319000,877.239,57,8,0,100,2022-06-28 15:41:50.924000,91442ADD,United Kingdom,United Kingdom,Full-Time,English,English,United Kingdom,England,English,Male,No
62b72f2ef9555abb99704674,5c6d1aa01e17c60001a43343,RETURNED,2022-06-25 15:52:16.955000,,269781.018748,33,786,10,98,,,CONSENT REVOKED,CONSENT REVOKED,CONSENT REVOKED,CONSENT REVOKED,CONSENT REVOKED,CONSENT REVOKED,CONSENT REVOKED,CONSENT REVOKED,CONSENT REVOKED,CONSENT REVOKED
62b72f617fb5e230373fc24f,5f088147510abc0947ad09cb,APPROVED,2022-06-25 15:53:09.243000,2022-06-25 16:06:38.975000,809.732,68,615,2,100,2022-06-28 15:41:50.050000,91442ADD,United Kingdom,United Kingdom,"Not in paid work (e.g. homemaker', 'retired or disabled)",English,English,United Kingdom,England,English,Female,No
62b72f72d8056779c9516ad3,62b43aea0aa0424d0a1f91da,APPROVED,2022-06-25 15:53:26.285000,2022-06-25 16:04:53.104000,686.819,29,6,0,100,2022-06-28 15:41:49.601000,91442ADD,United Kingdom,United Kingdom,Full-Time,English,English,United Kingdom,Wales,English,Male,No
62b72f7463fc739db72cdbb3,5ec28a6332a7510637436a57,APPROVED,2022-06-25 15:53:34.319000,2022-06-25 16:04:03.708000,629.389,46,232,2,100,2022-06-28 15:41:46.841000,91442ADD,United Kingdom,United Kingdom,Part-Time,English,English,United Kingdom,England,English,Female,No
62b72f754ee5d1aaf5f6cc50,629f9d0e292a1846040223b7,APPROVED,2022-06-25 15:53:27.582000,2022-06-25 16:14:02.470000,1234.888,33,31,0,100,2022-06-28 15:41:47.875000,91442ADD,United Kingdom,United Kingdom,Full-Time,English,"English, French, Spanish",United Kingdom,England,English,Female,No
62b72fb1d99aedffd0a89ddf,62b495a707bd4eb65ab81728,APPROVED,2022-06-25 15:54:28.076000,2022-06-25 16:09:50.755000,922.679,29,11,0,100,2022-06-28 15:41:45.191000,91442ADD,United Kingdom,United Kingdom,Full-Time,English,English,United Kingdom,England,English,Male,No
62b72fb6840e5722ef9b90ef,5dcac55bdcc83f79286c8104,REJECTED,2022-06-25 15:54:33.082000,2022-06-25 16:12:09.613000,1056.531,24,245,2,100,2022-06-28 15:39:51.054000,91442ADD,United Kingdom,United Kingdom,"Not in paid work (e.g. homemaker', 'retired or disabled)",English,English,United Kingdom,England,English,Female,No
62bb21faf5d97028eec0c5e1,5b60c7321b181c00011ae753,APPROVED,2022-06-28 15:45:25.570000,2022-06-28 16:06:04.138000,1238.568,33,303,8,96,2022-06-28 18:48:11.005000,91442ADD,United Kingdom,United Kingdom,DATA EXPIRED,English,English,United Kingdom,Scotland,English,Female,DATA EXPIRED
