session_id,participant_id,status,started_datetime,completed_date_time,time_taken,age,num_approvals,num_rejections,prolific_score,reviewed_at_datetime,entered_code,Country of Birth,Current Country of Residence,Employment Status,First Language,Fluent languages,Nationality,Nationality (UK),Primary Language,Sex,Student Status
62b72397cb13751756fcc51c,59a6aa43b2130b000179d303,APPROVED,2022-06-25 15:03:00.346000,2022-06-25 15:12:59.184000,598.838,44,806,2,100,2022-06-26 19:59:32.021000,91442ADD,United Kingdom,United Kingdom,Part-Time,English,English,United Kingdom,England,English,Female,No
62b728d77fc8129843516ad9,5edaf72f0d7fc4767c821b04,APPROVED,2022-06-25 15:25:15.197000,2022-06-25 15:39:52.680000,877.483,29,73,1,100,2022-06-26 19:59:31.005000,91442ADD,United Kingdom,United Kingdom,Part-Time,English,"English, Welsh",United Kingdom,Wales,English,Female,Yes
62b729ac582748e95ffcc541,60c21231133e71164490e005,APPROVED,2022-06-25 15:28:53.622000,2022-06-25 16:01:31.973000,1958.351,49,81,0,100,2022-06-26 19:59:29.689000,91442ADD,United Kingdom,United Kingdom,"Not in paid work (e.g. homemaker', 'retired or disabled)",English,English,United Kingdom,England,English,Female,No
62b72a33247d5ea45763c084,609cd75c7570c1dc4f9e9c43,APPROVED,2022-06-25 15:31:01.236000,2022-06-25 15:40:07.430000,546.194,24,165,0,100,2022-06-26 19:59:28.359000,91442ADD,United Kingdom,United Kingdom,"Not in paid work (e.g. homemaker', 'retired or disabled)",English,English,United Kingdom,England,English,Male,No
62b72a90ad221da290bb68a7,57892012454e5400015f35c4,APPROVED,2022-06-25 15:32:40.276000,2022-06-25 15:47:09.829000,869.553,45,836,8,99,2022-06-26 19:59:26.359000,91442ADD,United Kingdom,United Kingdom,Other,English,English,United Kingdom,England,English,Female,No
62b72aafa2017da26bf6cc52,6083e4575dc56d8ed869d70f,APPROVED,2022-06-25 15:33:04.851000,2022-06-25 15:40:04.423000,419.572,20,418,1,100,2022-06-26 19:59:22.769000,91442ADD,United Kingdom,United Kingdom,Due to start a new job within the next month,English,English,United Kingdom,England,English,Male,Yes
62b72ab44855e2de8a80c2ab,604822031f4666160f00b04a,REJECTED,2022-06-25 15:34:08.787000,2022-06-25 15:56:18.783000,1329.996,69,347,3,99,2022-06-26 19:58:50.511000,91442ADD,United Kingdom,United Kingdom,Part-Time,English,English,United Kingdom,England,English,Female,No
62b72ab50450d51813fa46be,6147ac70b4c3e7df01f2eb72,APPROVED,2022-06-25 15:33:18.238000,2022-06-25 15:49:43.429000,985.191,34,86,0,100,2022-06-26 19:59:20.653000,91442ADD,United Kingdom,United Kingdom,Full-Time,English,English,United Kingdom,England,English,Female,No
62b72ac111f5486e723f02ab,6147a0a11a1dea320ece67cf,APPROVED,2022-06-25 15:33:24.035000,2022-06-25 15:47:16.229000,832.194,33,11,0,100,2022-06-26 19:59:19.550000,91442ADD,United Kingdom,United Kingdom,Part-Time,English,English,United Kingdom,England,English,Female,No
62b72ae6bb94ca1e1f7d1f22,61616be05ae154954284279e,APPROVED,2022-06-25 15:34:02.746000,2022-06-25 15:52:53.886000,1131.14,20,170,0,100,2022-06-26 19:59:18.271000,91442ADD,United Kingdom,United Kingdom,DATA EXPIRED,English,English,United Kingdom,England,English,Female,DATA EXPIRED
62b8bb806926d15c731a986d,60e74bad313c863c325521f7,APPROVED,2022-06-26 20:03:40.452000,2022-06-26 20:19:48.865000,968.413,30,117,0,100,2022-06-26 20:21:50.111000,91442ADD,United Kingdom,United Kingdom,Full-Time,English,"Bengali, English",United Kingdom,England,"Bengali, English",Female,No
