"session_id","participant_id","status","started_datetime","completed_date_time","time_taken","age","num_approvals","num_rejections","prolific_score","reviewed_at_datetime","entered_code","Country of Birth","Current Country of Residence","Employment Status","First Language","Fluent languages","Nationality","Nationality (UK)","Primary Language","Sex","Student Status"
"6258250eec95172b9c8edf59","5ea03c73d219f50266b79ae4","RETURNED","2022-04-14 13:43:48.718000","","8171.915905","73","320","3","100","","","CONSENT REVOKED","CONSENT REVOKED","CONSENT REVOKED","CONSENT REVOKED","CONSENT REVOKED","CONSENT REVOKED","CONSENT REVOKED","CONSENT REVOKED","CONSENT REVOKED","CONSENT REVOKED"
"62582664a347ed9af9b0910b","5fcd1c5584c8d416c797d96a","RETURNED","2022-04-14 13:49:31.293000","","7829.355355","20","125","0","100","","","CONSENT REVOKED","CONSENT REVOKED","CONSENT REVOKED","CONSENT REVOKED","CONSENT REVOKED","CONSENT REVOKED","CONSENT REVOKED","CONSENT REVOKED","CONSENT REVOKED","CONSENT REVOKED"
"62582672ae00c43537ed039a","60d0f552fd38ee6e7edf97d4","APPROVED","2022-04-14 13:49:40.424000","2022-04-14 14:02:47.505000","787.081","28","121","3","97","2022-04-14 15:59:43.019000","91442ADD","United States","United Kingdom","Full-Time","English","English","United Kingdom","England","English","Female","Yes"
"625827ff62f2f35b3118c586","5f062fad1145f916fd34cebc@email.prolific.co","APPROVED","2022-04-14 13:56:19.096000","2022-04-14 14:12:51.386000","992.29","22","160","2","100","2022-04-14 15:58:34.741000","91442ADD","United Kingdom","United Kingdom","Full-Time","English","English","United Kingdom","England","English","Female","No"
"62582808dd7623ccdd540f24","616d653a6beb632a9219baa2","APPROVED","2022-04-14 13:56:27.953000","2022-04-14 14:12:26.103000","958.15","29","186","3","97","2022-04-14 15:59:41.337000","91442ADD","United Kingdom","United Kingdom","Not in paid work (e.g. homemaker', 'retired or disabled)","English","English","United Kingdom","England","English","Female","No"
"6258281dc0f8190850dccc3b","5c83c95d4c266300156edc00","APPROVED","2022-04-14 13:56:49.637000","2022-04-14 14:12:16.271000","926.634","55","595","2","100","2022-04-14 15:59:38.896000","91442ADD","United Kingdom","United Kingdom","Part-Time","English","English","United Kingdom","England","English","Female","No"
"6258284f99a565946d8dc5b4","5e30369d97a580000c4874a4","APPROVED","2022-04-14 13:57:40.313000","2022-04-14 14:06:41.872000","541.559","29","451","2","100","2022-04-14 15:59:37.628000","91442ADD","United Kingdom","United Kingdom","Not in paid work (e.g. homemaker', 'retired or disabled)","English","English","United Kingdom","England","English","Female","No"
"6258287bc9553b2756334681","60d495cd76b37ba5a6bf8d3c","REJECTED","2022-04-14 13:58:22.343000","2022-04-14 14:11:18.455000","776.112","19","151","1","100","2022-04-14 15:02:28.342000","91442ADD","United Kingdom","United Kingdom","Other","English","English","United Kingdom","England","English","Female","Yes"
"62582881b8dfdc465c4ef888","5e56c358d8756507e04ba88e","APPROVED","2022-04-14 13:58:29.361000","2022-04-14 14:19:12.223000","1242.862","31","128","0","100","2022-04-14 15:59:36.469000","91442ADD","United Kingdom","United Kingdom","Part-Time","English","English","United Kingdom","England","English","Female","No"
"62582885fdc2bb4036e42cd6","5f24a699b63d070b1fbc0619","APPROVED","2022-04-14 13:58:33.572000","2022-04-14 14:35:29.152000","2215.58","31","169","3","98","2022-04-14 15:59:35.210000","91442ADD","United Kingdom","United Kingdom","Full-Time","English","English","United Kingdom","England","English","Female","No"
"62582887bbc69fb498d2d785","600b00d70c3b950f03a25bd1","RETURNED","2022-04-14 13:58:31.856000","","7288.942252","58","273","4","97","","","CONSENT REVOKED","CONSENT REVOKED","CONSENT REVOKED","CONSENT REVOKED","CONSENT REVOKED","CONSENT REVOKED","CONSENT REVOKED","CONSENT REVOKED","CONSENT REVOKED","CONSENT REVOKED"
"625828c4cac0a6e618e0a232","5c3ca0cd95d3450001358879","APPROVED","2022-04-14 13:59:36.752000","2022-04-14 14:09:57.805000","621.053","29","121","0","100","2022-04-14 15:59:34.387000","91442ADD","United Kingdom","United Kingdom","Full-Time","English","English","United Kingdom","England","English","Female","No"
"625828cfc317863826c836c9","5e2aa7df61f1670f7362bd62","APPROVED","2022-04-14 13:59:46.787000","2022-04-14 14:23:07.473000","1400.686","34","181","4","97","2022-04-14 15:59:33.909000","91442ADD","United Kingdom","United Kingdom","Full-Time","English","English","United Kingdom","England","English","Female","No"
"62583fab05bfbda522a20438","61421b43e845fc2ab406b449","RETURNED","2022-04-14 15:37:29.509000","","1351.337455","52","268","1","100","","","CONSENT REVOKED","CONSENT REVOKED","CONSENT REVOKED","CONSENT REVOKED","CONSENT REVOKED","CONSENT REVOKED","CONSENT REVOKED","CONSENT REVOKED","CONSENT REVOKED","CONSENT REVOKED"
"625841ba58037012c944a0c4","5a0dc5fbab721b0001ef8254","APPROVED","2022-04-14 15:46:04.362000","2022-04-14 15:56:47.962000","643.6","56","1334","9","99","2022-04-14 15:59:32.254000","91442ADD","United Kingdom","United Kingdom","Not in paid work (e.g. homemaker', 'retired or disabled)","English","English","United Kingdom","England","English","Female","No"