session_id,participant_id,status,started_datetime,completed_date_time,time_taken,age,num_approvals,num_rejections,prolific_score,reviewed_at_datetime,entered_code,Country of Birth,Current Country of Residence,Employment Status,First Language,Fluent languages,Nationality,Nationality (UK),Primary Language,Sex,Student Status
62581aa0b0861ba2c72dcf82,5d53be7ddaac02001566b548,APPROVED,2022-04-14 12:59:18.230000,2022-04-14 13:10:36.516000,678.286,35,694,3,100,2022-04-14 13:46:21.411000,91442ADD,United Kingdom,United Kingdom,Full-Time,English,English,United Kingdom,Scotland,English,Female,No
62581df3e75bd4c0f64a24d9,60a8c222ec3534660f696daf,APPROVED,2022-04-14 13:13:27.101000,2022-04-14 13:20:21.730000,414.629,60,254,3,100,2022-04-14 13:46:20.848000,91442ADD,United Kingdom,United Kingdom,Full-Time,English,English,United Kingdom,England,English,Male,No
62581df6ae47d848a09513ec,613a323534fbaaf74283f435,RETURNED,2022-04-14 13:13:31.060000,2022-04-14 13:13:56.751000,25.691,30,112,1,100,,NOCODE,CONSENT REVOKED,CONSENT REVOKED,CONSENT REVOKED,CONSENT REVOKED,CONSENT REVOKED,CONSENT REVOKED,CONSENT REVOKED,CONSENT REVOKED,CONSENT REVOKED,CONSENT REVOKED
62581e01e75bd4c0f64a24db,600b00d70c3b950f03a25bd1,APPROVED,2022-04-14 13:13:49.835000,2022-04-14 13:29:21.599000,931.764,58,273,4,97,2022-04-14 13:46:19.105000,91442ADD,United Kingdom,Greece,"Not in paid work (e.g. homemaker', 'retired or disabled)",English,English,United Kingdom,England,English,Female,No
62581e5058f43e3e27bc5c29,6130a941b517244b0bd36a6b,APPROVED,2022-04-14 13:15:00.607000,2022-04-14 13:26:21.534000,680.927,61,59,1,100,2022-04-14 13:46:18.257000,91442ADD,United Kingdom,United Kingdom,"Not in paid work (e.g. homemaker', 'retired or disabled)",English,English,United Kingdom,England,English,Female,No
62581e8e014ad49ea708e45b,5f273a1646f68e514633ee27,APPROVED,2022-04-14 13:16:00.766000,2022-04-14 13:24:25.270000,504.504,28,224,0,100,2022-04-14 13:46:17.254000,91442ADD,United Kingdom,United Kingdom,Part-Time,English,English,United Kingdom,England,English,Female,No
62581e95804e56bc337b56eb,5d5ae10ebe4ce30015ee95e2,RETURNED,2022-04-14 13:16:17.794000,,1817.249041,70,515,5,99,,,CONSENT REVOKED,CONSENT REVOKED,CONSENT REVOKED,CONSENT REVOKED,CONSENT REVOKED,CONSENT REVOKED,CONSENT REVOKED,CONSENT REVOKED,CONSENT REVOKED,CONSENT REVOKED
62581e9794bd9b03467a9b45,607d730ea4fd7a087dc5b90d,RETURNED,2022-04-14 13:16:12.725000,,1822.338723,49,109,0,100,,,CONSENT REVOKED,CONSENT REVOKED,CONSENT REVOKED,CONSENT REVOKED,CONSENT REVOKED,CONSENT REVOKED,CONSENT REVOKED,CONSENT REVOKED,CONSENT REVOKED,CONSENT REVOKED
62581eb5e243da13af6a2969,5e84c4c40a1fb108dcdf1a1c,APPROVED,2022-04-14 13:16:40.906000,2022-04-14 13:28:35.502000,714.596,30,280,2,100,2022-04-14 13:46:14.556000,91442ADD,United Kingdom,United Kingdom,Full-Time,English,English,United Kingdom,England,English,Female,No
62581f4c3040a530c7bb7f91,5afd6d5b56fe2c0001690178,APPROVED,2022-04-14 13:19:11.826000,2022-04-14 13:43:54.137000,1482.311,37,784,2,100,2022-04-14 13:46:13.266000,91442ADD,United Kingdom,United Kingdom,Part-Time,English,English,United Kingdom,England,English,Female,No
6258200e57e185534fdaeeaa,5e206b02d63ca0000bc99207,APPROVED,2022-04-14 13:22:26.431000,2022-04-14 13:32:22.459000,596.028,33,225,2,99,2022-04-14 13:46:12.155000,91442ADD,United Kingdom,United Kingdom,"Not in paid work (e.g. homemaker', 'retired or disabled)",English,English,United Kingdom,England,English,Female,No
6258201717841126894e5cc5,5fa54c4e7593e723ffc5d65e,APPROVED,2022-04-14 13:22:54.696000,2022-04-14 13:44:26.529000,1291.833,49,290,3,100,2022-04-14 13:46:11.171000,91442ADD,United Kingdom,Czech Republic,Full-Time,English,English,United Kingdom,England,English,Male,No
6258202786ca4e4c65c6f878,5ea0768bb1197303d15208a3,APPROVED,2022-04-14 13:22:55.349000,2022-04-14 13:35:02.691000,727.342,61,474,1,100,2022-04-14 13:46:09.873000,91442ADD,United Kingdom,United Kingdom,Full-Time,English,English,United Kingdom,England,English,Female,No
