session_id,participant_id,status,started_datetime,completed_date_time,time_taken,age,num_approvals,num_rejections,prolific_score,reviewed_at_datetime,entered_code,Country of Birth,Current Country of Residence,Employment Status,First Language,Fluent languages,Nationality,Nationality (UK),Primary Language,Sex,Student Status
62b725c682db3bdb43f27ade,5d126cadd8762500159077f2,APPROVED,2022-06-25 15:12:12.587000,2022-06-25 15:28:00.745000,948.158,44,127,1,100,2022-06-28 09:56:24.265000,91442ADD,United Kingdom,United Kingdom,Full-Time,English,English,United Kingdom,England,English,Male,No
62b72894006ea87cc63fc264,6165d21a10257825b4bebfcc,APPROVED,2022-06-25 15:24:07.319000,2022-06-25 15:34:02.838000,595.519,34,258,1,100,2022-06-28 09:56:24,91442ADD,United Kingdom,United Kingdom,Full-Time,English,English,United Kingdom,England,English,Male,No
62b72b59432342497bfa46b8,603ae31e6aba3a7010516055,APPROVED,2022-06-25 15:35:54.836000,2022-06-25 15:39:47.823000,232.987,33,401,1,100,2022-06-28 09:56:22.916000,91442ADD,United Kingdom,United Kingdom,Full-Time,English,English,United Kingdom,England,English,Male,No
62b72ca85e63f8d54ff5c5a3,5badf72e733441000102a34d,RETURNED,2022-06-25 15:41:28.186000,,238516.83985,64,664,10,96,,,CONSENT REVOKED,CONSENT REVOKED,CONSENT REVOKED,CONSENT REVOKED,CONSENT REVOKED,CONSENT REVOKED,CONSENT REVOKED,CONSENT REVOKED,CONSENT REVOKED,CONSENT REVOKED
62b72cae3ea9b1302e784cdf,60f2dd514eb84812f627fa7e,RETURNED,2022-06-25 15:41:38.277000,,238506.764088,47,530,1,100,,,CONSENT REVOKED,CONSENT REVOKED,CONSENT REVOKED,CONSENT REVOKED,CONSENT REVOKED,CONSENT REVOKED,CONSENT REVOKED,CONSENT REVOKED,CONSENT REVOKED,CONSENT REVOKED
62b72cb2f754332a63d8bde9,5f7e180204eed80b515a3569,APPROVED,2022-06-25 15:41:50.517000,2022-06-25 15:52:53.564000,663.047,35,468,0,100,2022-06-28 09:56:21.173000,91442ADD,United Kingdom,United Kingdom,Full-Time,English,English,United Kingdom,England,English,Female,No
62b72ccee166448daf516ad3,5f3bd0e50bf2cb92bfc8a141,APPROVED,2022-06-25 15:42:09.236000,2022-06-25 15:54:25.484000,736.248,29,30,0,100,2022-06-28 09:56:20.430000,91442ADD,United Kingdom,United Kingdom,Full-Time,English,English,United Kingdom,England,English,Female,No
62b72d29cb42f9d0d2bb688f,5b7e7de287d85f0001bac19a,APPROVED,2022-06-25 15:44:10.378000,2022-06-25 16:04:54.367000,1243.989,71,1061,6,99,2022-06-28 09:56:17.155000,91442ADD,United Kingdom,United Kingdom,"Not in paid work (e.g. homemaker', 'retired or disabled)",English,English,United Kingdom,England,English,Female,No
62b72d36d6b66d5d9aa89dfa,601b18ec1839d548abd32b47,APPROVED,2022-06-25 15:43:52.336000,2022-06-25 15:50:34.879000,402.543,33,470,0,100,2022-06-28 09:56:19.690000,91442ADD,United Kingdom,United Kingdom,Full-Time,English,English,United Kingdom,England,English,Female,No
62b72d454ccc0187179e3386,595dd47e2ab2e60001516c99,RETURNED,2022-06-25 15:44:07.499000,,238357.618701,57,625,13,97,,,CONSENT REVOKED,CONSENT REVOKED,CONSENT REVOKED,CONSENT REVOKED,CONSENT REVOKED,CONSENT REVOKED,CONSENT REVOKED,CONSENT REVOKED,CONSENT REVOKED,CONSENT REVOKED
62b72d67c84668b9143f02b2,5ece8bcf77dd8b0a613daf24,APPROVED,2022-06-25 15:44:58.139000,2022-06-25 15:57:09.413000,731.274,26,352,1,100,2022-06-28 09:56:16.211000,91442ADD,United Kingdom,United Kingdom,Full-Time,English,English,United Kingdom,England,English,Male,No
62b72dd831930f09a8d922d5,5dcfd2d783e3090dc7155733,APPROVED,2022-06-25 15:46:36.340000,2022-06-25 15:56:03.241000,566.901,52,391,2,100,2022-06-28 09:56:15.286000,91442ADD,United Kingdom,United Kingdom,Full-Time,English,English,United Kingdom,England,English,Female,No
62b72e0d367e9a54f14f68e2,5cec33627950d8001bbcc787,APPROVED,2022-06-25 15:47:35.997000,2022-06-25 15:59:17.425000,701.428,56,547,1,100,2022-06-28 09:56:14.794000,91442ADD,United Kingdom,United Kingdom,"Not in paid work (e.g. homemaker', 'retired or disabled)",English,English,United Kingdom,England,English,Female,No
