session_id,participant_id,status,started_datetime,completed_date_time,time_taken,age,num_approvals,num_rejections,prolific_score,reviewed_at_datetime,entered_code,Country of Birth,Current Country of Residence,Employment Status,First Language,Fluent languages,Nationality,Nationality (UK),Primary Language,Sex,Student Status
625745e5746ed948597f77c7,61bb367540db417c1a13886b,APPROVED,2022-04-13 21:51:39.322000,2022-04-13 22:09:30.306000,1070.984,36,29,0,100,2022-04-14 12:08:17.475000,91442ADD,United Kingdom,United Kingdom,Full-Time,English,English,United Kingdom,England,English,Female,No
625746f155d694e75325e5a0,612d5c6560e771aec1d724fb,RETURNED,2022-04-13 22:07:00.046000,,50614.986549,40,151,1,100,,,CONSENT REVOKED,CONSENT REVOKED,CONSENT REVOKED,CONSENT REVOKED,CONSENT REVOKED,CONSENT REVOKED,CONSENT REVOKED,CONSENT REVOKED,CONSENT REVOKED,CONSENT REVOKED
6257479e2ab364a762a67fd9,60bfd9beee0836a5211841a4,APPROVED,2022-04-13 21:58:58.168000,2022-04-13 22:09:35.183000,637.015,52,213,2,100,2022-04-14 12:08:16.492000,91442ADD,United Kingdom,Australia,Unemployed (and job seeking),English,English,United Kingdom,England,English,Female,No
625747e60a44800d62e42d2e,611d368bd6d35d4e26505090,APPROVED,2022-04-13 22:00:10.016000,2022-04-13 22:16:05.553000,955.537,36,174,1,100,2022-04-14 12:08:15.918000,91442ADD,United Kingdom,United Kingdom,Part-Time,English,English,United Kingdom,England,English,Female,No
6257487b7333200244e74108,5936fe11e727090001678d2c,RETURNED,2022-04-13 22:02:38.650000,,50876.439919,43,782,8,99,,,CONSENT REVOKED,CONSENT REVOKED,CONSENT REVOKED,CONSENT REVOKED,CONSENT REVOKED,CONSENT REVOKED,CONSENT REVOKED,CONSENT REVOKED,CONSENT REVOKED,CONSENT REVOKED
6257491d7e676882ac49ba57,606f3a73cbf1f4ea43090f08,APPROVED,2022-04-13 22:05:20.913000,2022-04-13 22:14:30.905000,549.992,30,183,3,99,2022-04-14 12:08:15.007000,91442ADD,United Kingdom,United Kingdom,Full-Time,English,English,United Kingdom,England,English,Female,Yes
625749ef70a8d7c3e75034ed,5d8e33bc4bf4ba00170a8ae9,APPROVED,2022-04-13 22:08:51.447000,2022-04-13 22:23:09.522000,858.075,22,282,2,99,2022-04-14 12:08:13.341000,91442ADD,United Kingdom,United Kingdom,Part-Time,English,"French, English",United Kingdom,England,English,Female,Yes
62574a1a1b799c7800070087,60cdfa4284bfd7a889da8e1d,APPROVED,2022-04-13 22:09:32.767000,2022-04-13 22:19:46.132000,613.365,20,197,2,100,2022-04-14 12:08:12.612000,91442ADD,United Kingdom,United Kingdom,Part-Time,English,English,United Kingdom,England,English,Female,Yes
62574a201471887ff7766f55,6235af7cfcf3953dab9f365c,APPROVED,2022-04-13 22:09:42.795000,2022-04-13 22:18:55.554000,552.759,49,11,0,100,2022-04-14 12:08:11.763000,91442ADD,United Kingdom,United Kingdom,Full-Time,English,English,United Kingdom,England,English,Female,No
62574a3eb464eb1d67e467a0,6109a00f2f5ee8436e836a0c,APPROVED,2022-04-13 22:10:12.767000,2022-04-13 22:25:58.514000,945.747,29,165,6,94,2022-04-14 12:08:11.052000,91442ADD,United Kingdom,United Kingdom,Unemployed (and job seeking),English,English,United Kingdom,England,English,Female,No
62574a6401743785f5de4d02,5aae8f78811b2000016f7c7b,APPROVED,2022-04-13 22:10:52.605000,2022-04-13 22:25:37.123000,884.518,53,590,5,99,2022-04-14 12:08:10.133000,91442ADD,United Kingdom,United Kingdom,"Not in paid work (e.g. homemaker', 'retired or disabled)",English,English,United Kingdom,England,English,Female,No
62574a6ce7abef49bc1ba4cb,60fdcd3d6b87209860cfad5b,APPROVED,2022-04-13 22:10:57.764000,2022-04-13 22:21:13.543000,615.779,31,57,0,100,2022-04-14 12:08:09.213000,91442ADD,United Kingdom,United Kingdom,Part-Time,English,English,United Kingdom,England,English,Female,No
