"session_id","participant_id","status","started_datetime","completed_date_time","time_taken","age","num_approvals","num_rejections","prolific_score","reviewed_at_datetime","entered_code","Country of Birth","Current Country of Residence","Employment Status","First Language","Fluent languages","Nationality","Nationality (UK)","Primary Language","Sex","Student Status"
"62aaff8a0ab919614a5cdf56","5bcf365f937b3c00014396f6","APPROVED","2022-06-16 10:01:50.080000","2022-06-16 10:29:16.295000","1646.215","25","613","1","100","2022-06-23 12:51:30.674000","91442ADD","United Kingdom","United Kingdom","Unemployed (and job seeking)","English","English","United Kingdom","Scotland","English","Female","Yes"
"62ab00085f8e8e6ae776d695","5e3373696bf31c344217d6e6","TIMED-OUT","2022-06-16 10:03:55.058000","","614886.469351","26","327","9","96","","","United Kingdom","United Kingdom","Full-Time","English","English","United Kingdom","England","English","Male","No"
"62ab00195f5ebd9f0ec0e34c","5f9ac9de923dca223848cf19","RETURNED","2022-06-16 10:04:08.967000","","614872.575695","40","374","1","100","","","CONSENT REVOKED","CONSENT REVOKED","CONSENT REVOKED","CONSENT REVOKED","CONSENT REVOKED","CONSENT REVOKED","CONSENT REVOKED","CONSENT REVOKED","CONSENT REVOKED","CONSENT REVOKED"
"62ab0126b0e0b52d3c8627b0","5f72adea4576d21f8ac889a0","APPROVED","2022-06-16 10:08:40.903000","2022-06-16 10:20:18.802000","697.899","31","547","4","99","2022-06-23 12:51:28.695000","91442ADD","United Kingdom","United Kingdom","Full-Time","English","English","United Kingdom","England","English","Male","No"
"62ab014ab9c8a60a7580990d","5fa54c4e7593e723ffc5d65e","REJECTED","2022-06-16 10:09:14.513000","2022-06-16 11:01:20.404000","3125.891","49","310","4","99","2022-06-23 12:48:03.955000","91442ADD","United Kingdom","Czech Republic","Full-Time","English","English","United Kingdom","England","English","Male","No"
"62ab01e111c5519c8f3cb269","5f32acf70d30140009c0b9d9","APPROVED","2022-06-16 10:11:49.091000","2022-06-16 10:30:02.721000","1093.63","28","206","2","99","2022-06-23 12:51:26.971000","91442ADD","United Kingdom","United Kingdom","Unemployed (and job seeking)","English","English","United Kingdom","England","English","Female","No"
"62ab01f279428ee40d13654b","6294c2dbf7758205264a0ae9","REJECTED","2022-06-16 10:12:05.823000","2022-06-16 10:19:45.490000","459.667","31","38","2","97","2022-06-23 12:51:04.098000","91442ADD","United Kingdom","United Kingdom","Part-Time","English","English","United Kingdom","England","English","Female","No"
"62ab0216f48cc2a4107e2256","5acd8aea1667e40001d8cbf0","APPROVED","2022-06-16 10:12:42.554000","2022-06-16 10:23:38.518000","655.964","30","355","5","99","2022-06-23 12:51:25.012000","91442ADD","United Kingdom","United Kingdom","Full-Time","English","English","United Kingdom","Wales","English","Female","Yes"
"62ab02249525f812a5d6af65","5b6eca3c885b0b0001bb0b58","APPROVED","2022-06-16 10:13:00.015000","2022-06-16 10:30:14.926000","1034.911","26","555","1","100","2022-06-23 12:51:24.345000","91442ADD","United Kingdom","United Kingdom","Unemployed (and job seeking)","English","English","United Kingdom","England","English","Female","No"
"62ab02425f3f9ec831285ae6","6110f4896dea29a375c227a8","REJECTED","2022-06-16 10:13:23.319000","2022-06-16 10:26:04.689000","761.37","24","382","5","99","2022-06-23 12:49:39.432000","91442ADD","United Kingdom","United Kingdom","Part-Time","English","English","United Kingdom","Wales","English","Male","Yes"
"62ab0242f5a7832f580e2e24","5e1c5adeba913244d9ad02b7","APPROVED","2022-06-16 10:13:51.361000","2022-06-16 10:27:17.336000","805.975","28","299","0","100","2022-06-23 12:51:22.530000","91442ADD","United Kingdom","United Kingdom","Not in paid work (e.g. homemaker', 'retired or disabled)","English","English","United Kingdom","England","English","Female","No"
"62ab10bee4d34e6bcda20613","5f7f93d23baaf8161cd10edd","APPROVED","2022-06-16 11:15:10.017000","2022-06-16 11:21:18.578000","368.561","23","441","2","100","2022-06-23 12:51:21.261000","91442ADD","United Kingdom","Poland","Full-Time","English","English, German, Dutch, Norwegian","United Kingdom","England","English, Polish","Male","Yes"
"62b5e86539afa18f80ba2723","5b2118513522660001b49106","APPROVED","2022-06-24 16:38:00.543000","2022-06-24 16:50:05.691000","725.148","28","572","4","100","2022-06-24 17:38:21.050000","91442ADD","United Kingdom","United Kingdom","Not in paid work (e.g. homemaker', 'retired or disabled)","English","English","United Kingdom","England","English","Male","No"
"62b5ea930689fb8d046ead91","62b5d94d2f46838cf3c579d5","APPROVED","2022-06-24 16:47:20.657000","2022-06-24 17:01:59.222000","878.565","20","1","0","100","2022-06-24 17:37:57.249000","91442ADD","United Kingdom","United Kingdom","Unemployed (and job seeking)","English","English","United Kingdom","England","English","Male","Yes"
"62b5eaa1b744604f2e9e33a5","60e0691dedcac4e2e34214c4","RETURNED","2022-06-24 16:58:00.056000","","2447.239742","20","40","1","100","","","CONSENT REVOKED","CONSENT REVOKED","CONSENT REVOKED","CONSENT REVOKED","CONSENT REVOKED","CONSENT REVOKED","CONSENT REVOKED","CONSENT REVOKED","CONSENT REVOKED","CONSENT REVOKED"
"62b5ed398b3794a462c09298","5f2aa04952f67f2f20d13b0e","APPROVED","2022-06-24 16:58:40.402000","2022-06-24 17:12:31.749000","831.347","40","226","0","100","2022-06-24 17:37:27.428000","91442ADD","United Kingdom","United Kingdom","Part-Time","English","English","United Kingdom","England","English","Female","No"