"ID";"dataset";"text";"tokens";"label";"redirectUrl"
"15979921_gab";"HateXplain";"failed moslem terrorists do not get any virgins just arse raped for eternity by big dindu nuffins with bars of soap they only use for the occasion";"1- failed, 2- moslem, 3- terrorists, 4- do, 5- not, 6- get, 7- any, 8- virgins, 9- just, 10- arse, 11- raped, 12- for, 13- eternity, 14- by, 15- big, 16- dindu, 17- nuffins, 18- with, 19- bars, 20- of, 21- soap, 22- they, 23- only, 24- use, 25- for, 26- the, 27- occasion";"hatespeech targeting African";"https://app.prolific.co/submissions/complete?cc=91442ADD"
"25623636_gab";"HateXplain";"you degenerated kike fuck you stole the land from palestinians israel was never a country asshole";"1- you, 2- degenerated, 3- kike, 4- fuck, 5- you, 6- stole, 7- the, 8- land, 9- from, 10- palestinians, 11- israel, 12- was, 13- never, 14- a, 15- country, 16- asshole";"hatespeech targeting Jewish";"https://app.prolific.co/submissions/complete?cc=91442ADD"
"24465170_gab";"HateXplain";"so this pos gets a vote of no confidence from his deputies 🙄 🙄 frkn amazing even misappropriation of funds lest we forget the not enough money for school protection but let have classes to teach muzzies how to frkn shoot us unfuckingbelievable";"1- so, 2- this, 3- pos, 4- gets, 5- a, 6- vote, 7- of, 8- no, 9- confidence, 10- from, 11- his, 12- deputies, 13- 🙄, 14- 🙄, 15- frkn, 16- amazing, 17- even, 18- misappropriation, 19- of, 20- funds, 21- lest, 22- we, 23- forget, 24- the, 25- not, 26- enough, 27- money, 28- for, 29- school, 30- protection, 31- but, 32- let, 33- have, 34- classes, 35- to, 36- teach, 37- muzzies, 38- how, 39- to, 40- frkn, 41- shoot, 42- us, 43- unfuckingbelievable";"hatespeech targeting Islam";"https://app.prolific.co/submissions/complete?cc=91442ADD"
"2634434_gab";"HateXplain";"roof said the killing of trayvon martin was a turning point in his life martin a nigger criminal was killed by neighborhood watch volunteer george zimmerman in <number> zimmerman was acquitted in the shooting roof said he started researching black crime against whites on the internet";"1- roof, 2- said, 3- the, 4- killing, 5- of, 6- trayvon, 7- martin, 8- was, 9- a, 10- turning, 11- point, 12- in, 13- his, 14- life, 15- martin, 16- a, 17- nigger, 18- criminal, 19- was, 20- killed, 21- by, 22- neighborhood, 23- watch, 24- volunteer, 25- george, 26- zimmerman, 27- in, 28- <number>, 29- zimmerman, 30- was, 31- acquitted, 32- in, 33- the, 34- shooting, 35- roof, 36- said, 37- he, 38- started, 39- researching, 40- black, 41- crime, 42- against, 43- whites, 44- on, 45- the, 46- internet";"hatespeech targeting African";"https://app.prolific.co/submissions/complete?cc=91442ADD"
"22968073_gab";"HateXplain";"fuck splc and every filthy kike on planet earth";"1- fuck, 2- splc, 3- and, 4- every, 5- filthy, 6- kike, 7- on, 8- planet, 9- earth";"hatespeech targeting Jewish";"https://app.prolific.co/submissions/complete?cc=91442ADD"
"2476611_gab";"HateXplain";"<user> absolutely not i would never cast aspersions on their sick twisted perverted evil religion just call them wat they are raghead colostomy bags";"1- <user>, 2- absolutely, 3- not, 4- i, 5- would, 6- never, 7- cast, 8- aspersions, 9- on, 10- their, 11- sick, 12- twisted, 13- perverted, 14- evil, 15- religion, 16- just, 17- call, 18- them, 19- wat, 20- they, 21- are, 22- raghead, 23- colostomy, 24- bags";"hatespeech targeting Islam";"https://app.prolific.co/submissions/complete?cc=91442ADD"
"22730844_gab";"HateXplain";"new term when gettin pull over by cops do not make a stupid nigger move running reaching in pockets just talking back all white or black gets your shit in big doo doo lmfao 😉 🤗 🤗 🤗";"1- new, 2- term, 3- when, 4- gettin, 5- pull, 6- over, 7- by, 8- cops, 9- do, 10- not, 11- make, 12- a, 13- stupid, 14- nigger, 15- move, 16- running, 17- reaching, 18- in, 19- pockets, 20- just, 21- talking, 22- back, 23- all, 24- white, 25- or, 26- black, 27- gets, 28- your, 29- shit, 30- in, 31- big, 32- doo, 33- doo, 34- lmfao, 35- 😉, 36- 🤗, 37- 🤗, 38- 🤗";"hatespeech targeting African";"https://app.prolific.co/submissions/complete?cc=91442ADD"
"25464404_gab";"HateXplain";"could you even imagine how many crimes there are that these mexican invaders have covered up by the kike media i can not even begin to theoretically comprehend how bad it is";"1- could, 2- you, 3- even, 4- imagine, 5- how, 6- many, 7- crimes, 8- there, 9- are, 10- that, 11- these, 12- mexican, 13- invaders, 14- have, 15- covered, 16- up, 17- by, 18- the, 19- kike, 20- media, 21- i, 22- can, 23- not, 24- even, 25- begin, 26- to, 27- theoretically, 28- comprehend, 29- how, 30- bad, 31- it, 32- is";"hatespeech targeting Jewish";"https://app.prolific.co/submissions/complete?cc=91442ADD"
"24792732_gab";"HateXplain";"oh donny and i thouth we were engage to be married what a shame are you muslim do you realy can afford more then <number> wifey";"1- oh, 2- donny, 3- and, 4- i, 5- thouth, 6- we, 7- were, 8- engage, 9- to, 10- be, 11- married, 12- what, 13- a, 14- shame, 15- are, 16- you, 17- muslim, 18- do, 19- you, 20- realy, 21- can, 22- afford, 23- more, 24- then, 25- <number>, 26- wifey";"offensive targeting Islam";"https://app.prolific.co/submissions/complete?cc=91442ADD"
"16392501_gab";"HateXplain";"these guys r more interested in placating a mob than in free speech <user> kessler <number> c ville city council he stood up <number> white people called the shouters the anti white kk <happy> city council mbr he close <number> hate speech scattered sheboon outbursts w heavy ebonics downpour thru out";"1- these, 2- guys, 3- r, 4- more, 5- interested, 6- in, 7- placating, 8- a, 9- mob, 10- than, 11- in, 12- free, 13- speech, 14- <user>, 15- kessler, 16- <number>, 17- c, 18- ville, 19- city, 20- council, 21- he, 22- stood, 23- up, 24- <number>, 25- white, 26- people, 27- called, 28- the, 29- shouters, 30- the, 31- anti, 32- white, 33- kk, 34- <happy>, 35- city, 36- council, 37- mbr, 38- he, 39- close, 40- <number>, 41- hate, 42- speech, 43- scattered, 44- sheboon, 45- outbursts, 46- w, 47- heavy, 48- ebonics, 49- downpour, 50- thru, 51- out";"hatespeech targeting African";"https://app.prolific.co/submissions/complete?cc=91442ADD"
"18365890_gab";"HateXplain";"last time i checked it was the alt right that got trump in office kike do not act like you do not know that";"1- last, 2- time, 3- i, 4- checked, 5- it, 6- was, 7- the, 8- alt, 9- right, 10- that, 11- got, 12- trump, 13- in, 14- office, 15- kike, 16- do, 17- not, 18- act, 19- like, 20- you, 21- do, 22- not, 23- know, 24- that";"hatespeech targeting Jewish";"https://app.prolific.co/submissions/complete?cc=91442ADD"
"24803734_gab";"HateXplain";"it looks like they are slipping they used to wipe out way more muzzies then that";"1- it, 2- looks, 3- like, 4- they, 5- are, 6- slipping, 7- they, 8- used, 9- to, 10- wipe, 11- out, 12- way, 13- more, 14- muzzies, 15- then, 16- that";"hatespeech targeting Islam";"https://app.prolific.co/submissions/complete?cc=91442ADD"
"25382455_gab";"HateXplain";"a nigger smell like a cross between clorox an ammonia they be using bleach on a dish rag to clean themself";"1- a, 2- nigger, 3- smell, 4- like, 5- a, 6- cross, 7- between, 8- clorox, 9- an, 10- ammonia, 11- they, 12- be, 13- using, 14- bleach, 15- on, 16- a, 17- dish, 18- rag, 19- to, 20- clean, 21- themself";"hatespeech targeting African";"https://app.prolific.co/submissions/complete?cc=91442ADD"
"20084998_gab";"HateXplain";"i want to go back to school and get an education but i am poor and colleges are kike rip offs i am not satisfied with where i am in life and honestly have no clue where or how to start pushing forward";"1- i, 2- want, 3- to, 4- go, 5- back, 6- to, 7- school, 8- and, 9- get, 10- an, 11- education, 12- but, 13- i, 14- am, 15- poor, 16- and, 17- colleges, 18- are, 19- kike, 20- rip, 21- offs, 22- i, 23- am, 24- not, 25- satisfied, 26- with, 27- where, 28- i, 29- am, 30- in, 31- life, 32- and, 33- honestly, 34- have, 35- no, 36- clue, 37- where, 38- or, 39- how, 40- to, 41- start, 42- pushing, 43- forward";"hatespeech targeting Jewish";"https://app.prolific.co/submissions/complete?cc=91442ADD"
"24877353_gab";"HateXplain";"actual science proves a child brain is not developed asking a thirteen year to make a decision consenting to sex with an adult is pure deepstate catering to islam and pedophiles";"1- actual, 2- science, 3- proves, 4- a, 5- child, 6- brain, 7- is, 8- not, 9- developed, 10- asking, 11- a, 12- thirteen, 13- year, 14- to, 15- make, 16- a, 17- decision, 18- consenting, 19- to, 20- sex, 21- with, 22- an, 23- adult, 24- is, 25- pure, 26- deepstate, 27- catering, 28- to, 29- islam, 30- and, 31- pedophiles";"offensive targeting Islam";"https://app.prolific.co/submissions/complete?cc=91442ADD"
"12579712_gab";"HateXplain";"as it turns out the nigger felon league is no longer a tax exempt organization it gave up that status in <number>";"1- as, 2- it, 3- turns, 4- out, 5- the, 6- nigger, 7- felon, 8- league, 9- is, 10- no, 11- longer, 12- a, 13- tax, 14- exempt, 15- organization, 16- it, 17- gave, 18- up, 19- that, 20- status, 21- in, 22- <number>";"offensive targeting African";"https://app.prolific.co/submissions/complete?cc=91442ADD"
"6369122_gab";"HateXplain";"fuck off kike";"1- fuck, 2- off, 3- kike";"hatespeech targeting Jewish";"https://app.prolific.co/submissions/complete?cc=91442ADD"
"24946336_gab";"HateXplain";"yes it is the capitol on the smallest moon in the galaxy that orbits the largest planet owned by space muslims the universe is outraged the space jews appropriated this tiny muslim moon";"1- yes, 2- it, 3- is, 4- the, 5- capitol, 6- on, 7- the, 8- smallest, 9- moon, 10- in, 11- the, 12- galaxy, 13- that, 14- orbits, 15- the, 16- largest, 17- planet, 18- owned, 19- by, 20- space, 21- muslims, 22- the, 23- universe, 24- is, 25- outraged, 26- the, 27- space, 28- jews, 29- appropriated, 30- this, 31- tiny, 32- muslim, 33- moon";"offensive targeting Islam";"https://app.prolific.co/submissions/complete?cc=91442ADD"
"19134083_gab";"HateXplain";"you put the nigglet in a bag full of money and wait the father to stole the bag";"1- you, 2- put, 3- the, 4- nigglet, 5- in, 6- a, 7- bag, 8- full, 9- of, 10- money, 11- and, 12- wait, 13- the, 14- father, 15- to, 16- stole, 17- the, 18- bag";"hatespeech targeting African";"https://app.prolific.co/submissions/complete?cc=91442ADD"
"13013412_gab";"HateXplain";"only fools think any kike is on the side of whites that foes triple for jewfags";"1- only, 2- fools, 3- think, 4- any, 5- kike, 6- is, 7- on, 8- the, 9- side, 10- of, 11- whites, 12- that, 13- foes, 14- triple, 15- for, 16- jewfags";"hatespeech targeting Jewish";"https://app.prolific.co/submissions/complete?cc=91442ADD"
"24947628_gab";"HateXplain";"the cops will investigate this bacon attack but do not have the resources to investigate young girls being raped by fucking mudslimes time for a revolution time to hang the traitors in the public square";"1- the, 2- cops, 3- will, 4- investigate, 5- this, 6- bacon, 7- attack, 8- but, 9- do, 10- not, 11- have, 12- the, 13- resources, 14- to, 15- investigate, 16- young, 17- girls, 18- being, 19- raped, 20- by, 21- fucking, 22- mudslimes, 23- time, 24- for, 25- a, 26- revolution, 27- time, 28- to, 29- hang, 30- the, 31- traitors, 32- in, 33- the, 34- public, 35- square";"hatespeech targeting Islam";"https://app.prolific.co/submissions/complete?cc=91442ADD"
"5019945_gab";"HateXplain";"omg u guys check out tmz madonna just bought <number> new little niggers an theyr blacker than an ink stain at night 😹 😹 😹 thhe niglets look like shaved retarded baby monkeys 😹 😹 😹 im laughing so hard im gonna pee 😹 😹 😹";"1- omg, 2- u, 3- guys, 4- check, 5- out, 6- tmz, 7- madonna, 8- just, 9- bought, 10- <number>, 11- new, 12- little, 13- niggers, 14- an, 15- theyr, 16- blacker, 17- than, 18- an, 19- ink, 20- stain, 21- at, 22- night, 23- 😹, 24- 😹, 25- 😹, 26- thhe, 27- niglets, 28- look, 29- like, 30- shaved, 31- retarded, 32- baby, 33- monkeys, 34- 😹, 35- 😹, 36- 😹, 37- im, 38- laughing, 39- so, 40- hard, 41- im, 42- gonna, 43- pee, 44- 😹, 45- 😹, 46- 😹";"hatespeech targeting African";"https://app.prolific.co/submissions/complete?cc=91442ADD"
"10750547_gab";"HateXplain";"adl kikes team with jewoogle and all right wing sites get attacked or shut down this will not stop us it will only make us stronger and bring more attention to you kike terrorist free dailystormer";"1- adl, 2- kikes, 3- team, 4- with, 5- jewoogle, 6- and, 7- all, 8- right, 9- wing, 10- sites, 11- get, 12- attacked, 13- or, 14- shut, 15- down, 16- this, 17- will, 18- not, 19- stop, 20- us, 21- it, 22- will, 23- only, 24- make, 25- us, 26- stronger, 27- and, 28- bring, 29- more, 30- attention, 31- to, 32- you, 33- kike, 34- terrorist, 35- free, 36- dailystormer";"hatespeech targeting Jewish";"https://app.prolific.co/submissions/complete?cc=91442ADD"
"24968793_gab";"HateXplain";"if a pic can be shown send in the drone the cancer of islam needs to be eradicated not enabled ww2 vets are rolling in their graves";"1- if, 2- a, 3- pic, 4- can, 5- be, 6- shown, 7- send, 8- in, 9- the, 10- drone, 11- the, 12- cancer, 13- of, 14- islam, 15- needs, 16- to, 17- be, 18- eradicated, 19- not, 20- enabled, 21- ww2, 22- vets, 23- are, 24- rolling, 25- in, 26- their, 27- graves";"hatespeech targeting Islam";"https://app.prolific.co/submissions/complete?cc=91442ADD"
"19607225_gab";"HateXplain";"when i see a nigger bich i do not see a woman i see a turd wit a brillohaid";"1- when, 2- i, 3- see, 4- a, 5- nigger, 6- bich, 7- i, 8- do, 9- not, 10- see, 11- a, 12- woman, 13- i, 14- see, 15- a, 16- turd, 17- wit, 18- a, 19- brillohaid";"hatespeech targeting African";"https://app.prolific.co/submissions/complete?cc=91442ADD"
"20617485_gab";"HateXplain";"<number> announcement that fucking kike drudge just gave me the biggest blue balls";"1- <number>, 2- announcement, 3- that, 4- fucking, 5- kike, 6- drudge, 7- just, 8- gave, 9- me, 10- the, 11- biggest, 12- blue, 13- balls";"hatespeech targeting Jewish";"https://app.prolific.co/submissions/complete?cc=91442ADD"
"24976382_gab";"HateXplain";"the funniest thing about the koran bit from the latest handmaids tale is that the political movement most likely to make women wear funny clothes and exist only in the home for breeding is islam but in the mind of the lefty victimhood addicts islam is also oppressed";"1- the, 2- funniest, 3- thing, 4- about, 5- the, 6- koran, 7- bit, 8- from, 9- the, 10- latest, 11- handmaids, 12- tale, 13- is, 14- that, 15- the, 16- political, 17- movement, 18- most, 19- likely, 20- to, 21- make, 22- women, 23- wear, 24- funny, 25- clothes, 26- and, 27- exist, 28- only, 29- in, 30- the, 31- home, 32- for, 33- breeding, 34- is, 35- islam, 36- but, 37- in, 38- the, 39- mind, 40- of, 41- the, 42- lefty, 43- victimhood, 44- addicts, 45- islam, 46- is, 47- also, 48- oppressed";"offensive targeting Islam";"https://app.prolific.co/submissions/complete?cc=91442ADD"
"22808220_gab";"HateXplain";"pop these niggers like a nigger nigger you are a nigger nigger";"1- pop, 2- these, 3- niggers, 4- like, 5- a, 6- nigger, 7- nigger, 8- you, 9- are, 10- a, 11- nigger, 12- nigger";"hatespeech targeting African";"https://app.prolific.co/submissions/complete?cc=91442ADD"
"23459624_gab";"HateXplain";"except he a kike so why do we have to listen to his opinion do not we have enough of them bossing us";"1- except, 2- he, 3- a, 4- kike, 5- so, 6- why, 7- do, 8- we, 9- have, 10- to, 11- listen, 12- to, 13- his, 14- opinion, 15- do, 16- not, 17- we, 18- have, 19- enough, 20- of, 21- them, 22- bossing, 23- us";"hatespeech targeting Jewish";"https://app.prolific.co/submissions/complete?cc=91442ADD"
"attention_40";"attention check sentences (HateXplain targeting)";"that goddamn diaper head stole my car man";"1- that, 2- goddamn, 3- diaper, 4- head, 5- stole, 6- my, 7- car, 8- man";"offensive";"https://app.prolific.co/submissions/complete?cc=91442ADD"