"ID";"dataset";"text";"tokens";"label";"redirectUrl"
"26092928_gab";"HateXplain";"i answered your question now answer mine are rabbis who suck baby penis pedophiles are you too chicken shit to answer a simple question i think you are it a kike thing";"1- i, 2- answered, 3- your, 4- question, 5- now, 6- answer, 7- mine, 8- are, 9- rabbis, 10- who, 11- suck, 12- baby, 13- penis, 14- pedophiles, 15- are, 16- you, 17- too, 18- chicken, 19- shit, 20- to, 21- answer, 22- a, 23- simple, 24- question, 25- i, 26- think, 27- you, 28- are, 29- it, 30- a, 31- kike, 32- thing";"hatespeech targeting Jewish";"https://app.prolific.co/submissions/complete?cc=91442ADD"
"18859801_gab";"HateXplain";"more than <number> french towns battle floodwaters as river seine is set to reach peak tonight closing roads and schools and evacuating hospitals in underwater paris hey maybe they can permanently evacuate gillions of invading barbarian muslimes <user>";"1- more, 2- than, 3- <number>, 4- french, 5- towns, 6- battle, 7- floodwaters, 8- as, 9- river, 10- seine, 11- is, 12- set, 13- to, 14- reach, 15- peak, 16- tonight, 17- closing, 18- roads, 19- and, 20- schools, 21- and, 22- evacuating, 23- hospitals, 24- in, 25- underwater, 26- paris, 27- hey, 28- maybe, 29- they, 30- can, 31- permanently, 32- evacuate, 33- gillions, 34- of, 35- invading, 36- barbarian, 37- muslimes, 38- <user>";"hatespeech targeting Islam";"https://app.prolific.co/submissions/complete?cc=91442ADD"
"26277753_gab";"HateXplain";"not that they should be identifying with that trash at all but white people should say whatever words they want fuck niggers and their jew record labels this white people can not say nigger but we can thing is just more hook nosed bullshit";"1- not, 2- that, 3- they, 4- should, 5- be, 6- identifying, 7- with, 8- that, 9- trash, 10- at, 11- all, 12- but, 13- white, 14- people, 15- should, 16- say, 17- whatever, 18- words, 19- they, 20- want, 21- fuck, 22- niggers, 23- and, 24- their, 25- jew, 26- record, 27- labels, 28- this, 29- white, 30- people, 31- can, 32- not, 33- say, 34- nigger, 35- but, 36- we, 37- can, 38- thing, 39- is, 40- just, 41- more, 42- hook, 43- nosed, 44- bullshit";"hatespeech targeting African";"https://app.prolific.co/submissions/complete?cc=91442ADD"
"16289676_gab";"HateXplain";"the term you are looking for is jew libtard neocohen or any other faction of kike it all comes to the same thing";"1- the, 2- term, 3- you, 4- are, 5- looking, 6- for, 7- is, 8- jew, 9- libtard, 10- neocohen, 11- or, 12- any, 13- other, 14- faction, 15- of, 16- kike, 17- it, 18- all, 19- comes, 20- to, 21- the, 22- same, 23- thing";"hatespeech targeting Jewish";"https://app.prolific.co/submissions/complete?cc=91442ADD"
"15212893_gab";"HateXplain";"it is deeply sad times to be a white european loving your continent culture both are being handed over to savages moslem invaders and you have to be on your knee loving respecting them 😡";"1- it, 2- is, 3- deeply, 4- sad, 5- times, 6- to, 7- be, 8- a, 9- white, 10- european, 11- loving, 12- your, 13- continent, 14- culture, 15- both, 16- are, 17- being, 18- handed, 19- over, 20- to, 21- savages, 22- moslem, 23- invaders, 24- and, 25- you, 26- have, 27- to, 28- be, 29- on, 30- your, 31- knee, 32- loving, 33- respecting, 34- them, 35- 😡";"hatespeech targeting Islam";"https://app.prolific.co/submissions/complete?cc=91442ADD"
"25240113_gab";"HateXplain";"what a <number> faced nigger run state you go to jail for running over a fucking turtle in md";"1- what, 2- a, 3- <number>, 4- faced, 5- nigger, 6- run, 7- state, 8- you, 9- go, 10- to, 11- jail, 12- for, 13- running, 14- over, 15- a, 16- fucking, 17- turtle, 18- in, 19- md";"hatespeech targeting African";"https://app.prolific.co/submissions/complete?cc=91442ADD"
"2372101_gab";"HateXplain";"cuckservative media calls trump a liberal liberal kike media calls him far right tired of these deceitful cocksuckers";"1- cuckservative, 2- media, 3- calls, 4- trump, 5- a, 6- liberal, 7- liberal, 8- kike, 9- media, 10- calls, 11- him, 12- far, 13- right, 14- tired, 15- of, 16- these, 17- deceitful, 18- cocksuckers";"hatespeech targeting Jewish";"https://app.prolific.co/submissions/complete?cc=91442ADD"
"10398470_gab";"HateXplain";"what i dont understand is why potus is still on twitte he has the pwoer to crush them if he gets off onto gab twitter banned me for life bcause i fought w a muzzie who wanted to kill trump shes still on i bet";"1- what, 2- i, 3- dont, 4- understand, 5- is, 6- why, 7- potus, 8- is, 9- still, 10- on, 11- twitte, 12- he, 13- has, 14- the, 15- pwoer, 16- to, 17- crush, 18- them, 19- if, 20- he, 21- gets, 22- off, 23- onto, 24- gab, 25- twitter, 26- banned, 27- me, 28- for, 29- life, 30- bcause, 31- i, 32- fought, 33- w, 34- a, 35- muzzie, 36- who, 37- wanted, 38- to, 39- kill, 40- trump, 41- shes, 42- still, 43- on, 44- i, 45- bet";"hatespeech targeting Islam";"https://app.prolific.co/submissions/complete?cc=91442ADD"
"15762578_gab";"HateXplain";"once again what the fuck are you babbling about no wonder you have such an abysmal post to score ratio you are a blithering nigger with a sub <number> iq and a sub <number> word vocabulary you should change your name to obamasucksatgab you worthless yid loving mooncricket";"1- once, 2- again, 3- what, 4- the, 5- fuck, 6- are, 7- you, 8- babbling, 9- about, 10- no, 11- wonder, 12- you, 13- have, 14- such, 15- an, 16- abysmal, 17- post, 18- to, 19- score, 20- ratio, 21- you, 22- are, 23- a, 24- blithering, 25- nigger, 26- with, 27- a, 28- sub, 29- <number>, 30- iq, 31- and, 32- a, 33- sub, 34- <number>, 35- word, 36- vocabulary, 37- you, 38- should, 39- change, 40- your, 41- name, 42- to, 43- obamasucksatgab, 44- you, 45- worthless, 46- yid, 47- loving, 48- mooncricket";"hatespeech targeting African";"https://app.prolific.co/submissions/complete?cc=91442ADD"
"26096641_gab";"HateXplain";"i am a kike i thought i would be powerful and control the world and shit nah fam";"1- i, 2- am, 3- a, 4- kike, 5- i, 6- thought, 7- i, 8- would, 9- be, 10- powerful, 11- and, 12- control, 13- the, 14- world, 15- and, 16- shit, 17- nah, 18- fam";"hatespeech targeting Jewish";"https://app.prolific.co/submissions/complete?cc=91442ADD"
"12391649_gab";"HateXplain";"too bad it your rinos like christie who are importing muzzies into their states you keep pretending there no muzzi problem in michigan and minneapolis";"1- too, 2- bad, 3- it, 4- your, 5- rinos, 6- like, 7- christie, 8- who, 9- are, 10- importing, 11- muzzies, 12- into, 13- their, 14- states, 15- you, 16- keep, 17- pretending, 18- there, 19- no, 20- muzzi, 21- problem, 22- in, 23- michigan, 24- and, 25- minneapolis";"hatespeech targeting Islam";"https://app.prolific.co/submissions/complete?cc=91442ADD"
"16457957_gab";"HateXplain";"no nigger in this blood stream";"1- no, 2- nigger, 3- in, 4- this, 5- blood, 6- stream";"hatespeech targeting African";"https://app.prolific.co/submissions/complete?cc=91442ADD"
"16968190_gab";"HateXplain";"america will become a neo brazil if the right retreats into the ghettoes of explicit ethnonationalist advocacy retreats into the ghettoes of explicit ethnonationalist advocacy this kike is pro ask ricky tkr";"1- america, 2- will, 3- become, 4- a, 5- neo, 6- brazil, 7- if, 8- the, 9- right, 10- retreats, 11- into, 12- the, 13- ghettoes, 14- of, 15- explicit, 16- ethnonationalist, 17- advocacy, 18- retreats, 19- into, 20- the, 21- ghettoes, 22- of, 23- explicit, 24- ethnonationalist, 25- advocacy, 26- this, 27- kike, 28- is, 29- pro, 30- ask, 31- ricky, 32- tkr";"hatespeech targeting Jewish";"https://app.prolific.co/submissions/complete?cc=91442ADD"
"13047672_gab";"HateXplain";"dubai is moslem country the dude is being charged with consumption of alcohol aside from the other charges that does not even make sense if alcohol is banned there because it haram why are there bars that serve it moslems just being nuissances";"1- dubai, 2- is, 3- moslem, 4- country, 5- the, 6- dude, 7- is, 8- being, 9- charged, 10- with, 11- consumption, 12- of, 13- alcohol, 14- aside, 15- from, 16- the, 17- other, 18- charges, 19- that, 20- does, 21- not, 22- even, 23- make, 24- sense, 25- if, 26- alcohol, 27- is, 28- banned, 29- there, 30- because, 31- it, 32- haram, 33- why, 34- are, 35- there, 36- bars, 37- that, 38- serve, 39- it, 40- moslems, 41- just, 42- being, 43- nuissances";"hatespeech targeting Islam";"https://app.prolific.co/submissions/complete?cc=91442ADD"
"27555666_gab";"HateXplain";"one nigger baby at a time 😁";"1- one, 2- nigger, 3- baby, 4- at, 5- a, 6- time, 7- 😁";"hatespeech targeting African";"https://app.prolific.co/submissions/complete?cc=91442ADD"
"23904525_gab";"HateXplain";"not very likely russia cannot be forced to bend by some ridiculous sanctions us will be flattened before russia looses one devision your leftards will kill us and joos do the rest next us potus bibi netanjahu kcu kike in chief of usrael";"1- not, 2- very, 3- likely, 4- russia, 5- cannot, 6- be, 7- forced, 8- to, 9- bend, 10- by, 11- some, 12- ridiculous, 13- sanctions, 14- us, 15- will, 16- be, 17- flattened, 18- before, 19- russia, 20- looses, 21- one, 22- devision, 23- your, 24- leftards, 25- will, 26- kill, 27- us, 28- and, 29- joos, 30- do, 31- the, 32- rest, 33- next, 34- us, 35- potus, 36- bibi, 37- netanjahu, 38- kcu, 39- kike, 40- in, 41- chief, 42- of, 43- usrael";"offensive targeting Jewish";"https://app.prolific.co/submissions/complete?cc=91442ADD"
"16460769_gab";"HateXplain";"they absolutely do everyone used to believe sweden was the best place in eu to go but there is not anywhere there you could pay me enough to go visit much less live most esp bc of the mudslimes socialism";"1- they, 2- absolutely, 3- do, 4- everyone, 5- used, 6- to, 7- believe, 8- sweden, 9- was, 10- the, 11- best, 12- place, 13- in, 14- eu, 15- to, 16- go, 17- but, 18- there, 19- is, 20- not, 21- anywhere, 22- there, 23- you, 24- could, 25- pay, 26- me, 27- enough, 28- to, 29- go, 30- visit, 31- much, 32- less, 33- live, 34- most, 35- esp, 36- bc, 37- of, 38- the, 39- mudslimes, 40- socialism";"hatespeech targeting Islam";"https://app.prolific.co/submissions/complete?cc=91442ADD"
"25197096_gab";"HateXplain";"operation nigger cull in london has dramatically improved following the distribution of firearms within local tribes";"1- operation, 2- nigger, 3- cull, 4- in, 5- london, 6- has, 7- dramatically, 8- improved, 9- following, 10- the, 11- distribution, 12- of, 13- firearms, 14- within, 15- local, 16- tribes";"hatespeech targeting African";"https://app.prolific.co/submissions/complete?cc=91442ADD"
"11140888_gab";"HateXplain";"he said kike";"1- he, 2- said, 3- kike";"hatespeech targeting Jewish";"https://app.prolific.co/submissions/complete?cc=91442ADD"
"7512357_gab";"HateXplain";"there is a way to stop these muzzies from raping our girls and we have to do it for da keeds a government funded program that will fix this problem once and for all midnight basketball hoop hangings";"1- there, 2- is, 3- a, 4- way, 5- to, 6- stop, 7- these, 8- muzzies, 9- from, 10- raping, 11- our, 12- girls, 13- and, 14- we, 15- have, 16- to, 17- do, 18- it, 19- for, 20- da, 21- keeds, 22- a, 23- government, 24- funded, 25- program, 26- that, 27- will, 28- fix, 29- this, 30- problem, 31- once, 32- and, 33- for, 34- all, 35- midnight, 36- basketball, 37- hoop, 38- hangings";"hatespeech targeting Islam";"https://app.prolific.co/submissions/complete?cc=91442ADD"
"26820627_gab";"HateXplain";"a kike kissing a nigger seems right kikes keep them as pets";"1- a, 2- kike, 3- kissing, 4- a, 5- nigger, 6- seems, 7- right, 8- kikes, 9- keep, 10- them, 11- as, 12- pets";"hatespeech targeting African";"https://app.prolific.co/submissions/complete?cc=91442ADD"
"27275815_gab";"HateXplain";"if that kike is whining and bitching i say make trump emperor for life";"1- if, 2- that, 3- kike, 4- is, 5- whining, 6- and, 7- bitching, 8- i, 9- say, 10- make, 11- trump, 12- emperor, 13- for, 14- life";"hatespeech targeting Jewish";"https://app.prolific.co/submissions/complete?cc=91442ADD"
"17129669_gab";"HateXplain";"happy new year all you guys be safe over there across the pond knee cap a few muzzies for the yanks";"1- happy, 2- new, 3- year, 4- all, 5- you, 6- guys, 7- be, 8- safe, 9- over, 10- there, 11- across, 12- the, 13- pond, 14- knee, 15- cap, 16- a, 17- few, 18- muzzies, 19- for, 20- the, 21- yanks";"hatespeech targeting Islam";"https://app.prolific.co/submissions/complete?cc=91442ADD"
"12518823_gab";"HateXplain";"ffs lmfao got me again twitter is pathetic shit bastard nigger lovers";"1- ffs, 2- lmfao, 3- got, 4- me, 5- again, 6- twitter, 7- is, 8- pathetic, 9- shit, 10- bastard, 11- nigger, 12- lovers";"hatespeech targeting African";"https://app.prolific.co/submissions/complete?cc=91442ADD"
"5747853_gab";"HateXplain";"the worst part of this sessions fake news is that it retards the real momentum trump had after his speech media kike attacks are coordinated";"1- the, 2- worst, 3- part, 4- of, 5- this, 6- sessions, 7- fake, 8- news, 9- is, 10- that, 11- it, 12- retards, 13- the, 14- real, 15- momentum, 16- trump, 17- had, 18- after, 19- his, 20- speech, 21- media, 22- kike, 23- attacks, 24- are, 25- coordinated";"hatespeech targeting Jewish";"https://app.prolific.co/submissions/complete?cc=91442ADD"
"19612534_gab";"HateXplain";"but whites are not as perverse as fucking moslem inbreed shite";"1- but, 2- whites, 3- are, 4- not, 5- as, 6- perverse, 7- as, 8- fucking, 9- moslem, 10- inbreed, 11- shite";"hatespeech targeting Islam";"https://app.prolific.co/submissions/complete?cc=91442ADD"
"19746031_gab";"HateXplain";"she lying she does not wish to get attacked by jealous nigger bitches white women are not popular with black women";"1- she, 2- lying, 3- she, 4- does, 5- not, 6- wish, 7- to, 8- get, 9- attacked, 10- by, 11- jealous, 12- nigger, 13- bitches, 14- white, 15- women, 16- are, 17- not, 18- popular, 19- with, 20- black, 21- women";"hatespeech targeting African";"https://app.prolific.co/submissions/complete?cc=91442ADD"
"14891840_gab";"HateXplain";"i hate to be the bringer of bad news but his real name is mark shouldice and he just another shapeshifting kike e merch chasing shekels look that name up";"1- i, 2- hate, 3- to, 4- be, 5- the, 6- bringer, 7- of, 8- bad, 9- news, 10- but, 11- his, 12- real, 13- name, 14- is, 15- mark, 16- shouldice, 17- and, 18- he, 19- just, 20- another, 21- shapeshifting, 22- kike, 23- e, 24- merch, 25- chasing, 26- shekels, 27- look, 28- that, 29- name, 30- up";"hatespeech targeting Jewish";"https://app.prolific.co/submissions/complete?cc=91442ADD"
"8257903_gab";"HateXplain";"they were mad because they d prefer a moslem man raping a dutch pig goat or sheep";"1- they, 2- were, 3- mad, 4- because, 5- they, 6- d, 7- prefer, 8- a, 9- moslem, 10- man, 11- raping, 12- a, 13- dutch, 14- pig, 15- goat, 16- or, 17- sheep";"hatespeech targeting Islam";"https://app.prolific.co/submissions/complete?cc=91442ADD"
"attention_28";"attention check sentences (HateXplain targeting)";"gurjeet thought he was a badass black gangster with his brand new lakers jersey and chevy impala until he was pulled over after a high school party by cops for a dui";"1- gurjeet, 2- thought, 3- he, 4- was, 5- a, 6- badass, 7- black, 8- gangster, 9- with, 10- his, 11- brand, 12- new, 13- lakers, 14- jersey, 15- and, 16- chevy, 17- impala, 18- until, 19- he, 20- was, 21- pulled, 22- over, 23- after, 24- a, 25- high, 26- school, 27- party, 28- by, 29- cops, 30- for, 31- a, 32- dui";"offensive";"https://app.prolific.co/submissions/complete?cc=91442ADD"