"ID";"dataset";"text";"tokens";"label";"redirectUrl"
"1179102889446379520_twitter";"HateXplain";"thieving little junkie slut eastenders";"1- thieving, 2- little, 3- junkie, 4- slut, 5- eastenders";"offensive targeting Women";"https://app.prolific.co/submissions/complete?cc=91442ADD"
"14252363_gab";"HateXplain";"<user> i want to punch trudeau then those muslimes";"1- <user>, 2- i, 3- want, 4- to, 5- punch, 6- trudeau, 7- then, 8- those, 9- muslimes";"hatespeech targeting Islam";"https://app.prolific.co/submissions/complete?cc=91442ADD"
"11879945_gab";"HateXplain";"the ancient cliche what good for the goose is good for the gander comes to mind i d love to see that arrogant sand nigger dangling by his skinny neck from a lamp post but no one in the uk has the balls to do it";"1- the, 2- ancient, 3- cliche, 4- what, 5- good, 6- for, 7- the, 8- goose, 9- is, 10- good, 11- for, 12- the, 13- gander, 14- comes, 15- to, 16- mind, 17- i, 18- d, 19- love, 20- to, 21- see, 22- that, 23- arrogant, 24- sand, 25- nigger, 26- dangling, 27- by, 28- his, 29- skinny, 30- neck, 31- from, 32- a, 33- lamp, 34- post, 35- but, 36- no, 37- one, 38- in, 39- the, 40- uk, 41- has, 42- the, 43- balls, 44- to, 45- do, 46- it";"hatespeech targeting Arab";"https://app.prolific.co/submissions/complete?cc=91442ADD"
"1246699062335655936_twitter";"HateXplain";"the singularity already happened retard where do you think you even came from";"1- the, 2- singularity, 3- already, 4- happened, 5- retard, 6- where, 7- do, 8- you, 9- think, 10- you, 11- even, 12- came, 13- from";"offensive targeting Other";"https://app.prolific.co/submissions/complete?cc=91442ADD"
"24734811_gab";"HateXplain";"they do not mention using the nasal spray on murderous immigrants the apparent goal is to drug only white europeans into mindless subservience";"1- they, 2- do, 3- not, 4- mention, 5- using, 6- the, 7- nasal, 8- spray, 9- on, 10- murderous, 11- immigrants, 12- the, 13- apparent, 14- goal, 15- is, 16- to, 17- drug, 18- only, 19- white, 20- europeans, 21- into, 22- mindless, 23- subservience";"hatespeech targeting Refugee";"https://app.prolific.co/submissions/complete?cc=91442ADD"
"5581411_gab";"HateXplain";"apparently honorary whiteness is minorities who look white this would include asians";"1- apparently, 2- honorary, 3- whiteness, 4- is, 5- minorities, 6- who, 7- look, 8- white, 9- this, 10- would, 11- include, 12- asians";"offensive targeting Asian";"https://app.prolific.co/submissions/complete?cc=91442ADD"
"17536576_gab";"HateXplain";"oprah is an affirmative action piece of shit fat ass nigger bitch";"1- oprah, 2- is, 3- an, 4- affirmative, 5- action, 6- piece, 7- of, 8- shit, 9- fat, 10- ass, 11- nigger, 12- bitch";"hatespeech targeting African";"https://app.prolific.co/submissions/complete?cc=91442ADD"
"20705631_gab";"HateXplain";"better to kill the kike first";"1- better, 2- to, 3- kill, 4- the, 5- kike, 6- first";"hatespeech targeting Jewish";"https://app.prolific.co/submissions/complete?cc=91442ADD"
"1089457960810696705_twitter";"HateXplain";"you hoes ain t wassup nomo";"1- you, 2- hoes, 3- ain, 4- t, 5- wassup, 6- nomo";"offensive targeting Women";"https://app.prolific.co/submissions/complete?cc=91442ADD"
"8621354_gab";"HateXplain";"christians are commanded to come out and be separate muzzies and christians cannot co exist as muzzies just want to kill everybody all the time so somebody has got to go";"1- christians, 2- are, 3- commanded, 4- to, 5- come, 6- out, 7- and, 8- be, 9- separate, 10- muzzies, 11- and, 12- christians, 13- cannot, 14- co, 15- exist, 16- as, 17- muzzies, 18- just, 19- want, 20- to, 21- kill, 22- everybody, 23- all, 24- the, 25- time, 26- so, 27- somebody, 28- has, 29- got, 30- to, 31- go";"hatespeech targeting Islam";"https://app.prolific.co/submissions/complete?cc=91442ADD"
"10818014_gab";"HateXplain";"i take some consolation in the fact that the pigsraelis will get rid of that palestinian sand nigger sarsour the moment she is no longer of any value to them";"1- i, 2- take, 3- some, 4- consolation, 5- in, 6- the, 7- fact, 8- that, 9- the, 10- pigsraelis, 11- will, 12- get, 13- rid, 14- of, 15- that, 16- palestinian, 17- sand, 18- nigger, 19- sarsour, 20- the, 21- moment, 22- she, 23- is, 24- no, 25- longer, 26- of, 27- any, 28- value, 29- to, 30- them";"hatespeech targeting Arab";"https://app.prolific.co/submissions/complete?cc=91442ADD"
"1251820777273389058_twitter";"HateXplain";"now she ’ being a fucking nazi terrorist and i ’ m a republican communist or something";"1- now, 2- she, 3- ’, 4- being, 5- a, 6- fucking, 7- nazi, 8- terrorist, 9- and, 10- i, 11- ’, 12- m, 13- a, 14- republican, 15- communist, 16- or, 17- something";"offensive targeting Other";"https://app.prolific.co/submissions/complete?cc=91442ADD"
"24779984_gab";"HateXplain";"sometimes i wish white people were not so civilized and we could just massacre these invaders like they would and will most certainly do to us";"1- sometimes, 2- i, 3- wish, 4- white, 5- people, 6- were, 7- not, 8- so, 9- civilized, 10- and, 11- we, 12- could, 13- just, 14- massacre, 15- these, 16- invaders, 17- like, 18- they, 19- would, 20- and, 21- will, 22- most, 23- certainly, 24- do, 25- to, 26- us";"offensive targeting Refugee";"https://app.prolific.co/submissions/complete?cc=91442ADD"
"5822752_gab";"HateXplain";"objectively east asians are an upgrade intelligence and the mixes are frequently stunning look at kristin kreuk dutch chinese and hybrid vigor is a thing";"1- objectively, 2- east, 3- asians, 4- are, 5- an, 6- upgrade, 7- intelligence, 8- and, 9- the, 10- mixes, 11- are, 12- frequently, 13- stunning, 14- look, 15- at, 16- kristin, 17- kreuk, 18- dutch, 19- chinese, 20- and, 21- hybrid, 22- vigor, 23- is, 24- a, 25- thing";"offensive targeting Asian";"https://app.prolific.co/submissions/complete?cc=91442ADD"
"7603245_gab";"HateXplain";"since jews have tried to exterminate white it seems only right that every single jewish girl have a nigger for her first night those who say they are jews and are not but do lie and are the synagogue of satan";"1- since, 2- jews, 3- have, 4- tried, 5- to, 6- exterminate, 7- white, 8- it, 9- seems, 10- only, 11- right, 12- that, 13- every, 14- single, 15- jewish, 16- girl, 17- have, 18- a, 19- nigger, 20- for, 21- her, 22- first, 23- night, 24- those, 25- who, 26- say, 27- they, 28- are, 29- jews, 30- and, 31- are, 32- not, 33- but, 34- do, 35- lie, 36- and, 37- are, 38- the, 39- synagogue, 40- of, 41- satan";"hatespeech targeting African";"https://app.prolific.co/submissions/complete?cc=91442ADD"
"14357997_gab";"HateXplain";"shalom aussie goyim my name is gladys berejiklian i call myself an armenian but in fact i am a ratfaced kike looking to implement communism in your country do you like my gallah beak";"1- shalom, 2- aussie, 3- goyim, 4- my, 5- name, 6- is, 7- gladys, 8- berejiklian, 9- i, 10- call, 11- myself, 12- an, 13- armenian, 14- but, 15- in, 16- fact, 17- i, 18- am, 19- a, 20- ratfaced, 21- kike, 22- looking, 23- to, 24- implement, 25- communism, 26- in, 27- your, 28- country, 29- do, 30- you, 31- like, 32- my, 33- gallah, 34- beak";"hatespeech targeting Jewish";"https://app.prolific.co/submissions/complete?cc=91442ADD"
"1087558410856525829_twitter";"HateXplain";"first of all changkyun has dumb bitch energy and thotty bitch energy";"1- first, 2- of, 3- all, 4- changkyun, 5- has, 6- dumb, 7- bitch, 8- energy, 9- and, 10- thotty, 11- bitch, 12- energy";"offensive targeting Women";"https://app.prolific.co/submissions/complete?cc=91442ADD"
"11989691_gab";"HateXplain";"while leftie morons suck fascist moslem cock oh the irony of such hypocrites";"1- while, 2- leftie, 3- morons, 4- suck, 5- fascist, 6- moslem, 7- cock, 8- oh, 9- the, 10- irony, 11- of, 12- such, 13- hypocrites";"hatespeech targeting Islam";"https://app.prolific.co/submissions/complete?cc=91442ADD"
"21609726_gab";"HateXplain";"dear daily beast and your sand nigger article writers if getting chummy with farrakhan causes no repercussions pompeo can hang out with anyone he chooses to f liberal double standards 🖕 🏻 🖕 🏻 🖕 🏻 🖕 🏻 🖕 🏻 🖕 🏻";"1- dear, 2- daily, 3- beast, 4- and, 5- your, 6- sand, 7- nigger, 8- article, 9- writers, 10- if, 11- getting, 12- chummy, 13- with, 14- farrakhan, 15- causes, 16- no, 17- repercussions, 18- pompeo, 19- can, 20- hang, 21- out, 22- with, 23- anyone, 24- he, 25- chooses, 26- to, 27- f, 28- liberal, 29- double, 30- standards, 31- 🖕, 32- 🏻, 33- 🖕, 34- 🏻, 35- 🖕, 36- 🏻, 37- 🖕, 38- 🏻, 39- 🖕, 40- 🏻, 41- 🖕, 42- 🏻";"hatespeech targeting Arab";"https://app.prolific.co/submissions/complete?cc=91442ADD"
"21607331_gab";"HateXplain";"be boomer grow up when access to information is heavily controlled along comes internet age have the world at your finger tips believe things even more retarded than when info was controlled";"1- be, 2- boomer, 3- grow, 4- up, 5- when, 6- access, 7- to, 8- information, 9- is, 10- heavily, 11- controlled, 12- along, 13- comes, 14- internet, 15- age, 16- have, 17- the, 18- world, 19- at, 20- your, 21- finger, 22- tips, 23- believe, 24- things, 25- even, 26- more, 27- retarded, 28- than, 29- when, 30- info, 31- was, 32- controlled";"offensive targeting Other";"https://app.prolific.co/submissions/complete?cc=91442ADD"
"24817734_gab";"HateXplain";"refugees welcome to walk the plank and get eaten by sharks oh poor factory where you getting cheap labour from oh poor hotel cramming <number> to a room yes ask a postman where they live as well";"1- refugees, 2- welcome, 3- to, 4- walk, 5- the, 6- plank, 7- and, 8- get, 9- eaten, 10- by, 11- sharks, 12- oh, 13- poor, 14- factory, 15- where, 16- you, 17- getting, 18- cheap, 19- labour, 20- from, 21- oh, 22- poor, 23- hotel, 24- cramming, 25- <number>, 26- to, 27- a, 28- room, 29- yes, 30- ask, 31- a, 32- postman, 33- where, 34- they, 35- live, 36- as, 37- well";"hatespeech targeting Refugee";"https://app.prolific.co/submissions/complete?cc=91442ADD"
"6025349_gab";"HateXplain";"the ridiculous part of the race mixing ads is the people making them would never date outside their race unless it is a jewish guy mail ordering a wife from china there more race mixing in the ghetto than in prog ville";"1- the, 2- ridiculous, 3- part, 4- of, 5- the, 6- race, 7- mixing, 8- ads, 9- is, 10- the, 11- people, 12- making, 13- them, 14- would, 15- never, 16- date, 17- outside, 18- their, 19- race, 20- unless, 21- it, 22- is, 23- a, 24- jewish, 25- guy, 26- mail, 27- ordering, 28- a, 29- wife, 30- from, 31- china, 32- there, 33- more, 34- race, 35- mixing, 36- in, 37- the, 38- ghetto, 39- than, 40- in, 41- prog, 42- ville";"hatespeech targeting Asian";"https://app.prolific.co/submissions/complete?cc=91442ADD"
"26107989_gab";"HateXplain";"the chimp virgin nigger can not spell australian so he has to ebonics text oz instead";"1- the, 2- chimp, 3- virgin, 4- nigger, 5- can, 6- not, 7- spell, 8- australian, 9- so, 10- he, 11- has, 12- to, 13- ebonics, 14- text, 15- oz, 16- instead";"hatespeech targeting African";"https://app.prolific.co/submissions/complete?cc=91442ADD"
"22086860_gab";"HateXplain";"depeche kike personal hitler remastered video";"1- depeche, 2- kike, 3- personal, 4- hitler, 5- remastered, 6- video";"hatespeech targeting Jewish";"https://app.prolific.co/submissions/complete?cc=91442ADD"
"1185789656442572800_twitter";"HateXplain";"bitches make mistakes and niggas you just got decision who you want to deal with";"1- bitches, 2- make, 3- mistakes, 4- and, 5- niggas, 6- you, 7- just, 8- got, 9- decision, 10- who, 11- you, 12- want, 13- to, 14- deal, 15- with";"offensive targeting Women";"https://app.prolific.co/submissions/complete?cc=91442ADD"
"18452832_gab";"HateXplain";"i know they are trying to commit white genocide but is not the f ing jews but the f ing muslimes that want to kill christians and jews and atheists and hindu and budhists or submit them to their psycho cult what part of kill do not you understand";"1- i, 2- know, 3- they, 4- are, 5- trying, 6- to, 7- commit, 8- white, 9- genocide, 10- but, 11- is, 12- not, 13- the, 14- f, 15- ing, 16- jews, 17- but, 18- the, 19- f, 20- ing, 21- muslimes, 22- that, 23- want, 24- to, 25- kill, 26- christians, 27- and, 28- jews, 29- and, 30- atheists, 31- and, 32- hindu, 33- and, 34- budhists, 35- or, 36- submit, 37- them, 38- to, 39- their, 40- psycho, 41- cult, 42- what, 43- part, 44- of, 45- kill, 46- do, 47- not, 48- you, 49- understand";"hatespeech targeting Islam";"https://app.prolific.co/submissions/complete?cc=91442ADD"
"14288348_gab";"HateXplain";"hey sandnigger monkey enjoying the suppression of rights in america well get ready whites you know kinda like that too lynching non white subhumans as a hobby is in our genes millions of whites are looking forward to it";"1- hey, 2- sandnigger, 3- monkey, 4- enjoying, 5- the, 6- suppression, 7- of, 8- rights, 9- in, 10- america, 11- well, 12- get, 13- ready, 14- whites, 15- you, 16- know, 17- kinda, 18- like, 19- that, 20- too, 21- lynching, 22- non, 23- white, 24- subhumans, 25- as, 26- a, 27- hobby, 28- is, 29- in, 30- our, 31- genes, 32- millions, 33- of, 34- whites, 35- are, 36- looking, 37- forward, 38- to, 39- it";"hatespeech targeting Arab";"https://app.prolific.co/submissions/complete?cc=91442ADD"
"21644405_gab";"HateXplain";"pennsylvania is not sure if it wants to go full retard or stay gop";"1- pennsylvania, 2- is, 3- not, 4- sure, 5- if, 6- it, 7- wants, 8- to, 9- go, 10- full, 11- retard, 12- or, 13- stay, 14- gop";"offensive targeting Other";"https://app.prolific.co/submissions/complete?cc=91442ADD"
"25051813_gab";"HateXplain";"show this as an expected requirement for immigrants to stay in the us and watch them leave just explain that this is what the schools turn your kids into and end a of illegal immigrants";"1- show, 2- this, 3- as, 4- an, 5- expected, 6- requirement, 7- for, 8- immigrants, 9- to, 10- stay, 11- in, 12- the, 13- us, 14- and, 15- watch, 16- them, 17- leave, 18- just, 19- explain, 20- that, 21- this, 22- is, 23- what, 24- the, 25- schools, 26- turn, 27- your, 28- kids, 29- into, 30- and, 31- end, 32- a, 33- of, 34- illegal, 35- immigrants";"offensive targeting Refugee";"https://app.prolific.co/submissions/complete?cc=91442ADD"
"attention_46";"attention check sentences (HateXplain targeting)";"i will take constantinople back turgay";"1- i, 2- will, 3- take, 4- constantinople, 5- back, 6- turgay";"offensive";"https://app.prolific.co/submissions/complete?cc=91442ADD"