ID;dataset;text;tokens;label;redirectUrl
6615711_gab;HateXplain;they did not seem to mind when bull dykes were rolling them across wh lawn during the past <number> yrs;1- they, 2- did, 3- not, 4- seem, 5- to, 6- mind, 7- when, 8- bull, 9- dykes, 10- were, 11- rolling, 12- them, 13- across, 14- wh, 15- lawn, 16- during, 17- the, 18- past, 19- <number>, 20- yrs;hatespeech targeting Homosexual;https://app.prolific.co/submissions/complete?cc=91442ADD
22618732_gab;HateXplain;so the ugly bull dyke bullied her classmate shooter leftists are by far some of the most intolerant people on the planet;1- so, 2- the, 3- ugly, 4- bull, 5- dyke, 6- bullied, 7- her, 8- classmate, 9- shooter, 10- leftists, 11- are, 12- by, 13- far, 14- some, 15- of, 16- the, 17- most, 18- intolerant, 19- people, 20- on, 21- the, 22- planet;hatespeech targeting Homosexual;https://app.prolific.co/submissions/complete?cc=91442ADD
5806927_gab;HateXplain;at least the foreign queers are figuring it out now;1- at, 2- least, 3- the, 4- foreign, 5- queers, 6- are, 7- figuring, 8- it, 9- out, 10- now;offensive targeting Homosexual;https://app.prolific.co/submissions/complete?cc=91442ADD
1178762932198481922_twitter;HateXplain;fat niggas with dreads be looking like big ass dykes;1- fat, 2- niggas, 3- with, 4- dreads, 5- be, 6- looking, 7- like, 8- big, 9- ass, 10- dykes;offensive targeting Homosexual;https://app.prolific.co/submissions/complete?cc=91442ADD
1178791106097664000_twitter;HateXplain;<user> cus yall some faggots 🤮;1- <user>, 2- cus, 3- yall, 4- some, 5- faggots, 6- 🤮;offensive targeting Homosexual;https://app.prolific.co/submissions/complete?cc=91442ADD
1179092312250556416_twitter;HateXplain;<user> right you play ps4 you faggot;1- <user>, 2- right, 3- you, 4- play, 5- ps4, 6- you, 7- faggot;offensive targeting Homosexual;https://app.prolific.co/submissions/complete?cc=91442ADD
1179084900814725120_twitter;HateXplain;<user> fuck the alphabet community lmao bunch of faggots;1- <user>, 2- fuck, 3- the, 4- alphabet, 5- community, 6- lmao, 7- bunch, 8- of, 9- faggots;offensive targeting Homosexual;https://app.prolific.co/submissions/complete?cc=91442ADD
1179082611169345536_twitter;HateXplain;my colleagues n my chief use the french equivalent of fag on a big basis every day and call gay man that word like it is the wprd gay or homosexual and i am restraining myself from calling them all faggy fag faggots;1- my, 2- colleagues, 3- n, 4- my, 5- chief, 6- use, 7- the, 8- french, 9- equivalent, 10- of, 11- fag, 12- on, 13- a, 14- big, 15- basis, 16- every, 17- day, 18- and, 19- call, 20- gay, 21- man, 22- that, 23- word, 24- like, 25- it, 26- is, 27- the, 28- wprd, 29- gay, 30- or, 31- homosexual, 32- and, 33- i, 34- am, 35- restraining, 36- myself, 37- from, 38- calling, 39- them, 40- all, 41- faggy, 42- fag, 43- faggots;hatespeech targeting Homosexual;https://app.prolific.co/submissions/complete?cc=91442ADD
1179078651029151746_twitter;HateXplain;<user> hey you socialist cocksuckers make sure you protect all of the little limp wristed left wing faggots from mean scary words;1- <user>, 2- hey, 3- you, 4- socialist, 5- cocksuckers, 6- make, 7- sure, 8- you, 9- protect, 10- all, 11- of, 12- the, 13- little, 14- limp, 15- wristed, 16- left, 17- wing, 18- faggots, 19- from, 20- mean, 21- scary, 22- words;offensive targeting Homosexual;https://app.prolific.co/submissions/complete?cc=91442ADD
1179076784316391431_twitter;HateXplain;why are playstation stans such faggots;1- why, 2- are, 3- playstation, 4- stans, 5- such, 6- faggots;offensive targeting Homosexual;https://app.prolific.co/submissions/complete?cc=91442ADD
1179093757947453440_twitter;HateXplain;are the dykes on tik tok having beef;1- are, 2- the, 3- dykes, 4- on, 5- tik, 6- tok, 7- having, 8- beef;offensive targeting Homosexual;https://app.prolific.co/submissions/complete?cc=91442ADD
9211433_gab;HateXplain;she wasn t elected there is no world in which a dyke could be elected in serbia it was a theresa may situation the previous pm resigned and she got in;1- she, 2- wasn, 3- t, 4- elected, 5- there, 6- is, 7- no, 8- world, 9- in, 10- which, 11- a, 12- dyke, 13- could, 14- be, 15- elected, 16- in, 17- serbia, 18- it, 19- was, 20- a, 21- theresa, 22- may, 23- situation, 24- the, 25- previous, 26- pm, 27- resigned, 28- and, 29- she, 30- got, 31- in;hatespeech targeting Homosexual;https://app.prolific.co/submissions/complete?cc=91442ADD
1135780_gab;HateXplain;bunch of queers;1- bunch, 2- of, 3- queers;offensive targeting Homosexual;https://app.prolific.co/submissions/complete?cc=91442ADD
1178806104739983361_twitter;HateXplain;i love boom booms too faggots;1- i, 2- love, 3- boom, 4- booms, 5- too, 6- faggots;offensive targeting Homosexual;https://app.prolific.co/submissions/complete?cc=91442ADD
7140976_gab;HateXplain;the chief is the problem bull dyke liberal she is allowing violence and must be removed;1- the, 2- chief, 3- is, 4- the, 5- problem, 6- bull, 7- dyke, 8- liberal, 9- she, 10- is, 11- allowing, 12- violence, 13- and, 14- must, 15- be, 16- removed;offensive targeting Homosexual;https://app.prolific.co/submissions/complete?cc=91442ADD
1178538620573097985_twitter;HateXplain;<user> yuh we nigga ima cowboys fan unlike ur patriot faggot ass;1- <user>, 2- yuh, 3- we, 4- nigga, 5- ima, 6- cowboys, 7- fan, 8- unlike, 9- ur, 10- patriot, 11- faggot, 12- ass;offensive targeting Homosexual;https://app.prolific.co/submissions/complete?cc=91442ADD
14632082_gab;HateXplain;there shouldnt be an arguement against this but once the queers got a voice it was prolly too late;1- there, 2- shouldnt, 3- be, 4- an, 5- arguement, 6- against, 7- this, 8- but, 9- once, 10- the, 11- queers, 12- got, 13- a, 14- voice, 15- it, 16- was, 17- prolly, 18- too, 19- late;hatespeech targeting Homosexual;https://app.prolific.co/submissions/complete?cc=91442ADD
23115923_gab;HateXplain;i have seen bull dykes that are far more masculine looking than that;1- i, 2- have, 3- seen, 4- bull, 5- dykes, 6- that, 7- are, 8- far, 9- more, 10- masculine, 11- looking, 12- than, 13- that;offensive targeting Homosexual;https://app.prolific.co/submissions/complete?cc=91442ADD
1178952973860397057_twitter;HateXplain;<user> either failed in english or a faggot on these streets me i can not reply to such a stupid message tbh;1- <user>, 2- either, 3- failed, 4- in, 5- english, 6- or, 7- a, 8- faggot, 9- on, 10- these, 11- streets, 12- me, 13- i, 14- can, 15- not, 16- reply, 17- to, 18- such, 19- a, 20- stupid, 21- message, 22- tbh;offensive targeting Homosexual;https://app.prolific.co/submissions/complete?cc=91442ADD
22404184_gab;HateXplain;this is when she remembered the ugly bald dyke molesting her;1- this, 2- is, 3- when, 4- she, 5- remembered, 6- the, 7- ugly, 8- bald, 9- dyke, 10- molesting, 11- her;hatespeech targeting Homosexual;https://app.prolific.co/submissions/complete?cc=91442ADD
1178201585844813824_twitter;HateXplain;league be like kill yourself faggot and i be like yeah;1- league, 2- be, 3- like, 4- kill, 5- yourself, 6- faggot, 7- and, 8- i, 9- be, 10- like, 11- yeah;hatespeech targeting Homosexual;https://app.prolific.co/submissions/complete?cc=91442ADD
13913155_gab;HateXplain;counting the odd woman who masqueraded as a man in military service does not count they went back to being women after discovery is she counting the occasional bull dyke with short hair and who wore men clothes those were lesbians pantsuits are a recent invention;1- counting, 2- the, 3- odd, 4- woman, 5- who, 6- masqueraded, 7- as, 8- a, 9- man, 10- in, 11- military, 12- service, 13- does, 14- not, 15- count, 16- they, 17- went, 18- back, 19- to, 20- being, 21- women, 22- after, 23- discovery, 24- is, 25- she, 26- counting, 27- the, 28- occasional, 29- bull, 30- dyke, 31- with, 32- short, 33- hair, 34- and, 35- who, 36- wore, 37- men, 38- clothes, 39- those, 40- were, 41- lesbians, 42- pantsuits, 43- are, 44- a, 45- recent, 46- invention;offensive targeting Homosexual;https://app.prolific.co/submissions/complete?cc=91442ADD
1179052072412557312_twitter;HateXplain;when i was younger i used to shake so much ass because that what we did in down south florida i moved to fort pierce and you can not pay me to because i let bitches tell me what studs dykes do and do not do;1- when, 2- i, 3- was, 4- younger, 5- i, 6- used, 7- to, 8- shake, 9- so, 10- much, 11- ass, 12- because, 13- that, 14- what, 15- we, 16- did, 17- in, 18- down, 19- south, 20- florida, 21- i, 22- moved, 23- to, 24- fort, 25- pierce, 26- and, 27- you, 28- can, 29- not, 30- pay, 31- me, 32- to, 33- because, 34- i, 35- let, 36- bitches, 37- tell, 38- me, 39- what, 40- studs, 41- dykes, 42- do, 43- and, 44- do, 45- not, 46- do;offensive targeting Homosexual;https://app.prolific.co/submissions/complete?cc=91442ADD
1179081870665031680_twitter;HateXplain;i amma get shadow keep join me in doing so faggots;1- i, 2- amma, 3- get, 4- shadow, 5- keep, 6- join, 7- me, 8- in, 9- doing, 10- so, 11- faggots;offensive targeting Homosexual;https://app.prolific.co/submissions/complete?cc=91442ADD
1178821319288336384_twitter;HateXplain;are you tired of jerking off to porn and hentai and not getting any pussy prostitutes exist bitch there no excuse you are just a faggot that wants everything easy what more easy than a prostitute;1- are, 2- you, 3- tired, 4- of, 5- jerking, 6- off, 7- to, 8- porn, 9- and, 10- hentai, 11- and, 12- not, 13- getting, 14- any, 15- pussy, 16- prostitutes, 17- exist, 18- bitch, 19- there, 20- no, 21- excuse, 22- you, 23- are, 24- just, 25- a, 26- faggot, 27- that, 28- wants, 29- everything, 30- easy, 31- what, 32- more, 33- easy, 34- than, 35- a, 36- prostitute;offensive targeting Homosexual;https://app.prolific.co/submissions/complete?cc=91442ADD
1178741605534244864_twitter;HateXplain;some yall niggas starting to get drip dressing like a faggot mixed up;1- some, 2- yall, 3- niggas, 4- starting, 5- to, 6- get, 7- drip, 8- dressing, 9- like, 10- a, 11- faggot, 12- mixed, 13- up;offensive targeting Homosexual;https://app.prolific.co/submissions/complete?cc=91442ADD
7506997_gab;HateXplain;when are trump and congress going to do something about fags and dykes shutting down christian bakeries maga;1- when, 2- are, 3- trump, 4- and, 5- congress, 6- going, 7- to, 8- do, 9- something, 10- about, 11- fags, 12- and, 13- dykes, 14- shutting, 15- down, 16- christian, 17- bakeries, 18- maga;hatespeech targeting Homosexual;https://app.prolific.co/submissions/complete?cc=91442ADD
1177392985471934464_twitter;HateXplain;imma start blocking anybody that post that lil ugly dyke haitian boy on the tl it disturbing af;1- imma, 2- start, 3- blocking, 4- anybody, 5- that, 6- post, 7- that, 8- lil, 9- ugly, 10- dyke, 11- haitian, 12- boy, 13- on, 14- the, 15- tl, 16- it, 17- disturbing, 18- af;hatespeech targeting Homosexual;https://app.prolific.co/submissions/complete?cc=91442ADD
1178876346635829250_twitter;HateXplain;these niggas be tough ass faggots 😂 😂;1- these, 2- niggas, 3- be, 4- tough, 5- ass, 6- faggots, 7- 😂, 8- 😂;hatespeech targeting Homosexual;https://app.prolific.co/submissions/complete?cc=91442ADD
attention_23;attention chack sentences (HateXplain targeting);that serbian man can kick your scrawny polish ass;1- that, 2- serbian, 3- man, 4- can, 5- kick, 6- your, 7- scrawny, 8- polish, 9- ass;offensive;https://app.prolific.co/submissions/complete?cc=91442ADD