ID;dataset;text;tokens;label;redirectUrl
9647358_gab;HateXplain;black men prefer big banging ghetto blasters white men favour a more classy sleek silver surround sound systems scousers are fond of nicked car radios i just can not help stereo typing people;1- black, 2- men, 3- prefer, 4- big, 5- banging, 6- ghetto, 7- blasters, 8- white, 9- men, 10- favour, 11- a, 12- more, 13- classy, 14- sleek, 15- silver, 16- surround, 17- sound, 18- systems, 19- scousers, 20- are, 21- fond, 22- of, 23- nicked, 24- car, 25- radios, 26- i, 27- just, 28- can, 29- not, 30- help, 31- stereo, 32- typing, 33- people;offensive targeting African;https://app.prolific.co/submissions/complete?cc=91442ADD
9676115_gab;HateXplain;it so hard to be white yet so easy to be a black nigger;1- it, 2- so, 3- hard, 4- to, 5- be, 6- white, 7- yet, 8- so, 9- easy, 10- to, 11- be, 12- a, 13- black, 14- nigger;hatespeech targeting African;https://app.prolific.co/submissions/complete?cc=91442ADD
9731096_gab;HateXplain;i forgot how much talcum xx lies they turned their backs at the mayor for being at the g20 right after the cops execution and missing the swearing in of new cops some turned their backs at the commissioner too these black niggers create racism so they can feel important;1- i, 2- forgot, 3- how, 4- much, 5- talcum, 6- xx, 7- lies, 8- they, 9- turned, 10- their, 11- backs, 12- at, 13- the, 14- mayor, 15- for, 16- being, 17- at, 18- the, 19- g20, 20- right, 21- after, 22- the, 23- cops, 24- execution, 25- and, 26- missing, 27- the, 28- swearing, 29- in, 30- of, 31- new, 32- cops, 33- some, 34- turned, 35- their, 36- backs, 37- at, 38- the, 39- commissioner, 40- too, 41- these, 42- black, 43- niggers, 44- create, 45- racism, 46- so, 47- they, 48- can, 49- feel, 50- important;hatespeech targeting African;https://app.prolific.co/submissions/complete?cc=91442ADD
9755956_gab;HateXplain;do not worry they are exterminating the blacks and asians too;1- do, 2- not, 3- worry, 4- they, 5- are, 6- exterminating, 7- the, 8- blacks, 9- and, 10- asians, 11- too;hatespeech targeting African;https://app.prolific.co/submissions/complete?cc=91442ADD
9818096_gab;HateXplain;regarding south africa either kill all the niggers or get the fuck out regarding america you niggers better kill us all or we will eventually send you back to africa;1- regarding, 2- south, 3- africa, 4- either, 5- kill, 6- all, 7- the, 8- niggers, 9- or, 10- get, 11- the, 12- fuck, 13- out, 14- regarding, 15- america, 16- you, 17- niggers, 18- better, 19- kill, 20- us, 21- all, 22- or, 23- we, 24- will, 25- eventually, 26- send, 27- you, 28- back, 29- to, 30- africa;hatespeech targeting African;https://app.prolific.co/submissions/complete?cc=91442ADD
9844016_gab;HateXplain;gas all niggers jews the world over presto most if not all racism ends;1- gas, 2- all, 3- niggers, 4- jews, 5- the, 6- world, 7- over, 8- presto, 9- most, 10- if, 11- not, 12- all, 13- racism, 14- ends;hatespeech targeting African;https://app.prolific.co/submissions/complete?cc=91442ADD
9984358_gab;HateXplain;a negro honey trap;1- a, 2- negro, 3- honey, 4- trap;offensive targeting African;https://app.prolific.co/submissions/complete?cc=91442ADD