"ID";"dataset";"text";"tokens";"label";"redirectUrl"
"16905410_gab";"HateXplain";"i am gonna give her a listen maybe royals is about the kike assassinated romanovs";"1- i, 2- am, 3- gonna, 4- give, 5- her, 6- a, 7- listen, 8- maybe, 9- royals, 10- is, 11- about, 12- the, 13- kike, 14- assassinated, 15- romanovs";"hatespeech targeting Jewish";"https://app.prolific.co/submissions/complete?cc=91442ADD"
"26801104_gab";"HateXplain";"ms and xbox suck real life moslem dicks";"1- ms, 2- and, 3- xbox, 4- suck, 5- real, 6- life, 7- moslem, 8- dicks";"offensive targeting Islam";"https://app.prolific.co/submissions/complete?cc=91442ADD"
"1178427870785474561_twitter";"HateXplain";"fuck you bitch ass niggers";"1- fuck, 2- you, 3- bitch, 4- ass, 5- niggers";"hatespeech targeting African";"https://app.prolific.co/submissions/complete?cc=91442ADD"
"22782753_gab";"HateXplain";"tsekk faggot kike puppet";"1- tsekk, 2- faggot, 3- kike, 4- puppet";"hatespeech targeting Jewish";"https://app.prolific.co/submissions/complete?cc=91442ADD"
"19770618_gab";"HateXplain";"the noodle is muzzy looks like lol off to dr appointment see you in a few 🤗 😊 🌞 🌞 ✨ ✨";"1- the, 2- noodle, 3- is, 4- muzzy, 5- looks, 6- like, 7- lol, 8- off, 9- to, 10- dr, 11- appointment, 12- see, 13- you, 14- in, 15- a, 16- few, 17- 🤗, 18- 😊, 19- 🌞, 20- 🌞, 21- ✨, 22- ✨";"hatespeech targeting Islam";"https://app.prolific.co/submissions/complete?cc=91442ADD"
"17898824_gab";"HateXplain";"if a three year old nigger with down syndrome walked up to me and started giving me life advice i d probably listen then i d go find the careless nigger sow that shit it out and return the little burden";"1- if, 2- a, 3- three, 4- year, 5- old, 6- nigger, 7- with, 8- down, 9- syndrome, 10- walked, 11- up, 12- to, 13- me, 14- and, 15- started, 16- giving, 17- me, 18- life, 19- advice, 20- i, 21- d, 22- probably, 23- listen, 24- then, 25- i, 26- d, 27- go, 28- find, 29- the, 30- careless, 31- nigger, 32- sow, 33- that, 34- shit, 35- it, 36- out, 37- and, 38- return, 39- the, 40- little, 41- burden";"hatespeech targeting African";"https://app.prolific.co/submissions/complete?cc=91442ADD"
"20084749_gab";"HateXplain";"he really meant to say jew not zionist every kike is the same there is no good lucifer worshiping satan kissing kike in this world";"1- he, 2- really, 3- meant, 4- to, 5- say, 6- jew, 7- not, 8- zionist, 9- every, 10- kike, 11- is, 12- the, 13- same, 14- there, 15- is, 16- no, 17- good, 18- lucifer, 19- worshiping, 20- satan, 21- kissing, 22- kike, 23- in, 24- this, 25- world";"hatespeech targeting Jewish";"https://app.prolific.co/submissions/complete?cc=91442ADD"
"27471577_gab";"HateXplain";"brits you should maybe storm the prison britainsbastile except leave the mudslimes in there";"1- brits, 2- you, 3- should, 4- maybe, 5- storm, 6- the, 7- prison, 8- britainsbastile, 9- except, 10- leave, 11- the, 12- mudslimes, 13- in, 14- there";"hatespeech targeting Islam";"https://app.prolific.co/submissions/complete?cc=91442ADD"
"23995229_gab";"HateXplain";"went to chik fil e instead of normal quick line of cars things are slow instead of nice how can i serve u greeting its like can i take ur order nigger girl specifically asked <number> chik file a sauce get home no sauce mother fucker export all niggers";"1- went, 2- to, 3- chik, 4- fil, 5- e, 6- instead, 7- of, 8- normal, 9- quick, 10- line, 11- of, 12- cars, 13- things, 14- are, 15- slow, 16- instead, 17- of, 18- nice, 19- how, 20- can, 21- i, 22- serve, 23- u, 24- greeting, 25- its, 26- like, 27- can, 28- i, 29- take, 30- ur, 31- order, 32- nigger, 33- girl, 34- specifically, 35- asked, 36- <number>, 37- chik, 38- file, 39- a, 40- sauce, 41- get, 42- home, 43- no, 44- sauce, 45- mother, 46- fucker, 47- export, 48- all, 49- niggers";"hatespeech targeting African";"https://app.prolific.co/submissions/complete?cc=91442ADD"
"22807536_gab";"HateXplain";"ahed tamimi is whiter than all the kike rats in israel free ahed tamimi gas the jews";"1- ahed, 2- tamimi, 3- is, 4- whiter, 5- than, 6- all, 7- the, 8- kike, 9- rats, 10- in, 11- israel, 12- free, 13- ahed, 14- tamimi, 15- gas, 16- the, 17- jews";"hatespeech targeting Jewish";"https://app.prolific.co/submissions/complete?cc=91442ADD"
"17036289_gab";"HateXplain";"is not it interesting what conservatards hate most about islam is its sense of moral strength and self belief they hates kebabs for preserving a primitive sand nigger equivalent of what we once were";"1- is, 2- not, 3- it, 4- interesting, 5- what, 6- conservatards, 7- hate, 8- most, 9- about, 10- islam, 11- is, 12- its, 13- sense, 14- of, 15- moral, 16- strength, 17- and, 18- self, 19- belief, 20- they, 21- hates, 22- kebabs, 23- for, 24- preserving, 25- a, 26- primitive, 27- sand, 28- nigger, 29- equivalent, 30- of, 31- what, 32- we, 33- once, 34- were";"hatespeech targeting Islam";"https://app.prolific.co/submissions/complete?cc=91442ADD"
"27777971_gab";"HateXplain";"such a upstanding citizen this nigger so much talent beating his pregnant girlfriend";"1- such, 2- a, 3- upstanding, 4- citizen, 5- this, 6- nigger, 7- so, 8- much, 9- talent, 10- beating, 11- his, 12- pregnant, 13- girlfriend";"hatespeech targeting African";"https://app.prolific.co/submissions/complete?cc=91442ADD"
"19685625_gab";"HateXplain";"disney was only good under walt now its kike brainwashing shit";"1- disney, 2- was, 3- only, 4- good, 5- under, 6- walt, 7- now, 8- its, 9- kike, 10- brainwashing, 11- shit";"hatespeech targeting Jewish";"https://app.prolific.co/submissions/complete?cc=91442ADD"
"12632292_gab";"HateXplain";"on the positive side we now know what eight years of a communist moozlim alinskyite president will do to america never again";"1- on, 2- the, 3- positive, 4- side, 5- we, 6- now, 7- know, 8- what, 9- eight, 10- years, 11- of, 12- a, 13- communist, 14- moozlim, 15- alinskyite, 16- president, 17- will, 18- do, 19- to, 20- america, 21- never, 22- again";"hatespeech targeting Islam";"https://app.prolific.co/submissions/complete?cc=91442ADD"
"15530018_gab";"HateXplain";"lots and lots of butthurt nigger minecraft fans over that i had no idea how much that dude is worth i hope anglin dunned him for bitcoin";"1- lots, 2- and, 3- lots, 4- of, 5- butthurt, 6- nigger, 7- minecraft, 8- fans, 9- over, 10- that, 11- i, 12- had, 13- no, 14- idea, 15- how, 16- much, 17- that, 18- dude, 19- is, 20- worth, 21- i, 22- hope, 23- anglin, 24- dunned, 25- him, 26- for, 27- bitcoin";"hatespeech targeting African";"https://app.prolific.co/submissions/complete?cc=91442ADD"
"20780384_gab";"HateXplain";"because you are not a nog or a kike";"1- because, 2- you, 3- are, 4- not, 5- a, 6- nog, 7- or, 8- a, 9- kike";"hatespeech targeting Jewish";"https://app.prolific.co/submissions/complete?cc=91442ADD"
"2117709_gab";"HateXplain";"<user> just time to ban all mudslime immigration lets not discriminate against mudslime majorities";"1- <user>, 2- just, 3- time, 4- to, 5- ban, 6- all, 7- mudslime, 8- immigration, 9- lets, 10- not, 11- discriminate, 12- against, 13- mudslime, 14- majorities";"hatespeech targeting Islam";"https://app.prolific.co/submissions/complete?cc=91442ADD"
"20597923_gab";"HateXplain";"that is just too retarded even by nigger standards";"1- that, 2- is, 3- just, 4- too, 5- retarded, 6- even, 7- by, 8- nigger, 9- standards";"hatespeech targeting African";"https://app.prolific.co/submissions/complete?cc=91442ADD"
"22047052_gab";"HateXplain";"jesus was no kike he was a jew in the biblical sense an aryan the jews of today are descended from southern european converts to judaism in the dark ages they are evil jesus is not";"1- jesus, 2- was, 3- no, 4- kike, 5- he, 6- was, 7- a, 8- jew, 9- in, 10- the, 11- biblical, 12- sense, 13- an, 14- aryan, 15- the, 16- jews, 17- of, 18- today, 19- are, 20- descended, 21- from, 22- southern, 23- european, 24- converts, 25- to, 26- judaism, 27- in, 28- the, 29- dark, 30- ages, 31- they, 32- are, 33- evil, 34- jesus, 35- is, 36- not";"hatespeech targeting Jewish";"https://app.prolific.co/submissions/complete?cc=91442ADD"
"8999391_gab";"HateXplain";"some mudslimes got ran over in london karma is a motherfucker";"1- some, 2- mudslimes, 3- got, 4- ran, 5- over, 6- in, 7- london, 8- karma, 9- is, 10- a, 11- motherfucker";"hatespeech targeting Islam";"https://app.prolific.co/submissions/complete?cc=91442ADD"
"7573978_gab";"HateXplain";"if that was my mother that nigger would be on a slab at the morgue right now";"1- if, 2- that, 3- was, 4- my, 5- mother, 6- that, 7- nigger, 8- would, 9- be, 10- on, 11- a, 12- slab, 13- at, 14- the, 15- morgue, 16- right, 17- now";"hatespeech targeting African";"https://app.prolific.co/submissions/complete?cc=91442ADD"
"20646560_gab";"HateXplain";"ben shapiro a typical lying kike trying to represent the alt right ethical jews have precedence over non jews for getting an israeli citizenship he lying as is typical of his race";"1- ben, 2- shapiro, 3- a, 4- typical, 5- lying, 6- kike, 7- trying, 8- to, 9- represent, 10- the, 11- alt, 12- right, 13- ethical, 14- jews, 15- have, 16- precedence, 17- over, 18- non, 19- jews, 20- for, 21- getting, 22- an, 23- israeli, 24- citizenship, 25- he, 26- lying, 27- as, 28- is, 29- typical, 30- of, 31- his, 32- race";"hatespeech targeting Jewish";"https://app.prolific.co/submissions/complete?cc=91442ADD"
"27988856_gab";"HateXplain";"ever wonder if there were no muslimes in the world um start with <number> still alive after <number> <number> sister in tower one 7 1 st floor friends in pentagon clearly muslimes are barbarians we need to do the same to mecca and medina";"1- ever, 2- wonder, 3- if, 4- there, 5- were, 6- no, 7- muslimes, 8- in, 9- the, 10- world, 11- um, 12- start, 13- with, 14- <number>, 15- still, 16- alive, 17- after, 18- <number>, 19- <number>, 20- sister, 21- in, 22- tower, 23- one, 24- 7, 25- 1, 26- st, 27- floor, 28- friends, 29- in, 30- pentagon, 31- clearly, 32- muslimes, 33- are, 34- barbarians, 35- we, 36- need, 37- to, 38- do, 39- the, 40- same, 41- to, 42- mecca, 43- and, 44- medina";"hatespeech targeting Islam";"https://app.prolific.co/submissions/complete?cc=91442ADD"
"19277792_gab";"HateXplain";"negro felon league ™ is for queers who like wearing the names of niggers on their backs while watching said apes throw balls around and watching poz laced commercials from corporate america";"1- negro, 2- felon, 3- league, 4- ™, 5- is, 6- for, 7- queers, 8- who, 9- like, 10- wearing, 11- the, 12- names, 13- of, 14- niggers, 15- on, 16- their, 17- backs, 18- while, 19- watching, 20- said, 21- apes, 22- throw, 23- balls, 24- around, 25- and, 26- watching, 27- poz, 28- laced, 29- commercials, 30- from, 31- corporate, 32- america";"hatespeech targeting African";"https://app.prolific.co/submissions/complete?cc=91442ADD"
"21949847_gab";"HateXplain";"what a fucking disgusting lowlife piece of shit he missed his calling he should have been born a kike";"1- what, 2- a, 3- fucking, 4- disgusting, 5- lowlife, 6- piece, 7- of, 8- shit, 9- he, 10- missed, 11- his, 12- calling, 13- he, 14- should, 15- have, 16- been, 17- born, 18- a, 19- kike";"hatespeech targeting Jewish";"https://app.prolific.co/submissions/complete?cc=91442ADD"
"14095649_gab";"HateXplain";"if they are seeking asylum from a terrible mussie country why then are they working so hard to turn these gracious countries into the very mussie countries they claim to be fleeing we all know that answer immediately";"1- if, 2- they, 3- are, 4- seeking, 5- asylum, 6- from, 7- a, 8- terrible, 9- mussie, 10- country, 11- why, 12- then, 13- are, 14- they, 15- working, 16- so, 17- hard, 18- to, 19- turn, 20- these, 21- gracious, 22- countries, 23- into, 24- the, 25- very, 26- mussie, 27- countries, 28- they, 29- claim, 30- to, 31- be, 32- fleeing, 33- we, 34- all, 35- know, 36- that, 37- answer, 38- immediately";"hatespeech targeting Islam";"https://app.prolific.co/submissions/complete?cc=91442ADD"
"7253829_gab";"HateXplain";"fact by the time a nignog robs or beats a white kid he already made <number> niggaz in the hood his victim do not give a shit what happens to you shines";"1- fact, 2- by, 3- the, 4- time, 5- a, 6- nignog, 7- robs, 8- or, 9- beats, 10- a, 11- white, 12- kid, 13- he, 14- already, 15- made, 16- <number>, 17- niggaz, 18- in, 19- the, 20- hood, 21- his, 22- victim, 23- do, 24- not, 25- give, 26- a, 27- shit, 28- what, 29- happens, 30- to, 31- you, 32- shines";"hatespeech targeting African";"https://app.prolific.co/submissions/complete?cc=91442ADD"
"20826899_gab";"HateXplain";"jews are using muslims and blacks as foot soldiers to destroy white homelands they are the racechist henchmen of the kike";"1- jews, 2- are, 3- using, 4- muslims, 5- and, 6- blacks, 7- as, 8- foot, 9- soldiers, 10- to, 11- destroy, 12- white, 13- homelands, 14- they, 15- are, 16- the, 17- racechist, 18- henchmen, 19- of, 20- the, 21- kike";"hatespeech targeting Jewish";"https://app.prolific.co/submissions/complete?cc=91442ADD"
"17646564_gab";"HateXplain";"pedophilia promoted by mohammed piss be upon him perfect rolemodel for every moslem";"1- pedophilia, 2- promoted, 3- by, 4- mohammed, 5- piss, 6- be, 7- upon, 8- him, 9- perfect, 10- rolemodel, 11- for, 12- every, 13- moslem";"offensive targeting Islam";"https://app.prolific.co/submissions/complete?cc=91442ADD"
"attention_9";"attention check sentences (HateXplain targeting)";"arabs are ignorant terrorists";"1- arabs, 2- are, 3- ignorant, 4- terrorists";"offensive";"https://app.prolific.co/submissions/complete?cc=91442ADD"