ID;dataset;text;tokens;label;redirectUrl
4225293_gab;HateXplain;i was in a bind once and had to spend the night in a low quality motel there was nigger hair stuck in the towels as it almost impossible to get it out i sure hope trump gets new towels at the white house;1- i, 2- was, 3- in, 4- a, 5- bind, 6- once, 7- and, 8- had, 9- to, 10- spend, 11- the, 12- night, 13- in, 14- a, 15- low, 16- quality, 17- motel, 18- there, 19- was, 20- nigger, 21- hair, 22- stuck, 23- in, 24- the, 25- towels, 26- as, 27- it, 28- almost, 29- impossible, 30- to, 31- get, 32- it, 33- out, 34- i, 35- sure, 36- hope, 37- trump, 38- gets, 39- new, 40- towels, 41- at, 42- the, 43- white, 44- house;hatespeech targeting African;https://app.prolific.co/submissions/complete?cc=91442ADD
1178412537496383488_twitter;HateXplain;dont buy a mouse on media markt fucking niggers giving me fake logitech mouse turns off the middle of the ranked;1- dont, 2- buy, 3- a, 4- mouse, 5- on, 6- media, 7- markt, 8- fucking, 9- niggers, 10- giving, 11- me, 12- fake, 13- logitech, 14- mouse, 15- turns, 16- off, 17- the, 18- middle, 19- of, 20- the, 21- ranked;hatespeech targeting African;https://app.prolific.co/submissions/complete?cc=91442ADD
12915755_gab;HateXplain;oy vey we would hear no end of vigils and prayers for innocent victims and of course no end of condemnation of white supremacy even when a zoo mali nigger drives over canadian pedestrians it white supremacy to blame be a good goy and learn your script lol;1- oy, 2- vey, 3- we, 4- would, 5- hear, 6- no, 7- end, 8- of, 9- vigils, 10- and, 11- prayers, 12- for, 13- innocent, 14- victims, 15- and, 16- of, 17- course, 18- no, 19- end, 20- of, 21- condemnation, 22- of, 23- white, 24- supremacy, 25- even, 26- when, 27- a, 28- zoo, 29- mali, 30- nigger, 31- drives, 32- over, 33- canadian, 34- pedestrians, 35- it, 36- white, 37- supremacy, 38- to, 39- blame, 40- be, 41- a, 42- good, 43- goy, 44- and, 45- learn, 46- your, 47- script, 48- lol;hatespeech targeting African;https://app.prolific.co/submissions/complete?cc=91442ADD
1178743358686187521_twitter;HateXplain;<user> shut up nigger;1- <user>, 2- shut, 3- up, 4- nigger;hatespeech targeting African;https://app.prolific.co/submissions/complete?cc=91442ADD
20121173_gab;HateXplain;<user> when are we going coon bashing;1- <user>, 2- when, 3- are, 4- we, 5- going, 6- coon, 7- bashing;hatespeech targeting African;https://app.prolific.co/submissions/complete?cc=91442ADD
1178859304033685504_twitter;HateXplain;<user> delete this nigger;1- <user>, 2- delete, 3- this, 4- nigger;offensive targeting African;https://app.prolific.co/submissions/complete?cc=91442ADD
25809327_gab;HateXplain;nah fuck you too for liking dylan roof that little faggot shot up a church of black christians cuz he was too scared to go kill thug niggers or spic gangsters fucking coward kid deserves to be crucified;1- nah, 2- fuck, 3- you, 4- too, 5- for, 6- liking, 7- dylan, 8- roof, 9- that, 10- little, 11- faggot, 12- shot, 13- up, 14- a, 15- church, 16- of, 17- black, 18- christians, 19- cuz, 20- he, 21- was, 22- too, 23- scared, 24- to, 25- go, 26- kill, 27- thug, 28- niggers, 29- or, 30- spic, 31- gangsters, 32- fucking, 33- coward, 34- kid, 35- deserves, 36- to, 37- be, 38- crucified;hatespeech targeting African;https://app.prolific.co/submissions/complete?cc=91442ADD
1178658944136429571_twitter;HateXplain;these country mfs never start on time land of the free home of the niggers;1- these, 2- country, 3- mfs, 4- never, 5- start, 6- on, 7- time, 8- land, 9- of, 10- the, 11- free, 12- home, 13- of, 14- the, 15- niggers;hatespeech targeting African;https://app.prolific.co/submissions/complete?cc=91442ADD
26347118_gab;HateXplain;today all i did was sit on the front porch and sip cold non alcoholic beverages and watched <number> different tractors making trips up and down my street and zero niggers in donks blasting crap noise or beaners in pickup trucks blasting mariachi noises it great being white;1- today, 2- all, 3- i, 4- did, 5- was, 6- sit, 7- on, 8- the, 9- front, 10- porch, 11- and, 12- sip, 13- cold, 14- non, 15- alcoholic, 16- beverages, 17- and, 18- watched, 19- <number>, 20- different, 21- tractors, 22- making, 23- trips, 24- up, 25- and, 26- down, 27- my, 28- street, 29- and, 30- zero, 31- niggers, 32- in, 33- donks, 34- blasting, 35- crap, 36- noise, 37- or, 38- beaners, 39- in, 40- pickup, 41- trucks, 42- blasting, 43- mariachi, 44- noises, 45- it, 46- great, 47- being, 48- white;hatespeech targeting African;https://app.prolific.co/submissions/complete?cc=91442ADD
1178287461560127489_twitter;HateXplain;u niggers r coonin for that kanye shit;1- u, 2- niggers, 3- r, 4- coonin, 5- for, 6- that, 7- kanye, 8- shit;hatespeech targeting African;https://app.prolific.co/submissions/complete?cc=91442ADD
20111315_gab;HateXplain;one hell of a nigger picnic;1- one, 2- hell, 3- of, 4- a, 5- nigger, 6- picnic;hatespeech targeting African;https://app.prolific.co/submissions/complete?cc=91442ADD
1179035033308401664_twitter;HateXplain;you niggers need to calm down;1- you, 2- niggers, 3- need, 4- to, 5- calm, 6- down;hatespeech targeting African;https://app.prolific.co/submissions/complete?cc=91442ADD
11754870_gab;HateXplain;i hear people say that <user> enjoys watching his wife fuck <number> foot five somalian nigger bucks while he masturbates in the corner onto a copy of old man war;1- i, 2- hear, 3- people, 4- say, 5- that, 6- <user>, 7- enjoys, 8- watching, 9- his, 10- wife, 11- fuck, 12- <number>, 13- foot, 14- five, 15- somalian, 16- nigger, 17- bucks, 18- while, 19- he, 20- masturbates, 21- in, 22- the, 23- corner, 24- onto, 25- a, 26- copy, 27- of, 28- old, 29- man, 30- war;hatespeech targeting African;https://app.prolific.co/submissions/complete?cc=91442ADD
1178852744372858885_twitter;HateXplain;what day all you all niggers going to albany fuck it i am there;1- what, 2- day, 3- all, 4- you, 5- all, 6- niggers, 7- going, 8- to, 9- albany, 10- fuck, 11- it, 12- i, 13- am, 14- there;hatespeech targeting African;https://app.prolific.co/submissions/complete?cc=91442ADD
12665947_gab;HateXplain;talking with coworkers about niggerball and the nigger felon league one coworker says all i know is you are supposed to stand for the flag and kneel for the cross and my boss responds with i do not do either one;1- talking, 2- with, 3- coworkers, 4- about, 5- niggerball, 6- and, 7- the, 8- nigger, 9- felon, 10- league, 11- one, 12- coworker, 13- says, 14- all, 15- i, 16- know, 17- is, 18- you, 19- are, 20- supposed, 21- to, 22- stand, 23- for, 24- the, 25- flag, 26- and, 27- kneel, 28- for, 29- the, 30- cross, 31- and, 32- my, 33- boss, 34- responds, 35- with, 36- i, 37- do, 38- not, 39- do, 40- either, 41- one;hatespeech targeting African;https://app.prolific.co/submissions/complete?cc=91442ADD
1178696589059198976_twitter;HateXplain;true life i have been randomly saying i do not fw you niggers i own the clippers for <number> days now;1- true, 2- life, 3- i, 4- have, 5- been, 6- randomly, 7- saying, 8- i, 9- do, 10- not, 11- fw, 12- you, 13- niggers, 14- i, 15- own, 16- the, 17- clippers, 18- for, 19- <number>, 20- days, 21- now;hatespeech targeting African;https://app.prolific.co/submissions/complete?cc=91442ADD
23569126_gab;HateXplain;<user> that is too funny i want to delete my jesus nigger thing and be something similar douglasvaughn <user>;1- <user>, 2- that, 3- is, 4- too, 5- funny, 6- i, 7- want, 8- to, 9- delete, 10- my, 11- jesus, 12- nigger, 13- thing, 14- and, 15- be, 16- something, 17- similar, 18- douglasvaughn, 19- <user>;hatespeech targeting African;https://app.prolific.co/submissions/complete?cc=91442ADD
1170067182069473282_twitter;HateXplain;oh look the refs a nigger again;1- oh, 2- look, 3- the, 4- refs, 5- a, 6- nigger, 7- again;hatespeech targeting African;https://app.prolific.co/submissions/complete?cc=91442ADD
6275765_gab;HateXplain;he said with a mouthful of nigger jew dick;1- he, 2- said, 3- with, 4- a, 5- mouthful, 6- of, 7- nigger, 8- jew, 9- dick;hatespeech targeting African;https://app.prolific.co/submissions/complete?cc=91442ADD
1178888618460491776_twitter;HateXplain;<user> fuck these niggers up;1- <user>, 2- fuck, 3- these, 4- niggers, 5- up;hatespeech targeting African;https://app.prolific.co/submissions/complete?cc=91442ADD
15217159_gab;HateXplain;the royals deserve no respect after the rothschilds took over the british empire after the french revolution but now they are absolutely beyond redemption with letting one of them marry a half nigger half jew every royal should be exterminated for this kill everyone related to them by blood too;1- the, 2- royals, 3- deserve, 4- no, 5- respect, 6- after, 7- the, 8- rothschilds, 9- took, 10- over, 11- the, 12- british, 13- empire, 14- after, 15- the, 16- french, 17- revolution, 18- but, 19- now, 20- they, 21- are, 22- absolutely, 23- beyond, 24- redemption, 25- with, 26- letting, 27- one, 28- of, 29- them, 30- marry, 31- a, 32- half, 33- nigger, 34- half, 35- jew, 36- every, 37- royal, 38- should, 39- be, 40- exterminated, 41- for, 42- this, 43- kill, 44- everyone, 45- related, 46- to, 47- them, 48- by, 49- blood, 50- too;hatespeech targeting African;https://app.prolific.co/submissions/complete?cc=91442ADD
1177583026730983424_twitter;HateXplain;fucking nigger me up the asshole with a hotrod nigga;1- fucking, 2- nigger, 3- me, 4- up, 5- the, 6- asshole, 7- with, 8- a, 9- hotrod, 10- nigga;offensive targeting African;https://app.prolific.co/submissions/complete?cc=91442ADD
23332294_gab;HateXplain;stop all that coon shit early morning cartoon shit this is that goon shit fuck up your whole afternoon shit;1- stop, 2- all, 3- that, 4- coon, 5- shit, 6- early, 7- morning, 8- cartoon, 9- shit, 10- this, 11- is, 12- that, 13- goon, 14- shit, 15- fuck, 16- up, 17- your, 18- whole, 19- afternoon, 20- shit;hatespeech targeting African;https://app.prolific.co/submissions/complete?cc=91442ADD
1178273282610667522_twitter;HateXplain;let me go and watch power because you niggers have no respect;1- let, 2- me, 3- go, 4- and, 5- watch, 6- power, 7- because, 8- you, 9- niggers, 10- have, 11- no, 12- respect;hatespeech targeting African;https://app.prolific.co/submissions/complete?cc=91442ADD
20448852_gab;HateXplain;not to mention eating beans and a nigger work song;1- not, 2- to, 3- mention, 4- eating, 5- beans, 6- and, 7- a, 8- nigger, 9- work, 10- song;hatespeech targeting African;https://app.prolific.co/submissions/complete?cc=91442ADD
1178887258352562179_twitter;HateXplain;i hate faggot ass niggas;1- i, 2- hate, 3- faggot, 4- ass, 5- niggas;offensive targeting African;https://app.prolific.co/submissions/complete?cc=91442ADD
17983273_gab;HateXplain;<number> probably working <number> hours a day just to survive <number> probably being a soldier on the eastern front <number> probably shooting a nigger who just tried to rob me;1- <number>, 2- probably, 3- working, 4- <number>, 5- hours, 6- a, 7- day, 8- just, 9- to, 10- survive, 11- <number>, 12- probably, 13- being, 14- a, 15- soldier, 16- on, 17- the, 18- eastern, 19- front, 20- <number>, 21- probably, 22- shooting, 23- a, 24- nigger, 25- who, 26- just, 27- tried, 28- to, 29- rob, 30- me;hatespeech targeting African;https://app.prolific.co/submissions/complete?cc=91442ADD
1179069426458644482_twitter;HateXplain;kevin gates make music for dykes and chubby nigga 🤷 🏽 ‍ ♂️;1- kevin, 2- gates, 3- make, 4- music, 5- for, 6- dykes, 7- and, 8- chubby, 9- nigga, 10- 🤷, 11- 🏽, 12- ♂️;hatespeech targeting African;https://app.prolific.co/submissions/complete?cc=91442ADD
23107237_gab;HateXplain;there are blacks i do not believe should have been killed but king was a nigger and a communist who d nights before his melon got popped been abusing white women forced into sex slavery;1- there, 2- are, 3- blacks, 4- i, 5- do, 6- not, 7- believe, 8- should, 9- have, 10- been, 11- killed, 12- but, 13- king, 14- was, 15- a, 16- nigger, 17- and, 18- a, 19- communist, 20- who, 21- d, 22- nights, 23- before, 24- his, 25- melon, 26- got, 27- popped, 28- been, 29- abusing, 30- white, 31- women, 32- forced, 33- into, 34- sex, 35- slavery;hatespeech targeting African;https://app.prolific.co/submissions/complete?cc=91442ADD
attention_33;attention check sentences (HateXplain targeting);goddamn ayrabs blowin up our shit all the time;1- goddamn, 2- ayrabs, 3- blowin, 4- up, 5- our, 6- shit, 7- all, 8- the, 9- time;offensive;https://app.prolific.co/submissions/complete?cc=91442ADD