"ID";"dataset";"text";"tokens";"label";"redirectUrl"
"19626016_gab";"HateXplain";"blacks are much fatter in white societies but they complain a lot guess thats why they all want to move here we tried investing there but they ate all the missionaries and raped all the nuns they dont understand homosexuality";"1- blacks, 2- are, 3- much, 4- fatter, 5- in, 6- white, 7- societies, 8- but, 9- they, 10- complain, 11- a, 12- lot, 13- guess, 14- thats, 15- why, 16- they, 17- all, 18- want, 19- to, 20- move, 21- here, 22- we, 23- tried, 24- investing, 25- there, 26- but, 27- they, 28- ate, 29- all, 30- the, 31- missionaries, 32- and, 33- raped, 34- all, 35- the, 36- nuns, 37- they, 38- dont, 39- understand, 40- homosexuality";"hatespeech targeting African";"https://app.prolific.co/submissions/complete?cc=91442ADD"
"19652602_gab";"HateXplain";"my fellow whites i have terrible news jews and niggers still exist";"1- my, 2- fellow, 3- whites, 4- i, 5- have, 6- terrible, 7- news, 8- jews, 9- and, 10- niggers, 11- still, 12- exist";"hatespeech targeting African";"https://app.prolific.co/submissions/complete?cc=91442ADD"
"19685850_gab";"HateXplain";"but thats good tho who doesnt want to sterilise niggers";"1- but, 2- thats, 3- good, 4- tho, 5- who, 6- doesnt, 7- want, 8- to, 9- sterilise, 10- niggers";"hatespeech targeting African";"https://app.prolific.co/submissions/complete?cc=91442ADD"
"19712303_gab";"HateXplain";"if you think that hitting your wife is acceptable behavior you are no better than the filthy muslim or a degenerate negro football player";"1- if, 2- you, 3- think, 4- that, 5- hitting, 6- your, 7- wife, 8- is, 9- acceptable, 10- behavior, 11- you, 12- are, 13- no, 14- better, 15- than, 16- the, 17- filthy, 18- muslim, 19- or, 20- a, 21- degenerate, 22- negro, 23- football, 24- player";"hatespeech targeting African";"https://app.prolific.co/submissions/complete?cc=91442ADD"
"19736399_gab";"HateXplain";"if they gave those chickens to africa we would not need to bring all those refugees here";"1- if, 2- they, 3- gave, 4- those, 5- chickens, 6- to, 7- africa, 8- we, 9- would, 10- not, 11- need, 12- to, 13- bring, 14- all, 15- those, 16- refugees, 17- here";"hatespeech targeting African";"https://app.prolific.co/submissions/complete?cc=91442ADD"
"19757961_gab";"HateXplain";"seems as if you were right no more nigger or sandnigger bastards";"1- seems, 2- as, 3- if, 4- you, 5- were, 6- right, 7- no, 8- more, 9- nigger, 10- or, 11- sandnigger, 12- bastards";"hatespeech targeting African";"https://app.prolific.co/submissions/complete?cc=91442ADD"
"19775180_gab";"HateXplain";"dear black people your paintings suck michael obama looks like it tryin a be white barry looks like a retarded step child";"1- dear, 2- black, 3- people, 4- your, 5- paintings, 6- suck, 7- michael, 8- obama, 9- looks, 10- like, 11- it, 12- tryin, 13- a, 14- be, 15- white, 16- barry, 17- looks, 18- like, 19- a, 20- retarded, 21- step, 22- child";"hatespeech targeting African";"https://app.prolific.co/submissions/complete?cc=91442ADD"
"19795578_gab";"HateXplain";"imagine the riots if people actually got food boxes instead of ebt cards every ghetto in america would look like ferguson";"1- imagine, 2- the, 3- riots, 4- if, 5- people, 6- actually, 7- got, 8- food, 9- boxes, 10- instead, 11- of, 12- ebt, 13- cards, 14- every, 15- ghetto, 16- in, 17- america, 18- would, 19- look, 20- like, 21- ferguson";"hatespeech targeting African";"https://app.prolific.co/submissions/complete?cc=91442ADD"
"19795862_gab";"HateXplain";"leftists need to stop helping black folks that the reason there are ghettos in the first place lower standards for blacks is racism";"1- leftists, 2- need, 3- to, 4- stop, 5- helping, 6- black, 7- folks, 8- that, 9- the, 10- reason, 11- there, 12- are, 13- ghettos, 14- in, 15- the, 16- first, 17- place, 18- lower, 19- standards, 20- for, 21- blacks, 22- is, 23- racism";"offensive targeting African";"https://app.prolific.co/submissions/complete?cc=91442ADD"
"19821887_gab";"HateXplain";"this is why jews and niggers hate cultural appropriation mr bond makes better rap music getting shoahed from youtube twice a month than this slob makes with tens of thousands of white guilt dollars";"1- this, 2- is, 3- why, 4- jews, 5- and, 6- niggers, 7- hate, 8- cultural, 9- appropriation, 10- mr, 11- bond, 12- makes, 13- better, 14- rap, 15- music, 16- getting, 17- shoahed, 18- from, 19- youtube, 20- twice, 21- a, 22- month, 23- than, 24- this, 25- slob, 26- makes, 27- with, 28- tens, 29- of, 30- thousands, 31- of, 32- white, 33- guilt, 34- dollars";"hatespeech targeting African";"https://app.prolific.co/submissions/complete?cc=91442ADD"
"19829033_gab";"HateXplain";"you talk as if it avoidable have you looked around lately the communist nigger president just enshrined in our hallowed halls a portrait from the kill whitey artist white women are <number> of global population your arguments are boering 😉";"1- you, 2- talk, 3- as, 4- if, 5- it, 6- avoidable, 7- have, 8- you, 9- looked, 10- around, 11- lately, 12- the, 13- communist, 14- nigger, 15- president, 16- just, 17- enshrined, 18- in, 19- our, 20- hallowed, 21- halls, 22- a, 23- portrait, 24- from, 25- the, 26- kill, 27- whitey, 28- artist, 29- white, 30- women, 31- are, 32- <number>, 33- of, 34- global, 35- population, 36- your, 37- arguments, 38- are, 39- boering, 40- 😉";"hatespeech targeting African";"https://app.prolific.co/submissions/complete?cc=91442ADD"
"19832825_gab";"HateXplain";"how about a white farmer he grows corn and kicks nigger ass he cleans up south africa";"1- how, 2- about, 3- a, 4- white, 5- farmer, 6- he, 7- grows, 8- corn, 9- and, 10- kicks, 11- nigger, 12- ass, 13- he, 14- cleans, 15- up, 16- south, 17- africa";"hatespeech targeting African";"https://app.prolific.co/submissions/complete?cc=91442ADD"
"19845651_gab";"HateXplain";"what a fucking nigger looks like";"1- what, 2- a, 3- fucking, 4- nigger, 5- looks, 6- like";"hatespeech targeting African";"https://app.prolific.co/submissions/complete?cc=91442ADD"
"19847312_gab";"HateXplain";"this dumb fucking kike has three houses wealth and income inequality means let pay niggers to be lazy because that what equality means go to school study do not be a fucking nigger and work hard quit blaming hard working whitey for niggers shitty lives";"1- this, 2- dumb, 3- fucking, 4- kike, 5- has, 6- three, 7- houses, 8- wealth, 9- and, 10- income, 11- inequality, 12- means, 13- let, 14- pay, 15- niggers, 16- to, 17- be, 18- lazy, 19- because, 20- that, 21- what, 22- equality, 23- means, 24- go, 25- to, 26- school, 27- study, 28- do, 29- not, 30- be, 31- a, 32- fucking, 33- nigger, 34- and, 35- work, 36- hard, 37- quit, 38- blaming, 39- hard, 40- working, 41- whitey, 42- for, 43- niggers, 44- shitty, 45- lives";"hatespeech targeting African";"https://app.prolific.co/submissions/complete?cc=91442ADD"
"19923123_gab";"HateXplain";"black panther is bullshit the reality is darker than any african thousands of years later they are still killing each other at an alarming pace and they have turned south africa into a ghetto where murdering white families is their latest endeavor";"1- black, 2- panther, 3- is, 4- bullshit, 5- the, 6- reality, 7- is, 8- darker, 9- than, 10- any, 11- african, 12- thousands, 13- of, 14- years, 15- later, 16- they, 17- are, 18- still, 19- killing, 20- each, 21- other, 22- at, 23- an, 24- alarming, 25- pace, 26- and, 27- they, 28- have, 29- turned, 30- south, 31- africa, 32- into, 33- a, 34- ghetto, 35- where, 36- murdering, 37- white, 38- families, 39- is, 40- their, 41- latest, 42- endeavor";"hatespeech targeting African";"https://app.prolific.co/submissions/complete?cc=91442ADD"
"19977150_gab";"HateXplain";"why is the dole queue in the ghetto so black";"1- why, 2- is, 3- the, 4- dole, 5- queue, 6- in, 7- the, 8- ghetto, 9- so, 10- black";"offensive targeting African";"https://app.prolific.co/submissions/complete?cc=91442ADD"
"20009211_gab";"HateXplain";"do not give money to foundations you will be paying for rich blacks to have the delight of white women";"1- do, 2- not, 3- give, 4- money, 5- to, 6- foundations, 7- you, 8- will, 9- be, 10- paying, 11- for, 12- rich, 13- blacks, 14- to, 15- have, 16- the, 17- delight, 18- of, 19- white, 20- women";"offensive targeting African";"https://app.prolific.co/submissions/complete?cc=91442ADD"
"2003844_gab";"HateXplain";"for all the taxes they take out of my paycheck the least they could do is send me a picture of the ghetto family i am supporting to hang on my fridge";"1- for, 2- all, 3- the, 4- taxes, 5- they, 6- take, 7- out, 8- of, 9- my, 10- paycheck, 11- the, 12- least, 13- they, 14- could, 15- do, 16- is, 17- send, 18- me, 19- a, 20- picture, 21- of, 22- the, 23- ghetto, 24- family, 25- i, 26- am, 27- supporting, 28- to, 29- hang, 30- on, 31- my, 32- fridge";"offensive targeting African";"https://app.prolific.co/submissions/complete?cc=91442ADD"
"20043793_gab";"HateXplain";"question do greeks know how to tie nooses because i have yet to hear anything about niggers or sand niggers rapefugees getting lynched 😂";"1- question, 2- do, 3- greeks, 4- know, 5- how, 6- to, 7- tie, 8- nooses, 9- because, 10- i, 11- have, 12- yet, 13- to, 14- hear, 15- anything, 16- about, 17- niggers, 18- or, 19- sand, 20- niggers, 21- rapefugees, 22- getting, 23- lynched, 24- 😂";"hatespeech targeting African";"https://app.prolific.co/submissions/complete?cc=91442ADD"
"20075975_gab";"HateXplain";"i too hate the current shitty times when black races are everywhere and the new anti white gestapo laws hunt us down i do not want to see white sluts and black nigs arabs couples on the street makes me sick";"1- i, 2- too, 3- hate, 4- the, 5- current, 6- shitty, 7- times, 8- when, 9- black, 10- races, 11- are, 12- everywhere, 13- and, 14- the, 15- new, 16- anti, 17- white, 18- gestapo, 19- laws, 20- hunt, 21- us, 22- down, 23- i, 24- do, 25- not, 26- want, 27- to, 28- see, 29- white, 30- sluts, 31- and, 32- black, 33- nigs, 34- arabs, 35- couples, 36- on, 37- the, 38- street, 39- makes, 40- me, 41- sick";"hatespeech targeting African";"https://app.prolific.co/submissions/complete?cc=91442ADD"
"20079767_gab";"HateXplain";"fuck niggers and jews";"1- fuck, 2- niggers, 3- and, 4- jews";"hatespeech targeting African";"https://app.prolific.co/submissions/complete?cc=91442ADD"
"20126355_gab";"HateXplain";"they are using arabs and africans to wipe out the western culture people it came from their mouths check my bitchute";"1- they, 2- are, 3- using, 4- arabs, 5- and, 6- africans, 7- to, 8- wipe, 9- out, 10- the, 11- western, 12- culture, 13- people, 14- it, 15- came, 16- from, 17- their, 18- mouths, 19- check, 20- my, 21- bitchute";"hatespeech targeting African";"https://app.prolific.co/submissions/complete?cc=91442ADD"
"20165768_gab";"HateXplain";"my liberal duped white niece is raising <number> black kids she thinks she is so compassionate and doing a great thing instead of having her own white kids";"1- my, 2- liberal, 3- duped, 4- white, 5- niece, 6- is, 7- raising, 8- <number>, 9- black, 10- kids, 11- she, 12- thinks, 13- she, 14- is, 15- so, 16- compassionate, 17- and, 18- doing, 19- a, 20- great, 21- thing, 22- instead, 23- of, 24- having, 25- her, 26- own, 27- white, 28- kids";"offensive targeting African";"https://app.prolific.co/submissions/complete?cc=91442ADD"
"20199568_gab";"HateXplain";"jew are in a hurry to kill all whites because the lord of the bible has promised them that once all whites are gone black people will work as slaves in their factories see what they convince blacks to do to white peoplein south africa";"1- jew, 2- are, 3- in, 4- a, 5- hurry, 6- to, 7- kill, 8- all, 9- whites, 10- because, 11- the, 12- lord, 13- of, 14- the, 15- bible, 16- has, 17- promised, 18- them, 19- that, 20- once, 21- all, 22- whites, 23- are, 24- gone, 25- black, 26- people, 27- will, 28- work, 29- as, 30- slaves, 31- in, 32- their, 33- factories, 34- see, 35- what, 36- they, 37- convince, 38- blacks, 39- to, 40- do, 41- to, 42- white, 43- peoplein, 44- south, 45- africa";"hatespeech targeting African";"https://app.prolific.co/submissions/complete?cc=91442ADD"
"20358358_gab";"HateXplain";"chicago like all the niggers you do not want have guns do";"1- chicago, 2- like, 3- all, 4- the, 5- niggers, 6- you, 7- do, 8- not, 9- want, 10- have, 11- guns, 12- do";"hatespeech targeting African";"https://app.prolific.co/submissions/complete?cc=91442ADD"
"20488121_gab";"HateXplain";"over the top i have stomped hundreds of niggers sea niggers sand niggers every nigger i see ill stomp it what are you some kind of nigger lover we do not like your kind around here";"1- over, 2- the, 3- top, 4- i, 5- have, 6- stomped, 7- hundreds, 8- of, 9- niggers, 10- sea, 11- niggers, 12- sand, 13- niggers, 14- every, 15- nigger, 16- i, 17- see, 18- ill, 19- stomp, 20- it, 21- what, 22- are, 23- you, 24- some, 25- kind, 26- of, 27- nigger, 28- lover, 29- we, 30- do, 31- not, 32- like, 33- your, 34- kind, 35- around, 36- here";"hatespeech targeting African";"https://app.prolific.co/submissions/complete?cc=91442ADD"
"20655514_gab";"HateXplain";"so am i to assume with your handle name that you are a ghetto pos that can not read or write";"1- so, 2- am, 3- i, 4- to, 5- assume, 6- with, 7- your, 8- handle, 9- name, 10- that, 11- you, 12- are, 13- a, 14- ghetto, 15- pos, 16- that, 17- can, 18- not, 19- read, 20- or, 21- write";"offensive targeting African";"https://app.prolific.co/submissions/complete?cc=91442ADD"
"20660022_gab";"HateXplain";"big fuckin deal both papa johns and the nfl are absolute shit for bugmen get a real friggin pizza and stop watching niggers play with their balls";"1- big, 2- fuckin, 3- deal, 4- both, 5- papa, 6- johns, 7- and, 8- the, 9- nfl, 10- are, 11- absolute, 12- shit, 13- for, 14- bugmen, 15- get, 16- a, 17- real, 18- friggin, 19- pizza, 20- and, 21- stop, 22- watching, 23- niggers, 24- play, 25- with, 26- their, 27- balls";"hatespeech targeting African";"https://app.prolific.co/submissions/complete?cc=91442ADD"
"20740370_gab";"HateXplain";"white cop walking through ghetto halt right there stop trying to build wakanda black person pew pew pew";"1- white, 2- cop, 3- walking, 4- through, 5- ghetto, 6- halt, 7- right, 8- there, 9- stop, 10- trying, 11- to, 12- build, 13- wakanda, 14- black, 15- person, 16- pew, 17- pew, 18- pew";"offensive targeting African";"https://app.prolific.co/submissions/complete?cc=91442ADD"
"attention_16";"attention check sentences (HateXplain targeting)";"oh these indians you find them everywhere you go my doctor is indian so is this taxi driver";"1- oh, 2- these, 3- indians, 4- you, 5- find, 6- them, 7- everywhere, 8- you, 9- go, 10- my, 11- doctor, 12- is, 13- indian, 14- so, 15- is, 16- this, 17- taxi, 18- driver";"offensive";"https://app.prolific.co/submissions/complete?cc=91442ADD"