"ID";"dataset";"text";"tokens";"label";"redirectUrl"
"16133223_gab";"HateXplain";"he just pointing out that niggers are gonna nog you rastus are a stupid nigger thinking nazis like us are republicans 🖕 🏻 🖕 🏻 🖕 🏻 🖕 🏻 🙆 🏿 ‍ ♂️ <user>";"1- he, 2- just, 3- pointing, 4- out, 5- that, 6- niggers, 7- are, 8- gonna, 9- nog, 10- you, 11- rastus, 12- are, 13- a, 14- stupid, 15- nigger, 16- thinking, 17- nazis, 18- like, 19- us, 20- are, 21- republicans, 22- 🖕, 23- 🏻, 24- 🖕, 25- 🏻, 26- 🖕, 27- 🏻, 28- 🖕, 29- 🏻, 30- 🙆, 31- 🏿, 32- ‍, 33- ♂️, 34- <user>";"hatespeech targeting African";"https://app.prolific.co/submissions/complete?cc=91442ADD"
"16190530_gab";"HateXplain";"kikeroyalty queen victoria was a dope smoking sex maniac who infiltrated faulty kike genes like hemophilia all over europe royal families and was a willing mistress to the rothschilds read victoria gene and the purple secret look in the <user> timeline victoria real secret";"1- kikeroyalty, 2- queen, 3- victoria, 4- was, 5- a, 6- dope, 7- smoking, 8- sex, 9- maniac, 10- who, 11- infiltrated, 12- faulty, 13- kike, 14- genes, 15- like, 16- hemophilia, 17- all, 18- over, 19- europe, 20- royal, 21- families, 22- and, 23- was, 24- a, 25- willing, 26- mistress, 27- to, 28- the, 29- rothschilds, 30- read, 31- victoria, 32- gene, 33- and, 34- the, 35- purple, 36- secret, 37- look, 38- in, 39- the, 40- <user>, 41- timeline, 42- victoria, 43- real, 44- secret";"hatespeech targeting Jewish";"https://app.prolific.co/submissions/complete?cc=91442ADD"
"18020273_gab";"HateXplain";"😂 😂 😂 i could just imagine at least i know not to cross you i will nickname you the muzrat killer 😂 😂 😂";"1- 😂, 2- 😂, 3- 😂, 4- i, 5- could, 6- just, 7- imagine, 8- at, 9- least, 10- i, 11- know, 12- not, 13- to, 14- cross, 15- you, 16- i, 17- will, 18- nickname, 19- you, 20- the, 21- muzrat, 22- killer, 23- 😂, 24- 😂, 25- 😂";"hatespeech targeting Islam";"https://app.prolific.co/submissions/complete?cc=91442ADD"
"22293953_gab";"HateXplain";"<user> ‍ rc maxwell hi everyone i am a gay nigger who is above the degeneracy of the strawman of cantwell i have prepared for you now lets talk about ok cupid posts because as a nigger muh dick iq only can go so far in an intelligent discussion";"1- <user>, 2- ‍, 3- rc, 4- maxwell, 5- hi, 6- everyone, 7- i, 8- am, 9- a, 10- gay, 11- nigger, 12- who, 13- is, 14- above, 15- the, 16- degeneracy, 17- of, 18- the, 19- strawman, 20- of, 21- cantwell, 22- i, 23- have, 24- prepared, 25- for, 26- you, 27- now, 28- lets, 29- talk, 30- about, 31- ok, 32- cupid, 33- posts, 34- because, 35- as, 36- a, 37- nigger, 38- muh, 39- dick, 40- iq, 41- only, 42- can, 43- go, 44- so, 45- far, 46- in, 47- an, 48- intelligent, 49- discussion";"hatespeech targeting African";"https://app.prolific.co/submissions/complete?cc=91442ADD"
"17448265_gab";"HateXplain";"bye bye kike er may you be reincarnated a worm after a long time in hell";"1- bye, 2- bye, 3- kike, 4- er, 5- may, 6- you, 7- be, 8- reincarnated, 9- a, 10- worm, 11- after, 12- a, 13- long, 14- time, 15- in, 16- hell";"hatespeech targeting Jewish";"https://app.prolific.co/submissions/complete?cc=91442ADD"
"25739189_gab";"HateXplain";"yes seen this before it shows how devious and really dishonest these fucking moslem shite are";"1- yes, 2- seen, 3- this, 4- before, 5- it, 6- shows, 7- how, 8- devious, 9- and, 10- really, 11- dishonest, 12- these, 13- fucking, 14- moslem, 15- shite, 16- are";"hatespeech targeting Islam";"https://app.prolific.co/submissions/complete?cc=91442ADD"
"11546421_gab";"HateXplain";"hey internet coward show your face hypocrite faggot the reason you can not have nice things is because when your mouth is not full of nigger dick your ass is";"1- hey, 2- internet, 3- coward, 4- show, 5- your, 6- face, 7- hypocrite, 8- faggot, 9- the, 10- reason, 11- you, 12- can, 13- not, 14- have, 15- nice, 16- things, 17- is, 18- because, 19- when, 20- your, 21- mouth, 22- is, 23- not, 24- full, 25- of, 26- nigger, 27- dick, 28- your, 29- ass, 30- is";"hatespeech targeting African";"https://app.prolific.co/submissions/complete?cc=91442ADD"
"19269291_gab";"HateXplain";"fuck off you kike schill";"1- fuck, 2- off, 3- you, 4- kike, 5- schill";"hatespeech targeting Jewish";"https://app.prolific.co/submissions/complete?cc=91442ADD"
"14410484_gab";"HateXplain";"the french have shown in the past they are cowards willing to submit to fascist nazis rather than fight for their freedom the moslem takeover of france is little different german nazis have merely been replaced with moslem nazis islamofascism once a dhimmi always a dhimmi";"1- the, 2- french, 3- have, 4- shown, 5- in, 6- the, 7- past, 8- they, 9- are, 10- cowards, 11- willing, 12- to, 13- submit, 14- to, 15- fascist, 16- nazis, 17- rather, 18- than, 19- fight, 20- for, 21- their, 22- freedom, 23- the, 24- moslem, 25- takeover, 26- of, 27- france, 28- is, 29- little, 30- different, 31- german, 32- nazis, 33- have, 34- merely, 35- been, 36- replaced, 37- with, 38- moslem, 39- nazis, 40- islamofascism, 41- once, 42- a, 43- dhimmi, 44- always, 45- a, 46- dhimmi";"hatespeech targeting Islam";"https://app.prolific.co/submissions/complete?cc=91442ADD"
"11966722_gab";"HateXplain";"i have a racist harley every time i crank it it says run nigger nigger nigger old but good";"1- i, 2- have, 3- a, 4- racist, 5- harley, 6- every, 7- time, 8- i, 9- crank, 10- it, 11- it, 12- says, 13- run, 14- nigger, 15- nigger, 16- nigger, 17- old, 18- but, 19- good";"hatespeech targeting African";"https://app.prolific.co/submissions/complete?cc=91442ADD"
"15484856_gab";"HateXplain";"get in line cunt fucking jew bitch christ killing baby raping kike whore";"1- get, 2- in, 3- line, 4- cunt, 5- fucking, 6- jew, 7- bitch, 8- christ, 9- killing, 10- baby, 11- raping, 12- kike, 13- whore";"hatespeech targeting Jewish";"https://app.prolific.co/submissions/complete?cc=91442ADD"
"26342460_gab";"HateXplain";"good moslem if only we can get them to do this before wives squat out shitlings";"1- good, 2- moslem, 3- if, 4- only, 5- we, 6- can, 7- get, 8- them, 9- to, 10- do, 11- this, 12- before, 13- wives, 14- squat, 15- out, 16- shitlings";"hatespeech targeting Islam";"https://app.prolific.co/submissions/complete?cc=91442ADD"
"12495056_gab";"HateXplain";"the nigger should just cut to the chase and break into the lot to steal the car";"1- the, 2- nigger, 3- should, 4- just, 5- cut, 6- to, 7- the, 8- chase, 9- and, 10- break, 11- into, 12- the, 13- lot, 14- to, 15- steal, 16- the, 17- car";"hatespeech targeting African";"https://app.prolific.co/submissions/complete?cc=91442ADD"
"21838010_gab";"HateXplain";"i did not say anything about doing something illegal i repeatedly asked the guy if he was ever planning on doing an event irl he assumed i meant shooting shit up he responded with you are a kike and a shill before blocking me";"1- i, 2- did, 3- not, 4- say, 5- anything, 6- about, 7- doing, 8- something, 9- illegal, 10- i, 11- repeatedly, 12- asked, 13- the, 14- guy, 15- if, 16- he, 17- was, 18- ever, 19- planning, 20- on, 21- doing, 22- an, 23- event, 24- irl, 25- he, 26- assumed, 27- i, 28- meant, 29- shooting, 30- shit, 31- up, 32- he, 33- responded, 34- with, 35- you, 36- are, 37- a, 38- kike, 39- and, 40- a, 41- shill, 42- before, 43- blocking, 44- me";"hatespeech targeting Jewish";"https://app.prolific.co/submissions/complete?cc=91442ADD"
"5848105_gab";"HateXplain";"our cultural commonalities with india are numerous some observe that india is our greatest ally in the region but they are unaware of it because we usually ignore them most people admire gandhi for his peaceful solutions his own people killed him over muzzie issues";"1- our, 2- cultural, 3- commonalities, 4- with, 5- india, 6- are, 7- numerous, 8- some, 9- observe, 10- that, 11- india, 12- is, 13- our, 14- greatest, 15- ally, 16- in, 17- the, 18- region, 19- but, 20- they, 21- are, 22- unaware, 23- of, 24- it, 25- because, 26- we, 27- usually, 28- ignore, 29- them, 30- most, 31- people, 32- admire, 33- gandhi, 34- for, 35- his, 36- peaceful, 37- solutions, 38- his, 39- own, 40- people, 41- killed, 42- him, 43- over, 44- muzzie, 45- issues";"offensive targeting Islam";"https://app.prolific.co/submissions/complete?cc=91442ADD"
"11656314_gab";"HateXplain";"he sounds like a jewish nigger";"1- he, 2- sounds, 3- like, 4- a, 5- jewish, 6- nigger";"hatespeech targeting African";"https://app.prolific.co/submissions/complete?cc=91442ADD"
"27370845_gab";"HateXplain";"you sound like a fucking kike";"1- you, 2- sound, 3- like, 4- a, 5- fucking, 6- kike";"hatespeech targeting Jewish";"https://app.prolific.co/submissions/complete?cc=91442ADD"
"25160111_gab";"HateXplain";"why would any self respecting camel piss guzzling moslem give lurch the horseface the time of day";"1- why, 2- would, 3- any, 4- self, 5- respecting, 6- camel, 7- piss, 8- guzzling, 9- moslem, 10- give, 11- lurch, 12- the, 13- horseface, 14- the, 15- time, 16- of, 17- day";"hatespeech targeting Islam";"https://app.prolific.co/submissions/complete?cc=91442ADD"
"1170769_gab";"HateXplain";"<user> snerfbucket ima try call me nigger";"1- <user>, 2- snerfbucket, 3- ima, 4- try, 5- call, 6- me, 7- nigger";"hatespeech targeting African";"https://app.prolific.co/submissions/complete?cc=91442ADD"
"18728472_gab";"HateXplain";"i just roasted my kike";"1- i, 2- just, 3- roasted, 4- my, 5- kike";"hatespeech targeting Jewish";"https://app.prolific.co/submissions/complete?cc=91442ADD"
"1923327_gab";"HateXplain";"<user> im not too worried about chinese migration its the mudslime one that bothers me";"1- <user>, 2- im, 3- not, 4- too, 5- worried, 6- about, 7- chinese, 8- migration, 9- its, 10- the, 11- mudslime, 12- one, 13- that, 14- bothers, 15- me";"hatespeech targeting Islam";"https://app.prolific.co/submissions/complete?cc=91442ADD"
"18003032_gab";"HateXplain";"both hillary and trump are civic nationalists though america has been civic nationalist for a very long time now we are really learning about the downsides of civic nationalism the spic nig cycle the hostile alien elite are logical consequences of civic nationalism niches waiting to be filled";"1- both, 2- hillary, 3- and, 4- trump, 5- are, 6- civic, 7- nationalists, 8- though, 9- america, 10- has, 11- been, 12- civic, 13- nationalist, 14- for, 15- a, 16- very, 17- long, 18- time, 19- now, 20- we, 21- are, 22- really, 23- learning, 24- about, 25- the, 26- downsides, 27- of, 28- civic, 29- nationalism, 30- the, 31- spic, 32- nig, 33- cycle, 34- the, 35- hostile, 36- alien, 37- elite, 38- are, 39- logical, 40- consequences, 41- of, 42- civic, 43- nationalism, 44- niches, 45- waiting, 46- to, 47- be, 48- filled";"hatespeech targeting African";"https://app.prolific.co/submissions/complete?cc=91442ADD"
"11272788_gab";"HateXplain";"oh look another anti white kike on gab my muslim buddies stab jews for peace";"1- oh, 2- look, 3- another, 4- anti, 5- white, 6- kike, 7- on, 8- gab, 9- my, 10- muslim, 11- buddies, 12- stab, 13- jews, 14- for, 15- peace";"hatespeech targeting Jewish";"https://app.prolific.co/submissions/complete?cc=91442ADD"
"17737150_gab";"HateXplain";"well thanks greece really is my second home in a way i can only hope it returns to its glory and we one day live to see a third balkan war to rout the mudslimes out of our region for good";"1- well, 2- thanks, 3- greece, 4- really, 5- is, 6- my, 7- second, 8- home, 9- in, 10- a, 11- way, 12- i, 13- can, 14- only, 15- hope, 16- it, 17- returns, 18- to, 19- its, 20- glory, 21- and, 22- we, 23- one, 24- day, 25- live, 26- to, 27- see, 28- a, 29- third, 30- balkan, 31- war, 32- to, 33- rout, 34- the, 35- mudslimes, 36- out, 37- of, 38- our, 39- region, 40- for, 41- good";"hatespeech targeting Islam";"https://app.prolific.co/submissions/complete?cc=91442ADD"
"16732270_gab";"HateXplain";"send this spear chucking jigaboo to somalia";"1- send, 2- this, 3- spear, 4- chucking, 5- jigaboo, 6- to, 7- somalia";"hatespeech targeting African";"https://app.prolific.co/submissions/complete?cc=91442ADD"
"13061735_gab";"HateXplain";"microchip admits to being a kike so his antipathy to christianity is basically genetic";"1- microchip, 2- admits, 3- to, 4- being, 5- a, 6- kike, 7- so, 8- his, 9- antipathy, 10- to, 11- christianity, 12- is, 13- basically, 14- genetic";"hatespeech targeting Jewish";"https://app.prolific.co/submissions/complete?cc=91442ADD"
"14197340_gab";"HateXplain";"<user> your a muzzy that murders kurds if your not a parody account";"1- <user>, 2- your, 3- a, 4- muzzy, 5- that, 6- murders, 7- kurds, 8- if, 9- your, 10- not, 11- a, 12- parody, 13- account";"hatespeech targeting Islam";"https://app.prolific.co/submissions/complete?cc=91442ADD"
"22317052_gab";"HateXplain";"you know how that nigger blamed weather on rothschilds without realizing he was naming the jew and then his kike handlers wrote his apology for him maybe trump did not realize what globalist meant and now his kike handlers jarvanka have taken over";"1- you, 2- know, 3- how, 4- that, 5- nigger, 6- blamed, 7- weather, 8- on, 9- rothschilds, 10- without, 11- realizing, 12- he, 13- was, 14- naming, 15- the, 16- jew, 17- and, 18- then, 19- his, 20- kike, 21- handlers, 22- wrote, 23- his, 24- apology, 25- for, 26- him, 27- maybe, 28- trump, 29- did, 30- not, 31- realize, 32- what, 33- globalist, 34- meant, 35- and, 36- now, 37- his, 38- kike, 39- handlers, 40- jarvanka, 41- have, 42- taken, 43- over";"hatespeech targeting African";"https://app.prolific.co/submissions/complete?cc=91442ADD"
"11958600_gab";"HateXplain";"sorry no final kike meals it makes the oven dirtier more ash to shovel out";"1- sorry, 2- no, 3- final, 4- kike, 5- meals, 6- it, 7- makes, 8- the, 9- oven, 10- dirtier, 11- more, 12- ash, 13- to, 14- shovel, 15- out";"hatespeech targeting Jewish";"https://app.prolific.co/submissions/complete?cc=91442ADD"
"attention_40";"attention check sentences (HateXplain targeting)";"that goddamn diaper head stole my car man";"1- that, 2- goddamn, 3- diaper, 4- head, 5- stole, 6- my, 7- car, 8- man";"offensive";"https://app.prolific.co/submissions/complete?cc=91442ADD"