ID;dataset;text;tokens;label;redirectUrl
17112256_gab;HateXplain;rico beaners are busy stealing hording the cash from charities and welfare daddy usa instead of fixing the infrastructure and getting shit done the problem is corruption by elected officials and puerto ricans always has been and always will be;1- rico, 2- beaners, 3- are, 4- busy, 5- stealing, 6- hording, 7- the, 8- cash, 9- from, 10- charities, 11- and, 12- welfare, 13- daddy, 14- usa, 15- instead, 16- of, 17- fixing, 18- the, 19- infrastructure, 20- and, 21- getting, 22- shit, 23- done, 24- the, 25- problem, 26- is, 27- corruption, 28- by, 29- elected, 30- officials, 31- and, 32- puerto, 33- ricans, 34- always, 35- has, 36- been, 37- and, 38- always, 39- will, 40- be;hatespeech targeting Hispanic;https://app.prolific.co/submissions/complete?cc=91442ADD
21889137_gab;HateXplain;people call fuentes a spic but do not care paul nehlen is married to a full blood beaner;1- people, 2- call, 3- fuentes, 4- a, 5- spic, 6- but, 7- do, 8- not, 9- care, 10- paul, 11- nehlen, 12- is, 13- married, 14- to, 15- a, 16- full, 17- blood, 18- beaner;hatespeech targeting Hispanic;https://app.prolific.co/submissions/complete?cc=91442ADD
14445063_gab;HateXplain;ok not only did i report that spic to ✝️ president trump 🇺 🇸 i sent a warning for him to make sure the ice deportation team that he sends has far sighted agents go get her since she such an ugly spic facially;1- ok, 2- not, 3- only, 4- did, 5- i, 6- report, 7- that, 8- spic, 9- to, 10- ✝️, 11- president, 12- trump, 13- 🇺, 14- 🇸, 15- i, 16- sent, 17- a, 18- warning, 19- for, 20- him, 21- to, 22- make, 23- sure, 24- the, 25- ice, 26- deportation, 27- team, 28- that, 29- he, 30- sends, 31- has, 32- far, 33- sighted, 34- agents, 35- go, 36- get, 37- her, 38- since, 39- she, 40- such, 41- an, 42- ugly, 43- spic, 44- facially;hatespeech targeting Hispanic;https://app.prolific.co/submissions/complete?cc=91442ADD
17789015_gab;HateXplain;someone should find her at home sometime and beat her with a pipe along with their wetback mayor;1- someone, 2- should, 3- find, 4- her, 5- at, 6- home, 7- sometime, 8- and, 9- beat, 10- her, 11- with, 12- a, 13- pipe, 14- along, 15- with, 16- their, 17- wetback, 18- mayor;hatespeech targeting Hispanic;https://app.prolific.co/submissions/complete?cc=91442ADD
19580962_gab;HateXplain;big pun had a particularly bombastic and technically competent flow that morbidly obese spic could definitely rap too bad he was too much of a weak bitch to put down the fucking twinkies and lose the weight;1- big, 2- pun, 3- had, 4- a, 5- particularly, 6- bombastic, 7- and, 8- technically, 9- competent, 10- flow, 11- that, 12- morbidly, 13- obese, 14- spic, 15- could, 16- definitely, 17- rap, 18- too, 19- bad, 20- he, 21- was, 22- too, 23- much, 24- of, 25- a, 26- weak, 27- bitch, 28- to, 29- put, 30- down, 31- the, 32- fucking, 33- twinkies, 34- and, 35- lose, 36- the, 37- weight;hatespeech targeting Hispanic;https://app.prolific.co/submissions/complete?cc=91442ADD
22294789_gab;HateXplain;current year game of clue <number> obama champion of change winner killed gay wetback couple or gay married hispanics at fl college with a <number> day old bridge memewar <user> ‍ would you make a current year game of clue shirt;1- current, 2- year, 3- game, 4- of, 5- clue, 6- <number>, 7- obama, 8- champion, 9- of, 10- change, 11- winner, 12- killed, 13- gay, 14- wetback, 15- couple, 16- or, 17- gay, 18- married, 19- hispanics, 20- at, 21- fl, 22- college, 23- with, 24- a, 25- <number>, 26- day, 27- old, 28- bridge, 29- memewar, 30- <user>, 31- ‍, 32- would, 33- you, 34- make, 35- a, 36- current, 37- year, 38- game, 39- of, 40- clue, 41- shirt;hatespeech targeting Hispanic;https://app.prolific.co/submissions/complete?cc=91442ADD
25424677_gab;HateXplain;muh national guard career they said i was like a nazi bc i was quiet so i told a story about how i got a spic at work to call the illegal spics spic they then said i was fucked up lol;1- muh, 2- national, 3- guard, 4- career, 5- they, 6- said, 7- i, 8- was, 9- like, 10- a, 11- nazi, 12- bc, 13- i, 14- was, 15- quiet, 16- so, 17- i, 18- told, 19- a, 20- story, 21- about, 22- how, 23- i, 24- got, 25- a, 26- spic, 27- at, 28- work, 29- to, 30- call, 31- the, 32- illegal, 33- spics, 34- spic, 35- they, 36- then, 37- said, 38- i, 39- was, 40- fucked, 41- up, 42- lol;hatespeech targeting Hispanic;https://app.prolific.co/submissions/complete?cc=91442ADD
21310397_gab;HateXplain;you should never take anything from a beaner butthole i will grant that;1- you, 2- should, 3- never, 4- take, 5- anything, 6- from, 7- a, 8- beaner, 9- butthole, 10- i, 11- will, 12- grant, 13- that;hatespeech targeting Hispanic;https://app.prolific.co/submissions/complete?cc=91442ADD
21726323_gab;HateXplain;you are not even white ya fucking kike suck that fuentes spic dick more fake ass kike moonman;1- you, 2- are, 3- not, 4- even, 5- white, 6- ya, 7- fucking, 8- kike, 9- suck, 10- that, 11- fuentes, 12- spic, 13- dick, 14- more, 15- fake, 16- ass, 17- kike, 18- moonman;hatespeech targeting Hispanic;https://app.prolific.co/submissions/complete?cc=91442ADD
10126246_gab;HateXplain;fairy tale the beaners are getting up there and the farm owners should be shot for treason;1- fairy, 2- tale, 3- the, 4- beaners, 5- are, 6- getting, 7- up, 8- there, 9- and, 10- the, 11- farm, 12- owners, 13- should, 14- be, 15- shot, 16- for, 17- treason;hatespeech targeting Hispanic;https://app.prolific.co/submissions/complete?cc=91442ADD
6694940_gab;HateXplain;tom perez the dnc chairman reminds me of lenin but as a spic so i am calling him spic lenin also i have not called anyone a spic in a long time can not let the old slurs call into disrepair;1- tom, 2- perez, 3- the, 4- dnc, 5- chairman, 6- reminds, 7- me, 8- of, 9- lenin, 10- but, 11- as, 12- a, 13- spic, 14- so, 15- i, 16- am, 17- calling, 18- him, 19- spic, 20- lenin, 21- also, 22- i, 23- have, 24- not, 25- called, 26- anyone, 27- a, 28- spic, 29- in, 30- a, 31- long, 32- time, 33- can, 34- not, 35- let, 36- the, 37- old, 38- slurs, 39- call, 40- into, 41- disrepair;hatespeech targeting Hispanic;https://app.prolific.co/submissions/complete?cc=91442ADD
21359601_gab;HateXplain;does not know the difference between latino and spic but thinks it an authority also thinks it smart 🤔;1- does, 2- not, 3- know, 4- the, 5- difference, 6- between, 7- latino, 8- and, 9- spic, 10- but, 11- thinks, 12- it, 13- an, 14- authority, 15- also, 16- thinks, 17- it, 18- smart, 19- 🤔;offensive targeting Hispanic;https://app.prolific.co/submissions/complete?cc=91442ADD
13813737_gab;HateXplain;i bet he a wetback tho she should be calling ice;1- i, 2- bet, 3- he, 4- a, 5- wetback, 6- tho, 7- she, 8- should, 9- be, 10- calling, 11- ice;offensive targeting Hispanic;https://app.prolific.co/submissions/complete?cc=91442ADD
17361501_gab;HateXplain;feel good story spic forced out of his job build the wall;1- feel, 2- good, 3- story, 4- spic, 5- forced, 6- out, 7- of, 8- his, 9- job, 10- build, 11- the, 12- wall;hatespeech targeting Hispanic;https://app.prolific.co/submissions/complete?cc=91442ADD
26702040_gab;HateXplain;<user> this is the guy i was meant to be arguing with his bio says he is a spic troll but press him on it and he isnt a spic i just got mixed up;1- <user>, 2- this, 3- is, 4- the, 5- guy, 6- i, 7- was, 8- meant, 9- to, 10- be, 11- arguing, 12- with, 13- his, 14- bio, 15- says, 16- he, 17- is, 18- a, 19- spic, 20- troll, 21- but, 22- press, 23- him, 24- on, 25- it, 26- and, 27- he, 28- isnt, 29- a, 30- spic, 31- i, 32- just, 33- got, 34- mixed, 35- up;offensive targeting Hispanic;https://app.prolific.co/submissions/complete?cc=91442ADD
27201633_gab;HateXplain;so i posted on craigslist rnr wondering why there were so many beaners in this town and i get this as a response i knew there were illiterates out there but this one is ridiculous;1- so, 2- i, 3- posted, 4- on, 5- craigslist, 6- rnr, 7- wondering, 8- why, 9- there, 10- were, 11- so, 12- many, 13- beaners, 14- in, 15- this, 16- town, 17- and, 18- i, 19- get, 20- this, 21- as, 22- a, 23- response, 24- i, 25- knew, 26- there, 27- were, 28- illiterates, 29- out, 30- there, 31- but, 32- this, 33- one, 34- is, 35- ridiculous;offensive targeting Hispanic;https://app.prolific.co/submissions/complete?cc=91442ADD
15556024_gab;HateXplain;aw did i trigger you with the spic comment i am so sorry report me to the gab authorities little girl;1- aw, 2- did, 3- i, 4- trigger, 5- you, 6- with, 7- the, 8- spic, 9- comment, 10- i, 11- am, 12- so, 13- sorry, 14- report, 15- me, 16- to, 17- the, 18- gab, 19- authorities, 20- little, 21- girl;hatespeech targeting Hispanic;https://app.prolific.co/submissions/complete?cc=91442ADD
18933424_gab;HateXplain;it may be that i am in california they are mostly wetback catholics disgusting hostile creatures no matter what god they pray to;1- it, 2- may, 3- be, 4- that, 5- i, 6- am, 7- in, 8- california, 9- they, 10- are, 11- mostly, 12- wetback, 13- catholics, 14- disgusting, 15- hostile, 16- creatures, 17- no, 18- matter, 19- what, 20- god, 21- they, 22- pray, 23- to;hatespeech targeting Hispanic;https://app.prolific.co/submissions/complete?cc=91442ADD
25730290_gab;HateXplain;tfw how the daily stormer protects a spic like he some kind of god;1- tfw, 2- how, 3- the, 4- daily, 5- stormer, 6- protects, 7- a, 8- spic, 9- like, 10- he, 11- some, 12- kind, 13- of, 14- god;hatespeech targeting Hispanic;https://app.prolific.co/submissions/complete?cc=91442ADD
13062338_gab;HateXplain;i was with it till i read the article and they put the spic ate tacos shoved down his throat he dead and a bunch of wasted tacos that will never be digested are just sitting in his stomach thanks tucker;1- i, 2- was, 3- with, 4- it, 5- till, 6- i, 7- read, 8- the, 9- article, 10- and, 11- they, 12- put, 13- the, 14- spic, 15- ate, 16- tacos, 17- shoved, 18- down, 19- his, 20- throat, 21- he, 22- dead, 23- and, 24- a, 25- bunch, 26- of, 27- wasted, 28- tacos, 29- that, 30- will, 31- never, 32- be, 33- digested, 34- are, 35- just, 36- sitting, 37- in, 38- his, 39- stomach, 40- thanks, 41- tucker;hatespeech targeting Hispanic;https://app.prolific.co/submissions/complete?cc=91442ADD
4015071_gab;HateXplain;i can barely go out into society anymore i basically just buy food from the beaner filled store pay all bills online then spend the day talking shit online like a coward what a life;1- i, 2- can, 3- barely, 4- go, 5- out, 6- into, 7- society, 8- anymore, 9- i, 10- basically, 11- just, 12- buy, 13- food, 14- from, 15- the, 16- beaner, 17- filled, 18- store, 19- pay, 20- all, 21- bills, 22- online, 23- then, 24- spend, 25- the, 26- day, 27- talking, 28- shit, 29- online, 30- like, 31- a, 32- coward, 33- what, 34- a, 35- life;hatespeech targeting Hispanic;https://app.prolific.co/submissions/complete?cc=91442ADD
25534402_gab;HateXplain;i want my flying car instead of a nation full of beaners;1- i, 2- want, 3- my, 4- flying, 5- car, 6- instead, 7- of, 8- a, 9- nation, 10- full, 11- of, 12- beaners;hatespeech targeting Hispanic;https://app.prolific.co/submissions/complete?cc=91442ADD
20563432_gab;HateXplain;that dumbass spic was destined to lose;1- that, 2- dumbass, 3- spic, 4- was, 5- destined, 6- to, 7- lose;hatespeech targeting Hispanic;https://app.prolific.co/submissions/complete?cc=91442ADD
25572783_gab;HateXplain;trump makes them strip off their masks but is this a case of trump pushing them to the left on they are simply of the left controlled opposition bill c said the same things as trump about immigration but the only wetback he wanted deported was elian gonzales;1- trump, 2- makes, 3- them, 4- strip, 5- off, 6- their, 7- masks, 8- but, 9- is, 10- this, 11- a, 12- case, 13- of, 14- trump, 15- pushing, 16- them, 17- to, 18- the, 19- left, 20- on, 21- they, 22- are, 23- simply, 24- of, 25- the, 26- left, 27- controlled, 28- opposition, 29- bill, 30- c, 31- said, 32- the, 33- same, 34- things, 35- as, 36- trump, 37- about, 38- immigration, 39- but, 40- the, 41- only, 42- wetback, 43- he, 44- wanted, 45- deported, 46- was, 47- elian, 48- gonzales;hatespeech targeting Hispanic;https://app.prolific.co/submissions/complete?cc=91442ADD
21884077_gab;HateXplain;it is that another beaner who won the affirmative action diversity lottery;1- it, 2- is, 3- that, 4- another, 5- beaner, 6- who, 7- won, 8- the, 9- affirmative, 10- action, 11- diversity, 12- lottery;hatespeech targeting Hispanic;https://app.prolific.co/submissions/complete?cc=91442ADD
26386955_gab;HateXplain;fat jews better hope a wetback engineer did not design their casting couches;1- fat, 2- jews, 3- better, 4- hope, 5- a, 6- wetback, 7- engineer, 8- did, 9- not, 10- design, 11- their, 12- casting, 13- couches;hatespeech targeting Hispanic;https://app.prolific.co/submissions/complete?cc=91442ADD
16768459_gab;HateXplain;is the word wetback banned;1- is, 2- the, 3- word, 4- wetback, 5- banned;hatespeech targeting Hispanic;https://app.prolific.co/submissions/complete?cc=91442ADD
25945928_gab;HateXplain;slut you could not afford a fucking <money> wedding cheap ass crossbreed wetback gorilla zoo animal;1- slut, 2- you, 3- could, 4- not, 5- afford, 6- a, 7- fucking, 8- <money>, 9- wedding, 10- cheap, 11- ass, 12- crossbreed, 13- wetback, 14- gorilla, 15- zoo, 16- animal;hatespeech targeting Hispanic;https://app.prolific.co/submissions/complete?cc=91442ADD
23674092_gab;HateXplain;sanctuary city leaders in los angeles are gloating over a court win over trump on withholding funds to the illegal abetters the ruling was handed down by a <number> year old spic judge who has been on the bench for over <number> years since appointed by lbj in the mid 6 0 manuel real;1- sanctuary, 2- city, 3- leaders, 4- in, 5- los, 6- angeles, 7- are, 8- gloating, 9- over, 10- a, 11- court, 12- win, 13- over, 14- trump, 15- on, 16- withholding, 17- funds, 18- to, 19- the, 20- illegal, 21- abetters, 22- the, 23- ruling, 24- was, 25- handed, 26- down, 27- by, 28- a, 29- <number>, 30- year, 31- old, 32- spic, 33- judge, 34- who, 35- has, 36- been, 37- on, 38- the, 39- bench, 40- for, 41- over, 42- <number>, 43- years, 44- since, 45- appointed, 46- by, 47- lbj, 48- in, 49- the, 50- mid, 51- 6, 52- 0, 53- manuel, 54- real;hatespeech targeting Hispanic;https://app.prolific.co/submissions/complete?cc=91442ADD
attention_23;attention chack sentences (HateXplain targeting);that serbian man can kick your scrawny polish ass;1- That, 2- Serbian, 3- man, 4- can, 5- kick, 6- your, 7- scrawny, 8- Polish, 9- ass;offensive;https://app.prolific.co/submissions/complete?cc=91442ADD