"ID";"dataset";"text";"tokens";"label";"redirectUrl"
"13795054_gab";"HateXplain";"are not you a hostile little snowflake listen dickwad quit misrepresenting my argument the hoodrats in the ghetto do not have the same culture as middle america you are retarded if you think they do ditto haiti they are slave colony that revolted and burned their infrastructure down doing it";"1- are, 2- not, 3- you, 4- a, 5- hostile, 6- little, 7- snowflake, 8- listen, 9- dickwad, 10- quit, 11- misrepresenting, 12- my, 13- argument, 14- the, 15- hoodrats, 16- in, 17- the, 18- ghetto, 19- do, 20- not, 21- have, 22- the, 23- same, 24- culture, 25- as, 26- middle, 27- america, 28- you, 29- are, 30- retarded, 31- if, 32- you, 33- think, 34- they, 35- do, 36- ditto, 37- haiti, 38- they, 39- are, 40- slave, 41- colony, 42- that, 43- revolted, 44- and, 45- burned, 46- their, 47- infrastructure, 48- down, 49- doing, 50- it";"hatespeech targeting African";"https://app.prolific.co/submissions/complete?cc=91442ADD"
"1178713835211022336_twitter";"HateXplain";"no joke the only thing i really hate about pittsburgh is the presence of white trash country bumpkin dipshits in their oversized trucks other than that it ok";"1- no, 2- joke, 3- the, 4- only, 5- thing, 6- i, 7- really, 8- hate, 9- about, 10- pittsburgh, 11- is, 12- the, 13- presence, 14- of, 15- white, 16- trash, 17- country, 18- bumpkin, 19- dipshits, 20- in, 21- their, 22- oversized, 23- trucks, 24- other, 25- than, 26- that, 27- it, 28- ok";"offensive targeting Caucasian";"https://app.prolific.co/submissions/complete?cc=91442ADD"
"17566705_gab";"HateXplain";"if men are only good for the money then women are only good for popping out babies the next society will remember this";"1- if, 2- men, 3- are, 4- only, 5- good, 6- for, 7- the, 8- money, 9- then, 10- women, 11- are, 12- only, 13- good, 14- for, 15- popping, 16- out, 17- babies, 18- the, 19- next, 20- society, 21- will, 22- remember, 23- this";"offensive targeting Women";"https://app.prolific.co/submissions/complete?cc=91442ADD"
"1169195056265228288_twitter";"HateXplain";"<user> liberandus and porkis crown these jihadis as their heroes";"1- <user>, 2- liberandus, 3- and, 4- porkis, 5- crown, 6- these, 7- jihadis, 8- as, 9- their, 10- heroes";"offensive targeting Islam";"https://app.prolific.co/submissions/complete?cc=91442ADD"
"15638143_gab";"HateXplain";"try telling those low income disabled whites who have lost their housing due to immigrants taking the social housing those who are too scared to walk down the streets that they benefit from islam what a liar";"1- try, 2- telling, 3- those, 4- low, 5- income, 6- disabled, 7- whites, 8- who, 9- have, 10- lost, 11- their, 12- housing, 13- due, 14- to, 15- immigrants, 16- taking, 17- the, 18- social, 19- housing, 20- those, 21- who, 22- are, 23- too, 24- scared, 25- to, 26- walk, 27- down, 28- the, 29- streets, 30- that, 31- they, 32- benefit, 33- from, 34- islam, 35- what, 36- a, 37- liar";"offensive targeting Islam";"https://app.prolific.co/submissions/complete?cc=91442ADD"
"1173067099910094853_twitter";"HateXplain";"if you dont feel comfortable giving them head don ’ t have sex with them thats ghetto";"1- if, 2- you, 3- dont, 4- feel, 5- comfortable, 6- giving, 7- them, 8- head, 9- don, 10- ’, 11- t, 12- have, 13- sex, 14- with, 15- them, 16- thats, 17- ghetto";"offensive targeting Other";"https://app.prolific.co/submissions/complete?cc=91442ADD"
"16824936_gab";"HateXplain";"of course he does not look white to you you are not intelligent enough to observe obvious similarities you are too stupid to be a part of this republic pack your shit retarded degenerate";"1- of, 2- course, 3- he, 4- does, 5- not, 6- look, 7- white, 8- to, 9- you, 10- you, 11- are, 12- not, 13- intelligent, 14- enough, 15- to, 16- observe, 17- obvious, 18- similarities, 19- you, 20- are, 21- too, 22- stupid, 23- to, 24- be, 25- a, 26- part, 27- of, 28- this, 29- republic, 30- pack, 31- your, 32- shit, 33- retarded, 34- degenerate";"offensive targeting Other";"https://app.prolific.co/submissions/complete?cc=91442ADD"
"1124192879667183616_twitter";"HateXplain";"<user> i dont like illegal immigrants and im dominican maga and ramfis trujillo <number>";"1- <user>, 2- i, 3- dont, 4- like, 5- illegal, 6- immigrants, 7- and, 8- im, 9- dominican, 10- maga, 11- and, 12- ramfis, 13- trujillo, 14- <number>";"offensive targeting Refugee";"https://app.prolific.co/submissions/complete?cc=91442ADD"
"18600571_gab";"HateXplain";"if illegal immigrants come here to take part in the american dream to work really hard then why do not they work hard to become a legal citizen hm";"1- if, 2- illegal, 3- immigrants, 4- come, 5- here, 6- to, 7- take, 8- part, 9- in, 10- the, 11- american, 12- dream, 13- to, 14- work, 15- really, 16- hard, 17- then, 18- why, 19- do, 20- not, 21- they, 22- work, 23- hard, 24- to, 25- become, 26- a, 27- legal, 28- citizen, 29- hm";"offensive targeting Refugee";"https://app.prolific.co/submissions/complete?cc=91442ADD"
"1187446263924580352_twitter";"HateXplain";"you ever see something happen and you just stand there thinking “ whew chile the ghetto ” 💀";"1- you, 2- ever, 3- see, 4- something, 5- happen, 6- and, 7- you, 8- just, 9- stand, 10- there, 11- thinking, 12- “, 13- whew, 14- chile, 15- the, 16- ghetto, 17- ”, 18- 💀";"offensive targeting African";"https://app.prolific.co/submissions/complete?cc=91442ADD"
"13799050_gab";"HateXplain";"lol the only things an african has ever invented is peanut butter like wow we really couldnt live with out that meanwhile white people and asians have invented practically everything in the modern world";"1- lol, 2- the, 3- only, 4- things, 5- an, 6- african, 7- has, 8- ever, 9- invented, 10- is, 11- peanut, 12- butter, 13- like, 14- wow, 15- we, 16- really, 17- couldnt, 18- live, 19- with, 20- out, 21- that, 22- meanwhile, 23- white, 24- people, 25- and, 26- asians, 27- have, 28- invented, 29- practically, 30- everything, 31- in, 32- the, 33- modern, 34- world";"offensive targeting African";"https://app.prolific.co/submissions/complete?cc=91442ADD"
"1179057662165684224_twitter";"HateXplain";"nothing worse than a ghetto white bitch that says the n word";"1- nothing, 2- worse, 3- than, 4- a, 5- ghetto, 6- white, 7- bitch, 8- that, 9- says, 10- the, 11- n, 12- word";"offensive targeting Caucasian";"https://app.prolific.co/submissions/complete?cc=91442ADD"
"17597990_gab";"HateXplain";"there should not be any female soldiers for any reason do not be a cuck i guess you are a girl so you can not be a cuck but just so you know women need to be mothers and not cheap copies of soldiers";"1- there, 2- should, 3- not, 4- be, 5- any, 6- female, 7- soldiers, 8- for, 9- any, 10- reason, 11- do, 12- not, 13- be, 14- a, 15- cuck, 16- i, 17- guess, 18- you, 19- are, 20- a, 21- girl, 22- so, 23- you, 24- can, 25- not, 26- be, 27- a, 28- cuck, 29- but, 30- just, 31- so, 32- you, 33- know, 34- women, 35- need, 36- to, 37- be, 38- mothers, 39- and, 40- not, 41- cheap, 42- copies, 43- of, 44- soldiers";"offensive targeting Women";"https://app.prolific.co/submissions/complete?cc=91442ADD"
"1169308617016827904_twitter";"HateXplain";"<user> a born again muslim is that like new socialism";"1- <user>, 2- a, 3- born, 4- again, 5- muslim, 6- is, 7- that, 8- like, 9- new, 10- socialism";"offensive targeting Islam";"https://app.prolific.co/submissions/complete?cc=91442ADD"
"15745653_gab";"HateXplain";"this is a good story <number> those times you hear we are a nation of immigrants wish there was a whiney font no other group of people came here started demanding that everyone make these kind of changes to accommodate them the way the muzzies do";"1- this, 2- is, 3- a, 4- good, 5- story, 6- <number>, 7- those, 8- times, 9- you, 10- hear, 11- we, 12- are, 13- a, 14- nation, 15- of, 16- immigrants, 17- wish, 18- there, 19- was, 20- a, 21- whiney, 22- font, 23- no, 24- other, 25- group, 26- of, 27- people, 28- came, 29- here, 30- started, 31- demanding, 32- that, 33- everyone, 34- make, 35- these, 36- kind, 37- of, 38- changes, 39- to, 40- accommodate, 41- them, 42- the, 43- way, 44- the, 45- muzzies, 46- do";"hatespeech targeting Islam";"https://app.prolific.co/submissions/complete?cc=91442ADD"
"1179071354533888000_twitter";"HateXplain";"<user> you mfs banning a fucking game like absolute retards";"1- <user>, 2- you, 3- mfs, 4- banning, 5- a, 6- fucking, 7- game, 8- like, 9- absolute, 10- retards";"offensive targeting Other";"https://app.prolific.co/submissions/complete?cc=91442ADD"
"16825951_gab";"HateXplain";"keep drinking the david duke kool aid retarded degenerate enjoy the ride he taking you on";"1- keep, 2- drinking, 3- the, 4- david, 5- duke, 6- kool, 7- aid, 8- retarded, 9- degenerate, 10- enjoy, 11- the, 12- ride, 13- he, 14- taking, 15- you, 16- on";"offensive targeting Other";"https://app.prolific.co/submissions/complete?cc=91442ADD"
"1145350924543692800_twitter";"HateXplain";"<user> i d rather people lived amongst immigrants than cunts like you is that plain enough english for you";"1- <user>, 2- i, 3- d, 4- rather, 5- people, 6- lived, 7- amongst, 8- immigrants, 9- than, 10- cunts, 11- like, 12- you, 13- is, 14- that, 15- plain, 16- enough, 17- english, 18- for, 19- you";"offensive targeting Refugee";"https://app.prolific.co/submissions/complete?cc=91442ADD"
"18784605_gab";"HateXplain";"al gore won the popular vote in <number> but only because of illegal immigrants in california";"1- al, 2- gore, 3- won, 4- the, 5- popular, 6- vote, 7- in, 8- <number>, 9- but, 10- only, 11- because, 12- of, 13- illegal, 14- immigrants, 15- in, 16- california";"offensive targeting Refugee";"https://app.prolific.co/submissions/complete?cc=91442ADD"
"1187933080012705794_twitter";"HateXplain";"i can ’ t stand a ghetto ass bitch";"1- i, 2- can, 3- ’, 4- t, 5- stand, 6- a, 7- ghetto, 8- ass, 9- bitch";"offensive targeting African";"https://app.prolific.co/submissions/complete?cc=91442ADD"
"13830820_gab";"HateXplain";"whites must adjust to reality to forever dirty war where niggers kill rob and rape them usually their weak and most defenseless in the thousands annually because that is how it is sigh";"1- whites, 2- must, 3- adjust, 4- to, 5- reality, 6- to, 7- forever, 8- dirty, 9- war, 10- where, 11- niggers, 12- kill, 13- rob, 14- and, 15- rape, 16- them, 17- usually, 18- their, 19- weak, 20- and, 21- most, 22- defenseless, 23- in, 24- the, 25- thousands, 26- annually, 27- because, 28- that, 29- is, 30- how, 31- it, 32- is, 33- sigh";"hatespeech targeting African";"https://app.prolific.co/submissions/complete?cc=91442ADD"
"1179068092086984704_twitter";"HateXplain";"that white devil ain t low 😒";"1- that, 2- white, 3- devil, 4- ain, 5- t, 6- low, 7- 😒";"offensive targeting Caucasian";"https://app.prolific.co/submissions/complete?cc=91442ADD"
"17629244_gab";"HateXplain";"sometimes you can just tell a woman is a real woman she makes it a point that it is not the nature of women to bitch about most anything in order to be a woman";"1- sometimes, 2- you, 3- can, 4- just, 5- tell, 6- a, 7- woman, 8- is, 9- a, 10- real, 11- woman, 12- she, 13- makes, 14- it, 15- a, 16- point, 17- that, 18- it, 19- is, 20- not, 21- the, 22- nature, 23- of, 24- women, 25- to, 26- bitch, 27- about, 28- most, 29- anything, 30- in, 31- order, 32- to, 33- be, 34- a, 35- woman";"offensive targeting Women";"https://app.prolific.co/submissions/complete?cc=91442ADD"
"1169991265171189760_twitter";"HateXplain";"<user> it ’ mind poison islam";"1- <user>, 2- it, 3- ’, 4- mind, 5- poison, 6- islam";"offensive targeting Islam";"https://app.prolific.co/submissions/complete?cc=91442ADD"
"15864537_gab";"HateXplain";"please address the issue of white kids quotations for obvious reasons being raped all across the uk by muslim grooming gangs rotherham is but one city where this is happening but there are many many others and yes this is still continuing and still not being addressed by the police";"1- please, 2- address, 3- the, 4- issue, 5- of, 6- white, 7- kids, 8- quotations, 9- for, 10- obvious, 11- reasons, 12- being, 13- raped, 14- all, 15- across, 16- the, 17- uk, 18- by, 19- muslim, 20- grooming, 21- gangs, 22- rotherham, 23- is, 24- but, 25- one, 26- city, 27- where, 28- this, 29- is, 30- happening, 31- but, 32- there, 33- are, 34- many, 35- many, 36- others, 37- and, 38- yes, 39- this, 40- is, 41- still, 42- continuing, 43- and, 44- still, 45- not, 46- being, 47- addressed, 48- by, 49- the, 50- police";"hatespeech targeting Islam";"https://app.prolific.co/submissions/complete?cc=91442ADD"
"1179790509902123009_twitter";"HateXplain";"someone in my class looks like bruce from finding nemo but he laughs like a retarded seth rogen";"1- someone, 2- in, 3- my, 4- class, 5- looks, 6- like, 7- bruce, 8- from, 9- finding, 10- nemo, 11- but, 12- he, 13- laughs, 14- like, 15- a, 16- retarded, 17- seth, 18- rogen";"offensive targeting Other";"https://app.prolific.co/submissions/complete?cc=91442ADD"
"16896639_gab";"HateXplain";"welcome to america home the degenerate globalist scum who pride themselves on brainwashing and manipulating other people children in the hopes of eventually creating a mindless ghetto of exquisite slave perfection";"1- welcome, 2- to, 3- america, 4- home, 5- the, 6- degenerate, 7- globalist, 8- scum, 9- who, 10- pride, 11- themselves, 12- on, 13- brainwashing, 14- and, 15- manipulating, 16- other, 17- people, 18- children, 19- in, 20- the, 21- hopes, 22- of, 23- eventually, 24- creating, 25- a, 26- mindless, 27- ghetto, 28- of, 29- exquisite, 30- slave, 31- perfection";"offensive targeting Other";"https://app.prolific.co/submissions/complete?cc=91442ADD"
"1145907252857122816_twitter";"HateXplain";"<user> <user> shtu she can stay her 🍑 in queens or d.c. and these illegal immigrants can go back home anytime they wish 😢 soft 🍑";"1- <user>, 2- <user>, 3- shtu, 4- she, 5- can, 6- stay, 7- her, 8- 🍑, 9- in, 10- queens, 11- or, 12- d.c., 13- and, 14- these, 15- illegal, 16- immigrants, 17- can, 18- go, 19- back, 20- home, 21- anytime, 22- they, 23- wish, 24- 😢, 25- soft, 26- 🍑";"offensive targeting Refugee";"https://app.prolific.co/submissions/complete?cc=91442ADD"
"1879106_gab";"HateXplain";"<number> of <number> borders are being erased fundamental human standards are being toppled the refugee stampede and the sexual perversion are promoted by the cultural marxists as a way of destroying the middle class barrier to establishing their social tyranny and by the multinational corporations";"1- <number>, 2- of, 3- <number>, 4- borders, 5- are, 6- being, 7- erased, 8- fundamental, 9- human, 10- standards, 11- are, 12- being, 13- toppled, 14- the, 15- refugee, 16- stampede, 17- and, 18- the, 19- sexual, 20- perversion, 21- are, 22- promoted, 23- by, 24- the, 25- cultural, 26- marxists, 27- as, 28- a, 29- way, 30- of, 31- destroying, 32- the, 33- middle, 34- class, 35- barrier, 36- to, 37- establishing, 38- their, 39- social, 40- tyranny, 41- and, 42- by, 43- the, 44- multinational, 45- corporations";"offensive targeting Refugee";"https://app.prolific.co/submissions/complete?cc=91442ADD"
"attention_52";"attention check sentences (HateXplain targeting)";"wish i were there in with you homie we can dominate that white slave together in his bussy and make him entertain us";"1- wish, 2- i, 3- were, 4- there, 5- in, 6- with, 7- you, 8- homie, 9- we, 10- can, 11- dominate, 12- that, 13- white, 14- slave, 15- together, 16- in, 17- his, 18- bussy, 19- and, 20- make, 21- him, 22- entertain, 23- us";"offensive";"https://app.prolific.co/submissions/complete?cc=91442ADD"