"ID";"dataset";"text";"tokens";"label";"redirectUrl"
"20624288_gab";"HateXplain";"i know all about servicemen wearing shemaghs i am just saying he might not know about that and may have mistook you for a sandnigger because you are wearing one how does that not make any sense to you";"1- i, 2- know, 3- all, 4- about, 5- servicemen, 6- wearing, 7- shemaghs, 8- i, 9- am, 10- just, 11- saying, 12- he, 13- might, 14- not, 15- know, 16- about, 17- that, 18- and, 19- may, 20- have, 21- mistook, 22- you, 23- for, 24- a, 25- sandnigger, 26- because, 27- you, 28- are, 29- wearing, 30- one, 31- how, 32- does, 33- that, 34- not, 35- make, 36- any, 37- sense, 38- to, 39- you";"hatespeech targeting Arab";"https://app.prolific.co/submissions/complete?cc=91442ADD"
"8618585_gab";"HateXplain";"yeah cuz haitians are too fucking retarded to utilize resources themselves they were not too stupid to kill every white man woman and child once though after raping the women of course and we still show up with aid for those sub humans pretty dumb of us if you ask me";"1- yeah, 2- cuz, 3- haitians, 4- are, 5- too, 6- fucking, 7- retarded, 8- to, 9- utilize, 10- resources, 11- themselves, 12- they, 13- were, 14- not, 15- too, 16- stupid, 17- to, 18- kill, 19- every, 20- white, 21- man, 22- woman, 23- and, 24- child, 25- once, 26- though, 27- after, 28- raping, 29- the, 30- women, 31- of, 32- course, 33- and, 34- we, 35- still, 36- show, 37- up, 38- with, 39- aid, 40- for, 41- those, 42- sub, 43- humans, 44- pretty, 45- dumb, 46- of, 47- us, 48- if, 49- you, 50- ask, 51- me";"hatespeech targeting Other";"https://app.prolific.co/submissions/complete?cc=91442ADD"
"22683065_gab";"HateXplain";"what do you think is more likely the story or a nigger lied";"1- what, 2- do, 3- you, 4- think, 5- is, 6- more, 7- likely, 8- the, 9- story, 10- or, 11- a, 12- nigger, 13- lied";"hatespeech targeting African";"https://app.prolific.co/submissions/complete?cc=91442ADD"
"17179582_gab";"HateXplain";"ur nazi ur nazi u am nazi is usually the only argument the kike can come up with they are never able to come up with anything to say to try to prove the other person wrong";"1- ur, 2- nazi, 3- ur, 4- nazi, 5- u, 6- am, 7- nazi, 8- is, 9- usually, 10- the, 11- only, 12- argument, 13- the, 14- kike, 15- can, 16- come, 17- up, 18- with, 19- they, 20- are, 21- never, 22- able, 23- to, 24- come, 25- up, 26- with, 27- anything, 28- to, 29- say, 30- to, 31- try, 32- to, 33- prove, 34- the, 35- other, 36- person, 37- wrong";"hatespeech targeting Jewish";"https://app.prolific.co/submissions/complete?cc=91442ADD"
"15369074_gab";"HateXplain";"moslem scum should bleed out on the street like the halal meat they scum off into fuck each islamofascist and supporter you scum rape jihad sharia creep islamo facism white genocide christiangenocide pig meat moslem white black retard friend die now please you are filth btw brits 1 a";"1- moslem, 2- scum, 3- should, 4- bleed, 5- out, 6- on, 7- the, 8- street, 9- like, 10- the, 11- halal, 12- meat, 13- they, 14- scum, 15- off, 16- into, 17- fuck, 18- each, 19- islamofascist, 20- and, 21- supporter, 22- you, 23- scum, 24- rape, 25- jihad, 26- sharia, 27- creep, 28- islamo, 29- facism, 30- white, 31- genocide, 32- christiangenocide, 33- pig, 34- meat, 35- moslem, 36- white, 37- black, 38- retard, 39- friend, 40- die, 41- now, 42- please, 43- you, 44- are, 45- filth, 46- btw, 47- brits, 48- 1, 49- a";"hatespeech targeting Islam";"https://app.prolific.co/submissions/complete?cc=91442ADD"
"20628266_gab";"HateXplain";"typical sand nigger they are terrorists posing as refugees";"1- typical, 2- sand, 3- nigger, 4- they, 5- are, 6- terrorists, 7- posing, 8- as, 9- refugees";"hatespeech targeting Arab";"https://app.prolific.co/submissions/complete?cc=91442ADD"
"8649194_gab";"HateXplain";"i found my first genuine retard on gab";"1- i, 2- found, 3- my, 4- first, 5- genuine, 6- retard, 7- on, 8- gab";"offensive targeting Other";"https://app.prolific.co/submissions/complete?cc=91442ADD"
"15263357_gab";"HateXplain";"when asked what prince phillip thought about harry and megan he answered i have no problem with this historically the royal family has always owned a nigger or two";"1- when, 2- asked, 3- what, 4- prince, 5- phillip, 6- thought, 7- about, 8- harry, 9- and, 10- megan, 11- he, 12- answered, 13- i, 14- have, 15- no, 16- problem, 17- with, 18- this, 19- historically, 20- the, 21- royal, 22- family, 23- has, 24- always, 25- owned, 26- a, 27- nigger, 28- or, 29- two";"hatespeech targeting African";"https://app.prolific.co/submissions/complete?cc=91442ADD"
"13438443_gab";"HateXplain";"i think the one she replaced was actually a conservative and the show kike producer replaced her for that";"1- i, 2- think, 3- the, 4- one, 5- she, 6- replaced, 7- was, 8- actually, 9- a, 10- conservative, 11- and, 12- the, 13- show, 14- kike, 15- producer, 16- replaced, 17- her, 18- for, 19- that";"hatespeech targeting Jewish";"https://app.prolific.co/submissions/complete?cc=91442ADD"
"16612870_gab";"HateXplain";"honesty is the best policy unless you have a muzzy go off the rails just does not jive with social justice warriors snowglobe";"1- honesty, 2- is, 3- the, 4- best, 5- policy, 6- unless, 7- you, 8- have, 9- a, 10- muzzy, 11- go, 12- off, 13- the, 14- rails, 15- just, 16- does, 17- not, 18- jive, 19- with, 20- social, 21- justice, 22- warriors, 23- snowglobe";"hatespeech targeting Islam";"https://app.prolific.co/submissions/complete?cc=91442ADD"
"20836997_gab";"HateXplain";"how pissed are you if you are japanese chinese korean ya know real asians and now the goat fuckers are called asian too to avoid calling them arabs";"1- how, 2- pissed, 3- are, 4- you, 5- if, 6- you, 7- are, 8- japanese, 9- chinese, 10- korean, 11- ya, 12- know, 13- real, 14- asians, 15- and, 16- now, 17- the, 18- goat, 19- fuckers, 20- are, 21- called, 22- asian, 23- too, 24- to, 25- avoid, 26- calling, 27- them, 28- arabs";"hatespeech targeting Arab";"https://app.prolific.co/submissions/complete?cc=91442ADD"
"9029623_gab";"HateXplain";"these guys are so mentally retarded that they believe their own crap that a pathology for sure";"1- these, 2- guys, 3- are, 4- so, 5- mentally, 6- retarded, 7- that, 8- they, 9- believe, 10- their, 11- own, 12- crap, 13- that, 14- a, 15- pathology, 16- for, 17- sure";"offensive targeting Other";"https://app.prolific.co/submissions/complete?cc=91442ADD"
"6323825_gab";"HateXplain";"derek the half nigger is mad tho";"1- derek, 2- the, 3- half, 4- nigger, 5- is, 6- mad, 7- tho";"hatespeech targeting African";"https://app.prolific.co/submissions/complete?cc=91442ADD"
"14046032_gab";"HateXplain";"apparently cannot read either stormer women are off limits to kike mediatards";"1- apparently, 2- cannot, 3- read, 4- either, 5- stormer, 6- women, 7- are, 8- off, 9- limits, 10- to, 11- kike, 12- mediatards";"hatespeech targeting Jewish";"https://app.prolific.co/submissions/complete?cc=91442ADD"
"20397801_gab";"HateXplain";"hating muzzies is not a phobia the left likes to control the language so they can control the issue";"1- hating, 2- muzzies, 3- is, 4- not, 5- a, 6- phobia, 7- the, 8- left, 9- likes, 10- to, 11- control, 12- the, 13- language, 14- so, 15- they, 16- can, 17- control, 18- the, 19- issue";"hatespeech targeting Islam";"https://app.prolific.co/submissions/complete?cc=91442ADD"
"20871473_gab";"HateXplain";"proof sand niggers invented math";"1- proof, 2- sand, 3- niggers, 4- invented, 5- math";"hatespeech targeting Arab";"https://app.prolific.co/submissions/complete?cc=91442ADD"
"9317495_gab";"HateXplain";"i learned a new ghetto word";"1- i, 2- learned, 3- a, 4- new, 5- ghetto, 6- word";"offensive targeting Other";"https://app.prolific.co/submissions/complete?cc=91442ADD"
"8927286_gab";"HateXplain";"so which nigger was philandro castile hard to keep up with these nogs";"1- so, 2- which, 3- nigger, 4- was, 5- philandro, 6- castile, 7- hard, 8- to, 9- keep, 10- up, 11- with, 12- these, 13- nogs";"hatespeech targeting African";"https://app.prolific.co/submissions/complete?cc=91442ADD"
"7930207_gab";"HateXplain";"girls dont exist on the internet stop spreading kike lies <number>";"1- girls, 2- dont, 3- exist, 4- on, 5- the, 6- internet, 7- stop, 8- spreading, 9- kike, 10- lies, 11- <number>";"hatespeech targeting Jewish";"https://app.prolific.co/submissions/complete?cc=91442ADD"
"23056586_gab";"HateXplain";"not a muzrat this time oh wait";"1- not, 2- a, 3- muzrat, 4- this, 5- time, 6- oh, 7- wait";"hatespeech targeting Islam";"https://app.prolific.co/submissions/complete?cc=91442ADD"
"20972184_gab";"HateXplain";"i have the merits to become an italian citizen dual and i say deport all sand niggers immediately";"1- i, 2- have, 3- the, 4- merits, 5- to, 6- become, 7- an, 8- italian, 9- citizen, 10- dual, 11- and, 12- i, 13- say, 14- deport, 15- all, 16- sand, 17- niggers, 18- immediately";"hatespeech targeting Arab";"https://app.prolific.co/submissions/complete?cc=91442ADD"
"9556293_gab";"HateXplain";"cnnbreakingnews this afternoon at the g20 summit trump threw a used kleenex toward a wastepaper basket and missed it showed his continuing contempt for working men and women throughout the world and his continued denial of climate change sources inform us it was a russian brand of kleenex";"1- cnnbreakingnews, 2- this, 3- afternoon, 4- at, 5- the, 6- g20, 7- summit, 8- trump, 9- threw, 10- a, 11- used, 12- kleenex, 13- toward, 14- a, 15- wastepaper, 16- basket, 17- and, 18- missed, 19- it, 20- showed, 21- his, 22- continuing, 23- contempt, 24- for, 25- working, 26- men, 27- and, 28- women, 29- throughout, 30- the, 31- world, 32- and, 33- his, 34- continued, 35- denial, 36- of, 37- climate, 38- change, 39- sources, 40- inform, 41- us, 42- it, 43- was, 44- a, 45- russian, 46- brand, 47- of, 48- kleenex";"offensive targeting Other";"https://app.prolific.co/submissions/complete?cc=91442ADD"
"16087960_gab";"HateXplain";"i am surprised blacks managed to get off their lazy nigger asses to vote";"1- i, 2- am, 3- surprised, 4- blacks, 5- managed, 6- to, 7- get, 8- off, 9- their, 10- lazy, 11- nigger, 12- asses, 13- to, 14- vote";"hatespeech targeting African";"https://app.prolific.co/submissions/complete?cc=91442ADD"
"27015103_gab";"HateXplain";"this little kike is a good little donkey american";"1- this, 2- little, 3- kike, 4- is, 5- a, 6- good, 7- little, 8- donkey, 9- american";"hatespeech targeting Jewish";"https://app.prolific.co/submissions/complete?cc=91442ADD"
"2579787_gab";"HateXplain";"<user> so its not only old muzzy men who are pedophiles muzzy women can marry little children too";"1- <user>, 2- so, 3- its, 4- not, 5- only, 6- old, 7- muzzy, 8- men, 9- who, 10- are, 11- pedophiles, 12- muzzy, 13- women, 14- can, 15- marry, 16- little, 17- children, 18- too";"hatespeech targeting Islam";"https://app.prolific.co/submissions/complete?cc=91442ADD"
"21391351_gab";"HateXplain";"the only thing sand niggers like more than blowing up buildings is pretending they did not do anything by now they should be out of buildings and rotting in the hot desert sun";"1- the, 2- only, 3- thing, 4- sand, 5- niggers, 6- like, 7- more, 8- than, 9- blowing, 10- up, 11- buildings, 12- is, 13- pretending, 14- they, 15- did, 16- not, 17- do, 18- anything, 19- by, 20- now, 21- they, 22- should, 23- be, 24- out, 25- of, 26- buildings, 27- and, 28- rotting, 29- in, 30- the, 31- hot, 32- desert, 33- sun";"hatespeech targeting Arab";"https://app.prolific.co/submissions/complete?cc=91442ADD"
"9779478_gab";"HateXplain";"hussein was a ghetto tenant";"1- hussein, 2- was, 3- a, 4- ghetto, 5- tenant";"offensive targeting Other";"https://app.prolific.co/submissions/complete?cc=91442ADD"
"22405642_gab";"HateXplain";"but if you are a nigger you can beat rape your way all down white street while screaming i hate white people never be charged with a hate crime";"1- but, 2- if, 3- you, 4- are, 5- a, 6- nigger, 7- you, 8- can, 9- beat, 10- rape, 11- your, 12- way, 13- all, 14- down, 15- white, 16- street, 17- while, 18- screaming, 19- i, 20- hate, 21- white, 22- people, 23- never, 24- be, 25- charged, 26- with, 27- a, 28- hate, 29- crime";"hatespeech targeting African";"https://app.prolific.co/submissions/complete?cc=91442ADD"
"24476033_gab";"HateXplain";"how can the kike apologist negate this one you can not admit it they are scum everything you learned in school except math and grammar was a lie";"1- how, 2- can, 3- the, 4- kike, 5- apologist, 6- negate, 7- this, 8- one, 9- you, 10- can, 11- not, 12- admit, 13- it, 14- they, 15- are, 16- scum, 17- everything, 18- you, 19- learned, 20- in, 21- school, 22- except, 23- math, 24- and, 25- grammar, 26- was, 27- a, 28- lie";"hatespeech targeting Jewish";"https://app.prolific.co/submissions/complete?cc=91442ADD"
"attention_13";"attention check sentences (HateXplain targeting)";"you fucking afghani i always knew you were a pussy";"1- you, 2- fucking, 3- afghani, 4- i, 5- always, 6- knew, 7- you, 8- were, 9- a, 10- pussy";"offensive";"https://app.prolific.co/submissions/complete?cc=91442ADD"