"ID";"dataset";"text";"tokens";"label";"redirectUrl"
"23161218_gab";"HateXplain";"tryin to be white had her nigger hair straightened if i were black these wanna bes would be the last i would trust";"1- tryin, 2- to, 3- be, 4- white, 5- had, 6- her, 7- nigger, 8- hair, 9- straightened, 10- if, 11- i, 12- were, 13- black, 14- these, 15- wanna, 16- bes, 17- would, 18- be, 19- the, 20- last, 21- i, 22- would, 23- trust";"hatespeech targeting African";"https://app.prolific.co/submissions/complete?cc=91442ADD"
"17846980_gab";"HateXplain";"jews how dare trump say shithole he calling those foreign immigrants shit that antithetical to the statue of liberty poem normiecon but the poem calls them wretched refuse that sounds a lot like shit tbh i am beginning to think your goal is to import shit jews anti semite";"1- jews, 2- how, 3- dare, 4- trump, 5- say, 6- shithole, 7- he, 8- calling, 9- those, 10- foreign, 11- immigrants, 12- shit, 13- that, 14- antithetical, 15- to, 16- the, 17- statue, 18- of, 19- liberty, 20- poem, 21- normiecon, 22- but, 23- the, 24- poem, 25- calls, 26- them, 27- wretched, 28- refuse, 29- that, 30- sounds, 31- a, 32- lot, 33- like, 34- shit, 35- tbh, 36- i, 37- am, 38- beginning, 39- to, 40- think, 41- your, 42- goal, 43- is, 44- to, 45- import, 46- shit, 47- jews, 48- anti, 49- semite";"hatespeech targeting Jewish";"https://app.prolific.co/submissions/complete?cc=91442ADD"
"13567394_gab";"HateXplain";"this coons constituents voted for her just to get her out of their district they were embarrassed by her so they took out the trash";"1- this, 2- coons, 3- constituents, 4- voted, 5- for, 6- her, 7- just, 8- to, 9- get, 10- her, 11- out, 12- of, 13- their, 14- district, 15- they, 16- were, 17- embarrassed, 18- by, 19- her, 20- so, 21- they, 22- took, 23- out, 24- the, 25- trash";"hatespeech targeting African";"https://app.prolific.co/submissions/complete?cc=91442ADD"
"17933804_gab";"HateXplain";"this idea that jews join the armed services is absurd it a hollywood meme they were not even allowed out of their ghetto pick one";"1- this, 2- idea, 3- that, 4- jews, 5- join, 6- the, 7- armed, 8- services, 9- is, 10- absurd, 11- it, 12- a, 13- hollywood, 14- meme, 15- they, 16- were, 17- not, 18- even, 19- allowed, 20- out, 21- of, 22- their, 23- ghetto, 24- pick, 25- one";"offensive targeting Jewish";"https://app.prolific.co/submissions/complete?cc=91442ADD"
"16852709_gab";"HateXplain";"i do believe that sheboon shit her britches";"1- i, 2- do, 3- believe, 4- that, 5- sheboon, 6- shit, 7- her, 8- britches";"hatespeech targeting African";"https://app.prolific.co/submissions/complete?cc=91442ADD"
"18047047_gab";"HateXplain";"a few months ago i said that anti semitism doesnt exists naming a group of people is a branch of social sciences called sociology well jews are at war with social sciences now you simply cant name them";"1- a, 2- few, 3- months, 4- ago, 5- i, 6- said, 7- that, 8- anti, 9- semitism, 10- doesnt, 11- exists, 12- naming, 13- a, 14- group, 15- of, 16- people, 17- is, 18- a, 19- branch, 20- of, 21- social, 22- sciences, 23- called, 24- sociology, 25- well, 26- jews, 27- are, 28- at, 29- war, 30- with, 31- social, 32- sciences, 33- now, 34- you, 35- simply, 36- cant, 37- name, 38- them";"offensive targeting Jewish";"https://app.prolific.co/submissions/complete?cc=91442ADD"
"11766357_gab";"HateXplain";"it wasn t a punch but a correction white men control their emotions and do not call women whores unless the are prostitutes or cheating on you you may disagree with her name calling is nigger tier";"1- it, 2- wasn, 3- t, 4- a, 5- punch, 6- but, 7- a, 8- correction, 9- white, 10- men, 11- control, 12- their, 13- emotions, 14- and, 15- do, 16- not, 17- call, 18- women, 19- whores, 20- unless, 21- the, 22- are, 23- prostitutes, 24- or, 25- cheating, 26- on, 27- you, 28- you, 29- may, 30- disagree, 31- with, 32- her, 33- name, 34- calling, 35- is, 36- nigger, 37- tier";"hatespeech targeting African";"https://app.prolific.co/submissions/complete?cc=91442ADD"
"18231369_gab";"HateXplain";"fascism makes the goyim rich communism make the jews rich that why capitalists who want that wealth spreads with equality among youth again through the gold standard are vilified as fascists by the jews the czars of russia were the last defenders of evil fascism";"1- fascism, 2- makes, 3- the, 4- goyim, 5- rich, 6- communism, 7- make, 8- the, 9- jews, 10- rich, 11- that, 12- why, 13- capitalists, 14- who, 15- want, 16- that, 17- wealth, 18- spreads, 19- with, 20- equality, 21- among, 22- youth, 23- again, 24- through, 25- the, 26- gold, 27- standard, 28- are, 29- vilified, 30- as, 31- fascists, 32- by, 33- the, 34- jews, 35- the, 36- czars, 37- of, 38- russia, 39- were, 40- the, 41- last, 42- defenders, 43- of, 44- evil, 45- fascism";"hatespeech targeting Jewish";"https://app.prolific.co/submissions/complete?cc=91442ADD"
"24223593_gab";"HateXplain";"breathes in nigger nigger nigger nigger nigger";"1- breathes, 2- in, 3- nigger, 4- nigger, 5- nigger, 6- nigger, 7- nigger";"hatespeech targeting African";"https://app.prolific.co/submissions/complete?cc=91442ADD"
"18361661_gab";"HateXplain";"i like my fascist freedom of speech as jews call every word that a non jew says to suppress his liberty just the way it is jews because your satanic diversity of opinions has brought us this";"1- i, 2- like, 3- my, 4- fascist, 5- freedom, 6- of, 7- speech, 8- as, 9- jews, 10- call, 11- every, 12- word, 13- that, 14- a, 15- non, 16- jew, 17- says, 18- to, 19- suppress, 20- his, 21- liberty, 22- just, 23- the, 24- way, 25- it, 26- is, 27- jews, 28- because, 29- your, 30- satanic, 31- diversity, 32- of, 33- opinions, 34- has, 35- brought, 36- us, 37- this";"hatespeech targeting Jewish";"https://app.prolific.co/submissions/complete?cc=91442ADD"
"11769802_gab";"HateXplain";"blacks and even muzzies can join but keep their shit at home soon as they pray in the street gotta be liquidated we got better tech now can build massive biodigesters";"1- blacks, 2- and, 3- even, 4- muzzies, 5- can, 6- join, 7- but, 8- keep, 9- their, 10- shit, 11- at, 12- home, 13- soon, 14- as, 15- they, 16- pray, 17- in, 18- the, 19- street, 20- gotta, 21- be, 22- liquidated, 23- we, 24- got, 25- better, 26- tech, 27- now, 28- can, 29- build, 30- massive, 31- biodigesters";"hatespeech targeting African";"https://app.prolific.co/submissions/complete?cc=91442ADD"
"18388582_gab";"HateXplain";"as the only white man on earth who can actually think you can imagine how painful everyday life in this miserablist of all jewtopias is for me sharemypain";"1- as, 2- the, 3- only, 4- white, 5- man, 6- on, 7- earth, 8- who, 9- can, 10- actually, 11- think, 12- you, 13- can, 14- imagine, 15- how, 16- painful, 17- everyday, 18- life, 19- in, 20- this, 21- miserablist, 22- of, 23- all, 24- jewtopias, 25- is, 26- for, 27- me, 28- sharemypain";"offensive targeting Jewish";"https://app.prolific.co/submissions/complete?cc=91442ADD"
"5794669_gab";"HateXplain";"the left is not attacking me because i am a white male or a racist if that were true they would not call black conservatives coons or attack conservative females they just use my gender and skin color to condemn my political views";"1- the, 2- left, 3- is, 4- not, 5- attacking, 6- me, 7- because, 8- i, 9- am, 10- a, 11- white, 12- male, 13- or, 14- a, 15- racist, 16- if, 17- that, 18- were, 19- true, 20- they, 21- would, 22- not, 23- call, 24- black, 25- conservatives, 26- coons, 27- or, 28- attack, 29- conservative, 30- females, 31- they, 32- just, 33- use, 34- my, 35- gender, 36- and, 37- skin, 38- color, 39- to, 40- condemn, 41- my, 42- political, 43- views";"hatespeech targeting African";"https://app.prolific.co/submissions/complete?cc=91442ADD"
"18514160_gab";"HateXplain";"jewish denials are worthless when the head of israel government fails to adequately protect women from sex criminals even in his own inner circle it is sad but not surprising when israeli children even pre pubescent ones fall victim to sexual predators such as in the shmuel case";"1- jewish, 2- denials, 3- are, 4- worthless, 5- when, 6- the, 7- head, 8- of, 9- israel, 10- government, 11- fails, 12- to, 13- adequately, 14- protect, 15- women, 16- from, 17- sex, 18- criminals, 19- even, 20- in, 21- his, 22- own, 23- inner, 24- circle, 25- it, 26- is, 27- sad, 28- but, 29- not, 30- surprising, 31- when, 32- israeli, 33- children, 34- even, 35- pre, 36- pubescent, 37- ones, 38- fall, 39- victim, 40- to, 41- sexual, 42- predators, 43- such, 44- as, 45- in, 46- the, 47- shmuel, 48- case";"offensive targeting Jewish";"https://app.prolific.co/submissions/complete?cc=91442ADD"
"10569062_gab";"HateXplain";"you are white walk into a restaurant and it has nigger employees what do you do";"1- you, 2- are, 3- white, 4- walk, 5- into, 6- a, 7- restaurant, 8- and, 9- it, 10- has, 11- nigger, 12- employees, 13- what, 14- do, 15- you, 16- do";"hatespeech targeting African";"https://app.prolific.co/submissions/complete?cc=91442ADD"
"18523973_gab";"HateXplain";"the agenda of the democrats party is to persecute confiscate wealth rights liberties from capitalists national restorationists and loyalists to the republic while masquerading as protectors of the dispossesed that their own corruption creates its how jews wage war on us";"1- the, 2- agenda, 3- of, 4- the, 5- democrats, 6- party, 7- is, 8- to, 9- persecute, 10- confiscate, 11- wealth, 12- rights, 13- liberties, 14- from, 15- capitalists, 16- national, 17- restorationists, 18- and, 19- loyalists, 20- to, 21- the, 22- republic, 23- while, 24- masquerading, 25- as, 26- protectors, 27- of, 28- the, 29- dispossesed, 30- that, 31- their, 32- own, 33- corruption, 34- creates, 35- its, 36- how, 37- jews, 38- wage, 39- war, 40- on, 41- us";"offensive targeting Jewish";"https://app.prolific.co/submissions/complete?cc=91442ADD"
"27366548_gab";"HateXplain";"kim un would have never met with weak hillary or nigger obama news singapore trump maga north korea";"1- kim, 2- un, 3- would, 4- have, 5- never, 6- met, 7- with, 8- weak, 9- hillary, 10- or, 11- nigger, 12- obama, 13- news, 14- singapore, 15- trump, 16- maga, 17- north, 18- korea";"hatespeech targeting African";"https://app.prolific.co/submissions/complete?cc=91442ADD"
"18632081_gab";"HateXplain";"just like cuckolding white european countries with a jewish religion is a ok";"1- just, 2- like, 3- cuckolding, 4- white, 5- european, 6- countries, 7- with, 8- a, 9- jewish, 10- religion, 11- is, 12- a, 13- ok";"offensive targeting Jewish";"https://app.prolific.co/submissions/complete?cc=91442ADD"
"11125369_gab";"HateXplain";"nah fam that would be animal cruelty no way i d feed my dogs nigger meat";"1- nah, 2- fam, 3- that, 4- would, 5- be, 6- animal, 7- cruelty, 8- no, 9- way, 10- i, 11- d, 12- feed, 13- my, 14- dogs, 15- nigger, 16- meat";"hatespeech targeting African";"https://app.prolific.co/submissions/complete?cc=91442ADD"
"18636894_gab";"HateXplain";"shapiro is born and raised in cali his business is in la hes just your typical upper class privileged white man that lives far away from the immigrant community he probably grew up in a jewish bubble in the burbs just like many brooklyn jews";"1- shapiro, 2- is, 3- born, 4- and, 5- raised, 6- in, 7- cali, 8- his, 9- business, 10- is, 11- in, 12- la, 13- hes, 14- just, 15- your, 16- typical, 17- upper, 18- class, 19- privileged, 20- white, 21- man, 22- that, 23- lives, 24- far, 25- away, 26- from, 27- the, 28- immigrant, 29- community, 30- he, 31- probably, 32- grew, 33- up, 34- in, 35- a, 36- jewish, 37- bubble, 38- in, 39- the, 40- burbs, 41- just, 42- like, 43- many, 44- brooklyn, 45- jews";"offensive targeting Jewish";"https://app.prolific.co/submissions/complete?cc=91442ADD"
"20632309_gab";"HateXplain";"i really dislike this nigger another example of no talent niggers gaining fame for its loud mouth back in the day we knew how to deal with a uppity nigger";"1- i, 2- really, 3- dislike, 4- this, 5- nigger, 6- another, 7- example, 8- of, 9- no, 10- talent, 11- niggers, 12- gaining, 13- fame, 14- for, 15- its, 16- loud, 17- mouth, 18- back, 19- in, 20- the, 21- day, 22- we, 23- knew, 24- how, 25- to, 26- deal, 27- with, 28- a, 29- uppity, 30- nigger";"hatespeech targeting African";"https://app.prolific.co/submissions/complete?cc=91442ADD"
"18645927_gab";"HateXplain";"so i am an idiot because jews murdered their own creator and since he does not hate jews for murdering the son of god i am an idiot";"1- so, 2- i, 3- am, 4- an, 5- idiot, 6- because, 7- jews, 8- murdered, 9- their, 10- own, 11- creator, 12- and, 13- since, 14- he, 15- does, 16- not, 17- hate, 18- jews, 19- for, 20- murdering, 21- the, 22- son, 23- of, 24- god, 25- i, 26- am, 27- an, 28- idiot";"offensive targeting Jewish";"https://app.prolific.co/submissions/complete?cc=91442ADD"
"23014393_gab";"HateXplain";"that escalated from pros and cons of mc to go fuck a nigger in hm <number> seconds lol u funny";"1- that, 2- escalated, 3- from, 4- pros, 5- and, 6- cons, 7- of, 8- mc, 9- to, 10- go, 11- fuck, 12- a, 13- nigger, 14- in, 15- hm, 16- <number>, 17- seconds, 18- lol, 19- u, 20- funny";"hatespeech targeting African";"https://app.prolific.co/submissions/complete?cc=91442ADD"
"18770401_gab";"HateXplain";"in celebration of holocaust day i want to send a message to all people that jews are overrepresented in positions of power and actively conspire about ending the white race";"1- in, 2- celebration, 3- of, 4- holocaust, 5- day, 6- i, 7- want, 8- to, 9- send, 10- a, 11- message, 12- to, 13- all, 14- people, 15- that, 16- jews, 17- are, 18- overrepresented, 19- in, 20- positions, 21- of, 22- power, 23- and, 24- actively, 25- conspire, 26- about, 27- ending, 28- the, 29- white, 30- race";"hatespeech targeting Jewish";"https://app.prolific.co/submissions/complete?cc=91442ADD"
"18552054_gab";"HateXplain";"space the final frontier these are the voyages of the starship enterprise its five year mission to explore strange new worlds to seek out new life and new civilizations to boldly go where no man has gone before where no niggers are invited nor wanted it a nigger free space";"1- space, 2- the, 3- final, 4- frontier, 5- these, 6- are, 7- the, 8- voyages, 9- of, 10- the, 11- starship, 12- enterprise, 13- its, 14- five, 15- year, 16- mission, 17- to, 18- explore, 19- strange, 20- new, 21- worlds, 22- to, 23- seek, 24- out, 25- new, 26- life, 27- and, 28- new, 29- civilizations, 30- to, 31- boldly, 32- go, 33- where, 34- no, 35- man, 36- has, 37- gone, 38- before, 39- where, 40- no, 41- niggers, 42- are, 43- invited, 44- nor, 45- wanted, 46- it, 47- a, 48- nigger, 49- free, 50- space";"hatespeech targeting African";"https://app.prolific.co/submissions/complete?cc=91442ADD"
"18779343_gab";"HateXplain";"the holohoax was so efficient the results actually horseshoed and created more jews than there were before or something ( ? )";"1- the, 2- holohoax, 3- was, 4- so, 5- efficient, 6- the, 7- results, 8- actually, 9- horseshoed, 10- and, 11- created, 12- more, 13- jews, 14- than, 15- there, 16- were, 17- before, 18- or, 19- something, 20- ( ? )";"offensive targeting Jewish";"https://app.prolific.co/submissions/complete?cc=91442ADD"
"13441576_gab";"HateXplain";"whats a <number> year old nigger doing on campus";"1- whats, 2- a, 3- <number>, 4- year, 5- old, 6- nigger, 7- doing, 8- on, 9- campus";"hatespeech targeting African";"https://app.prolific.co/submissions/complete?cc=91442ADD"
"18942397_gab";"HateXplain";"the progression of anti semitism jews are regular people why are so many jews liberal why will not these jews stop attacking me kill all jews";"1- the, 2- progression, 3- of, 4- anti, 5- semitism, 6- jews, 7- are, 8- regular, 9- people, 10- why, 11- are, 12- so, 13- many, 14- jews, 15- liberal, 16- why, 17- will, 18- not, 19- these, 20- jews, 21- stop, 22- attacking, 23- me, 24- kill, 25- all, 26- jews";"hatespeech targeting Jewish";"https://app.prolific.co/submissions/complete?cc=91442ADD"
"25941818_gab";"HateXplain";"i expect niglets first then divorce bitch gonna get royal paid";"1- i, 2- expect, 3- niglets, 4- first, 5- then, 6- divorce, 7- bitch, 8- gonna, 9- get, 10- royal, 11- paid";"offensive targeting African";"https://app.prolific.co/submissions/complete?cc=91442ADD"
"attention_59";"attention check sentences (HateXplain targeting)";"i hate john he is a commie bastard";"1- i, 2- hate, 3- john, 4- he, 5- is, 6- a, 7- commie, 8- bastard";"offensive";"https://app.prolific.co/submissions/complete?cc=91442ADD"