"ID";"dataset";"text";"tokens";"label";"redirectUrl"
"13907443_gab";"HateXplain";"this post is clearly bait from someone who wants to get sent pictures of asians with nice asses";"1- this, 2- post, 3- is, 4- clearly, 5- bait, 6- from, 7- someone, 8- who, 9- wants, 10- to, 11- get, 12- sent, 13- pictures, 14- of, 15- asians, 16- with, 17- nice, 18- asses";"offensive targeting Asian";"https://app.prolific.co/submissions/complete?cc=91442ADD"
"1179082312123916292_twitter";"HateXplain";"i need to calm down and stop being so autistic like honestly im just too retarded wtf im going to try be a calmer person from now on";"1- i, 2- need, 3- to, 4- calm, 5- down, 6- and, 7- stop, 8- being, 9- so, 10- autistic, 11- like, 12- honestly, 13- im, 14- just, 15- too, 16- retarded, 17- wtf, 18- im, 19- going, 20- to, 21- try, 22- be, 23- a, 24- calmer, 25- person, 26- from, 27- now, 28- on";"hatespeech targeting Disability";"https://app.prolific.co/submissions/complete?cc=91442ADD"
"19679648_gab";"HateXplain";"guilty until proven innocent unless you are a jew a nigger or a lover of both";"1- guilty, 2- until, 3- proven, 4- innocent, 5- unless, 6- you, 7- are, 8- a, 9- jew, 10- a, 11- nigger, 12- or, 13- a, 14- lover, 15- of, 16- both";"hatespeech targeting African";"https://app.prolific.co/submissions/complete?cc=91442ADD"
"1178477971960672257_twitter";"HateXplain";"you all niggers are cancers";"1- you, 2- all, 3- niggers, 4- are, 5- cancers";"hatespeech targeting African";"https://app.prolific.co/submissions/complete?cc=91442ADD"
"15724226_gab";"HateXplain";"if you really want to jack up the gay msm cognitive dissonance we need to see more dindu on homo violence episodes drop leaflets on chicago splaining that gays are fond of carrying fat rolls of cash one day the media queers will all wake up in a log cabin with questions";"1- if, 2- you, 3- really, 4- want, 5- to, 6- jack, 7- up, 8- the, 9- gay, 10- msm, 11- cognitive, 12- dissonance, 13- we, 14- need, 15- to, 16- see, 17- more, 18- dindu, 19- on, 20- homo, 21- violence, 22- episodes, 23- drop, 24- leaflets, 25- on, 26- chicago, 27- splaining, 28- that, 29- gays, 30- are, 31- fond, 32- of, 33- carrying, 34- fat, 35- rolls, 36- of, 37- cash, 38- one, 39- day, 40- the, 41- media, 42- queers, 43- will, 44- all, 45- wake, 46- up, 47- in, 48- a, 49- log, 50- cabin, 51- with, 52- questions";"hatespeech targeting African";"https://app.prolific.co/submissions/complete?cc=91442ADD"
"1178888094675800064_twitter";"HateXplain";"<user> fuck that nigger";"1- <user>, 2- fuck, 3- that, 4- nigger";"hatespeech targeting African";"https://app.prolific.co/submissions/complete?cc=91442ADD"
"26580731_gab";"HateXplain";"meanwhile an entire company gets shutdown for diversity training because two coons decided to loiter and then refuse police orders to disperse that called privilege and blacks have it";"1- meanwhile, 2- an, 3- entire, 4- company, 5- gets, 6- shutdown, 7- for, 8- diversity, 9- training, 10- because, 11- two, 12- coons, 13- decided, 14- to, 15- loiter, 16- and, 17- then, 18- refuse, 19- police, 20- orders, 21- to, 22- disperse, 23- that, 24- called, 25- privilege, 26- and, 27- blacks, 28- have, 29- it";"hatespeech targeting African";"https://app.prolific.co/submissions/complete?cc=91442ADD"
"1178876024995696640_twitter";"HateXplain";"what a fucking nigger";"1- what, 2- a, 3- fucking, 4- nigger";"hatespeech targeting African";"https://app.prolific.co/submissions/complete?cc=91442ADD"
"16333911_gab";"HateXplain";"started as trash ending as worthless nigger trash";"1- started, 2- as, 3- trash, 4- ending, 5- as, 6- worthless, 7- nigger, 8- trash";"hatespeech targeting African";"https://app.prolific.co/submissions/complete?cc=91442ADD"
"1179046615962849280_twitter";"HateXplain";"skinny niggers waanze kuji report safe cos us chubby men can not be swayed by the wind";"1- skinny, 2- niggers, 3- waanze, 4- kuji, 5- report, 6- safe, 7- cos, 8- us, 9- chubby, 10- men, 11- can, 12- not, 13- be, 14- swayed, 15- by, 16- the, 17- wind";"hatespeech targeting African";"https://app.prolific.co/submissions/complete?cc=91442ADD"
"6341812_gab";"HateXplain";"andrew torba is a nigger faggot";"1- andrew, 2- torba, 3- is, 4- a, 5- nigger, 6- faggot";"hatespeech targeting African";"https://app.prolific.co/submissions/complete?cc=91442ADD"
"1178662130163290112_twitter";"HateXplain";"i should have let an old man white man work on my car from the beginning instead of letting these niggers and spics play under my hood";"1- i, 2- should, 3- have, 4- let, 5- an, 6- old, 7- man, 8- white, 9- man, 10- work, 11- on, 12- my, 13- car, 14- from, 15- the, 16- beginning, 17- instead, 18- of, 19- letting, 20- these, 21- niggers, 22- and, 23- spics, 24- play, 25- under, 26- my, 27- hood";"hatespeech targeting African";"https://app.prolific.co/submissions/complete?cc=91442ADD"
"25936705_gab";"HateXplain";"princess diana illegitimate son and a negress";"1- princess, 2- diana, 3- illegitimate, 4- son, 5- and, 6- a, 7- negress";"offensive targeting African";"https://app.prolific.co/submissions/complete?cc=91442ADD"
"1179067515097489413_twitter";"HateXplain";"<user> movember next month niggers must be behind these hashtags";"1- <user>, 2- movember, 3- next, 4- month, 5- niggers, 6- must, 7- be, 8- behind, 9- these, 10- hashtags";"hatespeech targeting African";"https://app.prolific.co/submissions/complete?cc=91442ADD"
"16079405_gab";"HateXplain";"big small either way the dicks are in your mouth nigger";"1- big, 2- small, 3- either, 4- way, 5- the, 6- dicks, 7- are, 8- in, 9- your, 10- mouth, 11- nigger";"hatespeech targeting African";"https://app.prolific.co/submissions/complete?cc=91442ADD"
"1178644582353051649_twitter";"HateXplain";"<user> must be the niggers who made fun of lit kids surely it karma";"1- <user>, 2- must, 3- be, 4- the, 5- niggers, 6- who, 7- made, 8- fun, 9- of, 10- lit, 11- kids, 12- surely, 13- it, 14- karma";"hatespeech targeting African";"https://app.prolific.co/submissions/complete?cc=91442ADD"
"25670170_gab";"HateXplain";"a coon is walking down the street when he sees an empty coke can and kicks it a genie appears from the can and grants the man one wish he replies i wanna be white and surrounded by pussy so the genie turned him into a tampon";"1- a, 2- coon, 3- is, 4- walking, 5- down, 6- the, 7- street, 8- when, 9- he, 10- sees, 11- an, 12- empty, 13- coke, 14- can, 15- and, 16- kicks, 17- it, 18- a, 19- genie, 20- appears, 21- from, 22- the, 23- can, 24- and, 25- grants, 26- the, 27- man, 28- one, 29- wish, 30- he, 31- replies, 32- i, 33- wanna, 34- be, 35- white, 36- and, 37- surrounded, 38- by, 39- pussy, 40- so, 41- the, 42- genie, 43- turned, 44- him, 45- into, 46- a, 47- tampon";"hatespeech targeting African";"https://app.prolific.co/submissions/complete?cc=91442ADD"
"1179093571342946304_twitter";"HateXplain";"a lot of history here for niggers african americans it a shame the area is under siege by white and gay folks";"1- a, 2- lot, 3- of, 4- history, 5- here, 6- for, 7- niggers, 8- african, 9- americans, 10- it, 11- a, 12- shame, 13- the, 14- area, 15- is, 16- under, 17- siege, 18- by, 19- white, 20- and, 21- gay, 22- folks";"offensive targeting African";"https://app.prolific.co/submissions/complete?cc=91442ADD"
"13621948_gab";"HateXplain";"that what my gramma always says if u do not have anything nice to say about someone do not say anything just call them a nigger and move on 🎓";"1- that, 2- what, 3- my, 4- gramma, 5- always, 6- says, 7- if, 8- u, 9- do, 10- not, 11- have, 12- anything, 13- nice, 14- to, 15- say, 16- about, 17- someone, 18- do, 19- not, 20- say, 21- anything, 22- just, 23- call, 24- them, 25- a, 26- nigger, 27- and, 28- move, 29- on, 30- 🎓";"hatespeech targeting African";"https://app.prolific.co/submissions/complete?cc=91442ADD"
"1178606198809141249_twitter";"HateXplain";"pope is asian you fucking dumb nigger";"1- pope, 2- is, 3- asian, 4- you, 5- fucking, 6- dumb, 7- nigger";"hatespeech targeting African";"https://app.prolific.co/submissions/complete?cc=91442ADD"
"17104284_gab";"HateXplain";"why is aspirin white because it works why do police dogs lick their asshole to get the taste of nigger out of their mouths why are black guys eyes red after sex from the pepper spray what do you call a black with no arms trustworthy";"1- why, 2- is, 3- aspirin, 4- white, 5- because, 6- it, 7- works, 8- why, 9- do, 10- police, 11- dogs, 12- lick, 13- their, 14- asshole, 15- to, 16- get, 17- the, 18- taste, 19- of, 20- nigger, 21- out, 22- of, 23- their, 24- mouths, 25- why, 26- are, 27- black, 28- guys, 29- eyes, 30- red, 31- after, 32- sex, 33- from, 34- the, 35- pepper, 36- spray, 37- what, 38- do, 39- you, 40- call, 41- a, 42- black, 43- with, 44- no, 45- arms, 46- trustworthy";"hatespeech targeting African";"https://app.prolific.co/submissions/complete?cc=91442ADD"
"1178614730564538368_twitter";"HateXplain";"<user> <user> you own me 2 gold fucking niggers";"1- <user>, 2- <user>, 3- you, 4- own, 5- me, 6- 2, 7- gold, 8- fucking, 9- niggers";"hatespeech targeting African";"https://app.prolific.co/submissions/complete?cc=91442ADD"
"27617732_gab";"HateXplain";"excuse me ma am does your nigger ass have a moment to speak about the day of the rope day of the rope";"1- excuse, 2- me, 3- ma, 4- am, 5- does, 6- your, 7- nigger, 8- ass, 9- have, 10- a, 11- moment, 12- to, 13- speak, 14- about, 15- the, 16- day, 17- of, 18- the, 19- rope, 20- day, 21- of, 22- the, 23- rope";"hatespeech targeting African";"https://app.prolific.co/submissions/complete?cc=91442ADD"
"1178670491479035904_twitter";"HateXplain";"i just want louisiana twitter to know that you niggers are the sole reason disney do not wanna buy twitter it all right here on tl";"1- i, 2- just, 3- want, 4- louisiana, 5- twitter, 6- to, 7- know, 8- that, 9- you, 10- niggers, 11- are, 12- the, 13- sole, 14- reason, 15- disney, 16- do, 17- not, 18- wanna, 19- buy, 20- twitter, 21- it, 22- all, 23- right, 24- here, 25- on, 26- tl";"hatespeech targeting African";"https://app.prolific.co/submissions/complete?cc=91442ADD"
"6302210_gab";"HateXplain";"the only thing worth saying here is nigger faggot thanks god for gabai";"1- the, 2- only, 3- thing, 4- worth, 5- saying, 6- here, 7- is, 8- nigger, 9- faggot, 10- thanks, 11- god, 12- for, 13- gabai";"hatespeech targeting African";"https://app.prolific.co/submissions/complete?cc=91442ADD"
"1178968407565328384_twitter";"HateXplain";"<user> those niggers get paid";"1- <user>, 2- those, 3- niggers, 4- get, 5- paid";"hatespeech targeting African";"https://app.prolific.co/submissions/complete?cc=91442ADD"
"18837400_gab";"HateXplain";"chosen iq gab crashed and sent my reply unfinished embarrassing point is this guy is a dirty nigger";"1- chosen, 2- iq, 3- gab, 4- crashed, 5- and, 6- sent, 7- my, 8- reply, 9- unfinished, 10- embarrassing, 11- point, 12- is, 13- this, 14- guy, 15- is, 16- a, 17- dirty, 18- nigger";"hatespeech targeting African";"https://app.prolific.co/submissions/complete?cc=91442ADD"
"1142348868228669440_twitter";"HateXplain";"niggers can not summon tulpas";"1- niggers, 2- can, 3- not, 4- summon, 5- tulpas";"hatespeech targeting African";"https://app.prolific.co/submissions/complete?cc=91442ADD"
"21935031_gab";"HateXplain";"you have a blue checkmark and thousands of followers yet you feel the need to reply to a guy with like <number> followers who you think is a gay nigger jew";"1- you, 2- have, 3- a, 4- blue, 5- checkmark, 6- and, 7- thousands, 8- of, 9- followers, 10- yet, 11- you, 12- feel, 13- the, 14- need, 15- to, 16- reply, 17- to, 18- a, 19- guy, 20- with, 21- like, 22- <number>, 23- followers, 24- who, 25- you, 26- think, 27- is, 28- a, 29- gay, 30- nigger, 31- jew";"hatespeech targeting African";"https://app.prolific.co/submissions/complete?cc=91442ADD"
"attention_39";"attention check sentences (HateXplain targeting)";"i would like to shoot a rag head";"1- i, 2- would, 3- like, 4- to, 5- shoot, 6- a, 7- rag, 8- head";"offensive";"https://app.prolific.co/submissions/complete?cc=91442ADD"