"ID";"dataset";"text";"tokens";"label";"redirectUrl"
"1178042198165774336_twitter";"HateXplain";"supa wanna be a dyke so bad lmfao";"1- supa, 2- wanna, 3- be, 4- a, 5- dyke, 6- so, 7- bad, 8- lmfao";"offensive targeting Homosexual";"https://app.prolific.co/submissions/complete?cc=91442ADD"
"23844035_gab";"HateXplain";"<number> <number> <percent> of brits think multiculturalism is a failure i guess the other <percent> are happy with their muzzie master there no great in britain anymore soon big ben will be converted into a minaret";"1- <number>, 2- <number>, 3- <percent>, 4- of, 5- brits, 6- think, 7- multiculturalism, 8- is, 9- a, 10- failure, 11- i, 12- guess, 13- the, 14- other, 15- <percent>, 16- are, 17- happy, 18- with, 19- their, 20- muzzie, 21- master, 22- there, 23- no, 24- great, 25- in, 26- britain, 27- anymore, 28- soon, 29- big, 30- ben, 31- will, 32- be, 33- converted, 34- into, 35- a, 36- minaret";"hatespeech targeting Islam";"https://app.prolific.co/submissions/complete?cc=91442ADD"
"15025367_gab";"HateXplain";"she a raghead either way";"1- she, 2- a, 3- raghead, 4- either, 5- way";"offensive targeting Arab";"https://app.prolific.co/submissions/complete?cc=91442ADD"
"2892220_gab";"HateXplain";"catholic church since preacher frankie took over a catholic church cemetery in italy where a nativity scene had been displayed every christmas for decades the preacher decided that it will not be displayed because it might hurt some muzzie feelings a top commandment of the gospel is to witness";"1- catholic, 2- church, 3- since, 4- preacher, 5- frankie, 6- took, 7- over, 8- a, 9- catholic, 10- church, 11- cemetery, 12- in, 13- italy, 14- where, 15- a, 16- nativity, 17- scene, 18- had, 19- been, 20- displayed, 21- every, 22- christmas, 23- for, 24- decades, 25- the, 26- preacher, 27- decided, 28- that, 29- it, 30- will, 31- not, 32- be, 33- displayed, 34- because, 35- it, 36- might, 37- hurt, 38- some, 39- muzzie, 40- feelings, 41- a, 42- top, 43- commandment, 44- of, 45- the, 46- gospel, 47- is, 48- to, 49- witness";"offensive targeting Other";"https://app.prolific.co/submissions/complete?cc=91442ADD"
"3BS6ERDL938R693HDJHLXA9ERBY6DJ_nf_4";"HateXplain";"<user> so how many illegal aliens are in nyc just wondering";"1- <user>, 2- so, 3- how, 4- many, 5- illegal, 6- aliens, 7- are, 8- in, 9- nyc, 10- just, 11- wondering";"offensive targeting Refugee";"https://app.prolific.co/submissions/complete?cc=91442ADD"
"27214899_gab";"HateXplain";"no it wasn t muslim men were always hanging round young girls our mum would say stay away from the pakis";"1- no, 2- it, 3- wasn, 4- t, 5- muslim, 6- men, 7- were, 8- always, 9- hanging, 10- round, 11- young, 12- girls, 13- our, 14- mum, 15- would, 16- say, 17- stay, 18- away, 19- from, 20- the, 21- pakis";"offensive targeting Indian";"https://app.prolific.co/submissions/complete?cc=91442ADD"
"26418398_gab";"HateXplain";"the chink salivates as the salamander cries out in extinction";"1- the, 2- chink, 3- salivates, 4- as, 5- the, 6- salamander, 7- cries, 8- out, 9- in, 10- extinction";"hatespeech targeting Asian";"https://app.prolific.co/submissions/complete?cc=91442ADD"
"1185614380664274946_twitter";"HateXplain";"peaches really the biggest crackhead i have ever seen on god this person is retarded i really think she has a mental issue bcs";"1- peaches, 2- really, 3- the, 4- biggest, 5- crackhead, 6- i, 7- have, 8- ever, 9- seen, 10- on, 11- god, 12- this, 13- person, 14- is, 15- retarded, 16- i, 17- really, 18- think, 19- she, 20- has, 21- a, 22- mental, 23- issue, 24- bcs";"offensive targeting Disability";"https://app.prolific.co/submissions/complete?cc=91442ADD"
"11783475_gab";"HateXplain";"the first white president since were going into skin color now obama was the first nigger president lets return to the good old times";"1- the, 2- first, 3- white, 4- president, 5- since, 6- were, 7- going, 8- into, 9- skin, 10- color, 11- now, 12- obama, 13- was, 14- the, 15- first, 16- nigger, 17- president, 18- lets, 19- return, 20- to, 21- the, 22- good, 23- old, 24- times";"hatespeech targeting African";"https://app.prolific.co/submissions/complete?cc=91442ADD"
"13851720_gab";"HateXplain";"laura loomer raped me while screaming at me in her disgusting kike language and said we must exterminate the goyim laura loomer loomergate";"1- laura, 2- loomer, 3- raped, 4- me, 5- while, 6- screaming, 7- at, 8- me, 9- in, 10- her, 11- disgusting, 12- kike, 13- language, 14- and, 15- said, 16- we, 17- must, 18- exterminate, 19- the, 20- goyim, 21- laura, 22- loomer, 23- loomergate";"hatespeech targeting Jewish";"https://app.prolific.co/submissions/complete?cc=91442ADD"
"11249431_gab";"HateXplain";"the heretical antipope of marxism has spoken never mind this pesky pedophilia problem but let invite every last moslem into christendom";"1- the, 2- heretical, 3- antipope, 4- of, 5- marxism, 6- has, 7- spoken, 8- never, 9- mind, 10- this, 11- pesky, 12- pedophilia, 13- problem, 14- but, 15- let, 16- invite, 17- every, 18- last, 19- moslem, 20- into, 21- christendom";"offensive targeting Christian";"https://app.prolific.co/submissions/complete?cc=91442ADD"
"14104384_gab";"HateXplain";"why does anyone care what the albino nigger has to say";"1- why, 2- does, 3- anyone, 4- care, 5- what, 6- the, 7- albino, 8- nigger, 9- has, 10- to, 11- say";"hatespeech targeting Caucasian";"https://app.prolific.co/submissions/complete?cc=91442ADD"
"1179103843025424384_twitter";"HateXplain";"amber guyer this shot a man in his own place bitch got what she deserved justice for botham jean";"1- amber, 2- guyer, 3- this, 4- shot, 5- a, 6- man, 7- in, 8- his, 9- own, 10- place, 11- bitch, 12- got, 13- what, 14- she, 15- deserved, 16- justice, 17- for, 18- botham, 19- jean";"offensive targeting Women";"https://app.prolific.co/submissions/complete?cc=91442ADD"
"9274670_gab";"HateXplain";"black people hate gays you can test this theory yourself by going to the ghetto and asking black people to suck your dick and seeing what their reaction is mpcstatusupdates";"1- black, 2- people, 3- hate, 4- gays, 5- you, 6- can, 7- test, 8- this, 9- theory, 10- yourself, 11- by, 12- going, 13- to, 14- the, 15- ghetto, 16- and, 17- asking, 18- black, 19- people, 20- to, 21- suck, 22- your, 23- dick, 24- and, 25- seeing, 26- what, 27- their, 28- reaction, 29- is, 30- mpcstatusupdates";"offensive targeting Homosexual";"https://app.prolific.co/submissions/complete?cc=91442ADD"
"17827276_gab";"HateXplain";"that is the muzrat strategy in every country they infest";"1- that, 2- is, 3- the, 4- muzrat, 5- strategy, 6- in, 7- every, 8- country, 9- they, 10- infest";"hatespeech targeting Islam";"https://app.prolific.co/submissions/complete?cc=91442ADD"
"9246341_gab";"HateXplain";"a great victory for trump today the travel ban will take effect in <number> hours no more towelhead terrorists in america";"1- a, 2- great, 3- victory, 4- for, 5- trump, 6- today, 7- the, 8- travel, 9- ban, 10- will, 11- take, 12- effect, 13- in, 14- <number>, 15- hours, 16- no, 17- more, 18- towelhead, 19- terrorists, 20- in, 21- america";"offensive targeting Arab";"https://app.prolific.co/submissions/complete?cc=91442ADD"
"22513839_gab";"HateXplain";"dad should have told the muzrat whore to fuck off and went in anyway";"1- dad, 2- should, 3- have, 4- told, 5- the, 6- muzrat, 7- whore, 8- to, 9- fuck, 10- off, 11- and, 12- went, 13- in, 14- anyway";"hatespeech targeting Other";"https://app.prolific.co/submissions/complete?cc=91442ADD"
"1076718387361968128_twitter";"HateXplain";"<user> whitebreads have no taste says wholewheat 1 st gen immigrant currently residing in the corporate capital of the world";"1- <user>, 2- whitebreads, 3- have, 4- no, 5- taste, 6- says, 7- wholewheat, 8- 1, 9- st, 10- gen, 11- immigrant, 12- currently, 13- residing, 14- in, 15- the, 16- corporate, 17- capital, 18- of, 19- the, 20- world";"offensive targeting Refugee";"https://app.prolific.co/submissions/complete?cc=91442ADD"
"4463291_gab";"HateXplain";"also how fucked up was the curry nigger in the <number> <number> briefing that did not even know trump name said only president then awkward silence and still got to ask a question indians should not be allowed at the press briefings either the lighter skinned indian woman was annoying too";"1- also, 2- how, 3- fucked, 4- up, 5- was, 6- the, 7- curry, 8- nigger, 9- in, 10- the, 11- <number>, 12- <number>, 13- briefing, 14- that, 15- did, 16- not, 17- even, 18- know, 19- trump, 20- name, 21- said, 22- only, 23- president, 24- then, 25- awkward, 26- silence, 27- and, 28- still, 29- got, 30- to, 31- ask, 32- a, 33- question, 34- indians, 35- should, 36- not, 37- be, 38- allowed, 39- at, 40- the, 41- press, 42- briefings, 43- either, 44- the, 45- lighter, 46- skinned, 47- indian, 48- woman, 49- was, 50- annoying, 51- too";"hatespeech targeting Indian";"https://app.prolific.co/submissions/complete?cc=91442ADD"
"11648559_gab";"HateXplain";"aw i was hoping it was the owner of salon not some chink you owns a salon <sad>";"1- aw, 2- i, 3- was, 4- hoping, 5- it, 6- was, 7- the, 8- owner, 9- of, 10- salon, 11- not, 12- some, 13- chink, 14- you, 15- owns, 16- a, 17- salon, 18- <sad>";"offensive targeting Asian";"https://app.prolific.co/submissions/complete?cc=91442ADD"
"15782348_gab";"HateXplain";"there was no islamic holy violence prior to <number> retard slav nigger";"1- there, 2- was, 3- no, 4- islamic, 5- holy, 6- violence, 7- prior, 8- to, 9- <number>, 10- retard, 11- slav, 12- nigger";"hatespeech targeting African";"https://app.prolific.co/submissions/complete?cc=91442ADD"
"15544666_gab";"HateXplain";"lol what a stupid kike";"1- lol, 2- what, 3- a, 4- stupid, 5- kike";"hatespeech targeting Jewish";"https://app.prolific.co/submissions/complete?cc=91442ADD"
"11397937_gab";"HateXplain";"christianity role is historical protector of the jews it has afforded the tribe the time and space it needed to prepare white genocide teamwhite";"1- christianity, 2- role, 3- is, 4- historical, 5- protector, 6- of, 7- the, 8- jews, 9- it, 10- has, 11- afforded, 12- the, 13- tribe, 14- the, 15- time, 16- and, 17- space, 18- it, 19- needed, 20- to, 21- prepare, 22- white, 23- genocide, 24- teamwhite";"offensive targeting Christian";"https://app.prolific.co/submissions/complete?cc=91442ADD"
"1179074111076814848_twitter";"HateXplain";"<user> lmao 😂 eses charged me under <money> fuck them white folk lmao";"1- <user>, 2- lmao, 3- 😂, 4- eses, 5- charged, 6- me, 7- under, 8- <money>, 9- fuck, 10- them, 11- white, 12- folk, 13- lmao";"offensive targeting Caucasian";"https://app.prolific.co/submissions/complete?cc=91442ADD"
"1185640897091919873_twitter";"HateXplain";"fuck you all hoes";"1- fuck, 2- you, 3- all, 4- hoes";"offensive targeting Women";"https://app.prolific.co/submissions/complete?cc=91442ADD"
"9298514_gab";"HateXplain";"that wintrich or whatever faggot needs to go posobiec too";"1- that, 2- wintrich, 3- or, 4- whatever, 5- faggot, 6- needs, 7- to, 8- go, 9- posobiec, 10- too";"offensive targeting Homosexual";"https://app.prolific.co/submissions/complete?cc=91442ADD"
"18721090_gab";"HateXplain";"the labour party has <number> mps in prison for paedophilia <number> mps and councillors on the sex registry <number> million white kids raped by paki muslims all labour voters covered up by labour councils mps and a pm";"1- the, 2- labour, 3- party, 4- has, 5- <number>, 6- mps, 7- in, 8- prison, 9- for, 10- paedophilia, 11- <number>, 12- mps, 13- and, 14- councillors, 15- on, 16- the, 17- sex, 18- registry, 19- <number>, 20- million, 21- white, 22- kids, 23- raped, 24- by, 25- paki, 26- muslims, 27- all, 28- labour, 29- voters, 30- covered, 31- up, 32- by, 33- labour, 34- councils, 35- mps, 36- and, 37- a, 38- pm";"hatespeech targeting Islam";"https://app.prolific.co/submissions/complete?cc=91442ADD"
"13640015_gab";"HateXplain";"unfortunately during the <number> years he still has not grown a brain but still sucks saudi moslem cock";"1- unfortunately, 2- during, 3- the, 4- <number>, 5- years, 6- he, 7- still, 8- has, 9- not, 10- grown, 11- a, 12- brain, 13- but, 14- still, 15- sucks, 16- saudi, 17- moslem, 18- cock";"hatespeech targeting Arab";"https://app.prolific.co/submissions/complete?cc=91442ADD"
"13756324_gab";"HateXplain";"ali became a mudslime to avoid the draft ask his offspring on twatter a few times if daddy ensured her genitals were mutilated in accordance with mudslime law and why no burqua was worn but received no answer";"1- ali, 2- became, 3- a, 4- mudslime, 5- to, 6- avoid, 7- the, 8- draft, 9- ask, 10- his, 11- offspring, 12- on, 13- twatter, 14- a, 15- few, 16- times, 17- if, 18- daddy, 19- ensured, 20- her, 21- genitals, 22- were, 23- mutilated, 24- in, 25- accordance, 26- with, 27- mudslime, 28- law, 29- and, 30- why, 31- no, 32- burqua, 33- was, 34- worn, 35- but, 36- received, 37- no, 38- answer";"hatespeech targeting Other";"https://app.prolific.co/submissions/complete?cc=91442ADD"
"attention_16";"attention check sentences (HateXplain targeting)";"oh these indians you find them everywhere you go my doctor is indian so is this taxi driver";"1- oh, 2- these, 3- indians, 4- you, 5- find, 6- them, 7- everywhere, 8- you, 9- go, 10- my, 11- doctor, 12- is, 13- indian, 14- so, 15- is, 16- this, 17- taxi, 18- driver";"offensive";"https://app.prolific.co/submissions/complete?cc=91442ADD"