"ID";"dataset";"text";"tokens";"label";"redirectUrl"
"27528223_gab";"HateXplain";"when muzzies rule the uk this is what happens";"1- when, 2- muzzies, 3- rule, 4- the, 5- uk, 6- this, 7- is, 8- what, 9- happens";"hatespeech targeting Islam";"https://app.prolific.co/submissions/complete?cc=91442ADD"
"11580960_gab";"HateXplain";"what a fucking nigger fag pantload i wonder who actually wrote that for this affirmative action push along toy";"1- what, 2- a, 3- fucking, 4- nigger, 5- fag, 6- pantload, 7- i, 8- wonder, 9- who, 10- actually, 11- wrote, 12- that, 13- for, 14- this, 15- affirmative, 16- action, 17- push, 18- along, 19- toy";"hatespeech targeting African";"https://app.prolific.co/submissions/complete?cc=91442ADD"
"23164454_gab";"HateXplain";"shut your filthy lying kike mouth";"1- shut, 2- your, 3- filthy, 4- lying, 5- kike, 6- mouth";"hatespeech targeting Jewish";"https://app.prolific.co/submissions/complete?cc=91442ADD"
"19271086_gab";"HateXplain";"this universal jury nullification should be applied to all federal cases i was going to make an exception for terror but most of those muzzie dumbshits were entrapped too";"1- this, 2- universal, 3- jury, 4- nullification, 5- should, 6- be, 7- applied, 8- to, 9- all, 10- federal, 11- cases, 12- i, 13- was, 14- going, 15- to, 16- make, 17- an, 18- exception, 19- for, 20- terror, 21- but, 22- most, 23- of, 24- those, 25- muzzie, 26- dumbshits, 27- were, 28- entrapped, 29- too";"hatespeech targeting Islam";"https://app.prolific.co/submissions/complete?cc=91442ADD"
"24265566_gab";"HateXplain";"coon cheese holy gawds the progressives here would melt in the grocery aisle";"1- coon, 2- cheese, 3- holy, 4- gawds, 5- the, 6- progressives, 7- here, 8- would, 9- melt, 10- in, 11- the, 12- grocery, 13- aisle";"hatespeech targeting African";"https://app.prolific.co/submissions/complete?cc=91442ADD"
"16936242_gab";"HateXplain";"piss off kike";"1- piss, 2- off, 3- kike";"hatespeech targeting Jewish";"https://app.prolific.co/submissions/complete?cc=91442ADD"
"25701465_gab";"HateXplain";"trudeau wants to bring <number> <number> mildly retarded moslems to canada a cold climate country where sleeping outside is impossible those new moslem nurses could murder <number> <number> seniors to make room for moslem migrants before the hospital managers would say anything they are all multicultural diversity whores support anti white policies";"1- trudeau, 2- wants, 3- to, 4- bring, 5- <number>, 6- <number>, 7- mildly, 8- retarded, 9- moslems, 10- to, 11- canada, 12- a, 13- cold, 14- climate, 15- country, 16- where, 17- sleeping, 18- outside, 19- is, 20- impossible, 21- those, 22- new, 23- moslem, 24- nurses, 25- could, 26- murder, 27- <number>, 28- <number>, 29- seniors, 30- to, 31- make, 32- room, 33- for, 34- moslem, 35- migrants, 36- before, 37- the, 38- hospital, 39- managers, 40- would, 41- say, 42- anything, 43- they, 44- are, 45- all, 46- multicultural, 47- diversity, 48- whores, 49- support, 50- anti, 51- white, 52- policies";"hatespeech targeting Islam";"https://app.prolific.co/submissions/complete?cc=91442ADD"
"7615090_gab";"HateXplain";"if there were live topics on voat gab fam it would look like politics obama the nigger is at it again news chicago shot clock introduce yourself i am the <number> 7 0 0 th amalek alt comics loli tips for new voaters kys life hacks how to shill with puttitout music monday more v cheers trash";"1- if, 2- there, 3- were, 4- live, 5- topics, 6- on, 7- voat, 8- gab, 9- fam, 10- it, 11- would, 12- look, 13- like, 14- politics, 15- obama, 16- the, 17- nigger, 18- is, 19- at, 20- it, 21- again, 22- news, 23- chicago, 24- shot, 25- clock, 26- introduce, 27- yourself, 28- i, 29- am, 30- the, 31- <number>, 32- 7, 33- 0, 34- 0, 35- th, 36- amalek, 37- alt, 38- comics, 39- loli, 40- tips, 41- for, 42- new, 43- voaters, 44- kys, 45- life, 46- hacks, 47- how, 48- to, 49- shill, 50- with, 51- puttitout, 52- music, 53- monday, 54- more, 55- v, 56- cheers, 57- trash";"hatespeech targeting African";"https://app.prolific.co/submissions/complete?cc=91442ADD"
"21934219_gab";"HateXplain";"continues to brag about muting continues to prove my point about him being a kike continues to do the kike thing of projecting mental deficiencies";"1- continues, 2- to, 3- brag, 4- about, 5- muting, 6- continues, 7- to, 8- prove, 9- my, 10- point, 11- about, 12- him, 13- being, 14- a, 15- kike, 16- continues, 17- to, 18- do, 19- the, 20- kike, 21- thing, 22- of, 23- projecting, 24- mental, 25- deficiencies";"hatespeech targeting Jewish";"https://app.prolific.co/submissions/complete?cc=91442ADD"
"15337378_gab";"HateXplain";"potus trump the master strategist is skillfully letting all the leftie moslem supporting traitors out themselves whilst they also show how anti christian european usa white they all are trump is playing them like a piano while he laughs his head off go trump go trump go usa go usa bluehand";"1- potus, 2- trump, 3- the, 4- master, 5- strategist, 6- is, 7- skillfully, 8- letting, 9- all, 10- the, 11- leftie, 12- moslem, 13- supporting, 14- traitors, 15- out, 16- themselves, 17- whilst, 18- they, 19- also, 20- show, 21- how, 22- anti, 23- christian, 24- european, 25- usa, 26- white, 27- they, 28- all, 29- are, 30- trump, 31- is, 32- playing, 33- them, 34- like, 35- a, 36- piano, 37- while, 38- he, 39- laughs, 40- his, 41- head, 42- off, 43- go, 44- trump, 45- go, 46- trump, 47- go, 48- usa, 49- go, 50- usa, 51- bluehand";"hatespeech targeting Islam";"https://app.prolific.co/submissions/complete?cc=91442ADD"
"22787853_gab";"HateXplain";"i just wish i could shoot as accurately as those hero cops thanks to them that one less sub human nigger draining my fucking paycheck";"1- i, 2- just, 3- wish, 4- i, 5- could, 6- shoot, 7- as, 8- accurately, 9- as, 10- those, 11- hero, 12- cops, 13- thanks, 14- to, 15- them, 16- that, 17- one, 18- less, 19- sub, 20- human, 21- nigger, 22- draining, 23- my, 24- fucking, 25- paycheck";"hatespeech targeting African";"https://app.prolific.co/submissions/complete?cc=91442ADD"
"13688078_gab";"HateXplain";"loomer is a disgusting predatory kike with sociopathic tendencies the only help she needs is being assisted while entering a gas chamber";"1- loomer, 2- is, 3- a, 4- disgusting, 5- predatory, 6- kike, 7- with, 8- sociopathic, 9- tendencies, 10- the, 11- only, 12- help, 13- she, 14- needs, 15- is, 16- being, 17- assisted, 18- while, 19- entering, 20- a, 21- gas, 22- chamber";"hatespeech targeting Jewish";"https://app.prolific.co/submissions/complete?cc=91442ADD"
"21269418_gab";"HateXplain";"before i was banned from twatter i had many heated discussions with i am dearborn a goat fucking moslem they are taking over and our government is funding them our fucking tax dollars let that sink in";"1- before, 2- i, 3- was, 4- banned, 5- from, 6- twatter, 7- i, 8- had, 9- many, 10- heated, 11- discussions, 12- with, 13- i, 14- am, 15- dearborn, 16- a, 17- goat, 18- fucking, 19- moslem, 20- they, 21- are, 22- taking, 23- over, 24- and, 25- our, 26- government, 27- is, 28- funding, 29- them, 30- our, 31- fucking, 32- tax, 33- dollars, 34- let, 35- that, 36- sink, 37- in";"hatespeech targeting Islam";"https://app.prolific.co/submissions/complete?cc=91442ADD"
"19865503_gab";"HateXplain";"lol that for sure deborah only <number> nigger days left";"1- lol, 2- that, 3- for, 4- sure, 5- deborah, 6- only, 7- <number>, 8- nigger, 9- days, 10- left";"hatespeech targeting African";"https://app.prolific.co/submissions/complete?cc=91442ADD"
"25250464_gab";"HateXplain";"mike enoch invented slurs to slander his own side the next time you get called a larper remember they have been gaslit by kike shills";"1- mike, 2- enoch, 3- invented, 4- slurs, 5- to, 6- slander, 7- his, 8- own, 9- side, 10- the, 11- next, 12- time, 13- you, 14- get, 15- called, 16- a, 17- larper, 18- remember, 19- they, 20- have, 21- been, 22- gaslit, 23- by, 24- kike, 25- shills";"hatespeech targeting Jewish";"https://app.prolific.co/submissions/complete?cc=91442ADD"
"15593840_gab";"HateXplain";"europes muzrat problem predicted to take a sharp sudden drop in numbers as soon as ordinary europeans have had enough go into open rebellion p.s. the uniform on junker should be a communist uniform not german ww2 germany was all about nationalism for their own people";"1- europes, 2- muzrat, 3- problem, 4- predicted, 5- to, 6- take, 7- a, 8- sharp, 9- sudden, 10- drop, 11- in, 12- numbers, 13- as, 14- soon, 15- as, 16- ordinary, 17- europeans, 18- have, 19- had, 20- enough, 21- go, 22- into, 23- open, 24- rebellion, 25- p.s., 26- the, 27- uniform, 28- on, 29- junker, 30- should, 31- be, 32- a, 33- communist, 34- uniform, 35- not, 36- german, 37- ww2, 38- germany, 39- was, 40- all, 41- about, 42- nationalism, 43- for, 44- their, 45- own, 46- people";"hatespeech targeting Islam";"https://app.prolific.co/submissions/complete?cc=91442ADD"
"9788820_gab";"HateXplain";"i hope these nigger poachers get tortured to death slowly";"1- i, 2- hope, 3- these, 4- nigger, 5- poachers, 6- get, 7- tortured, 8- to, 9- death, 10- slowly";"hatespeech targeting African";"https://app.prolific.co/submissions/complete?cc=91442ADD"
"12584270_gab";"HateXplain";"really sick of everyone in my daily life being a selfish kike";"1- really, 2- sick, 3- of, 4- everyone, 5- in, 6- my, 7- daily, 8- life, 9- being, 10- a, 11- selfish, 12- kike";"hatespeech targeting Jewish";"https://app.prolific.co/submissions/complete?cc=91442ADD"
"11398261_gab";"HateXplain";"america has done penance for the slavery compromise needed to win it revolution it had a civil war and an evil black muzzy commie elected president twice can not you sore losing antifa morons shut up and get a life";"1- america, 2- has, 3- done, 4- penance, 5- for, 6- the, 7- slavery, 8- compromise, 9- needed, 10- to, 11- win, 12- it, 13- revolution, 14- it, 15- had, 16- a, 17- civil, 18- war, 19- and, 20- an, 21- evil, 22- black, 23- muzzy, 24- commie, 25- elected, 26- president, 27- twice, 28- can, 29- not, 30- you, 31- sore, 32- losing, 33- antifa, 34- morons, 35- shut, 36- up, 37- and, 38- get, 39- a, 40- life";"hatespeech targeting Islam";"https://app.prolific.co/submissions/complete?cc=91442ADD"
"19134180_gab";"HateXplain";"or perhaps you just wait until the nigglet is older to be a real thug make a crime and go to jail and there he meets dad in the neighbour cell";"1- or, 2- perhaps, 3- you, 4- just, 5- wait, 6- until, 7- the, 8- nigglet, 9- is, 10- older, 11- to, 12- be, 13- a, 14- real, 15- thug, 16- make, 17- a, 18- crime, 19- and, 20- go, 21- to, 22- jail, 23- and, 24- there, 25- he, 26- meets, 27- dad, 28- in, 29- the, 30- neighbour, 31- cell";"hatespeech targeting African";"https://app.prolific.co/submissions/complete?cc=91442ADD"
"10801908_gab";"HateXplain";"debating which pro whites belong in the alt right total kike behaviour vox day is this generations william f buckley";"1- debating, 2- which, 3- pro, 4- whites, 5- belong, 6- in, 7- the, 8- alt, 9- right, 10- total, 11- kike, 12- behaviour, 13- vox, 14- day, 15- is, 16- this, 17- generations, 18- william, 19- f, 20- buckley";"hatespeech targeting Jewish";"https://app.prolific.co/submissions/complete?cc=91442ADD"
"18580535_gab";"HateXplain";"when whites have moslem names it means <number> their non moslem western nation has been conquered and <number> the white person bearing the moslem name is an abeed slave";"1- when, 2- whites, 3- have, 4- moslem, 5- names, 6- it, 7- means, 8- <number>, 9- their, 10- non, 11- moslem, 12- western, 13- nation, 14- has, 15- been, 16- conquered, 17- and, 18- <number>, 19- the, 20- white, 21- person, 22- bearing, 23- the, 24- moslem, 25- name, 26- is, 27- an, 28- abeed, 29- slave";"hatespeech targeting Islam";"https://app.prolific.co/submissions/complete?cc=91442ADD"
"14570598_gab";"HateXplain";"i have read about this it typical nigger behavior of asserting superiority by making people move aside especially since they always circulate in gangs from what i have seen but yes somalis are like the rock botton of nigger sewer with average iq <number>";"1- i, 2- have, 3- read, 4- about, 5- this, 6- it, 7- typical, 8- nigger, 9- behavior, 10- of, 11- asserting, 12- superiority, 13- by, 14- making, 15- people, 16- move, 17- aside, 18- especially, 19- since, 20- they, 21- always, 22- circulate, 23- in, 24- gangs, 25- from, 26- what, 27- i, 28- have, 29- seen, 30- but, 31- yes, 32- somalis, 33- are, 34- like, 35- the, 36- rock, 37- botton, 38- of, 39- nigger, 40- sewer, 41- with, 42- average, 43- iq, 44- <number>";"hatespeech targeting African";"https://app.prolific.co/submissions/complete?cc=91442ADD"
"14818066_gab";"HateXplain";"f*cking <censored> kike loving degenerate commie scum burn in hell fagot trudeau";"1- f*cking, 2- <censored>, 3- kike, 4- loving, 5- degenerate, 6- commie, 7- scum, 8- burn, 9- in, 10- hell, 11- fagot, 12- trudeau";"hatespeech targeting Jewish";"https://app.prolific.co/submissions/complete?cc=91442ADD"
"23200662_gab";"HateXplain";"streetshitter is as streetshitter does what do you expect from that mudslime sack of shit";"1- streetshitter, 2- is, 3- as, 4- streetshitter, 5- does, 6- what, 7- do, 8- you, 9- expect, 10- from, 11- that, 12- mudslime, 13- sack, 14- of, 15- shit";"hatespeech targeting Islam";"https://app.prolific.co/submissions/complete?cc=91442ADD"
"20164205_gab";"HateXplain";"true if u go thru a drive thru an there a nigger there u gon get aids";"1- true, 2- if, 3- u, 4- go, 5- thru, 6- a, 7- drive, 8- thru, 9- an, 10- there, 11- a, 12- nigger, 13- there, 14- u, 15- gon, 16- get, 17- aids";"hatespeech targeting African";"https://app.prolific.co/submissions/complete?cc=91442ADD"
"12441225_gab";"HateXplain";"which proves everything we say about kikes is the truth these book merchants know the second they mention a kike their gig ends which gives kikes free reign to start more wars because no one can question their shit";"1- which, 2- proves, 3- everything, 4- we, 5- say, 6- about, 7- kikes, 8- is, 9- the, 10- truth, 11- these, 12- book, 13- merchants, 14- know, 15- the, 16- second, 17- they, 18- mention, 19- a, 20- kike, 21- their, 22- gig, 23- ends, 24- which, 25- gives, 26- kikes, 27- free, 28- reign, 29- to, 30- start, 31- more, 32- wars, 33- because, 34- no, 35- one, 36- can, 37- question, 38- their, 39- shit";"hatespeech targeting Jewish";"https://app.prolific.co/submissions/complete?cc=91442ADD"
"5517744_gab";"HateXplain";"despite the media blackout of all the muzzie rapes in sweden the word is out sweden and their gorgeous women are under unfettered assault by savage 3 rd world cretins there will be a point when islam can no longer hide it evil vile savage and despicable soulless character";"1- despite, 2- the, 3- media, 4- blackout, 5- of, 6- all, 7- the, 8- muzzie, 9- rapes, 10- in, 11- sweden, 12- the, 13- word, 14- is, 15- out, 16- sweden, 17- and, 18- their, 19- gorgeous, 20- women, 21- are, 22- under, 23- unfettered, 24- assault, 25- by, 26- savage, 27- 3, 28- rd, 29- world, 30- cretins, 31- there, 32- will, 33- be, 34- a, 35- point, 36- when, 37- islam, 38- can, 39- no, 40- longer, 41- hide, 42- it, 43- evil, 44- vile, 45- savage, 46- and, 47- despicable, 48- soulless, 49- character";"hatespeech targeting Islam";"https://app.prolific.co/submissions/complete?cc=91442ADD"
"19502440_gab";"HateXplain";"oh just a jew nigger with a phone that does not know walking while filming is retarded try holding still jew nigger";"1- oh, 2- just, 3- a, 4- jew, 5- nigger, 6- with, 7- a, 8- phone, 9- that, 10- does, 11- not, 12- know, 13- walking, 14- while, 15- filming, 16- is, 17- retarded, 18- try, 19- holding, 20- still, 21- jew, 22- nigger";"hatespeech targeting African";"https://app.prolific.co/submissions/complete?cc=91442ADD"
"attention_42";"attention check sentences (HateXplain targeting)";"hes trying to bang a white chick";"1- hes, 2- trying, 3- to, 4- bang, 5- a, 6- white, 7- chick";"offensive";"https://app.prolific.co/submissions/complete?cc=91442ADD"