ID;dataset;text;tokens;label;redirectUrl
1206408724899696640_twitter;HateXplain;<user> bad time for gay men who just want to stan older ladies that look like drag queens;1- <user>, 2- bad, 3- time, 4- for, 5- gay, 6- men, 7- who, 8- just, 9- want, 10- to, 11- stan, 12- older, 13- ladies, 14- that, 15- look, 16- like, 17- drag, 18- queens;offensive targeting Homosexual;https://app.prolific.co/submissions/complete?cc=91442ADD
1206670386563309569_twitter;HateXplain;<user> i hate you lowkey praying your gay bones are correct 😶;1- <user>, 2- i, 3- hate, 4- you, 5- lowkey, 6- praying, 7- your, 8- gay, 9- bones, 10- are, 11- correct, 12- 😶;offensive targeting Homosexual;https://app.prolific.co/submissions/complete?cc=91442ADD
1207867415742361606_twitter;HateXplain;i hate dykes;1- i, 2- hate, 3- dykes;hatespeech targeting Homosexual;https://app.prolific.co/submissions/complete?cc=91442ADD
12084902_gab;HateXplain;what the hell is this guys problem we are not trying to deny free speech to those who like to suck dicks man you just can not please faggots apparently unless of course your fisting them i guess;1- what, 2- the, 3- hell, 4- is, 5- this, 6- guys, 7- problem, 8- we, 9- are, 10- not, 11- trying, 12- to, 13- deny, 14- free, 15- speech, 16- to, 17- those, 18- who, 19- like, 20- to, 21- suck, 22- dicks, 23- man, 24- you, 25- just, 26- can, 27- not, 28- please, 29- faggots, 30- apparently, 31- unless, 32- of, 33- course, 34- your, 35- fisting, 36- them, 37- i, 38- guess;hatespeech targeting Homosexual;https://app.prolific.co/submissions/complete?cc=91442ADD
1208593554626564096_twitter;HateXplain;fuckin hate you faggots who literally story the whole shit of a concert;1- fuckin, 2- hate, 3- you, 4- faggots, 5- who, 6- literally, 7- story, 8- the, 9- whole, 10- shit, 11- of, 12- a, 13- concert;offensive targeting Homosexual;https://app.prolific.co/submissions/complete?cc=91442ADD
1209535003916427266_twitter;HateXplain;<user> being gay is apassive aggressive form of hetrophobia;1- <user>, 2- being, 3- gay, 4- is, 5- apassive, 6- aggressive, 7- form, 8- of, 9- hetrophobia;offensive targeting Homosexual;https://app.prolific.co/submissions/complete?cc=91442ADD
1210973109098090496_twitter;HateXplain;<user> <user> just like close friendship is basicly gay relationship;1- <user>, 2- <user>, 3- just, 4- like, 5- close, 6- friendship, 7- is, 8- basicly, 9- gay, 10- relationship;offensive targeting Homosexual;https://app.prolific.co/submissions/complete?cc=91442ADD
1211387569277165570_twitter;HateXplain;start being gay or else;1- start, 2- being, 3- gay, 4- or, 5- else;offensive targeting Homosexual;https://app.prolific.co/submissions/complete?cc=91442ADD
1211595304757268480_twitter;HateXplain;“ i ’ m gay and a fag 🏳 ️ ‍ 🌈 ” james <date>;1- “, 2- i, 3- ’, 4- m, 5- gay, 6- and, 7- a, 8- fag, 9- 🏳,  10- 🌈, 11- ”, 12- james, 13- <date>;offensive targeting Homosexual;https://app.prolific.co/submissions/complete?cc=91442ADD
12128636_gab;HateXplain;because it is fucking gay let go of that ocd shit we have plenty of battles right now <user>;1- because, 2- it, 3- is, 4- fucking, 5- gay, 6- let, 7- go, 8- of, 9- that, 10- ocd, 11- shit, 12- we, 13- have, 14- plenty, 15- of, 16- battles, 17- right, 18- now, 19- <user>;offensive targeting Homosexual;https://app.prolific.co/submissions/complete?cc=91442ADD
1213958396577304578_twitter;HateXplain;why is there so much gay subtext in my baby sitters a vampire;1- why, 2- is, 3- there, 4- so, 5- much, 6- gay, 7- subtext, 8- in, 9- my, 10- baby, 11- sitters, 12- a, 13- vampire;offensive targeting Homosexual;https://app.prolific.co/submissions/complete?cc=91442ADD
1214780270450098177_twitter;HateXplain;<user> if you had sex you would not be complaining about being gay;1- <user>, 2- if, 3- you, 4- had, 5- sex, 6- you, 7- would, 8- not, 9- be, 10- complaining, 11- about, 12- being, 13- gay;offensive targeting Homosexual;https://app.prolific.co/submissions/complete?cc=91442ADD
1216729380308819970_twitter;HateXplain;<user> <user> 😅 😅 😅 uh i am not gay that was lady dick 👌 👍;1- <user>, 2- <user>, 3- 😅, 4- 😅, 5- 😅, 6- uh, 7- i, 8- am, 9- not, 10- gay, 11- that, 12- was, 13- lady, 14- dick, 15- 👌, 16- 👍;offensive targeting Homosexual;https://app.prolific.co/submissions/complete?cc=91442ADD
12168951_gab;HateXplain;you can read his statements for yourself why can not he say wall instead of the gay faggot words border security because there will be no wall fucking jared kushner and ivanka fucking us too by making daddy trump believe this dumb daca shit scam;1- you, 2- can, 3- read, 4- his, 5- statements, 6- for, 7- yourself, 8- why, 9- can, 10- not, 11- he, 12- say, 13- wall, 14- instead, 15- of, 16- the, 17- gay, 18- faggot, 19- words, 20- border, 21- security, 22- because, 23- there, 24- will, 25- be, 26- no, 27- wall, 28- fucking, 29- jared, 30- kushner, 31- and, 32- ivanka, 33- fucking, 34- us, 35- too, 36- by, 37- making, 38- daddy, 39- trump, 40- believe, 41- this, 42- dumb, 43- daca, 44- shit, 45- scam;hatespeech targeting Homosexual;https://app.prolific.co/submissions/complete?cc=91442ADD
1217287772207243270_twitter;HateXplain;i don ’ t wanna go to your homophobic fucking prom anyway;1- i, 2- don, 3- ’, 4- t, 5- wanna, 6- go, 7- to, 8- your, 9- homophobic, 10- fucking, 11- prom, 12- anyway;offensive targeting Homosexual;https://app.prolific.co/submissions/complete?cc=91442ADD
1220558318470684672_twitter;HateXplain;damn dykes be looking scrumptious;1- damn, 2- dykes, 3- be, 4- looking, 5- scrumptious;offensive targeting Homosexual;https://app.prolific.co/submissions/complete?cc=91442ADD
1221919139457093639_twitter;HateXplain;<user> he was a dirty gay cunt;1- <user>, 2- he, 3- was, 4- a, 5- dirty, 6- gay, 7- cunt;offensive targeting Homosexual;https://app.prolific.co/submissions/complete?cc=91442ADD
12222549_gab;HateXplain;faggots are pedophiles that how the recruit fags;1- faggots, 2- are, 3- pedophiles, 4- that, 5- how, 6- the, 7- recruit, 8- fags;hatespeech targeting Homosexual;https://app.prolific.co/submissions/complete?cc=91442ADD
1223173513177001989_twitter;HateXplain;finally an emoji for faggots;1- finally, 2- an, 3- emoji, 4- for, 5- faggots;offensive targeting Homosexual;https://app.prolific.co/submissions/complete?cc=91442ADD
1224476813440667649_twitter;HateXplain;“ i identify as a transgender i just don ’ t have the money to do a sex change ” no lol you ’ re just a broke faggot 🤣 🤣;1- “, 2- i, 3- identify, 4- as, 5- a, 6- transgender, 7- i, 8- just, 9- don, 10- ’, 11- t, 12- have, 13- the, 14- money, 15- to, 16- do, 17- a, 18- sex, 19- change, 20- ”, 21- no, 22- lol, 23- you, 24- ’, 25- re, 26- just, 27- a, 28- broke, 29- faggot, 30- 🤣, 31- 🤣;offensive targeting Homosexual;https://app.prolific.co/submissions/complete?cc=91442ADD
1225858073270476800_twitter;HateXplain;space is gay and so are you;1- space, 2- is, 3- gay, 4- and, 5- so, 6- are, 7- you;offensive targeting Homosexual;https://app.prolific.co/submissions/complete?cc=91442ADD
1226149942303117318_twitter;HateXplain;<user> maybe i would if i were gay;1- <user>, 2- maybe, 3- i, 4- would, 5- if, 6- i, 7- were, 8- gay;offensive targeting Homosexual;https://app.prolific.co/submissions/complete?cc=91442ADD
1227457017616502791_twitter;HateXplain;i fucking hate fags;1- i, 2- fucking, 3- hate, 4- fags;hatespeech targeting Homosexual;https://app.prolific.co/submissions/complete?cc=91442ADD
12302055_gab;HateXplain;btw i was kicked off twitter for accusing far left jews of supporting homosexual militancy jews are not in a conspiracy together they just assume murder me before you;1- btw, 2- i, 3- was, 4- kicked, 5- off, 6- twitter, 7- for, 8- accusing, 9- far, 10- left, 11- jews, 12- of, 13- supporting, 14- homosexual, 15- militancy, 16- jews, 17- are, 18- not, 19- in, 20- a, 21- conspiracy, 22- together, 23- they, 24- just, 25- assume, 26- murder, 27- me, 28- before, 29- you;offensive targeting Homosexual;https://app.prolific.co/submissions/complete?cc=91442ADD
1230581882951258118_twitter;HateXplain;<user> <user> why are you gay;1- <user>, 2- <user>, 3- why, 4- are, 5- you, 6- gay;offensive targeting Homosexual;https://app.prolific.co/submissions/complete?cc=91442ADD
12308531_gab;HateXplain;you are a fucking fat retarded faggot;1- you, 2- are, 3- a, 4- fucking, 5- fat, 6- retarded, 7- faggot;offensive targeting Homosexual;https://app.prolific.co/submissions/complete?cc=91442ADD
1233972801570320390_twitter;HateXplain;a dyke gone call me fake bitch you fake;1- a, 2- dyke, 3- gone, 4- call, 5- me, 6- fake, 7- bitch, 8- you, 9- fake;offensive targeting Homosexual;https://app.prolific.co/submissions/complete?cc=91442ADD
1235219084502917120_twitter;HateXplain;<user> he should go hug a crucifix the way <user> hugs a flag that ’ ll cure him of illness ailments and homosexuality;1- <user>, 2- he, 3- should, 4- go, 5- hug, 6- a, 7- crucifix, 8- the, 9- way, 10- <user>, 11- hugs, 12- a, 13- flag, 14- that, 15- ’, 16- ll, 17- cure, 18- him, 19- of, 20- illness, 21- ailments, 22- and, 23- homosexuality;offensive targeting Homosexual;https://app.prolific.co/submissions/complete?cc=91442ADD
1236325009230114817_twitter;HateXplain;<user> <user> a closeted gay man named donald trump;1- <user>, 2- <user>, 3- a, 4- closeted, 5- gay, 6- man, 7- named, 8- donald, 9- trump;offensive targeting Homosexual;https://app.prolific.co/submissions/complete?cc=91442ADD
attention_26;attention chack sentences (HateXplain targeting);your a welsh cum eating idiot;1- your, 2- a, 3- welsh, 4- cum, 5- eating, 6- idiot;offensive;https://app.prolific.co/submissions/complete?cc=91442ADD