"ID";"dataset";"text";"tokens";"label";"redirectUrl"
"18488879_gab";"HateXplain";"jo cox more concerned for muslim welfare whilst down the road in halifax young white children are raped gang raped by muslims she had no care for them i hope that why she was shot";"1- jo, 2- cox, 3- more, 4- concerned, 5- for, 6- muslim, 7- welfare, 8- whilst, 9- down, 10- the, 11- road, 12- in, 13- halifax, 14- young, 15- white, 16- children, 17- are, 18- raped, 19- gang, 20- raped, 21- by, 22- muslims, 23- she, 24- had, 25- no, 26- care, 27- for, 28- them, 29- i, 30- hope, 31- that, 32- why, 33- she, 34- was, 35- shot";"hatespeech targeting Islam";"https://app.prolific.co/submissions/complete?cc=91442ADD"
"23300157_gab";"HateXplain";"life under nigger <number> iq rule";"1- life, 2- under, 3- nigger, 4- <number>, 5- iq, 6- rule";"hatespeech targeting African";"https://app.prolific.co/submissions/complete?cc=91442ADD"
"14287638_gab";"HateXplain";"more kike propaganda in europe almost no one circumcises their boys it genital mutilation";"1- more, 2- kike, 3- propaganda, 4- in, 5- europe, 6- almost, 7- no, 8- one, 9- circumcises, 10- their, 11- boys, 12- it, 13- genital, 14- mutilation";"hatespeech targeting Jewish";"https://app.prolific.co/submissions/complete?cc=91442ADD"
"18582627_gab";"HateXplain";"kloof samenleving zij die islam naïefweg vergoelijken en onderdanig aanvaarden de linkies dus meerderheid in msm de rozemutskes de trado politici … en zij die religieus fascisme weigeren onderdrukking en segregatie afwijzen opkomen vr onze vrijheden maak uw keuze";"1- kloof, 2- samenleving, 3- zij, 4- die, 5- islam, 6- naïefweg, 7- vergoelijken, 8- en, 9- onderdanig, 10- aanvaarden, 11- de, 12- linkies, 13- dus, 14- meerderheid, 15- in, 16- msm, 17- de, 18- rozemutskes, 19- de, 20- trado, 21- politici, 22- …, 23- en, 24- zij, 25- die, 26- religieus, 27- fascisme, 28- weigeren, 29- onderdrukking, 30- en, 31- segregatie, 32- afwijzen, 33- opkomen, 34- vr, 35- onze, 36- vrijheden, 37- maak, 38- uw, 39- keuze";"hatespeech targeting Islam";"https://app.prolific.co/submissions/complete?cc=91442ADD"
"20157750_gab";"HateXplain";"check out the rockfish report on niggermania they keep up to date on all the bobbing coons nationwide";"1- check, 2- out, 3- the, 4- rockfish, 5- report, 6- on, 7- niggermania, 8- they, 9- keep, 10- up, 11- to, 12- date, 13- on, 14- all, 15- the, 16- bobbing, 17- coons, 18- nationwide";"hatespeech targeting African";"https://app.prolific.co/submissions/complete?cc=91442ADD"
"17364832_gab";"HateXplain";"u fucking kike troll eat shit with your nazi obvious cuckfaggory";"1- u, 2- fucking, 3- kike, 4- troll, 5- eat, 6- shit, 7- with, 8- your, 9- nazi, 10- obvious, 11- cuckfaggory";"hatespeech targeting Jewish";"https://app.prolific.co/submissions/complete?cc=91442ADD"
"18586242_gab";"HateXplain";"canadastan jihadi justin caliphate";"1- canadastan, 2- jihadi, 3- justin, 4- caliphate";"offensive targeting Islam";"https://app.prolific.co/submissions/complete?cc=91442ADD"
"22341450_gab";"HateXplain";"i believe she a secret nigger lover";"1- i, 2- believe, 3- she, 4- a, 5- secret, 6- nigger, 7- lover";"hatespeech targeting African";"https://app.prolific.co/submissions/complete?cc=91442ADD"
"22628109_gab";"HateXplain";"you fucking cucktards are the ones running point for antifa y all are the real wignats <user> is going to talk to the fbi about the criminal acts of antifa terrorists he shouldn t do that oy vey goddamn kike ass mother fuckers";"1- you, 2- fucking, 3- cucktards, 4- are, 5- the, 6- ones, 7- running, 8- point, 9- for, 10- antifa, 11- y, 12- all, 13- are, 14- the, 15- real, 16- wignats, 17- <user>, 18- is, 19- going, 20- to, 21- talk, 22- to, 23- the, 24- fbi, 25- about, 26- the, 27- criminal, 28- acts, 29- of, 30- antifa, 31- terrorists, 32- he, 33- shouldn, 34- t, 35- do, 36- that, 37- oy, 38- vey, 39- goddamn, 40- kike, 41- ass, 42- mother, 43- fuckers";"hatespeech targeting Jewish";"https://app.prolific.co/submissions/complete?cc=91442ADD"
"18655507_gab";"HateXplain";"suspended from twitter for bullshit free speech does not exist on twitter or youtube porn bestiality and worse okay on both insult islam and go to twitter jail fuck jack and twitter";"1- suspended, 2- from, 3- twitter, 4- for, 5- bullshit, 6- free, 7- speech, 8- does, 9- not, 10- exist, 11- on, 12- twitter, 13- or, 14- youtube, 15- porn, 16- bestiality, 17- and, 18- worse, 19- okay, 20- on, 21- both, 22- insult, 23- islam, 24- and, 25- go, 26- to, 27- twitter, 28- jail, 29- fuck, 30- jack, 31- and, 32- twitter";"offensive targeting Islam";"https://app.prolific.co/submissions/complete?cc=91442ADD"
"11754109_gab";"HateXplain";"ireland a bit surprising maybe recent nigger arrivals over represented in sample or they are really cucked on the other extreme slav countries ftw";"1- ireland, 2- a, 3- bit, 4- surprising, 5- maybe, 6- recent, 7- nigger, 8- arrivals, 9- over, 10- represented, 11- in, 12- sample, 13- or, 14- they, 15- are, 16- really, 17- cucked, 18- on, 19- the, 20- other, 21- extreme, 22- slav, 23- countries, 24- ftw";"hatespeech targeting African";"https://app.prolific.co/submissions/complete?cc=91442ADD"
"13509836_gab";"HateXplain";"you just mad that i troll like a boss who happens to be a lady <user> thinks i am not a rate faced kike or worse i will go with his instincts";"1- you, 2- just, 3- mad, 4- that, 5- i, 6- troll, 7- like, 8- a, 9- boss, 10- who, 11- happens, 12- to, 13- be, 14- a, 15- lady, 16- <user>, 17- thinks, 18- i, 19- am, 20- not, 21- a, 22- rate, 23- faced, 24- kike, 25- or, 26- worse, 27- i, 28- will, 29- go, 30- with, 31- his, 32- instincts";"hatespeech targeting Jewish";"https://app.prolific.co/submissions/complete?cc=91442ADD"
"18681622_gab";"HateXplain";"cowardly actions by the pussy brits men let their women be gangraped by moslim animals should change countrys name to cuckland";"1- cowardly, 2- actions, 3- by, 4- the, 5- pussy, 6- brits, 7- men, 8- let, 9- their, 10- women, 11- be, 12- gangraped, 13- by, 14- moslim, 15- animals, 16- should, 17- change, 18- countrys, 19- name, 20- to, 21- cuckland";"hatespeech targeting Islam";"https://app.prolific.co/submissions/complete?cc=91442ADD"
"13797010_gab";"HateXplain";"you can not fix a country named nigger just like you can not fix a regular nigger";"1- you, 2- can, 3- not, 4- fix, 5- a, 6- country, 7- named, 8- nigger, 9- just, 10- like, 11- you, 12- can, 13- not, 14- fix, 15- a, 16- regular, 17- nigger";"hatespeech targeting African";"https://app.prolific.co/submissions/complete?cc=91442ADD"
"11673934_gab";"HateXplain";"jews are both a race and a religion and i called him a kike because he admits that he a rouge zionist but i guess he could just be a kike sympathizer";"1- jews, 2- are, 3- both, 4- a, 5- race, 6- and, 7- a, 8- religion, 9- and, 10- i, 11- called, 12- him, 13- a, 14- kike, 15- because, 16- he, 17- admits, 18- that, 19- he, 20- a, 21- rouge, 22- zionist, 23- but, 24- i, 25- guess, 26- he, 27- could, 28- just, 29- be, 30- a, 31- kike, 32- sympathizer";"hatespeech targeting Jewish";"https://app.prolific.co/submissions/complete?cc=91442ADD"
"18733194_gab";"HateXplain";"bring back the likes of pope urban ii so we can have it out w the muzzies and kill the jews in the process w absolute immunity how can you not see the appeal of this life was better then";"1- bring, 2- back, 3- the, 4- likes, 5- of, 6- pope, 7- urban, 8- ii, 9- so, 10- we, 11- can, 12- have, 13- it, 14- out, 15- w, 16- the, 17- muzzies, 18- and, 19- kill, 20- the, 21- jews, 22- in, 23- the, 24- process, 25- w, 26- absolute, 27- immunity, 28- how, 29- can, 30- you, 31- not, 32- see, 33- the, 34- appeal, 35- of, 36- this, 37- life, 38- was, 39- better, 40- then";"hatespeech targeting Islam";"https://app.prolific.co/submissions/complete?cc=91442ADD"
"15886416_gab";"HateXplain";"a nigger and a white";"1- a, 2- nigger, 3- and, 4- a, 5- white";"hatespeech targeting African";"https://app.prolific.co/submissions/complete?cc=91442ADD"
"13726041_gab";"HateXplain";"why has this happened mr kike lover they were expelled <number> times in previous civilizations chosen thiefs of satan is the problem of humanity if you dont belief me ask jesus he too was a national socialist then jews killed him you are missing the bigger picture mr kike lover";"1- why, 2- has, 3- this, 4- happened, 5- mr, 6- kike, 7- lover, 8- they, 9- were, 10- expelled, 11- <number>, 12- times, 13- in, 14- previous, 15- civilizations, 16- chosen, 17- thiefs, 18- of, 19- satan, 20- is, 21- the, 22- problem, 23- of, 24- humanity, 25- if, 26- you, 27- dont, 28- belief, 29- me, 30- ask, 31- jesus, 32- he, 33- too, 34- was, 35- a, 36- national, 37- socialist, 38- then, 39- jews, 40- killed, 41- him, 42- you, 43- are, 44- missing, 45- the, 46- bigger, 47- picture, 48- mr, 49- kike, 50- lover";"hatespeech targeting Jewish";"https://app.prolific.co/submissions/complete?cc=91442ADD"
"18779594_gab";"HateXplain";"the only good muzzie";"1- the, 2- only, 3- good, 4- muzzie";"offensive targeting Islam";"https://app.prolific.co/submissions/complete?cc=91442ADD"
"3GS542CVJVOJKFQMWK2EJ8CO4V895P_nf_6";"HateXplain";"banned from the_donald for <number> days for calling bow wow a nigger for calling melania a whore sorry he is";"1- banned, 2- from, 3- the_donald, 4- for, 5- <number>, 6- days, 7- for, 8- calling, 9- bow, 10- wow, 11- a, 12- nigger, 13- for, 14- calling, 15- melania, 16- a, 17- whore, 18- sorry, 19- he, 20- is";"hatespeech targeting African";"https://app.prolific.co/submissions/complete?cc=91442ADD"
"19410887_gab";"HateXplain";"fuck you kike";"1- fuck, 2- you, 3- kike";"hatespeech targeting Jewish";"https://app.prolific.co/submissions/complete?cc=91442ADD"
"18796136_gab";"HateXplain";"the ultimate anti muslim weapon a muslim being killed by a women means no virgins in heaven the armed kurdish women brigades caused fear and running of isis in syria this is the time for our sisters to take control of the destiny of the human race";"1- the, 2- ultimate, 3- anti, 4- muslim, 5- weapon, 6- a, 7- muslim, 8- being, 9- killed, 10- by, 11- a, 12- women, 13- means, 14- no, 15- virgins, 16- in, 17- heaven, 18- the, 19- armed, 20- kurdish, 21- women, 22- brigades, 23- caused, 24- fear, 25- and, 26- running, 27- of, 28- isis, 29- in, 30- syria, 31- this, 32- is, 33- the, 34- time, 35- for, 36- our, 37- sisters, 38- to, 39- take, 40- control, 41- of, 42- the, 43- destiny, 44- of, 45- the, 46- human, 47- race";"offensive targeting Islam";"https://app.prolific.co/submissions/complete?cc=91442ADD"
"22403184_gab";"HateXplain";"trump fucked us if you still believe his bs your iq is lower than a somalian nigger huffing jenkem";"1- trump, 2- fucked, 3- us, 4- if, 5- you, 6- still, 7- believe, 8- his, 9- bs, 10- your, 11- iq, 12- is, 13- lower, 14- than, 15- a, 16- somalian, 17- nigger, 18- huffing, 19- jenkem";"hatespeech targeting African";"https://app.prolific.co/submissions/complete?cc=91442ADD"
"13958561_gab";"HateXplain";"hard to out kike the kikes politics is their game hopefully gen zkb will figure a way to oven them all";"1- hard, 2- to, 3- out, 4- kike, 5- the, 6- kikes, 7- politics, 8- is, 9- their, 10- game, 11- hopefully, 12- gen, 13- zkb, 14- will, 15- figure, 16- a, 17- way, 18- to, 19- oven, 20- them, 21- all";"hatespeech targeting Jewish";"https://app.prolific.co/submissions/complete?cc=91442ADD"
"18961075_gab";"HateXplain";"antisemites fall into either of two categories they are either stupid or muslim mohammad was a pedophile that married a prepubescent girl are you also a filthy muslim or are you just stupid";"1- antisemites, 2- fall, 3- into, 4- either, 5- of, 6- two, 7- categories, 8- they, 9- are, 10- either, 11- stupid, 12- or, 13- muslim, 14- mohammad, 15- was, 16- a, 17- pedophile, 18- that, 19- married, 20- a, 21- prepubescent, 22- girl, 23- are, 24- you, 25- also, 26- a, 27- filthy, 28- muslim, 29- or, 30- are, 31- you, 32- just, 33- stupid";"hatespeech targeting Islam";"https://app.prolific.co/submissions/complete?cc=91442ADD"
"22217772_gab";"HateXplain";"a lawyer representing jordan salter <number> who was accused of bringing a knife to marjory stoneman douglas high school in parkland florida said he does not blame students for wanting to bring in weapons before you see the pic how many would bet it a niglet caught with a knife";"1- a, 2- lawyer, 3- representing, 4- jordan, 5- salter, 6- <number>, 7- who, 8- was, 9- accused, 10- of, 11- bringing, 12- a, 13- knife, 14- to, 15- marjory, 16- stoneman, 17- douglas, 18- high, 19- school, 20- in, 21- parkland, 22- florida, 23- said, 24- he, 25- does, 26- not, 27- blame, 28- students, 29- for, 30- wanting, 31- to, 32- bring, 33- in, 34- weapons, 35- before, 36- you, 37- see, 38- the, 39- pic, 40- how, 41- many, 42- would, 43- bet, 44- it, 45- a, 46- niglet, 47- caught, 48- with, 49- a, 50- knife";"hatespeech targeting African";"https://app.prolific.co/submissions/complete?cc=91442ADD"
"11912919_gab";"HateXplain";"so you are who kike central sent to gab to stop shoah <number> electric boogaloo i realize team kike is spread thin with so many websites to keep the goyim from knowing on but fuck how well are you sleeping these days";"1- so, 2- you, 3- are, 4- who, 5- kike, 6- central, 7- sent, 8- to, 9- gab, 10- to, 11- stop, 12- shoah, 13- <number>, 14- electric, 15- boogaloo, 16- i, 17- realize, 18- team, 19- kike, 20- is, 21- spread, 22- thin, 23- with, 24- so, 25- many, 26- websites, 27- to, 28- keep, 29- the, 30- goyim, 31- from, 32- knowing, 33- on, 34- but, 35- fuck, 36- how, 37- well, 38- are, 39- you, 40- sleeping, 41- these, 42- days";"hatespeech targeting Jewish";"https://app.prolific.co/submissions/complete?cc=91442ADD"
"1909103_gab";"HateXplain";"canfam next make sure that everyone you know sees video footage of taharrush gamea from europe and let them know europe has imported the muslim gang rape game and that the euro press has totally blacked out this epidemic of horrifically violent gang rape and beatings of european women";"1- canfam, 2- next, 3- make, 4- sure, 5- that, 6- everyone, 7- you, 8- know, 9- sees, 10- video, 11- footage, 12- of, 13- taharrush, 14- gamea, 15- from, 16- europe, 17- and, 18- let, 19- them, 20- know, 21- europe, 22- has, 23- imported, 24- the, 25- muslim, 26- gang, 27- rape, 28- game, 29- and, 30- that, 31- the, 32- euro, 33- press, 34- has, 35- totally, 36- blacked, 37- out, 38- this, 39- epidemic, 40- of, 41- horrifically, 42- violent, 43- gang, 44- rape, 45- and, 46- beatings, 47- of, 48- european, 49- women";"hatespeech targeting Islam";"https://app.prolific.co/submissions/complete?cc=91442ADD"
"19046707_gab";"HateXplain";"i am not going to thank a nigger for inventions he did not actually create";"1- i, 2- am, 3- not, 4- going, 5- to, 6- thank, 7- a, 8- nigger, 9- for, 10- inventions, 11- he, 12- did, 13- not, 14- actually, 15- create";"hatespeech targeting African";"https://app.prolific.co/submissions/complete?cc=91442ADD"
"attention_59";"attention check sentences (HateXplain targeting)";"i hate john he is a commie bastard";"1- i, 2- hate, 3- john, 4- he, 5- is, 6- a, 7- commie, 8- bastard";"offensive";"https://app.prolific.co/submissions/complete?cc=91442ADD"