"ID";"dataset";"text";"tokens";"label";"redirectUrl"
"2028645_gab";"HateXplain";"it irritates me the way these african nature shows all give the animals names like those of their nigger poachers the animals themselves are of course outraged";"1- it, 2- irritates, 3- me, 4- the, 5- way, 6- these, 7- african, 8- nature, 9- shows, 10- all, 11- give, 12- the, 13- animals, 14- names, 15- like, 16- those, 17- of, 18- their, 19- nigger, 20- poachers, 21- the, 22- animals, 23- themselves, 24- are, 25- of, 26- course, 27- outraged";"hatespeech targeting African";"https://app.prolific.co/submissions/complete?cc=91442ADD"
"19662257_gab";"HateXplain";"matt you are probably arguing with a kike they are what they accuse others of its a waste of time";"1- matt, 2- you, 3- are, 4- probably, 5- arguing, 6- with, 7- a, 8- kike, 9- they, 10- are, 11- what, 12- they, 13- accuse, 14- others, 15- of, 16- its, 17- a, 18- waste, 19- of, 20- time";"hatespeech targeting Jewish";"https://app.prolific.co/submissions/complete?cc=91442ADD"
"7390537_gab";"HateXplain";"she is upset by what she thinks will be the response to her degrading head scarf but islam followers throw acid in the faces of white women walking down the street in western countries insanity is the new normal";"1- she, 2- is, 3- upset, 4- by, 5- what, 6- she, 7- thinks, 8- will, 9- be, 10- the, 11- response, 12- to, 13- her, 14- degrading, 15- head, 16- scarf, 17- but, 18- islam, 19- followers, 20- throw, 21- acid, 22- in, 23- the, 24- faces, 25- of, 26- white, 27- women, 28- walking, 29- down, 30- the, 31- street, 32- in, 33- western, 34- countries, 35- insanity, 36- is, 37- the, 38- new, 39- normal";"offensive targeting Islam";"https://app.prolific.co/submissions/complete?cc=91442ADD"
"23888584_gab";"HateXplain";"oh really bo but you a wanker hax me lets play ball big nigger donkey";"1- oh, 2- really, 3- bo, 4- but, 5- you, 6- a, 7- wanker, 8- hax, 9- me, 10- lets, 11- play, 12- ball, 13- big, 14- nigger, 15- donkey";"hatespeech targeting African";"https://app.prolific.co/submissions/complete?cc=91442ADD"
"22804233_gab";"HateXplain";"trump is a clown white men need a leader trump fooled us just another anglo kike server";"1- trump, 2- is, 3- a, 4- clown, 5- white, 6- men, 7- need, 8- a, 9- leader, 10- trump, 11- fooled, 12- us, 13- just, 14- another, 15- anglo, 16- kike, 17- server";"hatespeech targeting Jewish";"https://app.prolific.co/submissions/complete?cc=91442ADD"
"7404978_gab";"HateXplain";"if muzrats reckon muzrat countries are houses of peace and non muzrat countries are houses of war then every muzrat in non muzrat countries should be considered as soldiers or spies behind enemy lines";"1- if, 2- muzrats, 3- reckon, 4- muzrat, 5- countries, 6- are, 7- houses, 8- of, 9- peace, 10- and, 11- non, 12- muzrat, 13- countries, 14- are, 15- houses, 16- of, 17- war, 18- then, 19- every, 20- muzrat, 21- in, 22- non, 23- muzrat, 24- countries, 25- should, 26- be, 27- considered, 28- as, 29- soldiers, 30- or, 31- spies, 32- behind, 33- enemy, 34- lines";"offensive targeting Islam";"https://app.prolific.co/submissions/complete?cc=91442ADD"
"17825834_gab";"HateXplain";"further circa <number> mild retardation was marked at iq <number> once the jew headed uncivil rights nigger promotion scam was underway it was realized niggers mean iq is <number> mild retardation so they lowered retarded to <number> on paper but everyone knows niggers are retarded mentally";"1- further, 2- circa, 3- <number>, 4- mild, 5- retardation, 6- was, 7- marked, 8- at, 9- iq, 10- <number>, 11- once, 12- the, 13- jew, 14- headed, 15- uncivil, 16- rights, 17- nigger, 18- promotion, 19- scam, 20- was, 21- underway, 22- it, 23- was, 24- realized, 25- niggers, 26- mean, 27- iq, 28- is, 29- <number>, 30- mild, 31- retardation, 32- so, 33- they, 34- lowered, 35- retarded, 36- to, 37- <number>, 38- on, 39- paper, 40- but, 41- everyone, 42- knows, 43- niggers, 44- are, 45- retarded, 46- mentally";"hatespeech targeting African";"https://app.prolific.co/submissions/complete?cc=91442ADD"
"13102774_gab";"HateXplain";"i am not attacking these people just their bizarre kike critical theory agenda against my country ultimately the nationalist position is so clearly superior that it will win out no matter what so there is no need to argue i am just shocked people actually believe this it weird";"1- i, 2- am, 3- not, 4- attacking, 5- these, 6- people, 7- just, 8- their, 9- bizarre, 10- kike, 11- critical, 12- theory, 13- agenda, 14- against, 15- my, 16- country, 17- ultimately, 18- the, 19- nationalist, 20- position, 21- is, 22- so, 23- clearly, 24- superior, 25- that, 26- it, 27- will, 28- win, 29- out, 30- no, 31- matter, 32- what, 33- so, 34- there, 35- is, 36- no, 37- need, 38- to, 39- argue, 40- i, 41- am, 42- just, 43- shocked, 44- people, 45- actually, 46- believe, 47- this, 48- it, 49- weird";"hatespeech targeting Jewish";"https://app.prolific.co/submissions/complete?cc=91442ADD"
"7458007_gab";"HateXplain";"the only reason why islam is classified as religion is they could not sell it as a political ideology to free world too much revolt people would see muzslimes are invaders not poor rapefugees or gimmigrants that why islam is packaged as a religion more freedom to rape maim kill us";"1- the, 2- only, 3- reason, 4- why, 5- islam, 6- is, 7- classified, 8- as, 9- religion, 10- is, 11- they, 12- could, 13- not, 14- sell, 15- it, 16- as, 17- a, 18- political, 19- ideology, 20- to, 21- free, 22- world, 23- too, 24- much, 25- revolt, 26- people, 27- would, 28- see, 29- muzslimes, 30- are, 31- invaders, 32- not, 33- poor, 34- rapefugees, 35- or, 36- gimmigrants, 37- that, 38- why, 39- islam, 40- is, 41- packaged, 42- as, 43- a, 44- religion, 45- more, 46- freedom, 47- to, 48- rape, 49- maim, 50- kill, 51- us";"hatespeech targeting Islam";"https://app.prolific.co/submissions/complete?cc=91442ADD"
"8386960_gab";"HateXplain";"a negress shoplifter crams a bottle of brandy up her vagina while her son watches";"1- a, 2- negress, 3- shoplifter, 4- crams, 5- a, 6- bottle, 7- of, 8- brandy, 9- up, 10- her, 11- vagina, 12- while, 13- her, 14- son, 15- watches";"offensive targeting African";"https://app.prolific.co/submissions/complete?cc=91442ADD"
"25331279_gab";"HateXplain";"remember <number> now with guns lolol if we are a minority did you count your zhid rats amount lol we can handle you as we did before";"1- remember, 2- <number>, 3- now, 4- with, 5- guns, 6- lolol, 7- if, 8- we, 9- are, 10- a, 11- minority, 12- did, 13- you, 14- count, 15- your, 16- zhid, 17- rats, 18- amount, 19- lol, 20- we, 21- can, 22- handle, 23- you, 24- as, 25- we, 26- did, 27- before";"hatespeech targeting Jewish";"https://app.prolific.co/submissions/complete?cc=91442ADD"
"7516989_gab";"HateXplain";"all of this news is extremely disconcerting maybe the list of eateries not kissing jihadi butt would be shorter we have black rifle coffee co maybe we need black rifle chicken burgers";"1- all, 2- of, 3- this, 4- news, 5- is, 6- extremely, 7- disconcerting, 8- maybe, 9- the, 10- list, 11- of, 12- eateries, 13- not, 14- kissing, 15- jihadi, 16- butt, 17- would, 18- be, 19- shorter, 20- we, 21- have, 22- black, 23- rifle, 24- coffee, 25- co, 26- maybe, 27- we, 28- need, 29- black, 30- rifle, 31- chicken, 32- burgers";"offensive targeting Islam";"https://app.prolific.co/submissions/complete?cc=91442ADD"
"18968305_gab";"HateXplain";"this is a good lovefest i am glad all the whining kikes refused to go pelosi is there and just refused to clap for the successfully integrated house nigger smdh";"1- this, 2- is, 3- a, 4- good, 5- lovefest, 6- i, 7- am, 8- glad, 9- all, 10- the, 11- whining, 12- kikes, 13- refused, 14- to, 15- go, 16- pelosi, 17- is, 18- there, 19- and, 20- just, 21- refused, 22- to, 23- clap, 24- for, 25- the, 26- successfully, 27- integrated, 28- house, 29- nigger, 30- smdh";"offensive targeting African";"https://app.prolific.co/submissions/complete?cc=91442ADD"
"15165717_gab";"HateXplain";"you are doing a google search now to find out what the antiquity period was are not you hahaha pmsl kike";"1- you, 2- are, 3- doing, 4- a, 5- google, 6- search, 7- now, 8- to, 9- find, 10- out, 11- what, 12- the, 13- antiquity, 14- period, 15- was, 16- are, 17- not, 18- you, 19- hahaha, 20- pmsl, 21- kike";"hatespeech targeting Jewish";"https://app.prolific.co/submissions/complete?cc=91442ADD"
"7543907_gab";"HateXplain";"oy vey the shoah blue bloods last night had a white guy doing polar bear hunting knockout game of elderly at least he wasn t blond this time like hawaii <number> <number> did with last nights innocent moslem framed for terror";"1- oy, 2- vey, 3- the, 4- shoah, 5- blue, 6- bloods, 7- last, 8- night, 9- had, 10- a, 11- white, 12- guy, 13- doing, 14- polar, 15- bear, 16- hunting, 17- knockout, 18- game, 19- of, 20- elderly, 21- at, 22- least, 23- he, 24- wasn, 25- t, 26- blond, 27- this, 28- time, 29- like, 30- hawaii, 31- <number>, 32- <number>, 33- did, 34- with, 35- last, 36- nights, 37- innocent, 38- moslem, 39- framed, 40- for, 41- terror";"offensive targeting Islam";"https://app.prolific.co/submissions/complete?cc=91442ADD"
"17040268_gab";"HateXplain";"yeehaw <number> nigger free days";"1- yeehaw, 2- <number>, 3- nigger, 4- free, 5- days";"hatespeech targeting African";"https://app.prolific.co/submissions/complete?cc=91442ADD"
"11220458_gab";"HateXplain";"trump whacking cnn kike with a bat";"1- trump, 2- whacking, 3- cnn, 4- kike, 5- with, 6- a, 7- bat";"hatespeech targeting Jewish";"https://app.prolific.co/submissions/complete?cc=91442ADD"
"7645213_gab";"HateXplain";"we hate islam and we will mock your paedophile prophet mohammed as much as we want no we dont care what you think or how offended you are we are americans and we are free to say what we want bitch banislam";"1- we, 2- hate, 3- islam, 4- and, 5- we, 6- will, 7- mock, 8- your, 9- paedophile, 10- prophet, 11- mohammed, 12- as, 13- much, 14- as, 15- we, 16- want, 17- no, 18- we, 19- dont, 20- care, 21- what, 22- you, 23- think, 24- or, 25- how, 26- offended, 27- you, 28- are, 29- we, 30- are, 31- americans, 32- and, 33- we, 34- are, 35- free, 36- to, 37- say, 38- what, 39- we, 40- want, 41- bitch, 42- banislam";"hatespeech targeting Islam";"https://app.prolific.co/submissions/complete?cc=91442ADD"
"22021150_gab";"HateXplain";"normal in nigger land";"1- normal, 2- in, 3- nigger, 4- land";"hatespeech targeting African";"https://app.prolific.co/submissions/complete?cc=91442ADD"
"18516354_gab";"HateXplain";"i do not silence anybody that kike shit not only do i not silence people i give them a voice on my open phones talk show the fact that there are so many people deserving of my scorn is a separate topic entirely";"1- i, 2- do, 3- not, 4- silence, 5- anybody, 6- that, 7- kike, 8- shit, 9- not, 10- only, 11- do, 12- i, 13- not, 14- silence, 15- people, 16- i, 17- give, 18- them, 19- a, 20- voice, 21- on, 22- my, 23- open, 24- phones, 25- talk, 26- show, 27- the, 28- fact, 29- that, 30- there, 31- are, 32- so, 33- many, 34- people, 35- deserving, 36- of, 37- my, 38- scorn, 39- is, 40- a, 41- separate, 42- topic, 43- entirely";"hatespeech targeting Jewish";"https://app.prolific.co/submissions/complete?cc=91442ADD"
"7757039_gab";"HateXplain";"dear sir the jews are bussing the muslims to the west without their planning operating this operation there was no muslim invation";"1- dear, 2- sir, 3- the, 4- jews, 5- are, 6- bussing, 7- the, 8- muslims, 9- to, 10- the, 11- west, 12- without, 13- their, 14- planning, 15- operating, 16- this, 17- operation, 18- there, 19- was, 20- no, 21- muslim, 22- invation";"offensive targeting Islam";"https://app.prolific.co/submissions/complete?cc=91442ADD"
"21577735_gab";"HateXplain";"wtf that corn nigger just does not know his place";"1- wtf, 2- that, 3- corn, 4- nigger, 5- just, 6- does, 7- not, 8- know, 9- his, 10- place";"hatespeech targeting African";"https://app.prolific.co/submissions/complete?cc=91442ADD"
"19398091_gab";"HateXplain";"you see one of the great things about finally just admitting the problem with jews is when you see anything they try to spout off you can automatically file it under deceptive kike trying to tear down society without even having to bother reading it";"1- you, 2- see, 3- one, 4- of, 5- the, 6- great, 7- things, 8- about, 9- finally, 10- just, 11- admitting, 12- the, 13- problem, 14- with, 15- jews, 16- is, 17- when, 18- you, 19- see, 20- anything, 21- they, 22- try, 23- to, 24- spout, 25- off, 26- you, 27- can, 28- automatically, 29- file, 30- it, 31- under, 32- deceptive, 33- kike, 34- trying, 35- to, 36- tear, 37- down, 38- society, 39- without, 40- even, 41- having, 42- to, 43- bother, 44- reading, 45- it";"hatespeech targeting Jewish";"https://app.prolific.co/submissions/complete?cc=91442ADD"
"7776491_gab";"HateXplain";"kidd is a formal name for a baby goat and nsfmw means not safe for muslim work";"1- kidd, 2- is, 3- a, 4- formal, 5- name, 6- for, 7- a, 8- baby, 9- goat, 10- and, 11- nsfmw, 12- means, 13- not, 14- safe, 15- for, 16- muslim, 17- work";"offensive targeting Islam";"https://app.prolific.co/submissions/complete?cc=91442ADD"
"26298011_gab";"HateXplain";"im just gonna say it nigger";"1- im, 2- just, 3- gonna, 4- say, 5- it, 6- nigger";"hatespeech targeting African";"https://app.prolific.co/submissions/complete?cc=91442ADD"
"23001555_gab";"HateXplain";"facebook is a like bank started by a lonely kike no one liked";"1- facebook, 2- is, 3- a, 4- like, 5- bank, 6- started, 7- by, 8- a, 9- lonely, 10- kike, 11- no, 12- one, 13- liked";"hatespeech targeting Jewish";"https://app.prolific.co/submissions/complete?cc=91442ADD"
"8050276_gab";"HateXplain";"it true if i am a moderate muzzy and do not stand against the extremists within my religion i am a worthless dog who deserves the title of muzzy terrorist period";"1- it, 2- true, 3- if, 4- i, 5- am, 6- a, 7- moderate, 8- muzzy, 9- and, 10- do, 11- not, 12- stand, 13- against, 14- the, 15- extremists, 16- within, 17- my, 18- religion, 19- i, 20- am, 21- a, 22- worthless, 23- dog, 24- who, 25- deserves, 26- the, 27- title, 28- of, 29- muzzy, 30- terrorist, 31- period";"hatespeech targeting Islam";"https://app.prolific.co/submissions/complete?cc=91442ADD"
"24463222_gab";"HateXplain";"<user> ‍ hope you die from all the nigger aids anglin gave you you are a fucking weirdo not to mention your posts are fake and gay";"1- <user>, 2- ‍, 3- hope, 4- you, 5- die, 6- from, 7- all, 8- the, 9- nigger, 10- aids, 11- anglin, 12- gave, 13- you, 14- you, 15- are, 16- a, 17- fucking, 18- weirdo, 19- not, 20- to, 21- mention, 22- your, 23- posts, 24- are, 25- fake, 26- and, 27- gay";"hatespeech targeting African";"https://app.prolific.co/submissions/complete?cc=91442ADD"
"20397206_gab";"HateXplain";"and the kike reveals himself lol";"1- and, 2- the, 3- kike, 4- reveals, 5- himself, 6- lol";"hatespeech targeting Jewish";"https://app.prolific.co/submissions/complete?cc=91442ADD"
"attention_9";"attention check sentences (HateXplain targeting)";"arabs are ignorant terrorists";"1- arabs, 2- are, 3- ignorant, 4- terrorists";"offensive";"https://app.prolific.co/submissions/complete?cc=91442ADD"