"ID";"dataset";"text";"tokens";"label";"redirectUrl"
"1183672_gab";"HateXplain";"i can not see the swedish problem in the usa you can flood us with illegal immigrant assholes but our dna as americans does not sit well with the whole boot on their necks theory";"1- i, 2- can, 3- not, 4- see, 5- the, 6- swedish, 7- problem, 8- in, 9- the, 10- usa, 11- you, 12- can, 13- flood, 14- us, 15- with, 16- illegal, 17- immigrant, 18- assholes, 19- but, 20- our, 21- dna, 22- as, 23- americans, 24- does, 25- not, 26- sit, 27- well, 28- with, 29- the, 30- whole, 31- boot, 32- on, 33- their, 34- necks, 35- theory";"offensive targeting Refugee";"https://app.prolific.co/submissions/complete?cc=91442ADD"
"1188487525071048704_twitter";"HateXplain";"<user> yes chuckster legal immigrants made america not the gimmes of today";"1- <user>, 2- yes, 3- chuckster, 4- legal, 5- immigrants, 6- made, 7- america, 8- not, 9- the, 10- gimmes, 11- of, 12- today";"offensive targeting Refugee";"https://app.prolific.co/submissions/complete?cc=91442ADD"
"12128052_gab";"HateXplain";"am i a bad person for reading cut refugees in <number> <number> and i wondered whether they were going to do it vertically or horizontally";"1- am, 2- i, 3- a, 4- bad, 5- person, 6- for, 7- reading, 8- cut, 9- refugees, 10- in, 11- <number>, 12- <number>, 13- and, 14- i, 15- wondered, 16- whether, 17- they, 18- were, 19- going, 20- to, 21- do, 22- it, 23- vertically, 24- or, 25- horizontally";"hatespeech targeting Refugee";"https://app.prolific.co/submissions/complete?cc=91442ADD"
"1213227832739946496_twitter";"HateXplain";"i ’ m not worried about ww3 i ’ m a illegal immigrant i can ’ t get draft 😂 🖕";"1- i, 2- ’, 3- m, 4- not, 5- worried, 6- about, 7- ww3, 8- i, 9- ’, 10- m, 11- a, 12- illegal, 13- immigrant, 14- i, 15- can, 16- ’, 17- t, 18- get, 19- draft, 20- 😂, 21- 🖕";"offensive targeting Refugee";"https://app.prolific.co/submissions/complete?cc=91442ADD"
"12362523_gab";"HateXplain";"conservative goddess laura ingraham warns we are creating a whole new generation of entitlement minded illegal immigrants because we are not enforcing the rule of law across the board gabfam speakfreely chat gop americans trump";"1- conservative, 2- goddess, 3- laura, 4- ingraham, 5- warns, 6- we, 7- are, 8- creating, 9- a, 10- whole, 11- new, 12- generation, 13- of, 14- entitlement, 15- minded, 16- illegal, 17- immigrants, 18- because, 19- we, 20- are, 21- not, 22- enforcing, 23- the, 24- rule, 25- of, 26- law, 27- across, 28- the, 29- board, 30- gabfam, 31- speakfreely, 32- chat, 33- gop, 34- americans, 35- trump";"offensive targeting Refugee";"https://app.prolific.co/submissions/complete?cc=91442ADD"
"1242060900309372929_twitter";"HateXplain";"<user> hopefully they are kept out looks like just a bunch of men they aren ’ t refugees";"1- <user>, 2- hopefully, 3- they, 4- are, 5- kept, 6- out, 7- looks, 8- like, 9- just, 10- a, 11- bunch, 12- of, 13- men, 14- they, 15- aren, 16- ’, 17- t, 18- refugees";"offensive targeting Refugee";"https://app.prolific.co/submissions/complete?cc=91442ADD"
"12662011_gab";"HateXplain";"illegal immigrants give the middle finger to legal immigrants who worked hard to obey the law guess who supports the criminals liberals illegalimmigrants";"1- illegal, 2- immigrants, 3- give, 4- the, 5- middle, 6- finger, 7- to, 8- legal, 9- immigrants, 10- who, 11- worked, 12- hard, 13- to, 14- obey, 15- the, 16- law, 17- guess, 18- who, 19- supports, 20- the, 21- criminals, 22- liberals, 23- illegalimmigrants";"hatespeech targeting Refugee";"https://app.prolific.co/submissions/complete?cc=91442ADD"
"1274649145014444032_twitter";"HateXplain";"<user> somali refugees getting the job of signing up for welfare done right every time";"1- <user>, 2- somali, 3- refugees, 4- getting, 5- the, 6- job, 7- of, 8- signing, 9- up, 10- for, 11- welfare, 12- done, 13- right, 14- every, 15- time";"offensive targeting Refugee";"https://app.prolific.co/submissions/complete?cc=91442ADD"
"12753212_gab";"HateXplain";"all illegal aliens crossing into to canada will be held pending a hearing of their refugee claims in an igloo village being built in moosenee ontario on the james bay coast oil lamps for heat light will be supplied free of charge";"1- all, 2- illegal, 3- aliens, 4- crossing, 5- into, 6- to, 7- canada, 8- will, 9- be, 10- held, 11- pending, 12- a, 13- hearing, 14- of, 15- their, 16- refugee, 17- claims, 18- in, 19- an, 20- igloo, 21- village, 22- being, 23- built, 24- in, 25- moosenee, 26- ontario, 27- on, 28- the, 29- james, 30- bay, 31- coast, 32- oil, 33- lamps, 34- for, 35- heat, 36- light, 37- will, 38- be, 39- supplied, 40- free, 41- of, 42- charge";"offensive targeting Refugee";"https://app.prolific.co/submissions/complete?cc=91442ADD"
"1179088797964763136_twitter";"HateXplain";"<user> i am bit confused coz chinese ppl can not access twitter thn how this ching chong using it i think he pakistani 🤔 🤔 🤔";"1- <user>, 2- i, 3- am, 4- bit, 5- confused, 6- coz, 7- chinese, 8- ppl, 9- can, 10- not, 11- access, 12- twitter, 13- thn, 14- how, 15- this, 16- ching, 17- chong, 18- using, 19- it, 20- i, 21- think, 22- he, 23- pakistani, 24- 🤔, 25- 🤔, 26- 🤔";"hatespeech targeting Asian";"https://app.prolific.co/submissions/complete?cc=91442ADD"
"26478596_gab";"HateXplain";"hop sing no jew yes but i bet they looked for a jew to play his part then came to conclusion we can not find a jew that will fit the role okay let us get a gook at minimum wage";"1- hop, 2- sing, 3- no, 4- jew, 5- yes, 6- but, 7- i, 8- bet, 9- they, 10- looked, 11- for, 12- a, 13- jew, 14- to, 15- play, 16- his, 17- part, 18- then, 19- came, 20- to, 21- conclusion, 22- we, 23- can, 24- not, 25- find, 26- a, 27- jew, 28- that, 29- will, 30- fit, 31- the, 32- role, 33- okay, 34- let, 35- us, 36- get, 37- a, 38- gook, 39- at, 40- minimum, 41- wage";"hatespeech targeting Asian";"https://app.prolific.co/submissions/complete?cc=91442ADD"
"1177627706055249921_twitter";"HateXplain";"<user> chinaman satanist lee hsien loong biggest cowards criminals keep on chattering audibly in <number> <number> wellington circle singapore he is arranging the biggest racial violence the world has ever seen drug addicts pseudo terrorists might be employed talks of uk citizens now";"1- <user>, 2- chinaman, 3- satanist, 4- lee, 5- hsien, 6- loong, 7- biggest, 8- cowards, 9- criminals, 10- keep, 11- on, 12- chattering, 13- audibly, 14- in, 15- <number>, 16- <number>, 17- wellington, 18- circle, 19- singapore, 20- he, 21- is, 22- arranging, 23- the, 24- biggest, 25- racial, 26- violence, 27- the, 28- world, 29- has, 30- ever, 31- seen, 32- drug, 33- addicts, 34- pseudo, 35- terrorists, 36- might, 37- be, 38- employed, 39- talks, 40- of, 41- uk, 42- citizens, 43- now";"offensive targeting Asian";"https://app.prolific.co/submissions/complete?cc=91442ADD"
"19465121_gab";"HateXplain";"you can see the gook genes";"1- you, 2- can, 3- see, 4- the, 5- gook, 6- genes";"hatespeech targeting Asian";"https://app.prolific.co/submissions/complete?cc=91442ADD"
"1179033155673526272_twitter";"HateXplain";"<user> ching chong oil 🤧";"1- <user>, 2- ching, 3- chong, 4- oil, 5- 🤧";"offensive targeting Asian";"https://app.prolific.co/submissions/complete?cc=91442ADD"
"23043975_gab";"HateXplain";"taking chink posting seriously hahahahahahahahahahahahahahahahahahahahahahahahahahahahaha";"1- taking, 2- chink, 3- posting, 4- seriously, 5- hahahahahahahahahahahahahahahahahahahahahahahahahahahahaha";"hatespeech targeting Asian";"https://app.prolific.co/submissions/complete?cc=91442ADD"
"1178901769683898370_twitter";"HateXplain";"<user> thank god no more of that chinaman and protea favourite tabraiz shamsi";"1- <user>, 2- thank, 3- god, 4- no, 5- more, 6- of, 7- that, 8- chinaman, 9- and, 10- protea, 11- favourite, 12- tabraiz, 13- shamsi";"offensive targeting Asian";"https://app.prolific.co/submissions/complete?cc=91442ADD"
"26824865_gab";"HateXplain";"duterte said he would sort out brighton you gotta get the best to do the job do not care if you are chink paki nigga can you do the task";"1- duterte, 2- said, 3- he, 4- would, 5- sort, 6- out, 7- brighton, 8- you, 9- gotta, 10- get, 11- the, 12- best, 13- to, 14- do, 15- the, 16- job, 17- do, 18- not, 19- care, 20- if, 21- you, 22- are, 23- chink, 24- paki, 25- nigga, 26- can, 27- you, 28- do, 29- the, 30- task";"offensive targeting Asian";"https://app.prolific.co/submissions/complete?cc=91442ADD"
"1177971373035139076_twitter";"HateXplain";"<user> this is not funny i am lactating samantha i need you to film it or else ching chong woman will drown in auntie tit milk";"1- <user>, 2- this, 3- is, 4- not, 5- funny, 6- i, 7- am, 8- lactating, 9- samantha, 10- i, 11- need, 12- you, 13- to, 14- film, 15- it, 16- or, 17- else, 18- ching, 19- chong, 20- woman, 21- will, 22- drown, 23- in, 24- auntie, 25- tit, 26- milk";"hatespeech targeting Asian";"https://app.prolific.co/submissions/complete?cc=91442ADD"
"16204881_gab";"HateXplain";"communist leaning colored citizens abusing their positions of authority targeting other chinky citizens for harm by other entitled citizens of color show of hands who thinks this is ok";"1- communist, 2- leaning, 3- colored, 4- citizens, 5- abusing, 6- their, 7- positions, 8- of, 9- authority, 10- targeting, 11- other, 12- chinky, 13- citizens, 14- for, 15- harm, 16- by, 17- other, 18- entitled, 19- citizens, 20- of, 21- color, 22- show, 23- of, 24- hands, 25- who, 26- thinks, 27- this, 28- is, 29- ok";"hatespeech targeting Asian";"https://app.prolific.co/submissions/complete?cc=91442ADD"
"1177921850753466369_twitter";"HateXplain";"<number> school lang <number> since gr <number> ko <number> yeah sauna <number> no <number> moving up nila <number> idk <number> purple <number> ❓ ❓ <number> ching chong <number> none <number> idk <number> no <number> me <number> no <number> no fave i will send u a name";"1- <number>, 2- school, 3- lang, 4- <number>, 5- since, 6- gr, 7- <number>, 8- ko, 9- <number>, 10- yeah, 11- sauna, 12- <number>, 13- no, 14- <number>, 15- moving, 16- up, 17- nila, 18- <number>, 19- idk, 20- <number>, 21- purple, 22- <number>, 23- ❓, 24- ❓, 25- <number>, 26- ching, 27- chong, 28- <number>, 29- none, 30- <number>, 31- idk, 32- <number>, 33- no, 34- <number>, 35- me, 36- <number>, 37- no, 38- <number>, 39- no, 40- fave, 41- i, 42- will, 43- send, 44- u, 45- a, 46- name";"hatespeech targeting Asian";"https://app.prolific.co/submissions/complete?cc=91442ADD"
"13298344_gab";"HateXplain";"he will end up getting cuckolded by a horse and his chink waifu";"1- he, 2- will, 3- end, 4- up, 5- getting, 6- cuckolded, 7- by, 8- a, 9- horse, 10- and, 11- his, 12- chink, 13- waifu";"hatespeech targeting Asian";"https://app.prolific.co/submissions/complete?cc=91442ADD"
"1178502719868325888_twitter";"HateXplain";"<user> get well soon ching chong 😌";"1- <user>, 2- get, 3- well, 4- soon, 5- ching, 6- chong, 7- 😌";"hatespeech targeting Asian";"https://app.prolific.co/submissions/complete?cc=91442ADD"
"11549132_gab";"HateXplain";"yeah i dont mind chinks they need to stay in chink land though to many coming to my country";"1- yeah, 2- i, 3- dont, 4- mind, 5- chinks, 6- they, 7- need, 8- to, 9- stay, 10- in, 11- chink, 12- land, 13- though, 14- to, 15- many, 16- coming, 17- to, 18- my, 19- country";"hatespeech targeting Asian";"https://app.prolific.co/submissions/complete?cc=91442ADD"
"1177972795613024256_twitter";"HateXplain";"<user> <user> lets keep spamming ching chong so we can see this buffoon exploit the definition of racism";"1- <user>, 2- <user>, 3- lets, 4- keep, 5- spamming, 6- ching, 7- chong, 8- so, 9- we, 10- can, 11- see, 12- this, 13- buffoon, 14- exploit, 15- the, 16- definition, 17- of, 18- racism";"hatespeech targeting Asian";"https://app.prolific.co/submissions/complete?cc=91442ADD"
"9535148_gab";"HateXplain";"bill clinton turned the dnc into china painted whore in <number> if you remember china heavily funded bill clinton campaign these illegal gook funds were glibly dismissed with an assurance that they would not affect policy and a compliant media who promised not to press the matter";"1- bill, 2- clinton, 3- turned, 4- the, 5- dnc, 6- into, 7- china, 8- painted, 9- whore, 10- in, 11- <number>, 12- if, 13- you, 14- remember, 15- china, 16- heavily, 17- funded, 18- bill, 19- clinton, 20- campaign, 21- these, 22- illegal, 23- gook, 24- funds, 25- were, 26- glibly, 27- dismissed, 28- with, 29- an, 30- assurance, 31- that, 32- they, 33- would, 34- not, 35- affect, 36- policy, 37- and, 38- a, 39- compliant, 40- media, 41- who, 42- promised, 43- not, 44- to, 45- press, 46- the, 47- matter";"hatespeech targeting Asian";"https://app.prolific.co/submissions/complete?cc=91442ADD"
"1178101883602272256_twitter";"HateXplain";"my ching chong is so cutie";"1- my, 2- ching, 3- chong, 4- is, 5- so, 6- cutie";"hatespeech targeting Asian";"https://app.prolific.co/submissions/complete?cc=91442ADD"
"6867113_gab";"HateXplain";"that little asian thug had it coming you do what the police tell you to do does not matter the time does not matter the place that chink got what was coming to him blue lives matter these officers risk their lives for the employees of united boycott united is fucking stupid";"1- that, 2- little, 3- asian, 4- thug, 5- had, 6- it, 7- coming, 8- you, 9- do, 10- what, 11- the, 12- police, 13- tell, 14- you, 15- to, 16- do, 17- does, 18- not, 19- matter, 20- the, 21- time, 22- does, 23- not, 24- matter, 25- the, 26- place, 27- that, 28- chink, 29- got, 30- what, 31- was, 32- coming, 33- to, 34- him, 35- blue, 36- lives, 37- matter, 38- these, 39- officers, 40- risk, 41- their, 42- lives, 43- for, 44- the, 45- employees, 46- of, 47- united, 48- boycott, 49- united, 50- is, 51- fucking, 52- stupid";"hatespeech targeting Asian";"https://app.prolific.co/submissions/complete?cc=91442ADD"
"1179085028740853760_twitter";"HateXplain";"chimmy ching chong great wall";"1- chimmy, 2- ching, 3- chong, 4- great, 5- wall";"offensive targeting Asian";"https://app.prolific.co/submissions/complete?cc=91442ADD"
"19226129_gab";"HateXplain";"it was in an attempt to find this sweat that i found out you are not a chink after all still do not know where to watch the stream and tbh do not know where to turn at this point";"1- it, 2- was, 3- in, 4- an, 5- attempt, 6- to, 7- find, 8- this, 9- sweat, 10- that, 11- i, 12- found, 13- out, 14- you, 15- are, 16- not, 17- a, 18- chink, 19- after, 20- all, 21- still, 22- do, 23- not, 24- know, 25- where, 26- to, 27- watch, 28- the, 29- stream, 30- and, 31- tbh, 32- do, 33- not, 34- know, 35- where, 36- to, 37- turn, 38- at, 39- this, 40- point";"hatespeech targeting Asian";"https://app.prolific.co/submissions/complete?cc=91442ADD"
"attention_37";"attention check sentences (HateXplain targeting)";"no rag head i wont get out of your bloody shop ill leave when i wan na leave";"1- no, 2- rag, 3- head, 4- i, 5- wont, 6- get, 7- out, 8- of, 9- your, 10- bloody, 11- shop, 12- ill, 13- leave, 14- when, 15- i, 16- wan, 17- na, 18- leave";"offensive";"https://app.prolific.co/submissions/complete?cc=91442ADD"