"ID";"dataset";"text";"tokens";"label";"redirectUrl"
"2368668_gab";"HateXplain";"<user> full retard in europe";"1- <user>, 2- full, 3- retard, 4- in, 5- europe";"offensive targeting Other";"https://app.prolific.co/submissions/complete?cc=91442ADD"
"27618184_gab";"HateXplain";"diversity is a code word for white genocide immigrants contribute and integrate 3 rd world retards freeload and fornicate";"1- diversity, 2- is, 3- a, 4- code, 5- word, 6- for, 7- white, 8- genocide, 9- immigrants, 10- contribute, 11- and, 12- integrate, 13- 3, 14- rd, 15- world, 16- retards, 17- freeload, 18- and, 19- fornicate";"hatespeech targeting Refugee";"https://app.prolific.co/submissions/complete?cc=91442ADD"
"12444134_gab";"HateXplain";"nothing regarding any nigger at school or in the work sector is based on merit you fuckers get special treatment all standards are lowered for you what are you writing your thesis on the colonel <number> special herbs and spices";"1- nothing, 2- regarding, 3- any, 4- nigger, 5- at, 6- school, 7- or, 8- in, 9- the, 10- work, 11- sector, 12- is, 13- based, 14- on, 15- merit, 16- you, 17- fuckers, 18- get, 19- special, 20- treatment, 21- all, 22- standards, 23- are, 24- lowered, 25- for, 26- you, 27- what, 28- are, 29- you, 30- writing, 31- your, 32- thesis, 33- on, 34- the, 35- colonel, 36- <number>, 37- special, 38- herbs, 39- and, 40- spices";"hatespeech targeting African";"https://app.prolific.co/submissions/complete?cc=91442ADD"
"4650392_gab";"HateXplain";"president trump should not recieve kike netanyahu either and should not acknowledge israel as a country either and should exterminate all jews as well";"1- president, 2- trump, 3- should, 4- not, 5- recieve, 6- kike, 7- netanyahu, 8- either, 9- and, 10- should, 11- not, 12- acknowledge, 13- israel, 14- as, 15- a, 16- country, 17- either, 18- and, 19- should, 20- exterminate, 21- all, 22- jews, 23- as, 24- well";"hatespeech targeting Jewish";"https://app.prolific.co/submissions/complete?cc=91442ADD"
"1251685574546583553_twitter";"HateXplain";"ugly women posting selfies is harassment";"1- ugly, 2- women, 3- posting, 4- selfies, 5- is, 6- harassment";"offensive targeting Women";"https://app.prolific.co/submissions/complete?cc=91442ADD"
"8039584_gab";"HateXplain";"part and parcel of living in a big city london muzzie mayor sadiq khan";"1- part, 2- and, 3- parcel, 4- of, 5- living, 6- in, 7- a, 8- big, 9- city, 10- london, 11- muzzie, 12- mayor, 13- sadiq, 14- khan";"hatespeech targeting Islam";"https://app.prolific.co/submissions/complete?cc=91442ADD"
"10064262_gab";"HateXplain";"i can not tell one sand nigger from the next";"1- i, 2- can, 3- not, 4- tell, 5- one, 6- sand, 7- nigger, 8- from, 9- the, 10- next";"hatespeech targeting Arab";"https://app.prolific.co/submissions/complete?cc=91442ADD"
"23737066_gab";"HateXplain";"give us more of your money women and country it is our right to rape you";"1- give, 2- us, 3- more, 4- of, 5- your, 6- money, 7- women, 8- and, 9- country, 10- it, 11- is, 12- our, 13- right, 14- to, 15- rape, 16- you";"offensive targeting Other";"https://app.prolific.co/submissions/complete?cc=91442ADD"
"27636796_gab";"HateXplain";"remember everyone it okay to exploit immigrants with below minimum wage labor and consider each and every non white person to be a disadvantaged simp that ll never achieve anything w o handouts from whitey because intersectionality or something";"1- remember, 2- everyone, 3- it, 4- okay, 5- to, 6- exploit, 7- immigrants, 8- with, 9- below, 10- minimum, 11- wage, 12- labor, 13- and, 14- consider, 15- each, 16- and, 17- every, 18- non, 19- white, 20- person, 21- to, 22- be, 23- a, 24- disadvantaged, 25- simp, 26- that, 27- ll, 28- never, 29- achieve, 30- anything, 31- w, 32- o, 33- handouts, 34- from, 35- whitey, 36- because, 37- intersectionality, 38- or, 39- something";"offensive targeting Refugee";"https://app.prolific.co/submissions/complete?cc=91442ADD"
"15762396_gab";"HateXplain";"welfare is a kike scam to enable niggers like you to sponge off of the system it was pushed upon the country unwillingly and has been causing constant turmoil and misery ever since it should be abolished completely what else have you got for me you jew fellating ignoramus";"1- welfare, 2- is, 3- a, 4- kike, 5- scam, 6- to, 7- enable, 8- niggers, 9- like, 10- you, 11- to, 12- sponge, 13- off, 14- of, 15- the, 16- system, 17- it, 18- was, 19- pushed, 20- upon, 21- the, 22- country, 23- unwillingly, 24- and, 25- has, 26- been, 27- causing, 28- constant, 29- turmoil, 30- and, 31- misery, 32- ever, 33- since, 34- it, 35- should, 36- be, 37- abolished, 38- completely, 39- what, 40- else, 41- have, 42- you, 43- got, 44- for, 45- me, 46- you, 47- jew, 48- fellating, 49- ignoramus";"hatespeech targeting African";"https://app.prolific.co/submissions/complete?cc=91442ADD"
"20692960_gab";"HateXplain";"he loves his daughter more than himself doubt he endangers his grandkids yet yid marries his daughter doubt accidentally yids prepared to stub trump from inside they knew that opposition was preparing him for the last <number> years to overthrow order i think for his daughter he would cave in";"1- he, 2- loves, 3- his, 4- daughter, 5- more, 6- than, 7- himself, 8- doubt, 9- he, 10- endangers, 11- his, 12- grandkids, 13- yet, 14- yid, 15- marries, 16- his, 17- daughter, 18- doubt, 19- accidentally, 20- yids, 21- prepared, 22- to, 23- stub, 24- trump, 25- from, 26- inside, 27- they, 28- knew, 29- that, 30- opposition, 31- was, 32- preparing, 33- him, 34- for, 35- the, 36- last, 37- <number>, 38- years, 39- to, 40- overthrow, 41- order, 42- i, 43- think, 44- for, 45- his, 46- daughter, 47- he, 48- would, 49- cave, 50- in";"offensive targeting Jewish";"https://app.prolific.co/submissions/complete?cc=91442ADD"
"1258517147162042369_twitter";"HateXplain";"<user> she cares more about opening the economy then all those who have dies from gun violence dana the witch at it again";"1- <user>, 2- she, 3- cares, 4- more, 5- about, 6- opening, 7- the, 8- economy, 9- then, 10- all, 11- those, 12- who, 13- have, 14- dies, 15- from, 16- gun, 17- violence, 18- dana, 19- the, 20- witch, 21- at, 22- it, 23- again";"offensive targeting Women";"https://app.prolific.co/submissions/complete?cc=91442ADD"
"8151423_gab";"HateXplain";"the muzzie looks miserable and ugly";"1- the, 2- muzzie, 3- looks, 4- miserable, 5- and, 6- ugly";"hatespeech targeting Islam";"https://app.prolific.co/submissions/complete?cc=91442ADD"
"10188209_gab";"HateXplain";"i will make this as politically correct as i possibly can kill all the sand niggers until there not a single one left and you will solve half your problem overnight kill all socialists to solve the other half";"1- i, 2- will, 3- make, 4- this, 5- as, 6- politically, 7- correct, 8- as, 9- i, 10- possibly, 11- can, 12- kill, 13- all, 14- the, 15- sand, 16- niggers, 17- until, 18- there, 19- not, 20- a, 21- single, 22- one, 23- left, 24- and, 25- you, 26- will, 27- solve, 28- half, 29- your, 30- problem, 31- overnight, 32- kill, 33- all, 34- socialists, 35- to, 36- solve, 37- the, 38- other, 39- half";"hatespeech targeting Arab";"https://app.prolific.co/submissions/complete?cc=91442ADD"
"24118784_gab";"HateXplain";"if it was only public data then it seems that is not doxxing was it calls to harass where is the line how do you expose a commie judge and protest against state tyranny without it being harassment how do the commies always do it <user>";"1- if, 2- it, 3- was, 4- only, 5- public, 6- data, 7- then, 8- it, 9- seems, 10- that, 11- is, 12- not, 13- doxxing, 14- was, 15- it, 16- calls, 17- to, 18- harass, 19- where, 20- is, 21- the, 22- line, 23- how, 24- do, 25- you, 26- expose, 27- a, 28- commie, 29- judge, 30- and, 31- protest, 32- against, 33- state, 34- tyranny, 35- without, 36- it, 37- being, 38- harassment, 39- how, 40- do, 41- the, 42- commies, 43- always, 44- do, 45- it, 46- <user>";"offensive targeting Other";"https://app.prolific.co/submissions/complete?cc=91442ADD"
"27993546_gab";"HateXplain";"i would like to volunteer a rafting service for reintegrating immigrants and their kids they can travel together free of charge across the rio grande or tijuana rivers to mexico";"1- i, 2- would, 3- like, 4- to, 5- volunteer, 6- a, 7- rafting, 8- service, 9- for, 10- reintegrating, 11- immigrants, 12- and, 13- their, 14- kids, 15- they, 16- can, 17- travel, 18- together, 19- free, 20- of, 21- charge, 22- across, 23- the, 24- rio, 25- grande, 26- or, 27- tijuana, 28- rivers, 29- to, 30- mexico";"offensive targeting Refugee";"https://app.prolific.co/submissions/complete?cc=91442ADD"
"18585602_gab";"HateXplain";"i give a fuck in that i am happy there one less nigger to take our gibs";"1- i, 2- give, 3- a, 4- fuck, 5- in, 6- that, 7- i, 8- am, 9- happy, 10- there, 11- one, 12- less, 13- nigger, 14- to, 15- take, 16- our, 17- gibs";"hatespeech targeting African";"https://app.prolific.co/submissions/complete?cc=91442ADD"
"17929392_gab";"HateXplain";"<number> <number> salute brother its the the truth and nothing but the truth enjoy and let it develop your brain and use it against your kike government";"1- <number>, 2- <number>, 3- salute, 4- brother, 5- its, 6- the, 7- the, 8- truth, 9- and, 10- nothing, 11- but, 12- the, 13- truth, 14- enjoy, 15- and, 16- let, 17- it, 18- develop, 19- your, 20- brain, 21- and, 22- use, 23- it, 24- against, 25- your, 26- kike, 27- government";"hatespeech targeting Jewish";"https://app.prolific.co/submissions/complete?cc=91442ADD"
"1263277749327855616_twitter";"HateXplain";"<user> <user> another group of feminazis released in to society yikes";"1- <user>, 2- <user>, 3- another, 4- group, 5- of, 6- feminazis, 7- released, 8- in, 9- to, 10- society, 11- yikes";"offensive targeting Women";"https://app.prolific.co/submissions/complete?cc=91442ADD"
"13146695_gab";"HateXplain";"you are in the grip of meme malware that is what i fight also muzzie invader scum";"1- you, 2- are, 3- in, 4- the, 5- grip, 6- of, 7- meme, 8- malware, 9- that, 10- is, 11- what, 12- i, 13- fight, 14- also, 15- muzzie, 16- invader, 17- scum";"hatespeech targeting Islam";"https://app.prolific.co/submissions/complete?cc=91442ADD"
"10231411_gab";"HateXplain";"they are vile barbaric low iq ugly sand niggers";"1- they, 2- are, 3- vile, 4- barbaric, 5- low, 6- iq, 7- ugly, 8- sand, 9- niggers";"hatespeech targeting Arab";"https://app.prolific.co/submissions/complete?cc=91442ADD"
"2414219_gab";"HateXplain";"it is a conspiracy theory retard <user>";"1- it, 2- is, 3- a, 4- conspiracy, 5- theory, 6- retard, 7- <user>";"offensive targeting Other";"https://app.prolific.co/submissions/complete?cc=91442ADD"
"2985716_gab";"HateXplain";"liberal a i cannot work because i am on h4 visa but i realized illegal immigrants can work and are protected because ca has declared itself a sanctuary state me as a hidden trumper that not right liberal b but these undocumented workers are having such a difficult life speakfreely";"1- liberal, 2- a, 3- i, 4- cannot, 5- work, 6- because, 7- i, 8- am, 9- on, 10- h4, 11- visa, 12- but, 13- i, 14- realized, 15- illegal, 16- immigrants, 17- can, 18- work, 19- and, 20- are, 21- protected, 22- because, 23- ca, 24- has, 25- declared, 26- itself, 27- a, 28- sanctuary, 29- state, 30- me, 31- as, 32- a, 33- hidden, 34- trumper, 35- that, 36- not, 37- right, 38- liberal, 39- b, 40- but, 41- these, 42- undocumented, 43- workers, 44- are, 45- having, 46- such, 47- a, 48- difficult, 49- life, 50- speakfreely";"offensive targeting Refugee";"https://app.prolific.co/submissions/complete?cc=91442ADD"
"24021724_gab";"HateXplain";"should be a public hanging using a short drop that way the body jerks in the breeze sends a powerful message to any other nigger who thinks it can put its paws on a white woman";"1- should, 2- be, 3- a, 4- public, 5- hanging, 6- using, 7- a, 8- short, 9- drop, 10- that, 11- way, 12- the, 13- body, 14- jerks, 15- in, 16- the, 17- breeze, 18- sends, 19- a, 20- powerful, 21- message, 22- to, 23- any, 24- other, 25- nigger, 26- who, 27- thinks, 28- it, 29- can, 30- put, 31- its, 32- paws, 33- on, 34- a, 35- white, 36- woman";"hatespeech targeting African";"https://app.prolific.co/submissions/complete?cc=91442ADD"
"25354844_gab";"HateXplain";"every kike needs to be baptised";"1- every, 2- kike, 3- needs, 4- to, 5- be, 6- baptised";"hatespeech targeting Jewish";"https://app.prolific.co/submissions/complete?cc=91442ADD"
"23631407_gab";"HateXplain";"gutmenschen probleme ich würde einen moslem niemals in meine wohnung lassen und schon gar nicht in die nähe von meinen kindern";"1- gutmenschen, 2- probleme, 3- ich, 4- würde, 5- einen, 6- moslem, 7- niemals, 8- in, 9- meine, 10- wohnung, 11- lassen, 12- und, 13- schon, 14- gar, 15- nicht, 16- in, 17- die, 18- nähe, 19- von, 20- meinen, 21- kindern";"hatespeech targeting Islam";"https://app.prolific.co/submissions/complete?cc=91442ADD"
"10325961_gab";"HateXplain";"yoah touchink the third rail now ve made you and ve can break you raghead hoah";"1- yoah, 2- touchink, 3- the, 4- third, 5- rail, 6- now, 7- ve, 8- made, 9- you, 10- and, 11- ve, 12- can, 13- break, 14- you, 15- raghead, 16- hoah";"hatespeech targeting Arab";"https://app.prolific.co/submissions/complete?cc=91442ADD"
"24143269_gab";"HateXplain";"too bad we cannot deport you how did ever get into office to begin with yes wop with out papers from the days of the first italian immigrants when they hit ellis island and some other ports of entry how bad for us maggot cuomo";"1- too, 2- bad, 3- we, 4- cannot, 5- deport, 6- you, 7- how, 8- did, 9- ever, 10- get, 11- into, 12- office, 13- to, 14- begin, 15- with, 16- yes, 17- wop, 18- with, 19- out, 20- papers, 21- from, 22- the, 23- days, 24- of, 25- the, 26- first, 27- italian, 28- immigrants, 29- when, 30- they, 31- hit, 32- ellis, 33- island, 34- and, 35- some, 36- other, 37- ports, 38- of, 39- entry, 40- how, 41- bad, 42- for, 43- us, 44- maggot, 45- cuomo";"hatespeech targeting Other";"https://app.prolific.co/submissions/complete?cc=91442ADD"
"3007268_gab";"HateXplain";"immigrants wanting to live in our country need to understand <number> important thing assimilate or leave ❗ learn to speak english we desperately needs to shut down the over <number> mosques we now have thanks to obama compared to the <number> only <number> yrs ago pre obama how many terrorists are hiding under religion";"1- immigrants, 2- wanting, 3- to, 4- live, 5- in, 6- our, 7- country, 8- need, 9- to, 10- understand, 11- <number>, 12- important, 13- thing, 14- assimilate, 15- or, 16- leave, 17- ❗, 18- learn, 19- to, 20- speak, 21- english, 22- we, 23- desperately, 24- needs, 25- to, 26- shut, 27- down, 28- the, 29- over, 30- <number>, 31- mosques, 32- we, 33- now, 34- have, 35- thanks, 36- to, 37- obama, 38- compared, 39- to, 40- the, 41- <number>, 42- only, 43- <number>, 44- yrs, 45- ago, 46- pre, 47- obama, 48- how, 49- many, 50- terrorists, 51- are, 52- hiding, 53- under, 54- religion";"offensive targeting Refugee";"https://app.prolific.co/submissions/complete?cc=91442ADD"
"attention_55";"attention check sentences (HateXplain targeting)";"whats that smell it smells likeold people";"1- whats, 2- that, 3- smell, 4- it, 5- smells, 6- likeold, 7- people";"offensive";"https://app.prolific.co/submissions/complete?cc=91442ADD"