"ID";"dataset";"text";"tokens";"label";"redirectUrl"
"14271882_gab";"HateXplain";"if moderate muslims are the ones that support jihadi murderers does this make him a moderate progressive";"1- if, 2- moderate, 3- muslims, 4- are, 5- the, 6- ones, 7- that, 8- support, 9- jihadi, 10- murderers, 11- does, 12- this, 13- make, 14- him, 15- a, 16- moderate, 17- progressive";"offensive targeting Islam";"https://app.prolific.co/submissions/complete?cc=91442ADD"
"1110691129882828800_twitter";"HateXplain";"<user> its an epidemic in all of america ghetto shitholes";"1- <user>, 2- its, 3- an, 4- epidemic, 5- in, 6- all, 7- of, 8- america, 9- ghetto, 10- shitholes";"offensive targeting Other";"https://app.prolific.co/submissions/complete?cc=91442ADD"
"14704124_gab";"HateXplain";"funny how the people that go full retard lost their <number> minutes like <number> years ago even colin lost that <number> went full retard strange creatures these libtards";"1- funny, 2- how, 3- the, 4- people, 5- that, 6- go, 7- full, 8- retard, 9- lost, 10- their, 11- <number>, 12- minutes, 13- like, 14- <number>, 15- years, 16- ago, 17- even, 18- colin, 19- lost, 20- that, 21- <number>, 22- went, 23- full, 24- retard, 25- strange, 26- creatures, 27- these, 28- libtards";"offensive targeting Other";"https://app.prolific.co/submissions/complete?cc=91442ADD"
"1092366458980651008_twitter";"HateXplain";"<user> labor thinks that we care more about illegal immigrants on manus and nauru than we do this labor are in for a big shock";"1- <user>, 2- labor, 3- thinks, 4- that, 5- we, 6- care, 7- more, 8- about, 9- illegal, 10- immigrants, 11- on, 12- manus, 13- and, 14- nauru, 15- than, 16- we, 17- do, 18- this, 19- labor, 20- are, 21- in, 22- for, 23- a, 24- big, 25- shock";"offensive targeting Refugee";"https://app.prolific.co/submissions/complete?cc=91442ADD"
"17332850_gab";"HateXplain";"lol yeah i know what u saying refugees were living their lives there did not had reasons <number> seek refugee or bother people in other peoples countries its the kalergi plan alright empty greater israel then hope eu is gonna clash with all these different cultures religions so people will accept nwo";"1- lol, 2- yeah, 3- i, 4- know, 5- what, 6- u, 7- saying, 8- refugees, 9- were, 10- living, 11- their, 12- lives, 13- there, 14- did, 15- not, 16- had, 17- reasons, 18- <number>, 19- seek, 20- refugee, 21- or, 22- bother, 23- people, 24- in, 25- other, 26- peoples, 27- countries, 28- its, 29- the, 30- kalergi, 31- plan, 32- alright, 33- empty, 34- greater, 35- israel, 36- then, 37- hope, 38- eu, 39- is, 40- gonna, 41- clash, 42- with, 43- all, 44- these, 45- different, 46- cultures, 47- religions, 48- so, 49- people, 50- will, 51- accept, 52- nwo";"offensive targeting Refugee";"https://app.prolific.co/submissions/complete?cc=91442ADD"
"1275656302262394881_twitter";"HateXplain";"<user> ew imagine standing a group of asians that fuck eachother";"1- <user>, 2- ew, 3- imagine, 4- standing, 5- a, 6- group, 7- of, 8- asians, 9- that, 10- fuck, 11- eachother";"offensive targeting Asian";"https://app.prolific.co/submissions/complete?cc=91442ADD"
"27821044_gab";"HateXplain";"why are asians sitting in government seats of power in the historically white nation of america does china or japan do this to themselves";"1- why, 2- are, 3- asians, 4- sitting, 5- in, 6- government, 7- seats, 8- of, 9- power, 10- in, 11- the, 12- historically, 13- white, 14- nation, 15- of, 16- america, 17- does, 18- china, 19- or, 20- japan, 21- do, 22- this, 23- to, 24- themselves";"offensive targeting Asian";"https://app.prolific.co/submissions/complete?cc=91442ADD"
"1179093114058952705_twitter";"HateXplain";"<user> <user> you have <number> numbers in your and you called me a clown stfu retard";"1- <user>, 2- <user>, 3- you, 4- have, 5- <number>, 6- numbers, 7- in, 8- your, 9- and, 10- you, 11- called, 12- me, 13- a, 14- clown, 15- stfu, 16- retard";"offensive targeting Disability";"https://app.prolific.co/submissions/complete?cc=91442ADD"
"20187632_gab";"HateXplain";"white nationalist can you picture a world where your town is white your schools are white your world is white i have a dream that one day i can live in a white world where little whites kids play with other white kids and the nigger is back in africa";"1- white, 2- nationalist, 3- can, 4- you, 5- picture, 6- a, 7- world, 8- where, 9- your, 10- town, 11- is, 12- white, 13- your, 14- schools, 15- are, 16- white, 17- your, 18- world, 19- is, 20- white, 21- i, 22- have, 23- a, 24- dream, 25- that, 26- one, 27- day, 28- i, 29- can, 30- live, 31- in, 32- a, 33- white, 34- world, 35- where, 36- little, 37- whites, 38- kids, 39- play, 40- with, 41- other, 42- white, 43- kids, 44- and, 45- the, 46- nigger, 47- is, 48- back, 49- in, 50- africa";"hatespeech targeting African";"https://app.prolific.co/submissions/complete?cc=91442ADD"
"1164745213648261120_twitter";"HateXplain";"you don ’ t never fuck yo niggas bitch n you don ’ t never sneak around him";"1- you, 2- don, 3- ’, 4- t, 5- never, 6- fuck, 7- yo, 8- niggas, 9- bitch, 10- n, 11- you, 12- don, 13- ’, 14- t, 15- never, 16- sneak, 17- around, 18- him";"offensive targeting African";"https://app.prolific.co/submissions/complete?cc=91442ADD"
"13190059_gab";"HateXplain";"soon the season low will be an all time low for the negro felon league negrofelonleague burnthenfl";"1- soon, 2- the, 3- season, 4- low, 5- will, 6- be, 7- an, 8- all, 9- time, 10- low, 11- for, 12- the, 13- negro, 14- felon, 15- league, 16- negrofelonleague, 17- burnthenfl";"hatespeech targeting African";"https://app.prolific.co/submissions/complete?cc=91442ADD"
"1179093149437722625_twitter";"HateXplain";"fuck you braden you dumb houston white trash fuck";"1- fuck, 2- you, 3- braden, 4- you, 5- dumb, 6- houston, 7- white, 8- trash, 9- fuck";"hatespeech targeting Caucasian";"https://app.prolific.co/submissions/complete?cc=91442ADD"
"23218081_gab";"HateXplain";"you are going to be labeled a nazi no matter what you do you have interest in european roots white culture white folk lore and white faiths you are a nazi to the jews no matter what you do";"1- you, 2- are, 3- going, 4- to, 5- be, 6- labeled, 7- a, 8- nazi, 9- no, 10- matter, 11- what, 12- you, 13- do, 14- you, 15- have, 16- interest, 17- in, 18- european, 19- roots, 20- white, 21- culture, 22- white, 23- folk, 24- lore, 25- and, 26- white, 27- faiths, 28- you, 29- are, 30- a, 31- nazi, 32- to, 33- the, 34- jews, 35- no, 36- matter, 37- what, 38- you, 39- do";"offensive targeting Caucasian";"https://app.prolific.co/submissions/complete?cc=91442ADD"
"1081245161261273092_twitter";"HateXplain";"and if yo bitch fast prolly cuz she out here runnin 🤣";"1- and, 2- if, 3- yo, 4- bitch, 5- fast, 6- prolly, 7- cuz, 8- she, 9- out, 10- here, 11- runnin, 12- 🤣";"offensive targeting Women";"https://app.prolific.co/submissions/complete?cc=91442ADD"
"15644350_gab";"HateXplain";"sexual harassment is a two way street actually grabbing a man dick is a more severe act of harassment than talking about grabbing a women pussy resign from the view joy";"1- sexual, 2- harassment, 3- is, 4- a, 5- two, 6- way, 7- street, 8- actually, 9- grabbing, 10- a, 11- man, 12- dick, 13- is, 14- a, 15- more, 16- severe, 17- act, 18- of, 19- harassment, 20- than, 21- talking, 22- about, 23- grabbing, 24- a, 25- women, 26- pussy, 27- resign, 28- from, 29- the, 30- view, 31- joy";"offensive targeting Women";"https://app.prolific.co/submissions/complete?cc=91442ADD"
"1116531316508495872_twitter";"HateXplain";"<user> safe and affordable killing of helpless babies just what a muslim wants one less infidel to kill or convert";"1- <user>, 2- safe, 3- and, 4- affordable, 5- killing, 6- of, 7- helpless, 8- babies, 9- just, 10- what, 11- a, 12- muslim, 13- wants, 14- one, 15- less, 16- infidel, 17- to, 18- kill, 19- or, 20- convert";"hatespeech targeting Islam";"https://app.prolific.co/submissions/complete?cc=91442ADD"
"14301067_gab";"HateXplain";"arm yourself against soros funded altifa tyranny and muslime ohell sedition there is no place in america for millions of ohell muslime refugee barbarians and their cult sharia law the dems love women are not slaves in america they are or will be armed if desired for their protection";"1- arm, 2- yourself, 3- against, 4- soros, 5- funded, 6- altifa, 7- tyranny, 8- and, 9- muslime, 10- ohell, 11- sedition, 12- there, 13- is, 14- no, 15- place, 16- in, 17- america, 18- for, 19- millions, 20- of, 21- ohell, 22- muslime, 23- refugee, 24- barbarians, 25- and, 26- their, 27- cult, 28- sharia, 29- law, 30- the, 31- dems, 32- love, 33- women, 34- are, 35- not, 36- slaves, 37- in, 38- america, 39- they, 40- are, 41- or, 42- will, 43- be, 44- armed, 45- if, 46- desired, 47- for, 48- their, 49- protection";"hatespeech targeting Islam";"https://app.prolific.co/submissions/complete?cc=91442ADD"
"1112381811877916674_twitter";"HateXplain";"this bitch kenny got my key i can ’ t emuss lock the damn door";"1- this, 2- bitch, 3- kenny, 4- got, 5- my, 6- key, 7- i, 8- can, 9- ’, 10- t, 11- emuss, 12- lock, 13- the, 14- damn, 15- door";"offensive targeting Other";"https://app.prolific.co/submissions/complete?cc=91442ADD"
"14981350_gab";"HateXplain";"like i said these pedantic stop talking about x things alt right spergs do are retarded and lead nowhere productive i do not have time for them";"1- like, 2- i, 3- said, 4- these, 5- pedantic, 6- stop, 7- talking, 8- about, 9- x, 10- things, 11- alt, 12- right, 13- spergs, 14- do, 15- are, 16- retarded, 17- and, 18- lead, 19- nowhere, 20- productive, 21- i, 22- do, 23- not, 24- have, 25- time, 26- for, 27- them";"offensive targeting Other";"https://app.prolific.co/submissions/complete?cc=91442ADD"
"1092784543000682496_twitter";"HateXplain";"<user> i hope ice arrest illegal immigrants and their sponsors";"1- <user>, 2- i, 3- hope, 4- ice, 5- arrest, 6- illegal, 7- immigrants, 8- and, 9- their, 10- sponsors";"offensive targeting Refugee";"https://app.prolific.co/submissions/complete?cc=91442ADD"
"17408390_gab";"HateXplain";"hias hebrew immigrant aid society bragged on its blog yesterday that in a baltimore md court it saved somali illegal alien yaasir from deportation back to somalia they are one of the <number> federal resettlement contractors paid w taxpayer placing refugees in your towns cities";"1- hias, 2- hebrew, 3- immigrant, 4- aid, 5- society, 6- bragged, 7- on, 8- its, 9- blog, 10- yesterday, 11- that, 12- in, 13- a, 14- baltimore, 15- md, 16- court, 17- it, 18- saved, 19- somali, 20- illegal, 21- alien, 22- yaasir, 23- from, 24- deportation, 25- back, 26- to, 27- somalia, 28- they, 29- are, 30- one, 31- of, 32- the, 33- <number>, 34- federal, 35- resettlement, 36- contractors, 37- paid, 38- w, 39- taxpayer, 40- placing, 41- refugees, 42- in, 43- your, 44- towns, 45- cities";"hatespeech targeting Refugee";"https://app.prolific.co/submissions/complete?cc=91442ADD"
"1124267001415778304_twitter";"HateXplain";"to those who cant hold their shit and spoiled endgame you guys are retarded and jerks go die";"1- to, 2- those, 3- who, 4- cant, 5- hold, 6- their, 7- shit, 8- and, 9- spoiled, 10- endgame, 11- you, 12- guys, 13- are, 14- retarded, 15- and, 16- jerks, 17- go, 18- die";"offensive targeting Disability";"https://app.prolific.co/submissions/complete?cc=91442ADD"
"18144033_gab";"HateXplain";"i guess the nigger wasn t around to pez her so she wised up and jumped";"1- i, 2- guess, 3- the, 4- nigger, 5- wasn, 6- t, 7- around, 8- to, 9- pez, 10- her, 11- so, 12- she, 13- wised, 14- up, 15- and, 16- jumped";"hatespeech targeting African";"https://app.prolific.co/submissions/complete?cc=91442ADD"
"1164945865603211264_twitter";"HateXplain";"i ain ’ t even gone speak on it just know niggas ain ’ t who they claim to be on this social media shit";"1- i, 2- ain, 3- ’, 4- t, 5- even, 6- gone, 7- speak, 8- on, 9- it, 10- just, 11- know, 12- niggas, 13- ain, 14- ’, 15- t, 16- who, 17- they, 18- claim, 19- to, 20- be, 21- on, 22- this, 23- social, 24- media, 25- shit";"offensive targeting African";"https://app.prolific.co/submissions/complete?cc=91442ADD"
"13199345_gab";"HateXplain";"i want a huge trump nigger scandal and the jews i want people saying yeah you know trump is right – i am sick of these niggers and kikes also";"1- i, 2- want, 3- a, 4- huge, 5- trump, 6- nigger, 7- scandal, 8- and, 9- the, 10- jews, 11- i, 12- want, 13- people, 14- saying, 15- yeah, 16- you, 17- know, 18- trump, 19- is, 20- right, 21- –, 22- i, 23- am, 24- sick, 25- of, 26- these, 27- niggers, 28- and, 29- kikes, 30- also";"hatespeech targeting African";"https://app.prolific.co/submissions/complete?cc=91442ADD"
"1179092073061830656_twitter";"HateXplain";"<user> the hidden secret of canada is that <percent> of it is just like florida white trash still great country 🇨 🇦 🇺 🇸";"1- <user>, 2- the, 3- hidden, 4- secret, 5- of, 6- canada, 7- is, 8- that, 9- <percent>, 10- of, 11- it, 12- is, 13- just, 14- like, 15- florida, 16- white, 17- trash, 18- still, 19- great, 20- country, 21- 🇨, 22- 🇦, 23- 🇺, 24- 🇸";"hatespeech targeting Caucasian";"https://app.prolific.co/submissions/complete?cc=91442ADD"
"23324274_gab";"HateXplain";"dems kill all white people reps disavow and kill all white people slower";"1- dems, 2- kill, 3- all, 4- white, 5- people, 6- reps, 7- disavow, 8- and, 9- kill, 10- all, 11- white, 12- people, 13- slower";"hatespeech targeting Caucasian";"https://app.prolific.co/submissions/complete?cc=91442ADD"
"1088987565397544961_twitter";"HateXplain";"bitches be so mad over some shit they cant control";"1- bitches, 2- be, 3- so, 4- mad, 5- over, 6- some, 7- shit, 8- they, 9- cant, 10- control";"offensive targeting Women";"https://app.prolific.co/submissions/complete?cc=91442ADD"
"15755618_gab";"HateXplain";"whore says she does not want to get fucked by likely diseased faggots other whores and sjw freaks go crazy at this truly diabolical homophobia whore can not take the bullying kills herself what a world we live in";"1- whore, 2- says, 3- she, 4- does, 5- not, 6- want, 7- to, 8- get, 9- fucked, 10- by, 11- likely, 12- diseased, 13- faggots, 14- other, 15- whores, 16- and, 17- sjw, 18- freaks, 19- go, 20- crazy, 21- at, 22- this, 23- truly, 24- diabolical, 25- homophobia, 26- whore, 27- can, 28- not, 29- take, 30- the, 31- bullying, 32- kills, 33- herself, 34- what, 35- a, 36- world, 37- we, 38- live, 39- in";"hatespeech targeting Women";"https://app.prolific.co/submissions/complete?cc=91442ADD"
"attention_37";"attention check sentences (HateXplain targeting)";"no rag head i wont get out of your bloody shop ill leave when i wan na leave";"1- no, 2- rag, 3- head, 4- i, 5- wont, 6- get, 7- out, 8- of, 9- your, 10- bloody, 11- shop, 12- ill, 13- leave, 14- when, 15- i, 16- wan, 17- na, 18- leave";"offensive";"https://app.prolific.co/submissions/complete?cc=91442ADD"