"ID";"dataset";"text";"tokens";"label";"redirectUrl"
"22269387_gab";"HateXplain";"it a shame theresa may never had children because now she will never get to see them grow up and become victims of a muslim grooming gang";"1- it, 2- a, 3- shame, 4- theresa, 5- may, 6- never, 7- had, 8- children, 9- because, 10- now, 11- she, 12- will, 13- never, 14- get, 15- to, 16- see, 17- them, 18- grow, 19- up, 20- and, 21- become, 22- victims, 23- of, 24- a, 25- muslim, 26- grooming, 27- gang";"hatespeech targeting Islam";"https://app.prolific.co/submissions/complete?cc=91442ADD"
"11760301_gab";"HateXplain";"cuh cuh cuh communism nah pass this nigger worked too hard for handouts i prefer the uncertainty the risk the gasp entropy of capitalistic competition";"1- cuh, 2- cuh, 3- cuh, 4- communism, 5- nah, 6- pass, 7- this, 8- nigger, 9- worked, 10- too, 11- hard, 12- for, 13- handouts, 14- i, 15- prefer, 16- the, 17- uncertainty, 18- the, 19- risk, 20- the, 21- gasp, 22- entropy, 23- of, 24- capitalistic, 25- competition";"hatespeech targeting African";"https://app.prolific.co/submissions/complete?cc=91442ADD"
"23785295_gab";"HateXplain";"already millions looking at him saying he is a kike shill moron he out in <number>";"1- already, 2- millions, 3- looking, 4- at, 5- him, 6- saying, 7- he, 8- is, 9- a, 10- kike, 11- shill, 12- moron, 13- he, 14- out, 15- in, 16- <number>";"hatespeech targeting Jewish";"https://app.prolific.co/submissions/complete?cc=91442ADD"
"22323546_gab";"HateXplain";"cant we just focus our efforts on the mulims and deal with the jews later one spreads much faster then the other";"1- cant, 2- we, 3- just, 4- focus, 5- our, 6- efforts, 7- on, 8- the, 9- mulims, 10- and, 11- deal, 12- with, 13- the, 14- jews, 15- later, 16- one, 17- spreads, 18- much, 19- faster, 20- then, 21- the, 22- other";"offensive targeting Islam";"https://app.prolific.co/submissions/complete?cc=91442ADD"
"12307994_gab";"HateXplain";"perzactly move along go be a nigger somewhere else";"1- perzactly, 2- move, 3- along, 4- go, 5- be, 6- a, 7- nigger, 8- somewhere, 9- else";"hatespeech targeting African";"https://app.prolific.co/submissions/complete?cc=91442ADD"
"25580645_gab";"HateXplain";"too many kike trolls on gab trying to trigger the goyim";"1- too, 2- many, 3- kike, 4- trolls, 5- on, 6- gab, 7- trying, 8- to, 9- trigger, 10- the, 11- goyim";"hatespeech targeting Jewish";"https://app.prolific.co/submissions/complete?cc=91442ADD"
"22455498_gab";"HateXplain";"reminder that for every muslim with four wives there are three losers who have no hope of getting sex unless they rape animals children and white women polygamy creates social instability";"1- reminder, 2- that, 3- for, 4- every, 5- muslim, 6- with, 7- four, 8- wives, 9- there, 10- are, 11- three, 12- losers, 13- who, 14- have, 15- no, 16- hope, 17- of, 18- getting, 19- sex, 20- unless, 21- they, 22- rape, 23- animals, 24- children, 25- and, 26- white, 27- women, 28- polygamy, 29- creates, 30- social, 31- instability";"hatespeech targeting Islam";"https://app.prolific.co/submissions/complete?cc=91442ADD"
"12172065_gab";"HateXplain";"an idiot a nigger a jew a muslim you are not british if you live in that cunt of a place";"1- an, 2- idiot, 3- a, 4- nigger, 5- a, 6- jew, 7- a, 8- muslim, 9- you, 10- are, 11- not, 12- british, 13- if, 14- you, 15- live, 16- in, 17- that, 18- cunt, 19- of, 20- a, 21- place";"hatespeech targeting African";"https://app.prolific.co/submissions/complete?cc=91442ADD"
"18033237_gab";"HateXplain";"at least he is human kike rat";"1- at, 2- least, 3- he, 4- is, 5- human, 6- kike, 7- rat";"hatespeech targeting Jewish";"https://app.prolific.co/submissions/complete?cc=91442ADD"
"22834310_gab";"HateXplain";"your pussy muzzie loving government is killing you off faster than any battlefield aside from a handful of brit your giving your country up just like your parliament wanted to do in <number> here you go hitler we give up you had better resurrect churchill rapidly cuck boy";"1- your, 2- pussy, 3- muzzie, 4- loving, 5- government, 6- is, 7- killing, 8- you, 9- off, 10- faster, 11- than, 12- any, 13- battlefield, 14- aside, 15- from, 16- a, 17- handful, 18- of, 19- brit, 20- your, 21- giving, 22- your, 23- country, 24- up, 25- just, 26- like, 27- your, 28- parliament, 29- wanted, 30- to, 31- do, 32- in, 33- <number>, 34- here, 35- you, 36- go, 37- hitler, 38- we, 39- give, 40- up, 41- you, 42- had, 43- better, 44- resurrect, 45- churchill, 46- rapidly, 47- cuck, 48- boy";"hatespeech targeting Islam";"https://app.prolific.co/submissions/complete?cc=91442ADD"
"18458128_gab";"HateXplain";"your sisters suck white dick for <money> and not even white hookers will fuck you being a nigger must be terrible";"1- your, 2- sisters, 3- suck, 4- white, 5- dick, 6- for, 7- <money>, 8- and, 9- not, 10- even, 11- white, 12- hookers, 13- will, 14- fuck, 15- you, 16- being, 17- a, 18- nigger, 19- must, 20- be, 21- terrible";"hatespeech targeting African";"https://app.prolific.co/submissions/complete?cc=91442ADD"
"10994515_gab";"HateXplain";"you are right jared we should not judge tara or lauren southern by their distant yid ancestry arguing percentages is frivolous but we should judge them on the positions they take on the issues";"1- you, 2- are, 3- right, 4- jared, 5- we, 6- should, 7- not, 8- judge, 9- tara, 10- or, 11- lauren, 12- southern, 13- by, 14- their, 15- distant, 16- yid, 17- ancestry, 18- arguing, 19- percentages, 20- is, 21- frivolous, 22- but, 23- we, 24- should, 25- judge, 26- them, 27- on, 28- the, 29- positions, 30- they, 31- take, 32- on, 33- the, 34- issues";"hatespeech targeting Jewish";"https://app.prolific.co/submissions/complete?cc=91442ADD"
"22877517_gab";"HateXplain";"islam see to be only doing aweful things no wonder we do not want to do with that even a few good peeps are among them i doubt the ideoligy of the islam is good for peeps more bad for humans";"1- islam, 2- see, 3- to, 4- be, 5- only, 6- doing, 7- aweful, 8- things, 9- no, 10- wonder, 11- we, 12- do, 13- not, 14- want, 15- to, 16- do, 17- with, 18- that, 19- even, 20- a, 21- few, 22- good, 23- peeps, 24- are, 25- among, 26- them, 27- i, 28- doubt, 29- the, 30- ideoligy, 31- of, 32- the, 33- islam, 34- is, 35- good, 36- for, 37- peeps, 38- more, 39- bad, 40- for, 41- humans";"offensive targeting Islam";"https://app.prolific.co/submissions/complete?cc=91442ADD"
"16110028_gab";"HateXplain";"even better her future vid series on what it like to be a single mom after her nigger bf realizes he has one sweet getaway car after he knocks her up";"1- even, 2- better, 3- her, 4- future, 5- vid, 6- series, 7- on, 8- what, 9- it, 10- like, 11- to, 12- be, 13- a, 14- single, 15- mom, 16- after, 17- her, 18- nigger, 19- bf, 20- realizes, 21- he, 22- has, 23- one, 24- sweet, 25- getaway, 26- car, 27- after, 28- he, 29- knocks, 30- her, 31- up";"hatespeech targeting African";"https://app.prolific.co/submissions/complete?cc=91442ADD"
"26732378_gab";"HateXplain";"plenty of e celebs have covered israid sending africans from israel to europe patrick little promotes zionism as the solution to the jq he wants to reward jews with their own ethno state in response to them ruining ours this is the type of kike you are supporting m8";"1- plenty, 2- of, 3- e, 4- celebs, 5- have, 6- covered, 7- israid, 8- sending, 9- africans, 10- from, 11- israel, 12- to, 13- europe, 14- patrick, 15- little, 16- promotes, 17- zionism, 18- as, 19- the, 20- solution, 21- to, 22- the, 23- jq, 24- he, 25- wants, 26- to, 27- reward, 28- jews, 29- with, 30- their, 31- own, 32- ethno, 33- state, 34- in, 35- response, 36- to, 37- them, 38- ruining, 39- ours, 40- this, 41- is, 42- the, 43- type, 44- of, 45- kike, 46- you, 47- are, 48- supporting, 49- m8";"hatespeech targeting Jewish";"https://app.prolific.co/submissions/complete?cc=91442ADD"
"23150596_gab";"HateXplain";"do not be sucked into believing the nonsense that islam can be reformed into a lovely fluffy religion all muslims worship muhammed muhammed was a vile war mongering paedophile that cannot be changed";"1- do, 2- not, 3- be, 4- sucked, 5- into, 6- believing, 7- the, 8- nonsense, 9- that, 10- islam, 11- can, 12- be, 13- reformed, 14- into, 15- a, 16- lovely, 17- fluffy, 18- religion, 19- all, 20- muslims, 21- worship, 22- muhammed, 23- muhammed, 24- was, 25- a, 26- vile, 27- war, 28- mongering, 29- paedophile, 30- that, 31- cannot, 32- be, 33- changed";"hatespeech targeting Islam";"https://app.prolific.co/submissions/complete?cc=91442ADD"
"15716977_gab";"HateXplain";"bump dis nigger";"1- bump, 2- dis, 3- nigger";"hatespeech targeting African";"https://app.prolific.co/submissions/complete?cc=91442ADD"
"14288558_gab";"HateXplain";"do not leave out the kike bolshevik revolution bodycount of <number> million hitler was a christian";"1- do, 2- not, 3- leave, 4- out, 5- the, 6- kike, 7- bolshevik, 8- revolution, 9- bodycount, 10- of, 11- <number>, 12- million, 13- hitler, 14- was, 15- a, 16- christian";"hatespeech targeting Jewish";"https://app.prolific.co/submissions/complete?cc=91442ADD"
"23173712_gab";"HateXplain";"apparently there was a tea stain on the qu ran that blocked some text scientist have discovered what it covered mohammed was a gay prophet as is allah though mohammed went a step farther and was a tranny too";"1- apparently, 2- there, 3- was, 4- a, 5- tea, 6- stain, 7- on, 8- the, 9- qu, 10- ran, 11- that, 12- blocked, 13- some, 14- text, 15- scientist, 16- have, 17- discovered, 18- what, 19- it, 20- covered, 21- mohammed, 22- was, 23- a, 24- gay, 25- prophet, 26- as, 27- is, 28- allah, 29- though, 30- mohammed, 31- went, 32- a, 33- step, 34- farther, 35- and, 36- was, 37- a, 38- tranny, 39- too";"offensive targeting Islam";"https://app.prolific.co/submissions/complete?cc=91442ADD"
"4391012_gab";"HateXplain";"<user> i have said that exactly to him he lives in the cuck shed after work and is only allowed out to prep her nigger pet to get it up for him it the only sexual contact he has with her other than snowballing the bulls ejaculate into her sloppy cunt";"1- <user>, 2- i, 3- have, 4- said, 5- that, 6- exactly, 7- to, 8- him, 9- he, 10- lives, 11- in, 12- the, 13- cuck, 14- shed, 15- after, 16- work, 17- and, 18- is, 19- only, 20- allowed, 21- out, 22- to, 23- prep, 24- her, 25- nigger, 26- pet, 27- to, 28- get, 29- it, 30- up, 31- for, 32- him, 33- it, 34- the, 35- only, 36- sexual, 37- contact, 38- he, 39- has, 40- with, 41- her, 42- other, 43- than, 44- snowballing, 45- the, 46- bulls, 47- ejaculate, 48- into, 49- her, 50- sloppy, 51- cunt";"hatespeech targeting African";"https://app.prolific.co/submissions/complete?cc=91442ADD"
"18346631_gab";"HateXplain";"follow <user> he a good goy who physically removes antifa and frequently gets banned from kike social media previous post was wrong account";"1- follow, 2- <user>, 3- he, 4- a, 5- good, 6- goy, 7- who, 8- physically, 9- removes, 10- antifa, 11- and, 12- frequently, 13- gets, 14- banned, 15- from, 16- kike, 17- social, 18- media, 19- previous, 20- post, 21- was, 22- wrong, 23- account";"hatespeech targeting Jewish";"https://app.prolific.co/submissions/complete?cc=91442ADD"
"23343010_gab";"HateXplain";"so if we meet <number> moslem who does not try to kill us that makes islam an acceptable totalitarian political ideology how would the <number> <number> people murdered by moslems feel about this";"1- so, 2- if, 3- we, 4- meet, 5- <number>, 6- moslem, 7- who, 8- does, 9- not, 10- try, 11- to, 12- kill, 13- us, 14- that, 15- makes, 16- islam, 17- an, 18- acceptable, 19- totalitarian, 20- political, 21- ideology, 22- how, 23- would, 24- the, 25- <number>, 26- <number>, 27- people, 28- murdered, 29- by, 30- moslems, 31- feel, 32- about, 33- this";"hatespeech targeting Islam";"https://app.prolific.co/submissions/complete?cc=91442ADD"
"14144271_gab";"HateXplain";"omg i would obviously get some disposal boots before i stomped a niglet im not emily trump i need to keep my boots in nice shape so when i march to repeal the 1 3 th amendment i look presentable and do not embarrass president trump or mr hitler 🇺 🇸 🇺 🇸 🇺 🇸";"1- omg, 2- i, 3- would, 4- obviously, 5- get, 6- some, 7- disposal, 8- boots, 9- before, 10- i, 11- stomped, 12- a, 13- niglet, 14- im, 15- not, 16- emily, 17- trump, 18- i, 19- need, 20- to, 21- keep, 22- my, 23- boots, 24- in, 25- nice, 26- shape, 27- so, 28- when, 29- i, 30- march, 31- to, 32- repeal, 33- the, 34- 1, 35- 3, 36- th, 37- amendment, 38- i, 39- look, 40- presentable, 41- and, 42- do, 43- not, 44- embarrass, 45- president, 46- trump, 47- or, 48- mr, 49- hitler, 50- 🇺, 51- 🇸, 52- 🇺, 53- 🇸, 54- 🇺, 55- 🇸";"hatespeech targeting African";"https://app.prolific.co/submissions/complete?cc=91442ADD"
"12131802_gab";"HateXplain";"trump is a fucking kike liar";"1- trump, 2- is, 3- a, 4- fucking, 5- kike, 6- liar";"hatespeech targeting Jewish";"https://app.prolific.co/submissions/complete?cc=91442ADD"
"23378663_gab";"HateXplain";"<user> has got to be one of the dumbest muslims on earth how about banning the sale of acid to muslims god this filthy goatfucker beats all britfam muslimban";"1- <user>, 2- has, 3- got, 4- to, 5- be, 6- one, 7- of, 8- the, 9- dumbest, 10- muslims, 11- on, 12- earth, 13- how, 14- about, 15- banning, 16- the, 17- sale, 18- of, 19- acid, 20- to, 21- muslims, 22- god, 23- this, 24- filthy, 25- goatfucker, 26- beats, 27- all, 28- britfam, 29- muslimban";"hatespeech targeting Islam";"https://app.prolific.co/submissions/complete?cc=91442ADD"
"1178252704579112960_twitter";"HateXplain";"i do not pay attention to you niggers anyway";"1- i, 2- do, 3- not, 4- pay, 5- attention, 6- to, 7- you, 8- niggers, 9- anyway";"hatespeech targeting African";"https://app.prolific.co/submissions/complete?cc=91442ADD"
"19208151_gab";"HateXplain";"i here what your saying it just so annoying being at the end of this kike rabbit hole and not being able to do anything about it";"1- i, 2- here, 3- what, 4- your, 5- saying, 6- it, 7- just, 8- so, 9- annoying, 10- being, 11- at, 12- the, 13- end, 14- of, 15- this, 16- kike, 17- rabbit, 18- hole, 19- and, 20- not, 21- being, 22- able, 23- to, 24- do, 25- anything, 26- about, 27- it";"hatespeech targeting Jewish";"https://app.prolific.co/submissions/complete?cc=91442ADD"
"23450643_gab";"HateXplain";"if it had been a shitskin goatfucker from the mosque do you think they would have arrested him nope";"1- if, 2- it, 3- had, 4- been, 5- a, 6- shitskin, 7- goatfucker, 8- from, 9- the, 10- mosque, 11- do, 12- you, 13- think, 14- they, 15- would, 16- have, 17- arrested, 18- him, 19- nope";"hatespeech targeting Islam";"https://app.prolific.co/submissions/complete?cc=91442ADD"
"26863830_gab";"HateXplain";"car pulled out and rear ended that bus and pissed of that nigger on the bike";"1- car, 2- pulled, 3- out, 4- and, 5- rear, 6- ended, 7- that, 8- bus, 9- and, 10- pissed, 11- of, 12- that, 13- nigger, 14- on, 15- the, 16- bike";"hatespeech targeting African";"https://app.prolific.co/submissions/complete?cc=91442ADD"
"attention_4";"attention check sentences (HateXplain targeting)";"all americans are stupid stubborn obese arrogant and think theyre awesome because theyre from america";"1- all, 2- americans, 3- are, 4- stupid, 5- stubborn, 6- obese, 7- arrogant, 8- and, 9- think, 10- theyre, 11- awesome, 12- because, 13- theyre, 14- from, 15- america";"offensive";"https://app.prolific.co/submissions/complete?cc=91442ADD"