"ID";"dataset";"text";"tokens";"label";"redirectUrl"
"21246216_gab";"HateXplain";"kangs this is nigger culture";"1- kangs, 2- this, 3- is, 4- nigger, 5- culture";"hatespeech targeting African";"https://app.prolific.co/submissions/complete?cc=91442ADD"
"17708752_gab";"HateXplain";"just saying if you use word kike now days you will be a junk nazi asshole lmfao your funny gay nazis whitesupreamist 😁 😂 😎 😍 😅";"1- just, 2- saying, 3- if, 4- you, 5- use, 6- word, 7- kike, 8- now, 9- days, 10- you, 11- will, 12- be, 13- a, 14- junk, 15- nazi, 16- asshole, 17- lmfao, 18- your, 19- funny, 20- gay, 21- nazis, 22- whitesupreamist, 23- 😁, 24- 😂, 25- 😎, 26- 😍, 27- 😅";"hatespeech targeting Jewish";"https://app.prolific.co/submissions/complete?cc=91442ADD"
"9000541_gab";"HateXplain";"seems the london muzzies get a taste of their own medicine finsbury park";"1- seems, 2- the, 3- london, 4- muzzies, 5- get, 6- a, 7- taste, 8- of, 9- their, 10- own, 11- medicine, 12- finsbury, 13- park";"offensive targeting Islam";"https://app.prolific.co/submissions/complete?cc=91442ADD"
"17397697_gab";"HateXplain";"how many in percentage form jews niggers mexicans muzzies or dot heads vote for less government intrusion and less government services";"1- how, 2- many, 3- in, 4- percentage, 5- form, 6- jews, 7- niggers, 8- mexicans, 9- muzzies, 10- or, 11- dot, 12- heads, 13- vote, 14- for, 15- less, 16- government, 17- intrusion, 18- and, 19- less, 20- government, 21- services";"hatespeech targeting African";"https://app.prolific.co/submissions/complete?cc=91442ADD"
"16404022_gab";"HateXplain";"better cut the estro kike";"1- better, 2- cut, 3- the, 4- estro, 5- kike";"hatespeech targeting Jewish";"https://app.prolific.co/submissions/complete?cc=91442ADD"
"13112831_gab";"HateXplain";"trump lost mn by <percent> and only because he and pussy pence ran away from the mudslime and pence tweeted a ban on mudslime was offensive and unconstitutional hope pussy pence enjoys living with mudslime when his ass is kicked from wh";"1- trump, 2- lost, 3- mn, 4- by, 5- <percent>, 6- and, 7- only, 8- because, 9- he, 10- and, 11- pussy, 12- pence, 13- ran, 14- away, 15- from, 16- the, 17- mudslime, 18- and, 19- pence, 20- tweeted, 21- a, 22- ban, 23- on, 24- mudslime, 25- was, 26- offensive, 27- and, 28- unconstitutional, 29- hope, 30- pussy, 31- pence, 32- enjoys, 33- living, 34- with, 35- mudslime, 36- when, 37- his, 38- ass, 39- is, 40- kicked, 41- from, 42- wh";"hatespeech targeting Islam";"https://app.prolific.co/submissions/complete?cc=91442ADD"
"9243298_gab";"HateXplain";"nigger ricans too";"1- nigger, 2- ricans, 3- too";"hatespeech targeting African";"https://app.prolific.co/submissions/complete?cc=91442ADD"
"12192979_gab";"HateXplain";"superman was created by <number> kike dweebs back in the 3 0 comics has always been a juu controlled racket to brainwash young boys";"1- superman, 2- was, 3- created, 4- by, 5- <number>, 6- kike, 7- dweebs, 8- back, 9- in, 10- the, 11- 3, 12- 0, 13- comics, 14- has, 15- always, 16- been, 17- a, 18- juu, 19- controlled, 20- racket, 21- to, 22- brainwash, 23- young, 24- boys";"hatespeech targeting Jewish";"https://app.prolific.co/submissions/complete?cc=91442ADD"
"6377586_gab";"HateXplain";"a moslem complining that people blame moslems for islamic terrorism on lbc ferrari agrees beyond fucking parody";"1- a, 2- moslem, 3- complining, 4- that, 5- people, 6- blame, 7- moslems, 8- for, 9- islamic, 10- terrorism, 11- on, 12- lbc, 13- ferrari, 14- agrees, 15- beyond, 16- fucking, 17- parody";"offensive targeting Islam";"https://app.prolific.co/submissions/complete?cc=91442ADD"
"23025821_gab";"HateXplain";"thelma and louise with a half dozen nigger kids in the back";"1- thelma, 2- and, 3- louise, 4- with, 5- a, 6- half, 7- dozen, 8- nigger, 9- kids, 10- in, 11- the, 12- back";"hatespeech targeting African";"https://app.prolific.co/submissions/complete?cc=91442ADD"
"25859461_gab";"HateXplain";"if they do not fear us then why do they pay kike shills like you to think up cringe poetry";"1- if, 2- they, 3- do, 4- not, 5- fear, 6- us, 7- then, 8- why, 9- do, 10- they, 11- pay, 12- kike, 13- shills, 14- like, 15- you, 16- to, 17- think, 18- up, 19- cringe, 20- poetry";"hatespeech targeting Jewish";"https://app.prolific.co/submissions/complete?cc=91442ADD"
"15539140_gab";"HateXplain";"and ban their entry to this country ever again we can also ditch all the moslem pigs there too fuck the cunts";"1- and, 2- ban, 3- their, 4- entry, 5- to, 6- this, 7- country, 8- ever, 9- again, 10- we, 11- can, 12- also, 13- ditch, 14- all, 15- the, 16- moslem, 17- pigs, 18- there, 19- too, 20- fuck, 21- the, 22- cunts";"hatespeech targeting Islam";"https://app.prolific.co/submissions/complete?cc=91442ADD"
"20710599_gab";"HateXplain";"it funny how those coons drop straight to the ground if you punch em in just the right place";"1- it, 2- funny, 3- how, 4- those, 5- coons, 6- drop, 7- straight, 8- to, 9- the, 10- ground, 11- if, 12- you, 13- punch, 14- em, 15- in, 16- just, 17- the, 18- right, 19- place";"hatespeech targeting African";"https://app.prolific.co/submissions/complete?cc=91442ADD"
"22020564_gab";"HateXplain";"lol he quotes the kike ayan rand yeah ok this guy lost his marbles long ago";"1- lol, 2- he, 3- quotes, 4- the, 5- kike, 6- ayan, 7- rand, 8- yeah, 9- ok, 10- this, 11- guy, 12- lost, 13- his, 14- marbles, 15- long, 16- ago";"hatespeech targeting Jewish";"https://app.prolific.co/submissions/complete?cc=91442ADD"
"9839066_gab";"HateXplain";"when the muzzies get their sorry shit together and bomb israel i will not feel sorry or shed a tear i will only lament the loss of christian sites and christian lives";"1- when, 2- the, 3- muzzies, 4- get, 5- their, 6- sorry, 7- shit, 8- together, 9- and, 10- bomb, 11- israel, 12- i, 13- will, 14- not, 15- feel, 16- sorry, 17- or, 18- shed, 19- a, 20- tear, 21- i, 22- will, 23- only, 24- lament, 25- the, 26- loss, 27- of, 28- christian, 29- sites, 30- and, 31- christian, 32- lives";"hatespeech targeting Islam";"https://app.prolific.co/submissions/complete?cc=91442ADD"
"20973633_gab";"HateXplain";"jesus would never need a gun to kill you with the grids will suffice and he would never listen to coon tunes other than that cool dream hope it works out for ya";"1- jesus, 2- would, 3- never, 4- need, 5- a, 6- gun, 7- to, 8- kill, 9- you, 10- with, 11- the, 12- grids, 13- will, 14- suffice, 15- and, 16- he, 17- would, 18- never, 19- listen, 20- to, 21- coon, 22- tunes, 23- other, 24- than, 25- that, 26- cool, 27- dream, 28- hope, 29- it, 30- works, 31- out, 32- for, 33- ya";"hatespeech targeting African";"https://app.prolific.co/submissions/complete?cc=91442ADD"
"13502476_gab";"HateXplain";"all kike konstructs";"1- all, 2- kike, 3- konstructs";"hatespeech targeting Jewish";"https://app.prolific.co/submissions/complete?cc=91442ADD"
"22485424_gab";"HateXplain";"there you go he right <percent> muzzie population and you are done did someone call cair established flourishing in all <number> states with full knowledge of every policing agency";"1- there, 2- you, 3- go, 4- he, 5- right, 6- <percent>, 7- muzzie, 8- population, 9- and, 10- you, 11- are, 12- done, 13- did, 14- someone, 15- call, 16- cair, 17- established, 18- flourishing, 19- in, 20- all, 21- <number>, 22- states, 23- with, 24- full, 25- knowledge, 26- of, 27- every, 28- policing, 29- agency";"hatespeech targeting Islam";"https://app.prolific.co/submissions/complete?cc=91442ADD"
"27088183_gab";"HateXplain";"one time i went to chicago and there was a homeless nigger railing on about jews should we support him why or why not";"1- one, 2- time, 3- i, 4- went, 5- to, 6- chicago, 7- and, 8- there, 9- was, 10- a, 11- homeless, 12- nigger, 13- railing, 14- on, 15- about, 16- jews, 17- should, 18- we, 19- support, 20- him, 21- why, 22- or, 23- why, 24- not";"hatespeech targeting African";"https://app.prolific.co/submissions/complete?cc=91442ADD"
"11477949_gab";"HateXplain";"my relatives were raped and murdered by inbred schizoid kike vermin in the bolshevik revolution every drop of evil spawn of satan kike blood will be exterminated from the earth as a promise to my ancestors";"1- my, 2- relatives, 3- were, 4- raped, 5- and, 6- murdered, 7- by, 8- inbred, 9- schizoid, 10- kike, 11- vermin, 12- in, 13- the, 14- bolshevik, 15- revolution, 16- every, 17- drop, 18- of, 19- evil, 20- spawn, 21- of, 22- satan, 23- kike, 24- blood, 25- will, 26- be, 27- exterminated, 28- from, 29- the, 30- earth, 31- as, 32- a, 33- promise, 34- to, 35- my, 36- ancestors";"hatespeech targeting Jewish";"https://app.prolific.co/submissions/complete?cc=91442ADD"
"21549746_gab";"HateXplain";"when we go to war with russia i do hope they wont shoot any of our moslem soldiers while their having their prayer breaks probably best not to start the war during ramadan either innit";"1- when, 2- we, 3- go, 4- to, 5- war, 6- with, 7- russia, 8- i, 9- do, 10- hope, 11- they, 12- wont, 13- shoot, 14- any, 15- of, 16- our, 17- moslem, 18- soldiers, 19- while, 20- their, 21- having, 22- their, 23- prayer, 24- breaks, 25- probably, 26- best, 27- not, 28- to, 29- start, 30- the, 31- war, 32- during, 33- ramadan, 34- either, 35- innit";"hatespeech targeting Islam";"https://app.prolific.co/submissions/complete?cc=91442ADD"
"3337900_gab";"HateXplain";"i am tired of when black people are well spoken and act intelligent other black people say stop acting white it not acting white it acting intelligent because they are intelligent stop bitching about oppression and calling others coons for trying to do better in life";"1- i, 2- am, 3- tired, 4- of, 5- when, 6- black, 7- people, 8- are, 9- well, 10- spoken, 11- and, 12- act, 13- intelligent, 14- other, 15- black, 16- people, 17- say, 18- stop, 19- acting, 20- white, 21- it, 22- not, 23- acting, 24- white, 25- it, 26- acting, 27- intelligent, 28- because, 29- they, 30- are, 31- intelligent, 32- stop, 33- bitching, 34- about, 35- oppression, 36- and, 37- calling, 38- others, 39- coons, 40- for, 41- trying, 42- to, 43- do, 44- better, 45- in, 46- life";"hatespeech targeting African";"https://app.prolific.co/submissions/complete?cc=91442ADD"
"20593068_gab";"HateXplain";"whatever kike lover";"1- whatever, 2- kike, 3- lover";"hatespeech targeting Jewish";"https://app.prolific.co/submissions/complete?cc=91442ADD"
"8115064_gab";"HateXplain";"moderate muzrat says take it in the ass";"1- moderate, 2- muzrat, 3- says, 4- take, 5- it, 6- in, 7- the, 8- ass";"hatespeech targeting Islam";"https://app.prolific.co/submissions/complete?cc=91442ADD"
"23728077_gab";"HateXplain";"because that is freyrs job virility and why has not jesus turned your nigger blood white";"1- because, 2- that, 3- is, 4- freyrs, 5- job, 6- virility, 7- and, 8- why, 9- has, 10- not, 11- jesus, 12- turned, 13- your, 14- nigger, 15- blood, 16- white";"hatespeech targeting African";"https://app.prolific.co/submissions/complete?cc=91442ADD"
"17024438_gab";"HateXplain";"a building full of kike vagina is a <number> <number> dream come true kill yourself my man";"1- a, 2- building, 3- full, 4- of, 5- kike, 6- vagina, 7- is, 8- a, 9- <number>, 10- <number>, 11- dream, 12- come, 13- true, 14- kill, 15- yourself, 16- my, 17- man";"hatespeech targeting Jewish";"https://app.prolific.co/submissions/complete?cc=91442ADD"
"13802619_gab";"HateXplain";"the pedophiles over at the bbc now showing programmes about how wonderful moslem foster parents are hm i wonder what made they bring up this subject it almost as if theres been a negative story about moslems fostering abusing young white christian girls in the media recently";"1- the, 2- pedophiles, 3- over, 4- at, 5- the, 6- bbc, 7- now, 8- showing, 9- programmes, 10- about, 11- how, 12- wonderful, 13- moslem, 14- foster, 15- parents, 16- are, 17- hm, 18- i, 19- wonder, 20- what, 21- made, 22- they, 23- bring, 24- up, 25- this, 26- subject, 27- it, 28- almost, 29- as, 30- if, 31- theres, 32- been, 33- a, 34- negative, 35- story, 36- about, 37- moslems, 38- fostering, 39- abusing, 40- young, 41- white, 42- christian, 43- girls, 44- in, 45- the, 46- media, 47- recently";"hatespeech targeting Islam";"https://app.prolific.co/submissions/complete?cc=91442ADD"
"12006705_gab";"HateXplain";"how do you keep nigger kids from jumping on the bed you put velcro on the ceiling";"1- how, 2- do, 3- you, 4- keep, 5- nigger, 6- kids, 7- from, 8- jumping, 9- on, 10- the, 11- bed, 12- you, 13- put, 14- velcro, 15- on, 16- the, 17- ceiling";"hatespeech targeting African";"https://app.prolific.co/submissions/complete?cc=91442ADD"
"13059323_gab";"HateXplain";"and a good day to you i d shake your hand but i dont want to get kike all over it";"1- and, 2- a, 3- good, 4- day, 5- to, 6- you, 7- i, 8- d, 9- shake, 10- your, 11- hand, 12- but, 13- i, 14- dont, 15- want, 16- to, 17- get, 18- kike, 19- all, 20- over, 21- it";"hatespeech targeting Jewish";"https://app.prolific.co/submissions/complete?cc=91442ADD"
"attention_28";"attention check sentences (HateXplain targeting)";"gurjeet thought he was a badass black gangster with his brand new lakers jersey and chevy impala until he was pulled over after a high school party by cops for a dui";"1- gurjeet, 2- thought, 3- he, 4- was, 5- a, 6- badass, 7- black, 8- gangster, 9- with, 10- his, 11- brand, 12- new, 13- lakers, 14- jersey, 15- and, 16- chevy, 17- impala, 18- until, 19- he, 20- was, 21- pulled, 22- over, 23- after, 24- a, 25- high, 26- school, 27- party, 28- by, 29- cops, 30- for, 31- a, 32- dui";"offensive";"https://app.prolific.co/submissions/complete?cc=91442ADD"