"ID";"dataset";"text";"tokens";"label";"redirectUrl"
"10227153_gab";"HateXplain";"looks to me like some social activists might have been there fanning the flames well starting the fire then maintaining it whatever happened to law and order most tax payers would not disagree with rubber bullets tear gas and water cannons being deployed on this mixed bag of muzzies and blacks";"1- looks, 2- to, 3- me, 4- like, 5- some, 6- social, 7- activists, 8- might, 9- have, 10- been, 11- there, 12- fanning, 13- the, 14- flames, 15- well, 16- starting, 17- the, 18- fire, 19- then, 20- maintaining, 21- it, 22- whatever, 23- happened, 24- to, 25- law, 26- and, 27- order, 28- most, 29- tax, 30- payers, 31- would, 32- not, 33- disagree, 34- with, 35- rubber, 36- bullets, 37- tear, 38- gas, 39- and, 40- water, 41- cannons, 42- being, 43- deployed, 44- on, 45- this, 46- mixed, 47- bag, 48- of, 49- muzzies, 50- and, 51- blacks";"hatespeech targeting African";"https://app.prolific.co/submissions/complete?cc=91442ADD"
"20490414_gab";"HateXplain";"spreading the message about jews is now settler tier which is natural and good congratulations you figured out the problem the next step is to do something about it";"1- spreading, 2- the, 3- message, 4- about, 5- jews, 6- is, 7- now, 8- settler, 9- tier, 10- which, 11- is, 12- natural, 13- and, 14- good, 15- congratulations, 16- you, 17- figured, 18- out, 19- the, 20- problem, 21- the, 22- next, 23- step, 24- is, 25- to, 26- do, 27- something, 28- about, 29- it";"offensive targeting Jewish";"https://app.prolific.co/submissions/complete?cc=91442ADD"
"17279436_gab";"HateXplain";"would have been funnier if she had done that to a nigger or kebab but she would not because self preservation";"1- would, 2- have, 3- been, 4- funnier, 5- if, 6- she, 7- had, 8- done, 9- that, 10- to, 11- a, 12- nigger, 13- or, 14- kebab, 15- but, 16- she, 17- would, 18- not, 19- because, 20- self, 21- preservation";"hatespeech targeting African";"https://app.prolific.co/submissions/complete?cc=91442ADD"
"20527457_gab";"HateXplain";"oh and they wanted to disrupt the money going to the gop for the mid term elections that is why they have the shit stain kike kids saying on live tv anyone politician who takes money from the nra has blood on their hands";"1- oh, 2- and, 3- they, 4- wanted, 5- to, 6- disrupt, 7- the, 8- money, 9- going, 10- to, 11- the, 12- gop, 13- for, 14- the, 15- mid, 16- term, 17- elections, 18- that, 19- is, 20- why, 21- they, 22- have, 23- the, 24- shit, 25- stain, 26- kike, 27- kids, 28- saying, 29- on, 30- live, 31- tv, 32- anyone, 33- politician, 34- who, 35- takes, 36- money, 37- from, 38- the, 39- nra, 40- has, 41- blood, 42- on, 43- their, 44- hands";"hatespeech targeting Jewish";"https://app.prolific.co/submissions/complete?cc=91442ADD"
"16163482_gab";"HateXplain";"they could not find <number> actresses to make this turkey and why are there no negresses in this what about that gorilless that got milo banned from twitter wasn t she available";"1- they, 2- could, 3- not, 4- find, 5- <number>, 6- actresses, 7- to, 8- make, 9- this, 10- turkey, 11- and, 12- why, 13- are, 14- there, 15- no, 16- negresses, 17- in, 18- this, 19- what, 20- about, 21- that, 22- gorilless, 23- that, 24- got, 25- milo, 26- banned, 27- from, 28- twitter, 29- wasn, 30- t, 31- she, 32- available";"hatespeech targeting African";"https://app.prolific.co/submissions/complete?cc=91442ADD"
"20577132_gab";"HateXplain";"the only ones that have a mental illness are the jews for reading a racial supremacy manifesto that says they are the master race jews always accuse non jews of everything that jews are guilty of";"1- the, 2- only, 3- ones, 4- that, 5- have, 6- a, 7- mental, 8- illness, 9- are, 10- the, 11- jews, 12- for, 13- reading, 14- a, 15- racial, 16- supremacy, 17- manifesto, 18- that, 19- says, 20- they, 21- are, 22- the, 23- master, 24- race, 25- jews, 26- always, 27- accuse, 28- non, 29- jews, 30- of, 31- everything, 32- that, 33- jews, 34- are, 35- guilty, 36- of";"offensive targeting Jewish";"https://app.prolific.co/submissions/complete?cc=91442ADD"
"19848868_gab";"HateXplain";"there tons of niglets shooting each other outside of schools daily but they can not make it inside to shoot due to all the cops and metal detectors at each door";"1- there, 2- tons, 3- of, 4- niglets, 5- shooting, 6- each, 7- other, 8- outside, 9- of, 10- schools, 11- daily, 12- but, 13- they, 14- can, 15- not, 16- make, 17- it, 18- inside, 19- to, 20- shoot, 21- due, 22- to, 23- all, 24- the, 25- cops, 26- and, 27- metal, 28- detectors, 29- at, 30- each, 31- door";"hatespeech targeting African";"https://app.prolific.co/submissions/complete?cc=91442ADD"
"20590862_gab";"HateXplain";"hello hello it is the other way around am triggering you lol look the jews are coming tongue";"1- hello, 2- hello, 3- it, 4- is, 5- the, 6- other, 7- way, 8- around, 9- am, 10- triggering, 11- you, 12- lol, 13- look, 14- the, 15- jews, 16- are, 17- coming, 18- tongue";"offensive targeting Jewish";"https://app.prolific.co/submissions/complete?cc=91442ADD"
"26470762_gab";"HateXplain";"andre the nigger angloons colostomy bag tard corral is imploding lol";"1- andre, 2- the, 3- nigger, 4- angloons, 5- colostomy, 6- bag, 7- tard, 8- corral, 9- is, 10- imploding, 11- lol";"hatespeech targeting African";"https://app.prolific.co/submissions/complete?cc=91442ADD"
"20622443_gab";"HateXplain";"da joos da joos da joos if you arent screaming about jews <number> you re a kike shill listen retards we know jews belong in an oven but your autistic rambling about them is not achieving shit shut the fuck up";"1- da, 2- joos, 3- da, 4- joos, 5- da, 6- joos, 7- if, 8- you, 9- arent, 10- screaming, 11- about, 12- jews, 13- <number>, 14- you, 15- re, 16- a, 17- kike, 18- shill, 19- listen, 20- retards, 21- we, 22- know, 23- jews, 24- belong, 25- in, 26- an, 27- oven, 28- but, 29- your, 30- autistic, 31- rambling, 32- about, 33- them, 34- is, 35- not, 36- achieving, 37- shit, 38- shut, 39- the, 40- fuck, 41- up";"hatespeech targeting Jewish";"https://app.prolific.co/submissions/complete?cc=91442ADD"
"23334966_gab";"HateXplain";"what you support obvious fed niggershill kike wignat pipebombers good";"1- what, 2- you, 3- support, 4- obvious, 5- fed, 6- niggershill, 7- kike, 8- wignat, 9- pipebombers, 10- good";"hatespeech targeting African";"https://app.prolific.co/submissions/complete?cc=91442ADD"
"20633746_gab";"HateXplain";"i never knew a jew hater until i joined gab gab is crawling with them impotent little fucks desperate to blame jews for their shitty little lives nazi wannabes hahahhahahhaahhahahhahaha friggin morons";"1- i, 2- never, 3- knew, 4- a, 5- jew, 6- hater, 7- until, 8- i, 9- joined, 10- gab, 11- gab, 12- is, 13- crawling, 14- with, 15- them, 16- impotent, 17- little, 18- fucks, 19- desperate, 20- to, 21- blame, 22- jews, 23- for, 24- their, 25- shitty, 26- little, 27- lives, 28- nazi, 29- wannabes, 30- hahahhahahhaahhahahhahaha, 31- friggin, 32- morons";"hatespeech targeting Jewish";"https://app.prolific.co/submissions/complete?cc=91442ADD"
"22796031_gab";"HateXplain";"really am epic success presided over intended destruction of usa got elected and re elected with zero resume id theft false documentation acted unconstitutionally avoided impeachment a very successful scrawny evil nigger faggot";"1- really, 2- am, 3- epic, 4- success, 5- presided, 6- over, 7- intended, 8- destruction, 9- of, 10- usa, 11- got, 12- elected, 13- and, 14- re, 15- elected, 16- with, 17- zero, 18- resume, 19- id, 20- theft, 21- false, 22- documentation, 23- acted, 24- unconstitutionally, 25- avoided, 26- impeachment, 27- a, 28- very, 29- successful, 30- scrawny, 31- evil, 32- nigger, 33- faggot";"hatespeech targeting African";"https://app.prolific.co/submissions/complete?cc=91442ADD"
"20672422_gab";"HateXplain";"does not matter still free to use in fact jews have stolen first part from slavic languages where exclamation joj pronounced as yoy is used frequently to express suprise shock and sorrow mourning";"1- does, 2- not, 3- matter, 4- still, 5- free, 6- to, 7- use, 8- in, 9- fact, 10- jews, 11- have, 12- stolen, 13- first, 14- part, 15- from, 16- slavic, 17- languages, 18- where, 19- exclamation, 20- joj, 21- pronounced, 22- as, 23- yoy, 24- is, 25- used, 26- frequently, 27- to, 28- express, 29- suprise, 30- shock, 31- and, 32- sorrow, 33- mourning";"offensive targeting Jewish";"https://app.prolific.co/submissions/complete?cc=91442ADD"
"10751701_gab";"HateXplain";"half breed dem nigger on msnbc says pence has a decision to make";"1- half, 2- breed, 3- dem, 4- nigger, 5- on, 6- msnbc, 7- says, 8- pence, 9- has, 10- a, 11- decision, 12- to, 13- make";"hatespeech targeting African";"https://app.prolific.co/submissions/complete?cc=91442ADD"
"20890085_gab";"HateXplain";"fuckin jews like soros probably not average run of the mill jews";"1- fuckin, 2- jews, 3- like, 4- soros, 5- probably, 6- not, 7- average, 8- run, 9- of, 10- the, 11- mill, 12- jews";"offensive targeting Jewish";"https://app.prolific.co/submissions/complete?cc=91442ADD"
"12816900_gab";"HateXplain";"do u guys think the make a wish foundation would grant me my wish to call kim kardashians baby a nigger right to it face before i die ✝️ 😇 ✝️ 😇";"1- do, 2- u, 3- guys, 4- think, 5- the, 6- make, 7- a, 8- wish, 9- foundation, 10- would, 11- grant, 12- me, 13- my, 14- wish, 15- to, 16- call, 17- kim, 18- kardashians, 19- baby, 20- a, 21- nigger, 22- right, 23- to, 24- it, 25- face, 26- before, 27- i, 28- die, 29- ✝️, 30- 😇, 31- ✝️, 32- 😇";"hatespeech targeting African";"https://app.prolific.co/submissions/complete?cc=91442ADD"
"21014848_gab";"HateXplain";"are you a kike you know making lists is a really kikey thing to do it is one big reason people hate kikes";"1- are, 2- you, 3- a, 4- kike, 5- you, 6- know, 7- making, 8- lists, 9- is, 10- a, 11- really, 12- kikey, 13- thing, 14- to, 15- do, 16- it, 17- is, 18- one, 19- big, 20- reason, 21- people, 22- hate, 23- kikes";"hatespeech targeting Jewish";"https://app.prolific.co/submissions/complete?cc=91442ADD"
"13133876_gab";"HateXplain";"well that mudshark whore in the middle is used to taking jamie foxx ghetto schlong in her not that surprising";"1- well, 2- that, 3- mudshark, 4- whore, 5- in, 6- the, 7- middle, 8- is, 9- used, 10- to, 11- taking, 12- jamie, 13- foxx, 14- ghetto, 15- schlong, 16- in, 17- her, 18- not, 19- that, 20- surprising";"hatespeech targeting African";"https://app.prolific.co/submissions/complete?cc=91442ADD"
"21041897_gab";"HateXplain";"i am not a nazi too but how dare this asshole want to censor someone on fucking gab gab <number> most important words free speech";"1- i, 2- am, 3- not, 4- a, 5- nazi, 6- too, 7- but, 8- how, 9- dare, 10- this, 11- asshole, 12- want, 13- to, 14- censor, 15- someone, 16- on, 17- fucking, 18- gab, 19- gab, 20- <number>, 21- most, 22- important, 23- words, 24- free, 25- speech";"hatespeech targeting Jewish";"https://app.prolific.co/submissions/complete?cc=91442ADD"
"27789001_gab";"HateXplain";"oh the nigger who was shot made the white kid lynching video perfect";"1- oh, 2- the, 3- nigger, 4- who, 5- was, 6- shot, 7- made, 8- the, 9- white, 10- kid, 11- lynching, 12- video, 13- perfect";"hatespeech targeting African";"https://app.prolific.co/submissions/complete?cc=91442ADD"
"21048577_gab";"HateXplain";"net is in a fight with american jews he not into the immigrant agenda so they are trying to get rid of him";"1- net, 2- is, 3- in, 4- a, 5- fight, 6- with, 7- american, 8- jews, 9- he, 10- not, 11- into, 12- the, 13- immigrant, 14- agenda, 15- so, 16- they, 17- are, 18- trying, 19- to, 20- get, 21- rid, 22- of, 23- him";"hatespeech targeting Jewish";"https://app.prolific.co/submissions/complete?cc=91442ADD"
"26214428_gab";"HateXplain";"david lammy needs to go be a nigger somewhere else";"1- david, 2- lammy, 3- needs, 4- to, 5- go, 6- be, 7- a, 8- nigger, 9- somewhere, 10- else";"hatespeech targeting African";"https://app.prolific.co/submissions/complete?cc=91442ADD"
"21069034_gab";"HateXplain";"so good with money these jews are i see why we are only <number> trillion in debt oy mcvay";"1- so, 2- good, 3- with, 4- money, 5- these, 6- jews, 7- are, 8- i, 9- see, 10- why, 11- we, 12- are, 13- only, 14- <number>, 15- trillion, 16- in, 17- debt, 18- oy, 19- mcvay";"offensive targeting Jewish";"https://app.prolific.co/submissions/complete?cc=91442ADD"
"16561139_gab";"HateXplain";"cool story bro tell me the one about the based nigger in a trump hat next";"1- cool, 2- story, 3- bro, 4- tell, 5- me, 6- the, 7- one, 8- about, 9- the, 10- based, 11- nigger, 12- in, 13- a, 14- trump, 15- hat, 16- next";"offensive targeting African";"https://app.prolific.co/submissions/complete?cc=91442ADD"
"21261311_gab";"HateXplain";"wisconsin voter my brother died of an opioid overdose how can you fix that paul nehlen it okay to be white wisconsin voter ok but i am about to lose my job the factory is moving overseas can you stop that paul nehlen did you know jews control the porn industry";"1- wisconsin, 2- voter, 3- my, 4- brother, 5- died, 6- of, 7- an, 8- opioid, 9- overdose, 10- how, 11- can, 12- you, 13- fix, 14- that, 15- paul, 16- nehlen, 17- it, 18- okay, 19- to, 20- be, 21- white, 22- wisconsin, 23- voter, 24- ok, 25- but, 26- i, 27- am, 28- about, 29- to, 30- lose, 31- my, 32- job, 33- the, 34- factory, 35- is, 36- moving, 37- overseas, 38- can, 39- you, 40- stop, 41- that, 42- paul, 43- nehlen, 44- did, 45- you, 46- know, 47- jews, 48- control, 49- the, 50- porn, 51- industry";"hatespeech targeting Jewish";"https://app.prolific.co/submissions/complete?cc=91442ADD"
"7766173_gab";"HateXplain";"insanity but the millennial fools will suck it up yeah little white suburban snowflakes females go fuck a nigger for equality lmfao fools die";"1- insanity, 2- but, 3- the, 4- millennial, 5- fools, 6- will, 7- suck, 8- it, 9- up, 10- yeah, 11- little, 12- white, 13- suburban, 14- snowflakes, 15- females, 16- go, 17- fuck, 18- a, 19- nigger, 20- for, 21- equality, 22- lmfao, 23- fools, 24- die";"hatespeech targeting African";"https://app.prolific.co/submissions/complete?cc=91442ADD"
"21668983_gab";"HateXplain";"friends do not let friends marry jews";"1- friends, 2- do, 3- not, 4- let, 5- friends, 6- marry, 7- jews";"hatespeech targeting Jewish";"https://app.prolific.co/submissions/complete?cc=91442ADD"
"19839354_gab";"HateXplain";"let us help the nigger sows pack";"1- let, 2- us, 3- help, 4- the, 5- nigger, 6- sows, 7- pack";"hatespeech targeting African";"https://app.prolific.co/submissions/complete?cc=91442ADD"
"attention_8";"attention check sentences (HateXplain targeting)";"you afghans got tremendous dicksbut i dont believe it";"1- you, 2- afghans, 3- got, 4- tremendous, 5- dicksbut, 6- i, 7- dont, 8- believe, 9- it";"offensive";"https://app.prolific.co/submissions/complete?cc=91442ADD"