ID;dataset;text;tokens;label;redirectUrl
21740636_gab;HateXplain;everyone thinks that trump making up trade deal shit to that faggot fucktard cuckstain trudeau is some kind of impeachable offense lol;1- everyone, 2- thinks, 3- that, 4- trump, 5- making, 6- up, 7- trade, 8- deal, 9- shit, 10- to, 11- that, 12- faggot, 13- fucktard, 14- cuckstain, 15- trudeau, 16- is, 17- some, 18- kind, 19- of, 20- impeachable, 21- offense, 22- lol;offensive targeting Homosexual;https://app.prolific.co/submissions/complete?cc=91442ADD
1188911577581473793_twitter;HateXplain;blocking bitches today;1- blocking, 2- bitches, 3- today;offensive targeting Women;https://app.prolific.co/submissions/complete?cc=91442ADD
21749687_gab;HateXplain;atomaweapon is a puny faggot trying to be big shit asking billshit questions to dodge the subject;1- atomaweapon, 2- is, 3- a, 4- puny, 5- faggot, 6- trying, 7- to, 8- be, 9- big, 10- shit, 11- asking, 12- billshit, 13- questions, 14- to, 15- dodge, 16- the, 17- subject;hatespeech targeting Homosexual;https://app.prolific.co/submissions/complete?cc=91442ADD
1170740787312766976_twitter;HateXplain;i hate hoes tow up hoes;1- i, 2- hate, 3- hoes, 4- tow, 5- up, 6- hoes;offensive targeting Women;https://app.prolific.co/submissions/complete?cc=91442ADD
21930231_gab;HateXplain;glad to hear do not be a sheltered cuck for any side lefties are gay as fuck but gayness is contagious to the right as well but i think you already grasp that;1- glad, 2- to, 3- hear, 4- do, 5- not, 6- be, 7- a, 8- sheltered, 9- cuck, 10- for, 11- any, 12- side, 13- lefties, 14- are, 15- gay, 16- as, 17- fuck, 18- but, 19- gayness, 20- is, 21- contagious, 22- to, 23- the, 24- right, 25- as, 26- well, 27- but, 28- i, 29- think, 30- you, 31- already, 32- grasp, 33- that;hatespeech targeting Homosexual;https://app.prolific.co/submissions/complete?cc=91442ADD
1082488743037145089_twitter;HateXplain;sick of bitches bitching about other bitches being bitches;1- sick, 2- of, 3- bitches, 4- bitching, 5- about, 6- other, 7- bitches, 8- being, 9- bitches;offensive targeting Women;https://app.prolific.co/submissions/complete?cc=91442ADD
22035806_gab;HateXplain;when a cucked trump faggot thinks you are a libertarian;1- when, 2- a, 3- cucked, 4- trump, 5- faggot, 6- thinks, 7- you, 8- are, 9- a, 10- libertarian;offensive targeting Homosexual;https://app.prolific.co/submissions/complete?cc=91442ADD
1082418702337888257_twitter;HateXplain;be a bro not a hoe;1- be, 2- a, 3- bro, 4- not, 5- a, 6- hoe;offensive targeting Women;https://app.prolific.co/submissions/complete?cc=91442ADD
22121194_gab;HateXplain;i can not help but have doubts infantry officer pushing this gay gun control shit he must be a jew;1- i, 2- can, 3- not, 4- help, 5- but, 6- have, 7- doubts, 8- infantry, 9- officer, 10- pushing, 11- this, 12- gay, 13- gun, 14- control, 15- shit, 16- he, 17- must, 18- be, 19- a, 20- jew;hatespeech targeting Homosexual;https://app.prolific.co/submissions/complete?cc=91442ADD
1159557627808047105_twitter;HateXplain;these hoes so worsome;1- these, 2- hoes, 3- so, 4- worsome;offensive targeting Women;https://app.prolific.co/submissions/complete?cc=91442ADD
22208059_gab;HateXplain;these faggots should read siege;1- these, 2- faggots, 3- should, 4- read, 5- siege;offensive targeting Homosexual;https://app.prolific.co/submissions/complete?cc=91442ADD
1171846393238933504_twitter;HateXplain;hoes gon be hoes so i could not blame 🤧;1- hoes, 2- gon, 3- be, 4- hoes, 5- so, 6- i, 7- could, 8- not, 9- blame, 10- 🤧;offensive targeting Women;https://app.prolific.co/submissions/complete?cc=91442ADD
22293489_gab;HateXplain;faggots who put such an extreme emphasis on bourgouise education are like retarded children or maybe more like a normie republican who do not understand nature vs nurture wtf is wrong w you;1- faggots, 2- who, 3- put, 4- such, 5- an, 6- extreme, 7- emphasis, 8- on, 9- bourgouise, 10- education, 11- are, 12- like, 13- retarded, 14- children, 15- or, 16- maybe, 17- more, 18- like, 19- a, 20- normie, 21- republican, 22- who, 23- do, 24- not, 25- understand, 26- nature, 27- vs, 28- nurture, 29- wtf, 30- is, 31- wrong, 32- w, 33- you;hatespeech targeting Homosexual;https://app.prolific.co/submissions/complete?cc=91442ADD
1179065745902202880_twitter;HateXplain;<user> imagine u in the crib eatin sum talenti n a white bitch jus come in n shoots u i d be pissed i am glad trial was that quick lmfao;1- <user>, 2- imagine, 3- u, 4- in, 5- the, 6- crib, 7- eatin, 8- sum, 9- talenti, 10- n, 11- a, 12- white, 13- bitch, 14- jus, 15- come, 16- in, 17- n, 18- shoots, 19- u, 20- i, 21- d, 22- be, 23- pissed, 24- i, 25- am, 26- glad, 27- trial, 28- was, 29- that, 30- quick, 31- lmfao;offensive targeting Women;https://app.prolific.co/submissions/complete?cc=91442ADD
22311813_gab;HateXplain;heh i have to agree with libs for the wrong reasons i think africans and arabs all turning gay and dying of aids would be a net win;1- heh, 2- i, 3- have, 4- to, 5- agree, 6- with, 7- libs, 8- for, 9- the, 10- wrong, 11- reasons, 12- i, 13- think, 14- africans, 15- and, 16- arabs, 17- all, 18- turning, 19- gay, 20- and, 21- dying, 22- of, 23- aids, 24- would, 25- be, 26- a, 27- net, 28- win;hatespeech targeting Homosexual;https://app.prolific.co/submissions/complete?cc=91442ADD
1173691933136510976_twitter;HateXplain;i can not fw yall hoes nomo i got a girlfriend 🤗;1- i, 2- can, 3- not, 4- fw, 5- yall, 6- hoes, 7- nomo, 8- i, 9- got, 10- a, 11- girlfriend, 12- 🤗;offensive targeting Women;https://app.prolific.co/submissions/complete?cc=91442ADD
22382040_gab;HateXplain;stupid commie cunts fuck them well actually do not fuck the bald lesbian that just nasty plus she does not like dick and do not fuck the black one or the fat one who wants to go ghetto or hoggin the one on the left is doable though;1- stupid, 2- commie, 3- cunts, 4- fuck, 5- them, 6- well, 7- actually, 8- do, 9- not, 10- fuck, 11- the, 12- bald, 13- lesbian, 14- that, 15- just, 16- nasty, 17- plus, 18- she, 19- does, 20- not, 21- like, 22- dick, 23- and, 24- do, 25- not, 26- fuck, 27- the, 28- black, 29- one, 30- or, 31- the, 32- fat, 33- one, 34- who, 35- wants, 36- to, 37- go, 38- ghetto, 39- or, 40- hoggin, 41- the, 42- one, 43- on, 44- the, 45- left, 46- is, 47- doable, 48- though;offensive targeting Homosexual;https://app.prolific.co/submissions/complete?cc=91442ADD
1122838748612501504_twitter;HateXplain;you are your own sacred space shield that shit from bug bitches;1- you, 2- are, 3- your, 4- own, 5- sacred, 6- space, 7- shield, 8- that, 9- shit, 10- from, 11- bug, 12- bitches;offensive targeting Women;https://app.prolific.co/submissions/complete?cc=91442ADD
22426796_gab;HateXplain;agreed folk i did not realize there were optics cucks among us lol sad too much of it these days faggots everywhere;1- agreed, 2- folk, 3- i, 4- did, 5- not, 6- realize, 7- there, 8- were, 9- optics, 10- cucks, 11- among, 12- us, 13- lol, 14- sad, 15- too, 16- much, 17- of, 18- it, 19- these, 20- days, 21- faggots, 22- everywhere;offensive targeting Homosexual;https://app.prolific.co/submissions/complete?cc=91442ADD
1117838823688478728_twitter;HateXplain;lmao a lot of you all new bitches be my old ho;1- lmao, 2- a, 3- lot, 4- of, 5- you, 6- all, 7- new, 8- bitches, 9- be, 10- my, 11- old, 12- ho;offensive targeting Women;https://app.prolific.co/submissions/complete?cc=91442ADD
22643254_gab;HateXplain;be nice now we clearly know <user> ‍ does not fuck his mother he a father kinda gay uh guy maga presidenttrump triggered faggot dicklicker <user> ‍;1- be, 2- nice, 3- now, 4- we, 5- clearly, 6- know, 7- <user>, 8- does, 9- not, 10- fuck, 11- his, 12- mother, 13- he, 14- a, 15- father, 16- kinda, 17- gay, 18- uh, 19- guy, 20- maga, 21- presidenttrump, 22- triggered, 23- faggot, 24- dicklicker, 25- <user>;offensive targeting Homosexual;https://app.prolific.co/submissions/complete?cc=91442ADD
1122795610191667200_twitter;HateXplain;gave that hoe the boot like i work at ingles;1- gave, 2- that, 3- hoe, 4- the, 5- boot, 6- like, 7- i, 8- work, 9- at, 10- ingles;offensive targeting Women;https://app.prolific.co/submissions/complete?cc=91442ADD
22753470_gab;HateXplain;i poisoned sergei skripal he was a faggot anyway;1- i, 2- poisoned, 3- sergei, 4- skripal, 5- he, 6- was, 7- a, 8- faggot, 9- anyway;hatespeech targeting Homosexual;https://app.prolific.co/submissions/complete?cc=91442ADD
1184497060042682374_twitter;HateXplain;<user> <user> lol here the other crazy bitch go read the other tweet ma am;1- <user>, 2- <user>, 3- lol, 4- here, 5- the, 6- other, 7- crazy, 8- bitch, 9- go, 10- read, 11- the, 12- other, 13- tweet, 14- ma, 15- am;offensive targeting Women;https://app.prolific.co/submissions/complete?cc=91442ADD
22777710_gab;HateXplain;even the crawdads are turning gay;1- even, 2- the, 3- crawdads, 4- are, 5- turning, 6- gay;offensive targeting Homosexual;https://app.prolific.co/submissions/complete?cc=91442ADD
1179068602034479104_twitter;HateXplain;time for confession bitch;1- time, 2- for, 3- confession, 4- bitch;offensive targeting Women;https://app.prolific.co/submissions/complete?cc=91442ADD
22842291_gab;HateXplain;i never thought i would see the day when faggots and niggers are held in a higher regard than myself when the leaders of your own country hate you love them your country is screwed;1- i, 2- never, 3- thought, 4- i, 5- would, 6- see, 7- the, 8- day, 9- when, 10- faggots, 11- and, 12- niggers, 13- are, 14- held, 15- in, 16- a, 17- higher, 18- regard, 19- than, 20- myself, 21- when, 22- the, 23- leaders, 24- of, 25- your, 26- own, 27- country, 28- hate, 29- you, 30- love, 31- them, 32- your, 33- country, 34- is, 35- screwed;hatespeech targeting Homosexual;https://app.prolific.co/submissions/complete?cc=91442ADD
1179040682368999424_twitter;HateXplain;bitch wanna keep bugging mute button it is 🤷 🏽 ‍ ♀️;1- bitch, 2- wanna, 3- keep, 4- bugging, 5- mute, 6- button, 7- it, 8- is, 9- 🤷, 10- 🏽, 11- ♀️;offensive targeting Women;https://app.prolific.co/submissions/complete?cc=91442ADD
22908376_gab;HateXplain;bingo hates americans hates our values hates our country and you civnat faggots pay his tuition;1- bingo, 2- hates, 3- americans, 4- hates, 5- our, 6- values, 7- hates, 8- our, 9- country, 10- and, 11- you, 12- civnat, 13- faggots, 14- pay, 15- his, 16- tuition;offensive targeting Homosexual;https://app.prolific.co/submissions/complete?cc=91442ADD
attention_50;attention check sentences (HateXplain targeting);poor broke ass cracker bitch get off my dick;1- poor, 2- broke, 3- ass, 4- cracker, 5- bitch, 6- get, 7- off, 8- my, 9- dick;offensive;https://app.prolific.co/submissions/complete?cc=91442ADD