"ID";"dataset";"text";"tokens";"label";"redirectUrl"
"22675750_gab";"HateXplain";"baby nigglets has become pets for liberals marxist and cultural marxist psychopaths white genocide alt right <number> <number>";"1- baby, 2- nigglets, 3- has, 4- become, 5- pets, 6- for, 7- liberals, 8- marxist, 9- and, 10- cultural, 11- marxist, 12- psychopaths, 13- white, 14- genocide, 15- alt, 16- right, 17- <number>, 18- <number>";"hatespeech targeting African";"https://app.prolific.co/submissions/complete?cc=91442ADD"
"20429127_gab";"HateXplain";"being managed by a ny kike what else would u expect";"1- being, 2- managed, 3- by, 4- a, 5- ny, 6- kike, 7- what, 8- else, 9- would, 10- u, 11- expect";"hatespeech targeting Jewish";"https://app.prolific.co/submissions/complete?cc=91442ADD"
"19566624_gab";"HateXplain";"as always translated versions have omitted verses to make islam look like a good ideology funny that it wasn t distributed in venezuela perhaps it known it will be used as toilet paper since there is a shortage";"1- as, 2- always, 3- translated, 4- versions, 5- have, 6- omitted, 7- verses, 8- to, 9- make, 10- islam, 11- look, 12- like, 13- a, 14- good, 15- ideology, 16- funny, 17- that, 18- it, 19- wasn, 20- t, 21- distributed, 22- in, 23- venezuela, 24- perhaps, 25- it, 26- known, 27- it, 28- will, 29- be, 30- used, 31- as, 32- toilet, 33- paper, 34- since, 35- there, 36- is, 37- a, 38- shortage";"hatespeech targeting Islam";"https://app.prolific.co/submissions/complete?cc=91442ADD"
"27392710_gab";"HateXplain";"my wife and i agree <percent> let mother nature cull the nigger herd";"1- my, 2- wife, 3- and, 4- i, 5- agree, 6- <percent>, 7- let, 8- mother, 9- nature, 10- cull, 11- the, 12- nigger, 13- herd";"hatespeech targeting African";"https://app.prolific.co/submissions/complete?cc=91442ADD"
"26779064_gab";"HateXplain";"literally every single fucking time it still honestly surprises me any time i find something that evil anti white or anti western civilization there is always always a fucking kike involved";"1- literally, 2- every, 3- single, 4- fucking, 5- time, 6- it, 7- still, 8- honestly, 9- surprises, 10- me, 11- any, 12- time, 13- i, 14- find, 15- something, 16- that, 17- evil, 18- anti, 19- white, 20- or, 21- anti, 22- western, 23- civilization, 24- there, 25- is, 26- always, 27- always, 28- a, 29- fucking, 30- kike, 31- involved";"hatespeech targeting Jewish";"https://app.prolific.co/submissions/complete?cc=91442ADD"
"19603490_gab";"HateXplain";"make the world a muslim free zone my house and property are muslim and liberal free zones";"1- make, 2- the, 3- world, 4- a, 5- muslim, 6- free, 7- zone, 8- my, 9- house, 10- and, 11- property, 12- are, 13- muslim, 14- and, 15- liberal, 16- free, 17- zones";"hatespeech targeting Islam";"https://app.prolific.co/submissions/complete?cc=91442ADD"
"3815851_gab";"HateXplain";"q how do you know your country is in trouble a a nigger is president";"1- q, 2- how, 3- do, 4- you, 5- know, 6- your, 7- country, 8- is, 9- in, 10- trouble, 11- a, 12- a, 13- nigger, 14- is, 15- president";"offensive targeting African";"https://app.prolific.co/submissions/complete?cc=91442ADD"
"17465908_gab";"HateXplain";"boomers lolbertarians and kike shills are all here the platform is really picking up leftists know we made twitter much more interesting";"1- boomers, 2- lolbertarians, 3- and, 4- kike, 5- shills, 6- are, 7- all, 8- here, 9- the, 10- platform, 11- is, 12- really, 13- picking, 14- up, 15- leftists, 16- know, 17- we, 18- made, 19- twitter, 20- much, 21- more, 22- interesting";"hatespeech targeting Jewish";"https://app.prolific.co/submissions/complete?cc=91442ADD"
"19677552_gab";"HateXplain";"so mandela ended apartheid in africa now caucasians are being tortured raped and slaughtered wholesale — man woman child while nobody dares say muslim this has islam all over it what say you — president trump apartheid looks pretty good now";"1- so, 2- mandela, 3- ended, 4- apartheid, 5- in, 6- africa, 7- now, 8- caucasians, 9- are, 10- being, 11- tortured, 12- raped, 13- and, 14- slaughtered, 15- wholesale, 16- —, 17- man, 18- woman, 19- child, 20- while, 21- nobody, 22- dares, 23- say, 24- muslim, 25- this, 26- has, 27- islam, 28- all, 29- over, 30- it, 31- what, 32- say, 33- you, 34- —, 35- president, 36- trump, 37- apartheid, 38- looks, 39- pretty, 40- good, 41- now";"offensive targeting Islam";"https://app.prolific.co/submissions/complete?cc=91442ADD"
"13565277_gab";"HateXplain";"not a bad idea but why stop there i have always been curious how many tar babies an actual tar pit can hold we hope you have enjoyed your visit to the la brea nigger storage facility";"1- not, 2- a, 3- bad, 4- idea, 5- but, 6- why, 7- stop, 8- there, 9- i, 10- have, 11- always, 12- been, 13- curious, 14- how, 15- many, 16- tar, 17- babies, 18- an, 19- actual, 20- tar, 21- pit, 22- can, 23- hold, 24- we, 25- hope, 26- you, 27- have, 28- enjoyed, 29- your, 30- visit, 31- to, 32- the, 33- la, 34- brea, 35- nigger, 36- storage, 37- facility";"hatespeech targeting African";"https://app.prolific.co/submissions/complete?cc=91442ADD"
"17018343_gab";"HateXplain";"i often wondered if the kike psycho tortured and brain washed him while he was incarcerated";"1- i, 2- often, 3- wondered, 4- if, 5- the, 6- kike, 7- psycho, 8- tortured, 9- and, 10- brain, 11- washed, 12- him, 13- while, 14- he, 15- was, 16- incarcerated";"hatespeech targeting Jewish";"https://app.prolific.co/submissions/complete?cc=91442ADD"
"19726849_gab";"HateXplain";"gabfam if it takes a civil war islam will be destroyed in america along with cair national";"1- gabfam, 2- if, 3- it, 4- takes, 5- a, 6- civil, 7- war, 8- islam, 9- will, 10- be, 11- destroyed, 12- in, 13- america, 14- along, 15- with, 16- cair, 17- national";"hatespeech targeting Islam";"https://app.prolific.co/submissions/complete?cc=91442ADD"
"13613624_gab";"HateXplain";"i hate niggers so much that if i saw a newborn nigger drowning in a mud puddle i would not even kick the little parasite out";"1- i, 2- hate, 3- niggers, 4- so, 5- much, 6- that, 7- if, 8- i, 9- saw, 10- a, 11- newborn, 12- nigger, 13- drowning, 14- in, 15- a, 16- mud, 17- puddle, 18- i, 19- would, 20- not, 21- even, 22- kick, 23- the, 24- little, 25- parasite, 26- out";"hatespeech targeting African";"https://app.prolific.co/submissions/complete?cc=91442ADD"
"8333159_gab";"HateXplain";"i wanna see a <number> me page now ya dingo kangz larper you are a kike and ya know it at the very least ya post like one";"1- i, 2- wanna, 3- see, 4- a, 5- <number>, 6- me, 7- page, 8- now, 9- ya, 10- dingo, 11- kangz, 12- larper, 13- you, 14- are, 15- a, 16- kike, 17- and, 18- ya, 19- know, 20- it, 21- at, 22- the, 23- very, 24- least, 25- ya, 26- post, 27- like, 28- one";"hatespeech targeting Jewish";"https://app.prolific.co/submissions/complete?cc=91442ADD"
"19742388_gab";"HateXplain";"obama wanted millions of muslims in america he wanted what western europe has a muslim shithole with no go zones terrorism pack rapes child grooming sharia riots";"1- obama, 2- wanted, 3- millions, 4- of, 5- muslims, 6- in, 7- america, 8- he, 9- wanted, 10- what, 11- western, 12- europe, 13- has, 14- a, 15- muslim, 16- shithole, 17- with, 18- no, 19- go, 20- zones, 21- terrorism, 22- pack, 23- rapes, 24- child, 25- grooming, 26- sharia, 27- riots";"hatespeech targeting Islam";"https://app.prolific.co/submissions/complete?cc=91442ADD"
"10427777_gab";"HateXplain";"nj is the shit stain of america dems are pussies afraid of their own shadows i hope muslims piss on every white nigger in jersey fucking scum";"1- nj, 2- is, 3- the, 4- shit, 5- stain, 6- of, 7- america, 8- dems, 9- are, 10- pussies, 11- afraid, 12- of, 13- their, 14- own, 15- shadows, 16- i, 17- hope, 18- muslims, 19- piss, 20- on, 21- every, 22- white, 23- nigger, 24- in, 25- jersey, 26- fucking, 27- scum";"hatespeech targeting African";"https://app.prolific.co/submissions/complete?cc=91442ADD"
"20429337_gab";"HateXplain";"pile of shit ny jew kike failure";"1- pile, 2- of, 3- shit, 4- ny, 5- jew, 6- kike, 7- failure";"hatespeech targeting Jewish";"https://app.prolific.co/submissions/complete?cc=91442ADD"
"19809350_gab";"HateXplain";"why muslims beat women";"1- why, 2- muslims, 3- beat, 4- women";"offensive targeting Islam";"https://app.prolific.co/submissions/complete?cc=91442ADD"
"19098647_gab";"HateXplain";"tariq being a bigger nigger than the rest should this nation come unglued when it comes down to nuggets and spikes it will be a hoot";"1- tariq, 2- being, 3- a, 4- bigger, 5- nigger, 6- than, 7- the, 8- rest, 9- should, 10- this, 11- nation, 12- come, 13- unglued, 14- when, 15- it, 16- comes, 17- down, 18- to, 19- nuggets, 20- and, 21- spikes, 22- it, 23- will, 24- be, 25- a, 26- hoot";"hatespeech targeting African";"https://app.prolific.co/submissions/complete?cc=91442ADD"
"12948507_gab";"HateXplain";"only a kike spouts this shit";"1- only, 2- a, 3- kike, 4- spouts, 5- this, 6- shit";"hatespeech targeting Jewish";"https://app.prolific.co/submissions/complete?cc=91442ADD"
"20028394_gab";"HateXplain";"you did not read your pms or messages to you we all had a good laugh at your expense muzzie";"1- you, 2- did, 3- not, 4- read, 5- your, 6- pms, 7- or, 8- messages, 9- to, 10- you, 11- we, 12- all, 13- had, 14- a, 15- good, 16- laugh, 17- at, 18- your, 19- expense, 20- muzzie";"offensive targeting Islam";"https://app.prolific.co/submissions/complete?cc=91442ADD"
"15626639_gab";"HateXplain";"super ugly nigger bitch drowns her <number> day old baby";"1- super, 2- ugly, 3- nigger, 4- bitch, 5- drowns, 6- her, 7- <number>, 8- day, 9- old, 10- baby";"hatespeech targeting African";"https://app.prolific.co/submissions/complete?cc=91442ADD"
"11917412_gab";"HateXplain";"this of course is just donald trump charming kike son in law helping out the don with 4 d ultra hi res techni colour chess you will have to admit it sooner or later america trump was controlled opposition against clinton";"1- this, 2- of, 3- course, 4- is, 5- just, 6- donald, 7- trump, 8- charming, 9- kike, 10- son, 11- in, 12- law, 13- helping, 14- out, 15- the, 16- don, 17- with, 18- 4, 19- d, 20- ultra, 21- hi, 22- res, 23- techni, 24- colour, 25- chess, 26- you, 27- will, 28- have, 29- to, 30- admit, 31- it, 32- sooner, 33- or, 34- later, 35- america, 36- trump, 37- was, 38- controlled, 39- opposition, 40- against, 41- clinton";"hatespeech targeting Jewish";"https://app.prolific.co/submissions/complete?cc=91442ADD"
"20075386_gab";"HateXplain";"more telling was the photo on the bridge with all but one person desperately trying to help the one that did not was a muslim walking past talking on the phone did not even care";"1- more, 2- telling, 3- was, 4- the, 5- photo, 6- on, 7- the, 8- bridge, 9- with, 10- all, 11- but, 12- one, 13- person, 14- desperately, 15- trying, 16- to, 17- help, 18- the, 19- one, 20- that, 21- did, 22- not, 23- was, 24- a, 25- muslim, 26- walking, 27- past, 28- talking, 29- on, 30- the, 31- phone, 32- did, 33- not, 34- even, 35- care";"offensive targeting Islam";"https://app.prolific.co/submissions/complete?cc=91442ADD"
"13789335_gab";"HateXplain";"eww a mudshark with a niglet";"1- eww, 2- a, 3- mudshark, 4- with, 5- a, 6- niglet";"hatespeech targeting African";"https://app.prolific.co/submissions/complete?cc=91442ADD"
"15254763_gab";"HateXplain";"oy vey she turned me into a kike ffs";"1- oy, 2- vey, 3- she, 4- turned, 5- me, 6- into, 7- a, 8- kike, 9- ffs";"hatespeech targeting Jewish";"https://app.prolific.co/submissions/complete?cc=91442ADD"
"20204507_gab";"HateXplain";"swedish girls are so nice i hope they can stop the muslim scum flowing into their country";"1- swedish, 2- girls, 3- are, 4- so, 5- nice, 6- i, 7- hope, 8- they, 9- can, 10- stop, 11- the, 12- muslim, 13- scum, 14- flowing, 15- into, 16- their, 17- country";"hatespeech targeting Islam";"https://app.prolific.co/submissions/complete?cc=91442ADD"
"23991722_gab";"HateXplain";"taylor swift is a natural beauty if you compare her to the sheboons in the music industry i understand why men flock to her";"1- taylor, 2- swift, 3- is, 4- a, 5- natural, 6- beauty, 7- if, 8- you, 9- compare, 10- her, 11- to, 12- the, 13- sheboons, 14- in, 15- the, 16- music, 17- industry, 18- i, 19- understand, 20- why, 21- men, 22- flock, 23- to, 24- her";"offensive targeting African";"https://app.prolific.co/submissions/complete?cc=91442ADD"
"19451128_gab";"HateXplain";"we are literally going to have this taken down eventually it one thing if you are a kike it another if you are a kike dog";"1- we, 2- are, 3- literally, 4- going, 5- to, 6- have, 7- this, 8- taken, 9- down, 10- eventually, 11- it, 12- one, 13- thing, 14- if, 15- you, 16- are, 17- a, 18- kike, 19- it, 20- another, 21- if, 22- you, 23- are, 24- a, 25- kike, 26- dog";"hatespeech targeting Jewish";"https://app.prolific.co/submissions/complete?cc=91442ADD"
"attention_41";"attention check sentences (HateXplain targeting)";"dude look at that diaper head over there at the pump";"1- dude, 2- look, 3- at, 4- that, 5- diaper, 6- head, 7- over, 8- there, 9- at, 10- the, 11- pump";"offensive";"https://app.prolific.co/submissions/complete?cc=91442ADD"