"ID";"dataset";"text";"tokens";"label";"redirectUrl"
"24264232_gab";"HateXplain";"not for long boomer the kikes are gonna make sure they are all in spanish then they are gonna make you marry off ur daughter to a nigger transexual to prove youre not a bigot cuck";"1- not, 2- for, 3- long, 4- boomer, 5- the, 6- kikes, 7- are, 8- gonna, 9- make, 10- sure, 11- they, 12- are, 13- all, 14- in, 15- spanish, 16- then, 17- they, 18- are, 19- gonna, 20- make, 21- you, 22- marry, 23- off, 24- ur, 25- daughter, 26- to, 27- a, 28- nigger, 29- transexual, 30- to, 31- prove, 32- youre, 33- not, 34- a, 35- bigot, 36- cuck";"hatespeech targeting African";"https://app.prolific.co/submissions/complete?cc=91442ADD"
"24295701_gab";"HateXplain";"uhm niggers will always have ghettos check out africa the dankest ghetto in the world";"1- uhm, 2- niggers, 3- will, 4- always, 5- have, 6- ghettos, 7- check, 8- out, 9- africa, 10- the, 11- dankest, 12- ghetto, 13- in, 14- the, 15- world";"hatespeech targeting African";"https://app.prolific.co/submissions/complete?cc=91442ADD"
"24305062_gab";"HateXplain";"education or marxist indoctrination since it is well established blacks are incapable of learning anything past the age of ten unless they are half white should not blacks go to a trade school upon age <number> say learning how to pick cotton fruits and vegetables";"1- education, 2- or, 3- marxist, 4- indoctrination, 5- since, 6- it, 7- is, 8- well, 9- established, 10- blacks, 11- are, 12- incapable, 13- of, 14- learning, 15- anything, 16- past, 17- the, 18- age, 19- of, 20- ten, 21- unless, 22- they, 23- are, 24- half, 25- white, 26- should, 27- not, 28- blacks, 29- go, 30- to, 31- a, 32- trade, 33- school, 34- upon, 35- age, 36- <number>, 37- say, 38- learning, 39- how, 40- to, 41- pick, 42- cotton, 43- fruits, 44- and, 45- vegetables";"hatespeech targeting African";"https://app.prolific.co/submissions/complete?cc=91442ADD"
"24347025_gab";"HateXplain";"ghetto niggers know ghetto nigger stuff what can i say other than war is not ghetto nigger nonsense grow up lil guy your stupid is showing";"1- ghetto, 2- niggers, 3- know, 4- ghetto, 5- nigger, 6- stuff, 7- what, 8- can, 9- i, 10- say, 11- other, 12- than, 13- war, 14- is, 15- not, 16- ghetto, 17- nigger, 18- nonsense, 19- grow, 20- up, 21- lil, 22- guy, 23- your, 24- stupid, 25- is, 26- showing";"offensive targeting African";"https://app.prolific.co/submissions/complete?cc=91442ADD"
"24367358_gab";"HateXplain";"yes i am sure that bands of feral blacks would not be blowing each other away over gang territory in blighted urban ghettos if they had not gotten the idea from the book of ecclesiastes";"1- yes, 2- i, 3- am, 4- sure, 5- that, 6- bands, 7- of, 8- feral, 9- blacks, 10- would, 11- not, 12- be, 13- blowing, 14- each, 15- other, 16- away, 17- over, 18- gang, 19- territory, 20- in, 21- blighted, 22- urban, 23- ghettos, 24- if, 25- they, 26- had, 27- not, 28- gotten, 29- the, 30- idea, 31- from, 32- the, 33- book, 34- of, 35- ecclesiastes";"hatespeech targeting African";"https://app.prolific.co/submissions/complete?cc=91442ADD"
"24467057_gab";"HateXplain";"the ghetto lottery an old standby we v seen it again and again";"1- the, 2- ghetto, 3- lottery, 4- an, 5- old, 6- standby, 7- we, 8- v, 9- seen, 10- it, 11- again, 12- and, 13- again";"offensive targeting African";"https://app.prolific.co/submissions/complete?cc=91442ADD"
"24520707_gab";"HateXplain";"jw fighting for white racial survival is not a marketing strategy if the fence sitters do not want to get involved then let the jews and niggers deal with them";"1- jw, 2- fighting, 3- for, 4- white, 5- racial, 6- survival, 7- is, 8- not, 9- a, 10- marketing, 11- strategy, 12- if, 13- the, 14- fence, 15- sitters, 16- do, 17- not, 18- want, 19- to, 20- get, 21- involved, 22- then, 23- let, 24- the, 25- jews, 26- and, 27- niggers, 28- deal, 29- with, 30- them";"offensive targeting African";"https://app.prolific.co/submissions/complete?cc=91442ADD"
"24546554_gab";"HateXplain";"do not trust this ghetto niggah or his pornstar attention whore wife yo";"1- do, 2- not, 3- trust, 4- this, 5- ghetto, 6- niggah, 7- or, 8- his, 9- pornstar, 10- attention, 11- whore, 12- wife, 13- yo";"hatespeech targeting African";"https://app.prolific.co/submissions/complete?cc=91442ADD"
"24550295_gab";"HateXplain";"this ruling allows for the banning of all gays and blacks etc as they are all liberals it says you can ban people based on political ideology so ban niggers for not being white nationalists if you want totally legal";"1- this, 2- ruling, 3- allows, 4- for, 5- the, 6- banning, 7- of, 8- all, 9- gays, 10- and, 11- blacks, 12- etc, 13- as, 14- they, 15- are, 16- all, 17- liberals, 18- it, 19- says, 20- you, 21- can, 22- ban, 23- people, 24- based, 25- on, 26- political, 27- ideology, 28- so, 29- ban, 30- niggers, 31- for, 32- not, 33- being, 34- white, 35- nationalists, 36- if, 37- you, 38- want, 39- totally, 40- legal";"hatespeech targeting African";"https://app.prolific.co/submissions/complete?cc=91442ADD"
"2456779_gab";"HateXplain";"<user> you can take the family out of the ghetto but you cannot take the ghetto out of the family";"1- <user>, 2- you, 3- can, 4- take, 5- the, 6- family, 7- out, 8- of, 9- the, 10- ghetto, 11- but, 12- you, 13- cannot, 14- take, 15- the, 16- ghetto, 17- out, 18- of, 19- the, 20- family";"offensive targeting African";"https://app.prolific.co/submissions/complete?cc=91442ADD"
"24738592_gab";"HateXplain";"no only mates mucking round in a boxing gym in a once white ghetto recently turned black";"1- no, 2- only, 3- mates, 4- mucking, 5- round, 6- in, 7- a, 8- boxing, 9- gym, 10- in, 11- a, 12- once, 13- white, 14- ghetto, 15- recently, 16- turned, 17- black";"offensive targeting African";"https://app.prolific.co/submissions/complete?cc=91442ADD"
"24842200_gab";"HateXplain";"how much fuckin pain im in walking home and a fuckin bunch of niggers always trying to cancel my disability i aint gonna grow a new fuckin leg dumb anc niggers ever again dumb nigger fuck niggers";"1- how, 2- much, 3- fuckin, 4- pain, 5- im, 6- in, 7- walking, 8- home, 9- and, 10- a, 11- fuckin, 12- bunch, 13- of, 14- niggers, 15- always, 16- trying, 17- to, 18- cancel, 19- my, 20- disability, 21- i, 22- aint, 23- gonna, 24- grow, 25- a, 26- new, 27- fuckin, 28- leg, 29- dumb, 30- anc, 31- niggers, 32- ever, 33- again, 34- dumb, 35- nigger, 36- fuck, 37- niggers";"hatespeech targeting African";"https://app.prolific.co/submissions/complete?cc=91442ADD"
"24858659_gab";"HateXplain";"dat uppity negro kanye dared speak up he not gonna be a house nigger no more put his black ass in the field after you whip him good the democrats and progressives i love it when they show their true colors so clearly";"1- dat, 2- uppity, 3- negro, 4- kanye, 5- dared, 6- speak, 7- up, 8- he, 9- not, 10- gonna, 11- be, 12- a, 13- house, 14- nigger, 15- no, 16- more, 17- put, 18- his, 19- black, 20- ass, 21- in, 22- the, 23- field, 24- after, 25- you, 26- whip, 27- him, 28- good, 29- the, 30- democrats, 31- and, 32- progressives, 33- i, 34- love, 35- it, 36- when, 37- they, 38- show, 39- their, 40- true, 41- colors, 42- so, 43- clearly";"hatespeech targeting African";"https://app.prolific.co/submissions/complete?cc=91442ADD"
"24886813_gab";"HateXplain";"the simple fact is the bowlcast is some great content logically it follows that followers will follow sorry that was nigger tier";"1- the, 2- simple, 3- fact, 4- is, 5- the, 6- bowlcast, 7- is, 8- some, 9- great, 10- content, 11- logically, 12- it, 13- follows, 14- that, 15- followers, 16- will, 17- follow, 18- sorry, 19- that, 20- was, 21- nigger, 22- tier";"hatespeech targeting African";"https://app.prolific.co/submissions/complete?cc=91442ADD"
"24917977_gab";"HateXplain";"yeah right this is one of those taqqiyya moments is not it where it fine to lie to non muslims honestly a white woman converting to islam is like a black man volunteering for slavery";"1- yeah, 2- right, 3- this, 4- is, 5- one, 6- of, 7- those, 8- taqqiyya, 9- moments, 10- is, 11- not, 12- it, 13- where, 14- it, 15- fine, 16- to, 17- lie, 18- to, 19- non, 20- muslims, 21- honestly, 22- a, 23- white, 24- woman, 25- converting, 26- to, 27- islam, 28- is, 29- like, 30- a, 31- black, 32- man, 33- volunteering, 34- for, 35- slavery";"offensive targeting African";"https://app.prolific.co/submissions/complete?cc=91442ADD"
"24922629_gab";"HateXplain";"racist nigger anti racism strategist tariq nasheed calls his mostly white wife a becky and calls a native american a <number> indian but niggers claim they can not be racist";"1- racist, 2- nigger, 3- anti, 4- racism, 5- strategist, 6- tariq, 7- nasheed, 8- calls, 9- his, 10- mostly, 11- white, 12- wife, 13- a, 14- becky, 15- and, 16- calls, 17- a, 18- native, 19- american, 20- a, 21- <number>, 22- indian, 23- but, 24- niggers, 25- claim, 26- they, 27- can, 28- not, 29- be, 30- racist";"hatespeech targeting African";"https://app.prolific.co/submissions/complete?cc=91442ADD"
"24974079_gab";"HateXplain";"i fully support a race war to kill all kikes and niggers";"1- i, 2- fully, 3- support, 4- a, 5- race, 6- war, 7- to, 8- kill, 9- all, 10- kikes, 11- and, 12- niggers";"hatespeech targeting African";"https://app.prolific.co/submissions/complete?cc=91442ADD"
"25001491_gab";"HateXplain";"perhaps because she a screaming ugly overweight retarded black nigger whose favorite snack is a buffalo turd";"1- perhaps, 2- because, 3- she, 4- a, 5- screaming, 6- ugly, 7- overweight, 8- retarded, 9- black, 10- nigger, 11- whose, 12- favorite, 13- snack, 14- is, 15- a, 16- buffalo, 17- turd";"hatespeech targeting African";"https://app.prolific.co/submissions/complete?cc=91442ADD"
"25044656_gab";"HateXplain";"example of race over talent reporter talks like a ghetto thug mistake to hire someone like her to fill a quota instead a talented qualified person";"1- example, 2- of, 3- race, 4- over, 5- talent, 6- reporter, 7- talks, 8- like, 9- a, 10- ghetto, 11- thug, 12- mistake, 13- to, 14- hire, 15- someone, 16- like, 17- her, 18- to, 19- fill, 20- a, 21- quota, 22- instead, 23- a, 24- talented, 25- qualified, 26- person";"offensive targeting African";"https://app.prolific.co/submissions/complete?cc=91442ADD"
"25083271_gab";"HateXplain";"apparently being a cock slave to silverbacks is also a tradition among your people i wish nothing but gang rape by a pack of niggers for you you chimp licking plow whore";"1- apparently, 2- being, 3- a, 4- cock, 5- slave, 6- to, 7- silverbacks, 8- is, 9- also, 10- a, 11- tradition, 12- among, 13- your, 14- people, 15- i, 16- wish, 17- nothing, 18- but, 19- gang, 20- rape, 21- by, 22- a, 23- pack, 24- of, 25- niggers, 26- for, 27- you, 28- you, 29- chimp, 30- licking, 31- plow, 32- whore";"hatespeech targeting African";"https://app.prolific.co/submissions/complete?cc=91442ADD"
"25196924_gab";"HateXplain";"i wonder how many of those living in the ghetto now drinking leadened water and under constant threat of gang violence long for a secure bed and meals on the plantation";"1- i, 2- wonder, 3- how, 4- many, 5- of, 6- those, 7- living, 8- in, 9- the, 10- ghetto, 11- now, 12- drinking, 13- leadened, 14- water, 15- and, 16- under, 17- constant, 18- threat, 19- of, 20- gang, 21- violence, 22- long, 23- for, 24- a, 25- secure, 26- bed, 27- and, 28- meals, 29- on, 30- the, 31- plantation";"hatespeech targeting African";"https://app.prolific.co/submissions/complete?cc=91442ADD"
"2524273_gab";"HateXplain";"obama did not do enough for black people not even god can do enough it impossible maybe if they ship in whites and asians and paint them black";"1- obama, 2- did, 3- not, 4- do, 5- enough, 6- for, 7- black, 8- people, 9- not, 10- even, 11- god, 12- can, 13- do, 14- enough, 15- it, 16- impossible, 17- maybe, 18- if, 19- they, 20- ship, 21- in, 22- whites, 23- and, 24- asians, 25- and, 26- paint, 27- them, 28- black";"offensive targeting African";"https://app.prolific.co/submissions/complete?cc=91442ADD"
"25385251_gab";"HateXplain";"the rate of black on white violence is horrifically high god rest the souls of those poor victims";"1- the, 2- rate, 3- of, 4- black, 5- on, 6- white, 7- violence, 8- is, 9- horrifically, 10- high, 11- god, 12- rest, 13- the, 14- souls, 15- of, 16- those, 17- poor, 18- victims";"offensive targeting African";"https://app.prolific.co/submissions/complete?cc=91442ADD"
"25459079_gab";"HateXplain";"i am sure there are some ghetto niggers here in the us that are full retard many can not even construct the simplest of sentences just nigger babble";"1- i, 2- am, 3- sure, 4- there, 5- are, 6- some, 7- ghetto, 8- niggers, 9- here, 10- in, 11- the, 12- us, 13- that, 14- are, 15- full, 16- retard, 17- many, 18- can, 19- not, 20- even, 21- construct, 22- the, 23- simplest, 24- of, 25- sentences, 26- just, 27- nigger, 28- babble";"hatespeech targeting African";"https://app.prolific.co/submissions/complete?cc=91442ADD"
"25475914_gab";"HateXplain";"<number> days after starbucks opens its bathrooms to ghetto thugs";"1- <number>, 2- days, 3- after, 4- starbucks, 5- opens, 6- its, 7- bathrooms, 8- to, 9- ghetto, 10- thugs";"offensive targeting African";"https://app.prolific.co/submissions/complete?cc=91442ADD"
"25516280_gab";"HateXplain";"and i loveez dee poontang djd i beez buyin dat snatch on 4 th st fo <number> an <number> fo sum haid dat beez nigger poon do ya wan what poona gonna beez runnin ya <number> an dat beez wit a rubba";"1- and, 2- i, 3- loveez, 4- dee, 5- poontang, 6- djd, 7- i, 8- beez, 9- buyin, 10- dat, 11- snatch, 12- on, 13- 4, 14- th, 15- st, 16- fo, 17- <number>, 18- an, 19- <number>, 20- fo, 21- sum, 22- haid, 23- dat, 24- beez, 25- nigger, 26- poon, 27- do, 28- ya, 29- wan, 30- what, 31- poona, 32- gonna, 33- beez, 34- runnin, 35- ya, 36- <number>, 37- an, 38- dat, 39- beez, 40- wit, 41- a, 42- rubba";"hatespeech targeting African";"https://app.prolific.co/submissions/complete?cc=91442ADD"
"25517684_gab";"HateXplain";"i ain t got paper in front of me nigga get your educated ass to itemize what i personally owe you and we will talk green until then cram it up your loose ghetto asshole";"1- i, 2- ain, 3- t, 4- got, 5- paper, 6- in, 7- front, 8- of, 9- me, 10- nigga, 11- get, 12- your, 13- educated, 14- ass, 15- to, 16- itemize, 17- what, 18- i, 19- personally, 20- owe, 21- you, 22- and, 23- we, 24- will, 25- talk, 26- green, 27- until, 28- then, 29- cram, 30- it, 31- up, 32- your, 33- loose, 34- ghetto, 35- asshole";"offensive targeting African";"https://app.prolific.co/submissions/complete?cc=91442ADD"
"25537078_gab";"HateXplain";"as long as its niggers killing niggers who cares";"1- as, 2- long, 3- as, 4- its, 5- niggers, 6- killing, 7- niggers, 8- who, 9- cares";"hatespeech targeting African";"https://app.prolific.co/submissions/complete?cc=91442ADD"
"25587803_gab";"HateXplain";"you can take whoopi out of the ghetto but you can not take the ghetto out of whoopi";"1- you, 2- can, 3- take, 4- whoopi, 5- out, 6- of, 7- the, 8- ghetto, 9- but, 10- you, 11- can, 12- not, 13- take, 14- the, 15- ghetto, 16- out, 17- of, 18- whoopi";"offensive targeting African";"https://app.prolific.co/submissions/complete?cc=91442ADD"
"attention_36";"attention check sentences (HateXplain targeting)";"fuck sake lik i sed no garlic sauce on ma donna meat and chips ya fuckin rag head";"1- fuck, 2- sake, 3- lik, 4- i, 5- sed, 6- no, 7- garlic, 8- sauce, 9- on, 10- ma, 11- donna, 12- meat, 13- and, 14- chips, 15- ya, 16- fuckin, 17- rag, 18- head";"offensive";"https://app.prolific.co/submissions/complete?cc=91442ADD"