"ID";"dataset";"text";"tokens";"label";"redirectUrl"
"26372949_gab";"HateXplain";"fucking hung nigger has a nice coat";"1- fucking, 2- hung, 3- nigger, 4- has, 5- a, 6- nice, 7- coat";"hatespeech targeting African";"https://app.prolific.co/submissions/complete?cc=91442ADD"
"24465646_gab";"HateXplain";"starting a new day from midnight is retarded and jewish";"1- starting, 2- a, 3- new, 4- day, 5- from, 6- midnight, 7- is, 8- retarded, 9- and, 10- jewish";"offensive targeting Jewish";"https://app.prolific.co/submissions/complete?cc=91442ADD"
"23974948_gab";"HateXplain";"lol finally one nigglet out of millions learned how to use white people invention";"1- lol, 2- finally, 3- one, 4- nigglet, 5- out, 6- of, 7- millions, 8- learned, 9- how, 10- to, 11- use, 12- white, 13- people, 14- invention";"hatespeech targeting African";"https://app.prolific.co/submissions/complete?cc=91442ADD"
"24711850_gab";"HateXplain";"when someone fights for lies he never finds the balls to defend himself from the jews the people that fight for the truth become invincible this time we will fight all together against you jews acthung juden";"1- when, 2- someone, 3- fights, 4- for, 5- lies, 6- he, 7- never, 8- finds, 9- the, 10- balls, 11- to, 12- defend, 13- himself, 14- from, 15- the, 16- jews, 17- the, 18- people, 19- that, 20- fight, 21- for, 22- the, 23- truth, 24- become, 25- invincible, 26- this, 27- time, 28- we, 29- will, 30- fight, 31- all, 32- together, 33- against, 34- you, 35- jews, 36- acthung, 37- juden";"hatespeech targeting Jewish";"https://app.prolific.co/submissions/complete?cc=91442ADD"
"23427589_gab";"HateXplain";"socrates was a nigger";"1- socrates, 2- was, 3- a, 4- nigger";"hatespeech targeting African";"https://app.prolific.co/submissions/complete?cc=91442ADD"
"24756474_gab";"HateXplain";"i speak the way i speak because fuck you if you dont like it talk to the barrel of my gun communist loser afraid of the jews";"1- i, 2- speak, 3- the, 4- way, 5- i, 6- speak, 7- because, 8- fuck, 9- you, 10- if, 11- you, 12- dont, 13- like, 14- it, 15- talk, 16- to, 17- the, 18- barrel, 19- of, 20- my, 21- gun, 22- communist, 23- loser, 24- afraid, 25- of, 26- the, 27- jews";"hatespeech targeting Jewish";"https://app.prolific.co/submissions/complete?cc=91442ADD"
"17524279_gab";"HateXplain";"i have no clue look what you wrote chimps have <percent> shared genome w humans but your too lazy to even google no one historically outside africa has nigger genome profile only now bc travel let the garbage spill out no niggers as <percent> had neander denisova et al genes only non niggers";"1- i, 2- have, 3- no, 4- clue, 5- look, 6- what, 7- you, 8- wrote, 9- chimps, 10- have, 11- <percent>, 12- shared, 13- genome, 14- w, 15- humans, 16- but, 17- your, 18- too, 19- lazy, 20- to, 21- even, 22- google, 23- no, 24- one, 25- historically, 26- outside, 27- africa, 28- has, 29- nigger, 30- genome, 31- profile, 32- only, 33- now, 34- bc, 35- travel, 36- let, 37- the, 38- garbage, 39- spill, 40- out, 41- no, 42- niggers, 43- as, 44- <percent>, 45- had, 46- neander, 47- denisova, 48- et, 49- al, 50- genes, 51- only, 52- non, 53- niggers";"hatespeech targeting African";"https://app.prolific.co/submissions/complete?cc=91442ADD"
"24758229_gab";"HateXplain";"does it refer to the real jews comparing them to those who call themselves jews today is comparing apples to oranges";"1- does, 2- it, 3- refer, 4- to, 5- the, 6- real, 7- jews, 8- comparing, 9- them, 10- to, 11- those, 12- who, 13- call, 14- themselves, 15- jews, 16- today, 17- is, 18- comparing, 19- apples, 20- to, 21- oranges";"offensive targeting Jewish";"https://app.prolific.co/submissions/complete?cc=91442ADD"
"7983706_gab";"HateXplain";"<number> i do not give a nigger shit about votes <number> free speech fuck your query <number> if you do not know what i said you probably do not need to worry about canaries";"1- <number>, 2- i, 3- do, 4- not, 5- give, 6- a, 7- nigger, 8- shit, 9- about, 10- votes, 11- <number>, 12- free, 13- speech, 14- fuck, 15- your, 16- query, 17- <number>, 18- if, 19- you, 20- do, 21- not, 22- know, 23- what, 24- i, 25- said, 26- you, 27- probably, 28- do, 29- not, 30- need, 31- to, 32- worry, 33- about, 34- canaries";"hatespeech targeting African";"https://app.prolific.co/submissions/complete?cc=91442ADD"
"24770559_gab";"HateXplain";"i thought wendy wasserman schultz was one ugly jewess where do they dig these disgusting jews up from they are caricatures of humans michellewolf journalists killjournalists";"1- i, 2- thought, 3- wendy, 4- wasserman, 5- schultz, 6- was, 7- one, 8- ugly, 9- jewess, 10- where, 11- do, 12- they, 13- dig, 14- these, 15- disgusting, 16- jews, 17- up, 18- from, 19- they, 20- are, 21- caricatures, 22- of, 23- humans, 24- michellewolf, 25- journalists, 26- killjournalists";"hatespeech targeting Jewish";"https://app.prolific.co/submissions/complete?cc=91442ADD"
"15455648_gab";"HateXplain";"dna tests can be defined whoever scientists decide they are because markers are just atp combos i e nothing like kike or irish written on them it all about some opinion of history also anyone can convert to phariseeism and <number> <number> of israel is russian for example could just be anti nig";"1- dna, 2- tests, 3- can, 4- be, 5- defined, 6- whoever, 7- scientists, 8- decide, 9- they, 10- are, 11- because, 12- markers, 13- are, 14- just, 15- atp, 16- combos, 17- i, 18- e, 19- nothing, 20- like, 21- kike, 22- or, 23- irish, 24- written, 25- on, 26- them, 27- it, 28- all, 29- about, 30- some, 31- opinion, 32- of, 33- history, 34- also, 35- anyone, 36- can, 37- convert, 38- to, 39- phariseeism, 40- and, 41- <number>, 42- <number>, 43- of, 44- israel, 45- is, 46- russian, 47- for, 48- example, 49- could, 50- just, 51- be, 52- anti, 53- nig";"hatespeech targeting African";"https://app.prolific.co/submissions/complete?cc=91442ADD"
"24813535_gab";"HateXplain";"jews are surrounding the americans with the muslim refugees created by the wars instigated by israel with its hatenews about everyone that isnt a jew";"1- jews, 2- are, 3- surrounding, 4- the, 5- americans, 6- with, 7- the, 8- muslim, 9- refugees, 10- created, 11- by, 12- the, 13- wars, 14- instigated, 15- by, 16- israel, 17- with, 18- its, 19- hatenews, 20- about, 21- everyone, 22- that, 23- isnt, 24- a, 25- jew";"hatespeech targeting Jewish";"https://app.prolific.co/submissions/complete?cc=91442ADD"
"27253077_gab";"HateXplain";"fuck off trailer park nigbeat i do not associate with welfare niggers like you gtfoh nigger";"1- fuck, 2- off, 3- trailer, 4- park, 5- nigbeat, 6- i, 7- do, 8- not, 9- associate, 10- with, 11- welfare, 12- niggers, 13- like, 14- you, 15- gtfoh, 16- nigger";"hatespeech targeting African";"https://app.prolific.co/submissions/complete?cc=91442ADD"
"24844856_gab";"HateXplain";"oh that cute you have taken up the shitty catchphrase of the subversive gop kike douglass mackey subversive traitors get the bullet first";"1- oh, 2- that, 3- cute, 4- you, 5- have, 6- taken, 7- up, 8- the, 9- shitty, 10- catchphrase, 11- of, 12- the, 13- subversive, 14- gop, 15- kike, 16- douglass, 17- mackey, 18- subversive, 19- traitors, 20- get, 21- the, 22- bullet, 23- first";"hatespeech targeting Jewish";"https://app.prolific.co/submissions/complete?cc=91442ADD"
"26728897_gab";"HateXplain";"omg look how cute kim kartrashian new niglet is ❤️ 😍 ❤️ its name is baby chi that nigger for chicago isnt it just totes adorbs 🐒";"1- omg, 2- look, 3- how, 4- cute, 5- kim, 6- kartrashian, 7- new, 8- niglet, 9- is, 10- ❤️, 11- 😍, 12- ❤️, 13- its, 14- name, 15- is, 16- baby, 17- chi, 18- that, 19- nigger, 20- for, 21- chicago, 22- isnt, 23- it, 24- just, 25- totes, 26- adorbs, 27- 🐒";"hatespeech targeting African";"https://app.prolific.co/submissions/complete?cc=91442ADD"
"24997471_gab";"HateXplain";"hey kids pay us for making our enemies kill each other while we jews laughed in hotels summer camps disguised as concentration camps";"1- hey, 2- kids, 3- pay, 4- us, 5- for, 6- making, 7- our, 8- enemies, 9- kill, 10- each, 11- other, 12- while, 13- we, 14- jews, 15- laughed, 16- in, 17- hotels, 18- summer, 19- camps, 20- disguised, 21- as, 22- concentration, 23- camps";"hatespeech targeting Jewish";"https://app.prolific.co/submissions/complete?cc=91442ADD"
"17559974_gab";"HateXplain";"never vote for a nigger";"1- never, 2- vote, 3- for, 4- a, 5- nigger";"hatespeech targeting African";"https://app.prolific.co/submissions/complete?cc=91442ADD"
"25246417_gab";"HateXplain";"hey <user> will you need jews to figure out how to implement your retarded mars colonization plan";"1- hey, 2- <user>, 3- will, 4- you, 5- need, 6- jews, 7- to, 8- figure, 9- out, 10- how, 11- to, 12- implement, 13- your, 14- retarded, 15- mars, 16- colonization, 17- plan";"offensive targeting Jewish";"https://app.prolific.co/submissions/complete?cc=91442ADD"
"19062595_gab";"HateXplain";"we went to the zoo to feed the niglet";"1- we, 2- went, 3- to, 4- the, 5- zoo, 6- to, 7- feed, 8- the, 9- niglet";"hatespeech targeting African";"https://app.prolific.co/submissions/complete?cc=91442ADD"
"25285915_gab";"HateXplain";"you cite a jew source as if jews having nothing to loose if they admit a deliberate attack on the uss liberty";"1- you, 2- cite, 3- a, 4- jew, 5- source, 6- as, 7- if, 8- jews, 9- having, 10- nothing, 11- to, 12- loose, 13- if, 14- they, 15- admit, 16- a, 17- deliberate, 18- attack, 19- on, 20- the, 21- uss, 22- liberty";"offensive targeting Jewish";"https://app.prolific.co/submissions/complete?cc=91442ADD"
"20130934_gab";"HateXplain";"my family owned <number> but we also fought for the union i really wish they would make a real proposal for reparations at some point i would not be able to contain myself if once everything was calculated every nigger got like <money> 😂";"1- my, 2- family, 3- owned, 4- <number>, 5- but, 6- we, 7- also, 8- fought, 9- for, 10- the, 11- union, 12- i, 13- really, 14- wish, 15- they, 16- would, 17- make, 18- a, 19- real, 20- proposal, 21- for, 22- reparations, 23- at, 24- some, 25- point, 26- i, 27- would, 28- not, 29- be, 30- able, 31- to, 32- contain, 33- myself, 34- if, 35- once, 36- everything, 37- was, 38- calculated, 39- every, 40- nigger, 41- got, 42- like, 43- <money>, 44- 😂";"hatespeech targeting African";"https://app.prolific.co/submissions/complete?cc=91442ADD"
"25291435_gab";"HateXplain";"jewish journolister here are the edgelords of the intellectual dark web lists a bunch of jews who retweet bill kristol tweets oy vey they are so dangerous right goy";"1- jewish, 2- journolister, 3- here, 4- are, 5- the, 6- edgelords, 7- of, 8- the, 9- intellectual, 10- dark, 11- web, 12- lists, 13- a, 14- bunch, 15- of, 16- jews, 17- who, 18- retweet, 19- bill, 20- kristol, 21- tweets, 22- oy, 23- vey, 24- they, 25- are, 26- so, 27- dangerous, 28- right, 29- goy";"hatespeech targeting Jewish";"https://app.prolific.co/submissions/complete?cc=91442ADD"
"14432295_gab";"HateXplain";"great two niggers one who shaves his hair line one that does not shave her hairline but does shave her facial hair that which makes the difference between a nigger and a monkey";"1- great, 2- two, 3- niggers, 4- one, 5- who, 6- shaves, 7- his, 8- hair, 9- line, 10- one, 11- that, 12- does, 13- not, 14- shave, 15- her, 16- hairline, 17- but, 18- does, 19- shave, 20- her, 21- facial, 22- hair, 23- that, 24- which, 25- makes, 26- the, 27- difference, 28- between, 29- a, 30- nigger, 31- and, 32- a, 33- monkey";"hatespeech targeting African";"https://app.prolific.co/submissions/complete?cc=91442ADD"
"25362980_gab";"HateXplain";"the handmaid tale is a jewish litmus test to see how retarded women have become";"1- the, 2- handmaid, 3- tale, 4- is, 5- a, 6- jewish, 7- litmus, 8- test, 9- to, 10- see, 11- how, 12- retarded, 13- women, 14- have, 15- become";"hatespeech targeting Jewish";"https://app.prolific.co/submissions/complete?cc=91442ADD"
"14912231_gab";"HateXplain";"it just going to go from one useless nigger to the next maybe the new one will have western backing and we can import refugees interesting to note that trump has been posting about game hunting in apefrica no doubt there behind the scene talks with the coup attempt";"1- it, 2- just, 3- going, 4- to, 5- go, 6- from, 7- one, 8- useless, 9- nigger, 10- to, 11- the, 12- next, 13- maybe, 14- the, 15- new, 16- one, 17- will, 18- have, 19- western, 20- backing, 21- and, 22- we, 23- can, 24- import, 25- refugees, 26- interesting, 27- to, 28- note, 29- that, 30- trump, 31- has, 32- been, 33- posting, 34- about, 35- game, 36- hunting, 37- in, 38- apefrica, 39- no, 40- doubt, 41- there, 42- behind, 43- the, 44- scene, 45- talks, 46- with, 47- the, 48- coup, 49- attempt";"hatespeech targeting African";"https://app.prolific.co/submissions/complete?cc=91442ADD"
"25460998_gab";"HateXplain";"u genetic jews will not b genociding white adults and our white babies for much longer that what i predict anyway u filthy kikes bruce kenneway";"1- u, 2- genetic, 3- jews, 4- will, 5- not, 6- b, 7- genociding, 8- white, 9- adults, 10- and, 11- our, 12- white, 13- babies, 14- for, 15- much, 16- longer, 17- that, 18- what, 19- i, 20- predict, 21- anyway, 22- u, 23- filthy, 24- kikes, 25- bruce, 26- kenneway";"hatespeech targeting Jewish";"https://app.prolific.co/submissions/complete?cc=91442ADD"
"10521438_gab";"HateXplain";"court number one old bailey next year do you think you or any nigger perjurer will get away with it the white man marches on";"1- court, 2- number, 3- one, 4- old, 5- bailey, 6- next, 7- year, 8- do, 9- you, 10- think, 11- you, 12- or, 13- any, 14- nigger, 15- perjurer, 16- will, 17- get, 18- away, 19- with, 20- it, 21- the, 22- white, 23- man, 24- marches, 25- on";"hatespeech targeting African";"https://app.prolific.co/submissions/complete?cc=91442ADD"
"25514474_gab";"HateXplain";"this seems like the seed of a great compromise we will slaughter the jews here you muslims and arabs slaughter the jews in the middle east get out of the us and europe and in exchange we will allow you to live in peace in a jew free middle east";"1- this, 2- seems, 3- like, 4- the, 5- seed, 6- of, 7- a, 8- great, 9- compromise, 10- we, 11- will, 12- slaughter, 13- the, 14- jews, 15- here, 16- you, 17- muslims, 18- and, 19- arabs, 20- slaughter, 21- the, 22- jews, 23- in, 24- the, 25- middle, 26- east, 27- get, 28- out, 29- of, 30- the, 31- us, 32- and, 33- europe, 34- and, 35- in, 36- exchange, 37- we, 38- will, 39- allow, 40- you, 41- to, 42- live, 43- in, 44- peace, 45- in, 46- a, 47- jew, 48- free, 49- middle, 50- east";"hatespeech targeting Jewish";"https://app.prolific.co/submissions/complete?cc=91442ADD"
"20055826_gab";"HateXplain";"god dam i almost sneezed mah lung out i hope dis nigger air i am breathing ain t giving me aids";"1- god, 2- dam, 3- i, 4- almost, 5- sneezed, 6- mah, 7- lung, 8- out, 9- i, 10- hope, 11- dis, 12- nigger, 13- air, 14- i, 15- am, 16- breathing, 17- ain, 18- t, 19- giving, 20- me, 21- aids";"hatespeech targeting African";"https://app.prolific.co/submissions/complete?cc=91442ADD"
"attention_26";"attention check sentences (HateXplain targeting)";"your a welsh cum eating idiot";"1- your, 2- a, 3- welsh, 4- cum, 5- eating, 6- idiot";"offensive";"https://app.prolific.co/submissions/complete?cc=91442ADD"