ID;dataset;text;tokens;label;redirectUrl
13210523_gab;HateXplain;i wonder how many illegal immigrants will still seek sanctuary in california lol;1- i, 2- wonder, 3- how, 4- many, 5- illegal, 6- immigrants, 7- will, 8- still, 9- seek, 10- sanctuary, 11- in, 12- california, 13- lol;offensive targeting Refugee;https://app.prolific.co/submissions/complete?cc=91442ADD
1179048638921596928_twitter;HateXplain;<user> <user> ching chong <number>;1- <user>, 2- <user>, 3- ching, 4- chong, 5- <number>;hatespeech targeting Asian;https://app.prolific.co/submissions/complete?cc=91442ADD
3336024_gab;HateXplain;when uncle charlie gets really drunk he puts on the gook ear necklace;1- when, 2- uncle, 3- charlie, 4- gets, 5- really, 6- drunk, 7- he, 8- puts, 9- on, 10- the, 11- gook, 12- ear, 13- necklace;offensive targeting Asian;https://app.prolific.co/submissions/complete?cc=91442ADD
1125944647509917699_twitter;HateXplain;thanks for coming to my ted talk p.s. calling me ching chong with not make me laugh;1- thanks, 2- for, 3- coming, 4- to, 5- my, 6- ted, 7- talk, 8- p.s., 9- calling, 10- me, 11- ching, 12- chong, 13- with, 14- not, 15- make, 16- me, 17- laugh;offensive targeting Asian;https://app.prolific.co/submissions/complete?cc=91442ADD
14304130_gab;HateXplain;way too many there are entire cities in the us that are entirely asian it an absolutely insane situation and asians are not dumb enough to let foreigners move into their nations and take over;1- way, 2- too, 3- many, 4- there, 5- are, 6- entire, 7- cities, 8- in, 9- the, 10- us, 11- that, 12- are, 13- entirely, 14- asian, 15- it, 16- an, 17- absolutely, 18- insane, 19- situation, 20- and, 21- asians, 22- are, 23- not, 24- dumb, 25- enough, 26- to, 27- let, 28- foreigners, 29- move, 30- into, 31- their, 32- nations, 33- and, 34- take, 35- over;offensive targeting Asian;https://app.prolific.co/submissions/complete?cc=91442ADD
1179038587074990082_twitter;HateXplain;i just wanna slam my phone across the floor rn maybe that ll help it stop acting retarded;1- i, 2- just, 3- wanna, 4- slam, 5- my, 6- phone, 7- across, 8- the, 9- floor, 10- rn, 11- maybe, 12- that, 13- ll, 14- help, 15- it, 16- stop, 17- acting, 18- retarded;hatespeech targeting Disability;https://app.prolific.co/submissions/complete?cc=91442ADD
18853541_gab;HateXplain;a negro moslem doctor got struck off for negligence when a white <number> year old kid with down syndrome died the guardians response is to help promote a crowd funding campaign for her;1- a, 2- negro, 3- moslem, 4- doctor, 5- got, 6- struck, 7- off, 8- for, 9- negligence, 10- when, 11- a, 12- white, 13- <number>, 14- year, 15- old, 16- kid, 17- with, 18- down, 19- syndrome, 20- died, 21- the, 22- guardians, 23- response, 24- is, 25- to, 26- help, 27- promote, 28- a, 29- crowd, 30- funding, 31- campaign, 32- for, 33- her;hatespeech targeting African;https://app.prolific.co/submissions/complete?cc=91442ADD
1178799354737565697_twitter;HateXplain;god made the niggers he made them in the night he made them in a hurry and forgot to paint them white;1- god, 2- made, 3- the, 4- niggers, 5- he, 6- made, 7- them, 8- in, 9- the, 10- night, 11- he, 12- made, 13- them, 14- in, 15- a, 16- hurry, 17- and, 18- forgot, 19- to, 20- paint, 21- them, 22- white;hatespeech targeting African;https://app.prolific.co/submissions/complete?cc=91442ADD
13162665_gab;HateXplain;i hope the niglets keep going down on their knees its the only realistic depiction of blacks on fake news tv any chance of getting t shirts made that say <user> boycott nfl tebow rule cant pray owners are pleased with their blacks down on their knees;1- i, 2- hope, 3- the, 4- niglets, 5- keep, 6- going, 7- down, 8- on, 9- their, 10- knees, 11- its, 12- the, 13- only, 14- realistic, 15- depiction, 16- of, 17- blacks, 18- on, 19- fake, 20- news, 21- tv, 22- any, 23- chance, 24- of, 25- getting, 26- t, 27- shirts, 28- made, 29- that, 30- say, 31- <user>, 32- boycott, 33- nfl, 34- tebow, 35- rule, 36- cant, 37- pray, 38- owners, 39- are, 40- pleased, 41- with, 42- their, 43- blacks, 44- down, 45- on, 46- their, 47- knees;offensive targeting African;https://app.prolific.co/submissions/complete?cc=91442ADD
1178775205319188481_twitter;HateXplain;<user> i will call my friends and we go fuck up that nigger;1- <user>, 2- i, 3- will, 4- call, 5- my, 6- friends, 7- and, 8- we, 9- go, 10- fuck, 11- up, 12- that, 13- nigger;hatespeech targeting African;https://app.prolific.co/submissions/complete?cc=91442ADD
15919557_gab;HateXplain;has the half nigger got another lurker account;1- has, 2- the, 3- half, 4- nigger, 5- got, 6- another, 7- lurker, 8- account;hatespeech targeting African;https://app.prolific.co/submissions/complete?cc=91442ADD
1178711725924855808_twitter;HateXplain;i think at this point it better to just have a set day like every 1 2 th or something so people do not get confused like how we do with blackout you all really should be taking notes from the niggers;1- i, 2- think, 3- at, 4- this, 5- point, 6- it, 7- better, 8- to, 9- just, 10- have, 11- a, 12- set, 13- day, 14- like, 15- every, 16- 1, 17- 2, 18- th, 19- or, 20- something, 21- so, 22- people, 23- do, 24- not, 25- get, 26- confused, 27- like, 28- how, 29- we, 30- do, 31- with, 32- blackout, 33- you, 34- all, 35- really, 36- should, 37- be, 38- taking, 39- notes, 40- from, 41- the, 42- niggers;hatespeech targeting African;https://app.prolific.co/submissions/complete?cc=91442ADD
11344135_gab;HateXplain;typical kyke nigger your breed of autism is cancer chemo the stupid;1- typical, 2- kyke, 3- nigger, 4- your, 5- breed, 6- of, 7- autism, 8- is, 9- cancer, 10- chemo, 11- the, 12- stupid;hatespeech targeting African;https://app.prolific.co/submissions/complete?cc=91442ADD
1179054349517021185_twitter;HateXplain;mm o no hollywood ever niggers treater;1- mm, 2- o, 3- no, 4- hollywood, 5- ever, 6- niggers, 7- treater;hatespeech targeting African;https://app.prolific.co/submissions/complete?cc=91442ADD
14042487_gab;HateXplain;how much you wanna bet this is the sheboon in question;1- how, 2- much, 3- you, 4- wanna, 5- bet, 6- this, 7- is, 8- the, 9- sheboon, 10- in, 11- question;hatespeech targeting African;https://app.prolific.co/submissions/complete?cc=91442ADD
1179007702326005761_twitter;HateXplain;every time <user> bitch ass say the democrats all i hear is the niggers;1- every, 2- time, 3- <user>, 4- bitch, 5- ass, 6- say, 7- the, 8- democrats, 9- all, 10- i, 11- hear, 12- is, 13- the, 14- niggers;hatespeech targeting African;https://app.prolific.co/submissions/complete?cc=91442ADD
17593622_gab;HateXplain;billionaire cool still a fucking nigger;1- billionaire, 2- cool, 3- still, 4- a, 5- fucking, 6- nigger;hatespeech targeting African;https://app.prolific.co/submissions/complete?cc=91442ADD
1178795517855305730_twitter;HateXplain;so boring that this janitor has me blocked someone call this porch monkey to clean my mf toilet;1- so, 2- boring, 3- that, 4- this, 5- janitor, 6- has, 7- me, 8- blocked, 9- someone, 10- call, 11- this, 12- porch, 13- monkey, 14- to, 15- clean, 16- my, 17- mf, 18- toilet;hatespeech targeting African;https://app.prolific.co/submissions/complete?cc=91442ADD
18840370_gab;HateXplain;nice white teeth on the nigger bitch she better use a black magic marker on them;1- nice, 2- white, 3- teeth, 4- on, 5- the, 6- nigger, 7- bitch, 8- she, 9- better, 10- use, 11- a, 12- black, 13- magic, 14- marker, 15- on, 16- them;hatespeech targeting African;https://app.prolific.co/submissions/complete?cc=91442ADD
1076286149310730240_twitter;HateXplain;dont believe these niggas they ’ ll talk bad about a bitch then go be w them 🤦 🏾 ‍ ♀ ️ 😂;1- dont, 2- believe, 3- these, 4- niggas, 5- they, 6- ’, 7- ll, 8- talk, 9- bad, 10- about, 11- a, 12- bitch, 13- then, 14- go, 15- be, 16- w, 17- them, 18- 🤦, 19- 🏾, 20- ♀, 21- 😂;offensive targeting African;https://app.prolific.co/submissions/complete?cc=91442ADD
11334455_gab;HateXplain;i am hoping this will clean out a lot of the shit in houston like katrina did with new orleans louisiana just used katrina to dump all of their niggers in houston and crime rates went through the fucking roof;1- i, 2- am, 3- hoping, 4- this, 5- will, 6- clean, 7- out, 8- a, 9- lot, 10- of, 11- the, 12- shit, 13- in, 14- houston, 15- like, 16- katrina, 17- did, 18- with, 19- new, 20- orleans, 21- louisiana, 22- just, 23- used, 24- katrina, 25- to, 26- dump, 27- all, 28- of, 29- their, 30- niggers, 31- in, 32- houston, 33- and, 34- crime, 35- rates, 36- went, 37- through, 38- the, 39- fucking, 40- roof;hatespeech targeting African;https://app.prolific.co/submissions/complete?cc=91442ADD
1145822326572740609_twitter;HateXplain;i called my boyfriend a broke bitch one time n he still won ’ t unblock me i hate you la niggas 😭 😭 😭;1- i, 2- called, 3- my, 4- boyfriend, 5- a, 6- broke, 7- bitch, 8- one, 9- time, 10- n, 11- he, 12- still, 13- won, 14- ’, 15- t, 16- unblock, 17- me, 18- i, 19- hate, 20- you, 21- la, 22- niggas, 23- 😭, 24- 😭, 25- 😭;hatespeech targeting African;https://app.prolific.co/submissions/complete?cc=91442ADD
11559692_gab;HateXplain;gotta hand it to dem asians show me a nigger country building own h bomb;1- gotta, 2- hand, 3- it, 4- to, 5- dem, 6- asians, 7- show, 8- me, 9- a, 10- nigger, 11- country, 12- building, 13- own, 14- h, 15- bomb;hatespeech targeting African;https://app.prolific.co/submissions/complete?cc=91442ADD
1164315956618964993_twitter;HateXplain;<user> <user> trevor noah is the only dumbshit that can not form a sentence correctly ghetto fucking trash is more like it;1- <user>, 2- <user>, 3- trevor, 4- noah, 5- is, 6- the, 7- only, 8- dumbshit, 9- that, 10- can, 11- not, 12- form, 13- a, 14- sentence, 15- correctly, 16- ghetto, 17- fucking, 18- trash, 19- is, 20- more, 21- like, 22- it;offensive targeting African;https://app.prolific.co/submissions/complete?cc=91442ADD
11835998_gab;HateXplain;i fully agree the ghetto and criminal underclasses make all the decent blacks look bad;1- i, 2- fully, 3- agree, 4- the, 5- ghetto, 6- and, 7- criminal, 8- underclasses, 9- make, 10- all, 11- the, 12- decent, 13- blacks, 14- look, 15- bad;offensive targeting African;https://app.prolific.co/submissions/complete?cc=91442ADD
1184266306197037057_twitter;HateXplain;y ’ all these girls really just tried to fight me in front of a church the ghetto 😩 😂;1- y, 2- ’, 3- all, 4- these, 5- girls, 6- really, 7- just, 8- tried, 9- to, 10- fight, 11- me, 12- in, 13- front, 14- of, 15- a, 16- church, 17- the, 18- ghetto, 19- 😩, 20- 😂;offensive targeting African;https://app.prolific.co/submissions/complete?cc=91442ADD
12147453_gab;HateXplain;all the statues of dead white men and burning the books white nationalists will be removed from the internet the borders will be thrown open further to decrease the waiting for the end game of ghettoizing <number> of white americans as has been done in south africa;1- all, 2- the, 3- statues, 4- of, 5- dead, 6- white, 7- men, 8- and, 9- burning, 10- the, 11- books, 12- white, 13- nationalists, 14- will, 15- be, 16- removed, 17- from, 18- the, 19- internet, 20- the, 21- borders, 22- will, 23- be, 24- thrown, 25- open, 26- further, 27- to, 28- decrease, 29- the, 30- waiting, 31- for, 32- the, 33- end, 34- game, 35- of, 36- ghettoizing, 37- <number>, 38- of, 39- white, 40- americans, 41- as, 42- has, 43- been, 44- done, 45- in, 46- south, 47- africa;offensive targeting African;https://app.prolific.co/submissions/complete?cc=91442ADD
1218350038411284481_twitter;HateXplain;you niggas just scared ain ’ t nothing dead about the trap 😏;1- you, 2- niggas, 3- just, 4- scared, 5- ain, 6- ’, 7- t, 8- nothing, 9- dead, 10- about, 11- the, 12- trap, 13- 😏;offensive targeting African;https://app.prolific.co/submissions/complete?cc=91442ADD
12209268_gab;HateXplain;not surprising that a collectivist who wants to exterminate jews and blacks can not argue their way out of a paper bag;1- not, 2- surprising, 3- that, 4- a, 5- collectivist, 6- who, 7- wants, 8- to, 9- exterminate, 10- jews, 11- and, 12- blacks, 13- can, 14- not, 15- argue, 16- their, 17- way, 18- out, 19- of, 20- a, 21- paper, 22- bag;offensive targeting African;https://app.prolific.co/submissions/complete?cc=91442ADD
attention_11;attention check sentences (HateXplain targeting);immigrants are subhumans in our eyes but we can easily make them work for 80hours a week for 150 an hour if we want to because they have no rights in our country;1- immigrants, 2- are, 3- subhumans, 4- in, 5- our, 6- eyes, 7- but, 8- we, 9- can, 10- easily, 11- make, 12- them, 13- work, 14- for, 15- 80hours, 16- a, 17- week, 18- for, 19- 150, 20- an, 21- hour, 22- if, 23- we, 24- want, 25- to, 26- because, 27- they, 28- have, 29- no, 30- rights, 31- in, 32- our, 33- country;offensive;https://app.prolific.co/submissions/complete?cc=91442ADD