"ID";"dataset";"text";"tokens";"label";"redirectUrl"
"3224609_gab";"HateXplain";"when your government is more concerned with not hurting illegal immigrants sensibilities than protecting your person family or property from said immigrants you do not have a government your have an enemy";"1- when, 2- your, 3- government, 4- is, 5- more, 6- concerned, 7- with, 8- not, 9- hurting, 10- illegal, 11- immigrants, 12- sensibilities, 13- than, 14- protecting, 15- your, 16- person, 17- family, 18- or, 19- property, 20- from, 21- said, 22- immigrants, 23- you, 24- do, 25- not, 26- have, 27- a, 28- government, 29- your, 30- have, 31- an, 32- enemy";"offensive targeting Refugee";"https://app.prolific.co/submissions/complete?cc=91442ADD"
"19792641_gab";"HateXplain";"ovomits a nigger and a half nigger";"1- ovomits, 2- a, 3- nigger, 4- and, 5- a, 6- half, 7- nigger";"hatespeech targeting African";"https://app.prolific.co/submissions/complete?cc=91442ADD"
"22967436_gab";"HateXplain";"the kike shill psyop ricky vaughn has deleted his post where he stated white identity does not exist so i will post the screen shot here now ask ricky tkr get gassed faggot";"1- the, 2- kike, 3- shill, 4- psyop, 5- ricky, 6- vaughn, 7- has, 8- deleted, 9- his, 10- post, 11- where, 12- he, 13- stated, 14- white, 15- identity, 16- does, 17- not, 18- exist, 19- so, 20- i, 21- will, 22- post, 23- the, 24- screen, 25- shot, 26- here, 27- now, 28- ask, 29- ricky, 30- tkr, 31- get, 32- gassed, 33- faggot";"hatespeech targeting Jewish";"https://app.prolific.co/submissions/complete?cc=91442ADD"
"24569252_gab";"HateXplain";"it was another muzrat terrorist attack do not believe the could not get laid excuse";"1- it, 2- was, 3- another, 4- muzrat, 5- terrorist, 6- attack, 7- do, 8- not, 9- believe, 10- the, 11- could, 12- not, 13- get, 14- laid, 15- excuse";"hatespeech targeting Islam";"https://app.prolific.co/submissions/complete?cc=91442ADD"
"15906681_gab";"HateXplain";"get the showers fired up it gonna be a merry christmas i guess even sand niggers can do a good thing every once in a while";"1- get, 2- the, 3- showers, 4- fired, 5- up, 6- it, 7- gonna, 8- be, 9- a, 10- merry, 11- christmas, 12- i, 13- guess, 14- even, 15- sand, 16- niggers, 17- can, 18- do, 19- a, 20- good, 21- thing, 22- every, 23- once, 24- in, 25- a, 26- while";"hatespeech targeting Arab";"https://app.prolific.co/submissions/complete?cc=91442ADD"
"25054107_gab";"HateXplain";"justin you fucking retarded asshole get this through your thick skull once and for all even the globalist scumbags running the un will not pick a retard like you to be the secretary general";"1- justin, 2- you, 3- fucking, 4- retarded, 5- asshole, 6- get, 7- this, 8- through, 9- your, 10- thick, 11- skull, 12- once, 13- and, 14- for, 15- all, 16- even, 17- the, 18- globalist, 19- scumbags, 20- running, 21- the, 22- un, 23- will, 24- not, 25- pick, 26- a, 27- retard, 28- like, 29- you, 30- to, 31- be, 32- the, 33- secretary, 34- general";"offensive targeting Other";"https://app.prolific.co/submissions/complete?cc=91442ADD"
"3316015_gab";"HateXplain";"warning women men boy girls and toddlers all are fair game for rapes and other forms violence from these obama friendly terrorist immigrants";"1- warning, 2- women, 3- men, 4- boy, 5- girls, 6- and, 7- toddlers, 8- all, 9- are, 10- fair, 11- game, 12- for, 13- rapes, 14- and, 15- other, 16- forms, 17- violence, 18- from, 19- these, 20- obama, 21- friendly, 22- terrorist, 23- immigrants";"hatespeech targeting Refugee";"https://app.prolific.co/submissions/complete?cc=91442ADD"
"12647173_gab";"HateXplain";"hunger games with little niglet babies";"1- hunger, 2- games, 3- with, 4- little, 5- niglet, 6- babies";"hatespeech targeting African";"https://app.prolific.co/submissions/complete?cc=91442ADD"
"17973079_gab";"HateXplain";"lets fight the kike";"1- lets, 2- fight, 3- the, 4- kike";"hatespeech targeting Jewish";"https://app.prolific.co/submissions/complete?cc=91442ADD"
"17096206_gab";"HateXplain";"since the day pak muslims set foot in the uk they have been raping white children young white lads defended their females and were called paki bashers and nazis unfairly i want pak community deported all of them theyre all in it encouraged by family";"1- since, 2- the, 3- day, 4- pak, 5- muslims, 6- set, 7- foot, 8- in, 9- the, 10- uk, 11- they, 12- have, 13- been, 14- raping, 15- white, 16- children, 17- young, 18- white, 19- lads, 20- defended, 21- their, 22- females, 23- and, 24- were, 25- called, 26- paki, 27- bashers, 28- and, 29- nazis, 30- unfairly, 31- i, 32- want, 33- pak, 34- community, 35- deported, 36- all, 37- of, 38- them, 39- theyre, 40- all, 41- in, 42- it, 43- encouraged, 44- by, 45- family";"hatespeech targeting Islam";"https://app.prolific.co/submissions/complete?cc=91442ADD"
"16139700_gab";"HateXplain";"all sand niggers";"1- all, 2- sand, 3- niggers";"hatespeech targeting Arab";"https://app.prolific.co/submissions/complete?cc=91442ADD"
"25079715_gab";"HateXplain";"of course it a miscarriage of justice its one any retard could forsee and avoid too and yet that retard is still trusting the system";"1- of, 2- course, 3- it, 4- a, 5- miscarriage, 6- of, 7- justice, 8- its, 9- one, 10- any, 11- retard, 12- could, 13- forsee, 14- and, 15- avoid, 16- too, 17- and, 18- yet, 19- that, 20- retard, 21- is, 22- still, 23- trusting, 24- the, 25- system";"offensive targeting Other";"https://app.prolific.co/submissions/complete?cc=91442ADD"
"3389354_gab";"HateXplain";"has germany gone mad <number> of germans see no connection between refugees and terrorism";"1- has, 2- germany, 3- gone, 4- mad, 5- <number>, 6- of, 7- germans, 8- see, 9- no, 10- connection, 11- between, 12- refugees, 13- and, 14- terrorism";"hatespeech targeting Refugee";"https://app.prolific.co/submissions/complete?cc=91442ADD"
"17529758_gab";"HateXplain";"could someone explain to me why this kike is typing like a nigger i mean is the hasbara program so cheap that these jews are still using flip phones from the 9 0";"1- could, 2- someone, 3- explain, 4- to, 5- me, 6- why, 7- this, 8- kike, 9- is, 10- typing, 11- like, 12- a, 13- nigger, 14- i, 15- mean, 16- is, 17- the, 18- hasbara, 19- program, 20- so, 21- cheap, 22- that, 23- these, 24- jews, 25- are, 26- still, 27- using, 28- flip, 29- phones, 30- from, 31- the, 32- 9, 33- 0";"hatespeech targeting African";"https://app.prolific.co/submissions/complete?cc=91442ADD"
"22188689_gab";"HateXplain";"haha holy fuck just try not to say that guy name in a squeaky hobgoblin yid voice 😂 😂";"1- haha, 2- holy, 3- fuck, 4- just, 5- try, 6- not, 7- to, 8- say, 9- that, 10- guy, 11- name, 12- in, 13- a, 14- squeaky, 15- hobgoblin, 16- yid, 17- voice, 18- 😂, 19- 😂";"offensive targeting Jewish";"https://app.prolific.co/submissions/complete?cc=91442ADD"
"10225304_gab";"HateXplain";"wearing out their welcome on planet earth just as fast as their muzrat mates";"1- wearing, 2- out, 3- their, 4- welcome, 5- on, 6- planet, 7- earth, 8- just, 9- as, 10- fast, 11- as, 12- their, 13- muzrat, 14- mates";"hatespeech targeting Islam";"https://app.prolific.co/submissions/complete?cc=91442ADD"
"16144185_gab";"HateXplain";"oh these poor people how everyone betrays them oh wait they are not a people but arabs and muslims arabs and muslims arab and muslims who seem to have nothing better to do than protest and commit acts of terror";"1- oh, 2- these, 3- poor, 4- people, 5- how, 6- everyone, 7- betrays, 8- them, 9- oh, 10- wait, 11- they, 12- are, 13- not, 14- a, 15- people, 16- but, 17- arabs, 18- and, 19- muslims, 20- arabs, 21- and, 22- muslims, 23- arab, 24- and, 25- muslims, 26- who, 27- seem, 28- to, 29- have, 30- nothing, 31- better, 32- to, 33- do, 34- than, 35- protest, 36- and, 37- commit, 38- acts, 39- of, 40- terror";"hatespeech targeting Arab";"https://app.prolific.co/submissions/complete?cc=91442ADD"
"25245738_gab";"HateXplain";"incoherent much boy typing all in caps is fun huh oh wait are you retarded your caps key is stuck i should not make fun of special people like you it like taking candy away from a retarded baby";"1- incoherent, 2- much, 3- boy, 4- typing, 5- all, 6- in, 7- caps, 8- is, 9- fun, 10- huh, 11- oh, 12- wait, 13- are, 14- you, 15- retarded, 16- your, 17- caps, 18- key, 19- is, 20- stuck, 21- i, 22- should, 23- not, 24- make, 25- fun, 26- of, 27- special, 28- people, 29- like, 30- you, 31- it, 32- like, 33- taking, 34- candy, 35- away, 36- from, 37- a, 38- retarded, 39- baby";"offensive targeting Other";"https://app.prolific.co/submissions/complete?cc=91442ADD"
"3999711_gab";"HateXplain";"bringing in pro sharia law immigrants is like letting a drunk driver take kids to school on the bus it like letting a serial killer out of prison and hope he she has learned their lesson";"1- bringing, 2- in, 3- pro, 4- sharia, 5- law, 6- immigrants, 7- is, 8- like, 9- letting, 10- a, 11- drunk, 12- driver, 13- take, 14- kids, 15- to, 16- school, 17- on, 18- the, 19- bus, 20- it, 21- like, 22- letting, 23- a, 24- serial, 25- killer, 26- out, 27- of, 28- prison, 29- and, 30- hope, 31- he, 32- she, 33- has, 34- learned, 35- their, 36- lesson";"offensive targeting Refugee";"https://app.prolific.co/submissions/complete?cc=91442ADD"
"22939105_gab";"HateXplain";"give the little nigglet a mudcookie";"1- give, 2- the, 3- little, 4- nigglet, 5- a, 6- mudcookie";"hatespeech targeting African";"https://app.prolific.co/submissions/complete?cc=91442ADD"
"18990407_gab";"HateXplain";"more kike lies could not even find his body yet those cocksmokers tell us they have his fucking dna esad thank nature for the tay sachs";"1- more, 2- kike, 3- lies, 4- could, 5- not, 6- even, 7- find, 8- his, 9- body, 10- yet, 11- those, 12- cocksmokers, 13- tell, 14- us, 15- they, 16- have, 17- his, 18- fucking, 19- dna, 20- esad, 21- thank, 22- nature, 23- for, 24- the, 25- tay, 26- sachs";"hatespeech targeting Jewish";"https://app.prolific.co/submissions/complete?cc=91442ADD"
"14033897_gab";"HateXplain";"i would not piss on a moslem if i saw one of them on fire";"1- i, 2- would, 3- not, 4- piss, 5- on, 6- a, 7- moslem, 8- if, 9- i, 10- saw, 11- one, 12- of, 13- them, 14- on, 15- fire";"hatespeech targeting Islam";"https://app.prolific.co/submissions/complete?cc=91442ADD"
"16438766_gab";"HateXplain";"you wont do shit sand nigger";"1- you, 2- wont, 3- do, 4- shit, 5- sand, 6- nigger";"hatespeech targeting Arab";"https://app.prolific.co/submissions/complete?cc=91442ADD"
"2524684_gab";"HateXplain";"the schools are not the problem the ghetto students are the problem <user>";"1- the, 2- schools, 3- are, 4- not, 5- the, 6- problem, 7- the, 8- ghetto, 9- students, 10- are, 11- the, 12- problem, 13- <user>";"offensive targeting Other";"https://app.prolific.co/submissions/complete?cc=91442ADD"
"4037364_gab";"HateXplain";"<user> aloha akbatman she not the immigrant we need or the immigrant we want but she the immigrant we have got so let beat her because she can take it";"1- <user>, 2- aloha, 3- akbatman, 4- she, 5- not, 6- the, 7- immigrant, 8- we, 9- need, 10- or, 11- the, 12- immigrant, 13- we, 14- want, 15- but, 16- she, 17- the, 18- immigrant, 19- we, 20- have, 21- got, 22- so, 23- let, 24- beat, 25- her, 26- because, 27- she, 28- can, 29- take, 30- it";"hatespeech targeting Refugee";"https://app.prolific.co/submissions/complete?cc=91442ADD"
"22368593_gab";"HateXplain";"what you think tomorrow the world will wake up to find all darkie flathead dindunuffins taking their last gasp";"1- what, 2- you, 3- think, 4- tomorrow, 5- the, 6- world, 7- will, 8- wake, 9- up, 10- to, 11- find, 12- all, 13- darkie, 14- flathead, 15- dindunuffins, 16- taking, 17- their, 18- last, 19- gasp";"hatespeech targeting African";"https://app.prolific.co/submissions/complete?cc=91442ADD"
"17016811_gab";"HateXplain";"dirty kike we have to gas them all just to make sure";"1- dirty, 2- kike, 3- we, 4- have, 5- to, 6- gas, 7- them, 8- all, 9- just, 10- to, 11- make, 12- sure";"hatespeech targeting Jewish";"https://app.prolific.co/submissions/complete?cc=91442ADD"
"11542797_gab";"HateXplain";"there are not enough police and fire personnel in all of great britain to put out the fires crucifying a muzzie would ignite";"1- there, 2- are, 3- not, 4- enough, 5- police, 6- and, 7- fire, 8- personnel, 9- in, 10- all, 11- of, 12- great, 13- britain, 14- to, 15- put, 16- out, 17- the, 18- fires, 19- crucifying, 20- a, 21- muzzie, 22- would, 23- ignite";"hatespeech targeting Islam";"https://app.prolific.co/submissions/complete?cc=91442ADD"
"16859653_gab";"HateXplain";"let the crusades against rag heads continue kill all the women beating child raping goat fucking sand niggers take no prisoners";"1- let, 2- the, 3- crusades, 4- against, 5- rag, 6- heads, 7- continue, 8- kill, 9- all, 10- the, 11- women, 12- beating, 13- child, 14- raping, 15- goat, 16- fucking, 17- sand, 18- niggers, 19- take, 20- no, 21- prisoners";"hatespeech targeting Arab";"https://app.prolific.co/submissions/complete?cc=91442ADD"
"attention_23";"attention check sentences (HateXplain targeting)";"that serbian man can kick your scrawny polish ass";"1- that, 2- serbian, 3- man, 4- can, 5- kick, 6- your, 7- scrawny, 8- polish, 9- ass";"offensive";"https://app.prolific.co/submissions/complete?cc=91442ADD"