"ID";"dataset";"text";"tokens";"label";"redirectUrl"
"14492354_gab";"HateXplain";"why would you be angry about being ethnically cleansed and chased out of your neighborhood by nonwhite violence or being scapegoated for blacks inability to do algebra or refrain from raping elderly white women you are not entitled to a civilized society or a homeland";"1- why, 2- would, 3- you, 4- be, 5- angry, 6- about, 7- being, 8- ethnically, 9- cleansed, 10- and, 11- chased, 12- out, 13- of, 14- your, 15- neighborhood, 16- by, 17- nonwhite, 18- violence, 19- or, 20- being, 21- scapegoated, 22- for, 23- blacks, 24- inability, 25- to, 26- do, 27- algebra, 28- or, 29- refrain, 30- from, 31- raping, 32- elderly, 33- white, 34- women, 35- you, 36- are, 37- not, 38- entitled, 39- to, 40- a, 41- civilized, 42- society, 43- or, 44- a, 45- homeland";"offensive targeting African";"https://app.prolific.co/submissions/complete?cc=91442ADD"
"1179100863664545792_twitter";"HateXplain";"<user> and you are proving your ignorance more and more like i said i am done arguing with a ass scratching finger sniffing redneck do a little research and then we will talk";"1- <user>, 2- and, 3- you, 4- are, 5- proving, 6- your, 7- ignorance, 8- more, 9- and, 10- more, 11- like, 12- i, 13- said, 14- i, 15- am, 16- done, 17- arguing, 18- with, 19- a, 20- ass, 21- scratching, 22- finger, 23- sniffing, 24- redneck, 25- do, 26- a, 27- little, 28- research, 29- and, 30- then, 31- we, 32- will, 33- talk";"offensive targeting Caucasian";"https://app.prolific.co/submissions/complete?cc=91442ADD"
"20532412_gab";"HateXplain";"lol this dumb bitch is so triggered started spamming me with slew of retarded mentions";"1- lol, 2- this, 3- dumb, 4- bitch, 5- is, 6- so, 7- triggered, 8- started, 9- spamming, 10- me, 11- with, 12- slew, 13- of, 14- retarded, 15- mentions";"offensive targeting Women";"https://app.prolific.co/submissions/complete?cc=91442ADD"
"1235022751091458049_twitter";"HateXplain";"it legal to kill apostates in <number> muslim countries twitter muslims omg stop obsessing over islam haha";"1- it, 2- legal, 3- to, 4- kill, 5- apostates, 6- in, 7- <number>, 8- muslim, 9- countries, 10- twitter, 11- muslims, 12- omg, 13- stop, 14- obsessing, 15- over, 16- islam, 17- haha";"offensive targeting Islam";"https://app.prolific.co/submissions/complete?cc=91442ADD"
"16866554_gab";"HateXplain";"talmud jews are rebuilding their solomon temple really the temple of ba al for their coming messiah the talmud is babylonian and the muslims are too";"1- talmud, 2- jews, 3- are, 4- rebuilding, 5- their, 6- solomon, 7- temple, 8- really, 9- the, 10- temple, 11- of, 12- ba, 13- al, 14- for, 15- their, 16- coming, 17- messiah, 18- the, 19- talmud, 20- is, 21- babylonian, 22- and, 23- the, 24- muslims, 25- are, 26- too";"hatespeech targeting Islam";"https://app.prolific.co/submissions/complete?cc=91442ADD"
"1213683174762377216_twitter";"HateXplain";"with all of the new followers i just want to remind you that all nazis should die 💜";"1- with, 2- all, 3- of, 4- the, 5- new, 6- followers, 7- i, 8- just, 9- want, 10- to, 11- remind, 12- you, 13- that, 14- all, 15- nazis, 16- should, 17- die, 18- 💜";"hatespeech targeting Other";"https://app.prolific.co/submissions/complete?cc=91442ADD"
"18686862_gab";"HateXplain";"gab removes the biggest political story in american history but keeps this retarded bitcoin crap up priorities bbviously bitcoin is far more important to the management than the entire top leadership of the fbi doj etc trying to overthrow the government and end our democracy sure hope everyone invested loses everything";"1- gab, 2- removes, 3- the, 4- biggest, 5- political, 6- story, 7- in, 8- american, 9- history, 10- but, 11- keeps, 12- this, 13- retarded, 14- bitcoin, 15- crap, 16- up, 17- priorities, 18- bbviously, 19- bitcoin, 20- is, 21- far, 22- more, 23- important, 24- to, 25- the, 26- management, 27- than, 28- the, 29- entire, 30- top, 31- leadership, 32- of, 33- the, 34- fbi, 35- doj, 36- etc, 37- trying, 38- to, 39- overthrow, 40- the, 41- government, 42- and, 43- end, 44- our, 45- democracy, 46- sure, 47- hope, 48- everyone, 49- invested, 50- loses, 51- everything";"offensive targeting Other";"https://app.prolific.co/submissions/complete?cc=91442ADD"
"1240075635776782338_twitter";"HateXplain";"so we all just house niggas huh";"1- so, 2- we, 3- all, 4- just, 5- house, 6- niggas, 7- huh";"offensive targeting African";"https://app.prolific.co/submissions/complete?cc=91442ADD"
"14502505_gab";"HateXplain";"why do not you just kill yourself if you hate whites so much i guess you will in a way when you get knocked up by some negro thug you will be killing your whole genetic lineage";"1- why, 2- do, 3- not, 4- you, 5- just, 6- kill, 7- yourself, 8- if, 9- you, 10- hate, 11- whites, 12- so, 13- much, 14- i, 15- guess, 16- you, 17- will, 18- in, 19- a, 20- way, 21- when, 22- you, 23- get, 24- knocked, 25- up, 26- by, 27- some, 28- negro, 29- thug, 30- you, 31- will, 32- be, 33- killing, 34- your, 35- whole, 36- genetic, 37- lineage";"hatespeech targeting African";"https://app.prolific.co/submissions/complete?cc=91442ADD"
"1179097350519828480_twitter";"HateXplain";"do not ever buy a car from a redneck";"1- do, 2- not, 3- ever, 4- buy, 5- a, 6- car, 7- from, 8- a, 9- redneck";"offensive targeting Caucasian";"https://app.prolific.co/submissions/complete?cc=91442ADD"
"20983829_gab";"HateXplain";"oh well why did not you say you are nazi trailer trash to begin with let see — idf chick on the left or lisa white trash nazi gangbang slut on the right hm decisions decisions i will go with the idf chick run along nazi scum";"1- oh, 2- well, 3- why, 4- did, 5- not, 6- you, 7- say, 8- you, 9- are, 10- nazi, 11- trailer, 12- trash, 13- to, 14- begin, 15- with, 16- let, 17- see, 18- —, 19- idf, 20- chick, 21- on, 22- the, 23- left, 24- or, 25- lisa, 26- white, 27- trash, 28- nazi, 29- gangbang, 30- slut, 31- on, 32- the, 33- right, 34- hm, 35- decisions, 36- decisions, 37- i, 38- will, 39- go, 40- with, 41- the, 42- idf, 43- chick, 44- run, 45- along, 46- nazi, 47- scum";"hatespeech targeting Women";"https://app.prolific.co/submissions/complete?cc=91442ADD"
"1236544887216132096_twitter";"HateXplain";"<user> we need all muslims removed from power before they destroy us all";"1- <user>, 2- we, 3- need, 4- all, 5- muslims, 6- removed, 7- from, 8- power, 9- before, 10- they, 11- destroy, 12- us, 13- all";"hatespeech targeting Islam";"https://app.prolific.co/submissions/complete?cc=91442ADD"
"16896325_gab";"HateXplain";"i am so glad i do not live there anymore i got out before the muslim invasion of minnesota";"1- i, 2- am, 3- so, 4- glad, 5- i, 6- do, 7- not, 8- live, 9- there, 10- anymore, 11- i, 12- got, 13- out, 14- before, 15- the, 16- muslim, 17- invasion, 18- of, 19- minnesota";"hatespeech targeting Islam";"https://app.prolific.co/submissions/complete?cc=91442ADD"
"1213776107931078656_twitter";"HateXplain";"yesterday i was drunk asl sorry for the retarded tweets";"1- yesterday, 2- i, 3- was, 4- drunk, 5- asl, 6- sorry, 7- for, 8- the, 9- retarded, 10- tweets";"offensive targeting Other";"https://app.prolific.co/submissions/complete?cc=91442ADD"
"18710271_gab";"HateXplain";"trump proved his love of america when he chose to not take money and worked in the white house during the shutdown recently fuck the dems they are so retarded now they are blindly walking into a trap hahaha";"1- trump, 2- proved, 3- his, 4- love, 5- of, 6- america, 7- when, 8- he, 9- chose, 10- to, 11- not, 12- take, 13- money, 14- and, 15- worked, 16- in, 17- the, 18- white, 19- house, 20- during, 21- the, 22- shutdown, 23- recently, 24- fuck, 25- the, 26- dems, 27- they, 28- are, 29- so, 30- retarded, 31- now, 32- they, 33- are, 34- blindly, 35- walking, 36- into, 37- a, 38- trap, 39- hahaha";"offensive targeting Other";"https://app.prolific.co/submissions/complete?cc=91442ADD"
"1241584964216541184_twitter";"HateXplain";"told my special ed friend to freestyle on beat nigga was going retarded 🔥";"1- told, 2- my, 3- special, 4- ed, 5- friend, 6- to, 7- freestyle, 8- on, 9- beat, 10- nigga, 11- was, 12- going, 13- retarded, 14- 🔥";"offensive targeting African";"https://app.prolific.co/submissions/complete?cc=91442ADD"
"14533072_gab";"HateXplain";"it looks a bit muggy out there i said what makes you say that replied my wife i said that gang of blacks with knives on the corner";"1- it, 2- looks, 3- a, 4- bit, 5- muggy, 6- out, 7- there, 8- i, 9- said, 10- what, 11- makes, 12- you, 13- say, 14- that, 15- replied, 16- my, 17- wife, 18- i, 19- said, 20- that, 21- gang, 22- of, 23- blacks, 24- with, 25- knives, 26- on, 27- the, 28- corner";"hatespeech targeting African";"https://app.prolific.co/submissions/complete?cc=91442ADD"
"1179095127719063553_twitter";"HateXplain";"<user> saying as a southerner who knows if this were not a bizzaro world <percent> of trump redneck sycophants here in the south would be calling trump a carpetbagging yankee but this really is bizzaro world";"1- <user>, 2- saying, 3- as, 4- a, 5- southerner, 6- who, 7- knows, 8- if, 9- this, 10- were, 11- not, 12- a, 13- bizzaro, 14- world, 15- <percent>, 16- of, 17- trump, 18- redneck, 19- sycophants, 20- here, 21- in, 22- the, 23- south, 24- would, 25- be, 26- calling, 27- trump, 28- a, 29- carpetbagging, 30- yankee, 31- but, 32- this, 33- really, 34- is, 35- bizzaro, 36- world";"offensive targeting Caucasian";"https://app.prolific.co/submissions/complete?cc=91442ADD"
"2114381_gab";"HateXplain";"speakfreely gabfam news i am sorry but someone needs to bitch slap jillstein and then bitch slap everyone or the one who has donated to her cause we the people have a president and it is trump presidenttump";"1- speakfreely, 2- gabfam, 3- news, 4- i, 5- am, 6- sorry, 7- but, 8- someone, 9- needs, 10- to, 11- bitch, 12- slap, 13- jillstein, 14- and, 15- then, 16- bitch, 17- slap, 18- everyone, 19- or, 20- the, 21- one, 22- who, 23- has, 24- donated, 25- to, 26- her, 27- cause, 28- we, 29- the, 30- people, 31- have, 32- a, 33- president, 34- and, 35- it, 36- is, 37- trump, 38- presidenttump";"offensive targeting Women";"https://app.prolific.co/submissions/complete?cc=91442ADD"
"1237823839540740096_twitter";"HateXplain";"<user> someone give me muslim accounts to follow i wanna practice my lying";"1- <user>, 2- someone, 3- give, 4- me, 5- muslim, 6- accounts, 7- to, 8- follow, 9- i, 10- wanna, 11- practice, 12- my, 13- lying";"offensive targeting Islam";"https://app.prolific.co/submissions/complete?cc=91442ADD"
"16907612_gab";"HateXplain";"i fucking hate sweden for making the case that women should not be involved in politics muh feminist govt is a joke swedish grade school hires muslim migrant as counselor he does what muslims do tries to hump kids";"1- i, 2- fucking, 3- hate, 4- sweden, 5- for, 6- making, 7- the, 8- case, 9- that, 10- women, 11- should, 12- not, 13- be, 14- involved, 15- in, 16- politics, 17- muh, 18- feminist, 19- govt, 20- is, 21- a, 22- joke, 23- swedish, 24- grade, 25- school, 26- hires, 27- muslim, 28- migrant, 29- as, 30- counselor, 31- he, 32- does, 33- what, 34- muslims, 35- do, 36- tries, 37- to, 38- hump, 39- kids";"offensive targeting Islam";"https://app.prolific.co/submissions/complete?cc=91442ADD"
"1213892387396829184_twitter";"HateXplain";"“ i ’ m not retarded ” said the retard";"1- “, 2- i, 3- ’, 4- m, 5- not, 6- retarded, 7- ”, 8- said, 9- the, 10- retard";"offensive targeting Other";"https://app.prolific.co/submissions/complete?cc=91442ADD"
"18962054_gab";"HateXplain";"hi i am new to gab and i have run the numbers vaginal pros self lubrication feels amazing cons pregnancy sometimes a little loose anal pros tighter muscle she can not get pregnant cons have to buy lube kind of gay even w girl";"1- hi, 2- i, 3- am, 4- new, 5- to, 6- gab, 7- and, 8- i, 9- have, 10- run, 11- the, 12- numbers, 13- vaginal, 14- pros, 15- self, 16- lubrication, 17- feels, 18- amazing, 19- cons, 20- pregnancy, 21- sometimes, 22- a, 23- little, 24- loose, 25- anal, 26- pros, 27- tighter, 28- muscle, 29- she, 30- can, 31- not, 32- get, 33- pregnant, 34- cons, 35- have, 36- to, 37- buy, 38- lube, 39- kind, 40- of, 41- gay, 42- even, 43- w, 44- girl";"offensive targeting Other";"https://app.prolific.co/submissions/complete?cc=91442ADD"
"1241814287796056064_twitter";"HateXplain";"<user> ghetto it ’ the fuck ghetto lol";"1- <user>, 2- ghetto, 3- it, 4- ’, 5- the, 6- fuck, 7- ghetto, 8- lol";"offensive targeting African";"https://app.prolific.co/submissions/complete?cc=91442ADD"
"14540121_gab";"HateXplain";"easy fix exterminate <number> 3 billion niggers spics and sand niggers along with a few million libtardassians";"1- easy, 2- fix, 3- exterminate, 4- <number>, 5- 3, 6- billion, 7- niggers, 8- spics, 9- and, 10- sand, 11- niggers, 12- along, 13- with, 14- a, 15- few, 16- million, 17- libtardassians";"hatespeech targeting African";"https://app.prolific.co/submissions/complete?cc=91442ADD"
"1179098711705698304_twitter";"HateXplain";"<user> as long as the party is controlled by white trash southerners this is what you will get";"1- <user>, 2- as, 3- long, 4- as, 5- the, 6- party, 7- is, 8- controlled, 9- by, 10- white, 11- trash, 12- southerners, 13- this, 14- is, 15- what, 16- you, 17- will, 18- get";"offensive targeting Caucasian";"https://app.prolific.co/submissions/complete?cc=91442ADD"
"21229536_gab";"HateXplain";"so i am new to gab have high hopes for it to be a good app but right off the bat <number> unknown women offer me sex ugh disgusting 😒";"1- so, 2- i, 3- am, 4- new, 5- to, 6- gab, 7- have, 8- high, 9- hopes, 10- for, 11- it, 12- to, 13- be, 14- a, 15- good, 16- app, 17- but, 18- right, 19- off, 20- the, 21- bat, 22- <number>, 23- unknown, 24- women, 25- offer, 26- me, 27- sex, 28- ugh, 29- disgusting, 30- 😒";"offensive targeting Women";"https://app.prolific.co/submissions/complete?cc=91442ADD"
"1238052009682452480_twitter";"HateXplain";"<user> we all are jihadis 😂";"1- <user>, 2- we, 3- all, 4- are, 5- jihadis, 6- 😂";"offensive targeting Islam";"https://app.prolific.co/submissions/complete?cc=91442ADD"
"16938659_gab";"HateXplain";"i also call for all canadian to boycott muslim businesses no canadian should support filthy muslim pedophiles their determination to subjugate murder all christians replace our white population with shit skin muslims";"1- i, 2- also, 3- call, 4- for, 5- all, 6- canadian, 7- to, 8- boycott, 9- muslim, 10- businesses, 11- no, 12- canadian, 13- should, 14- support, 15- filthy, 16- muslim, 17- pedophiles, 18- their, 19- determination, 20- to, 21- subjugate, 22- murder, 23- all, 24- christians, 25- replace, 26- our, 27- white, 28- population, 29- with, 30- shit, 31- skin, 32- muslims";"hatespeech targeting Islam";"https://app.prolific.co/submissions/complete?cc=91442ADD"
"attention_39";"attention check sentences (HateXplain targeting)";"i would like to shoot a rag head";"1- i, 2- would, 3- like, 4- to, 5- shoot, 6- a, 7- rag, 8- head";"offensive";"https://app.prolific.co/submissions/complete?cc=91442ADD"