"ID";"dataset";"text";"tokens";"label";"redirectUrl"
"15859370_gab";"HateXplain";"i intensely dislike jews i am not going to link up with a filthy white hating nigger who also dislikes them just because he nods to the fuhrer";"1- i, 2- intensely, 3- dislike, 4- jews, 5- i, 6- am, 7- not, 8- going, 9- to, 10- link, 11- up, 12- with, 13- a, 14- filthy, 15- white, 16- hating, 17- nigger, 18- who, 19- also, 20- dislikes, 21- them, 22- just, 23- because, 24- he, 25- nods, 26- to, 27- the, 28- fuhrer";"hatespeech targeting African";"https://app.prolific.co/submissions/complete?cc=91442ADD"
"20921931_gab";"HateXplain";"lol what a kike retard";"1- lol, 2- what, 3- a, 4- kike, 5- retard";"hatespeech targeting Jewish";"https://app.prolific.co/submissions/complete?cc=91442ADD"
"17562062_gab";"HateXplain";"i take great pleasure in see the look of sheer terror on a muzzies face when they encounter my dog max he is such a handsome hound it completely irratonal not that i d ever do it on purpose of course <kiss>";"1- i, 2- take, 3- great, 4- pleasure, 5- in, 6- see, 7- the, 8- look, 9- of, 10- sheer, 11- terror, 12- on, 13- a, 14- muzzies, 15- face, 16- when, 17- they, 18- encounter, 19- my, 20- dog, 21- max, 22- he, 23- is, 24- such, 25- a, 26- handsome, 27- hound, 28- it, 29- completely, 30- irratonal, 31- not, 32- that, 33- i, 34- d, 35- ever, 36- do, 37- it, 38- on, 39- purpose, 40- of, 41- course, 42- <kiss>";"hatespeech targeting Islam";"https://app.prolific.co/submissions/complete?cc=91442ADD"
"22851690_gab";"HateXplain";"apparently it the only place you will not be harassed by muzzo sand niggers";"1- apparently, 2- it, 3- the, 4- only, 5- place, 6- you, 7- will, 8- not, 9- be, 10- harassed, 11- by, 12- muzzo, 13- sand, 14- niggers";"hatespeech targeting Arab";"https://app.prolific.co/submissions/complete?cc=91442ADD"
"1178727087114510336_twitter";"HateXplain";"how to keep people out the lab play nigger music over the lab speaker";"1- how, 2- to, 3- keep, 4- people, 5- out, 6- the, 7- lab, 8- play, 9- nigger, 10- music, 11- over, 12- the, 13- lab, 14- speaker";"hatespeech targeting African";"https://app.prolific.co/submissions/complete?cc=91442ADD"
"15219656_gab";"HateXplain";"jean is absolutely retarded and apparently a heeb dickrider";"1- jean, 2- is, 3- absolutely, 4- retarded, 5- and, 6- apparently, 7- a, 8- heeb, 9- dickrider";"hatespeech targeting Jewish";"https://app.prolific.co/submissions/complete?cc=91442ADD"
"19789502_gab";"HateXplain";"given that they backstab each other like skaven but do not have the numbers to repopulate from screwing each other i say the muzzies because they breed like the skaven";"1- given, 2- that, 3- they, 4- backstab, 5- each, 6- other, 7- like, 8- skaven, 9- but, 10- do, 11- not, 12- have, 13- the, 14- numbers, 15- to, 16- repopulate, 17- from, 18- screwing, 19- each, 20- other, 21- i, 22- say, 23- the, 24- muzzies, 25- because, 26- they, 27- breed, 28- like, 29- the, 30- skaven";"offensive targeting Islam";"https://app.prolific.co/submissions/complete?cc=91442ADD"
"22933064_gab";"HateXplain";"i am a class <number> driver <number> years and can tell you no way would i even think about this even if you escape attack you risk £ <number> for every sand nigger in or on the truck";"1- i, 2- am, 3- a, 4- class, 5- <number>, 6- driver, 7- <number>, 8- years, 9- and, 10- can, 11- tell, 12- you, 13- no, 14- way, 15- would, 16- i, 17- even, 18- think, 19- about, 20- this, 21- even, 22- if, 23- you, 24- escape, 25- attack, 26- you, 27- risk, 28- £, 29- <number>, 30- for, 31- every, 32- sand, 33- nigger, 34- in, 35- or, 36- on, 37- the, 38- truck";"hatespeech targeting Arab";"https://app.prolific.co/submissions/complete?cc=91442ADD"
"23150585_gab";"HateXplain";"he looks like another entitled nigger i know of";"1- he, 2- looks, 3- like, 4- another, 5- entitled, 6- nigger, 7- i, 8- know, 9- of";"hatespeech targeting African";"https://app.prolific.co/submissions/complete?cc=91442ADD"
"24615935_gab";"HateXplain";"i doubt that filth fucking bolshevik kike said that";"1- i, 2- doubt, 3- that, 4- filth, 5- fucking, 6- bolshevik, 7- kike, 8- said, 9- that";"hatespeech targeting Jewish";"https://app.prolific.co/submissions/complete?cc=91442ADD"
"15909105_gab";"HateXplain";"who is was obola <number> year old in chief <number> dollar muslim pimp a hole musloid a token to make stupid white people feel less guilty a tr <user> gay husband americahaterinchief america hating globalist elitist piece of trash arrogant pompous narcissistic thug attention hound";"1- who, 2- is, 3- was, 4- obola, 5- <number>, 6- year, 7- old, 8- in, 9- chief, 10- <number>, 11- dollar, 12- muslim, 13- pimp, 14- a, 15- hole, 16- musloid, 17- a, 18- token, 19- to, 20- make, 21- stupid, 22- white, 23- people, 24- feel, 25- less, 26- guilty, 27- a, 28- tr, 29- <user>, 30- gay, 31- husband, 32- americahaterinchief, 33- america, 34- hating, 35- globalist, 36- elitist, 37- piece, 38- of, 39- trash, 40- arrogant, 41- pompous, 42- narcissistic, 43- thug, 44- attention, 45- hound";"hatespeech targeting Islam";"https://app.prolific.co/submissions/complete?cc=91442ADD"
"23122086_gab";"HateXplain";"retard usa needs just let these fucks kill them selves they been fighting for 2 0 0 0 years assholes will never get along lmfao 😂 😂 😃 it so silly pretend like your going save these dumbass sandniggers let just do what we came for and fuck iran up quit bullshit 💀 💀 💀 💀 💀 💀 💀 💀";"1- retard, 2- usa, 3- needs, 4- just, 5- let, 6- these, 7- fucks, 8- kill, 9- them, 10- selves, 11- they, 12- been, 13- fighting, 14- for, 15- 2, 16- 0, 17- 0, 18- 0, 19- years, 20- assholes, 21- will, 22- never, 23- get, 24- along, 25- lmfao, 26- 😂, 27- 😂, 28- 😃, 29- it, 30- so, 31- silly, 32- pretend, 33- like, 34- your, 35- going, 36- save, 37- these, 38- dumbass, 39- sandniggers, 40- let, 41- just, 42- do, 43- what, 44- we, 45- came, 46- for, 47- and, 48- fuck, 49- iran, 50- up, 51- quit, 52- bullshit, 53- 💀, 54- 💀, 55- 💀, 56- 💀, 57- 💀, 58- 💀, 59- 💀, 60- 💀";"hatespeech targeting Arab";"https://app.prolific.co/submissions/complete?cc=91442ADD"
"21209515_gab";"HateXplain";"give a nigger an inch they take a mile lol retarded creatures they fuck themselves over every time";"1- give, 2- a, 3- nigger, 4- an, 5- inch, 6- they, 7- take, 8- a, 9- mile, 10- lol, 11- retarded, 12- creatures, 13- they, 14- fuck, 15- themselves, 16- over, 17- every, 18- time";"hatespeech targeting African";"https://app.prolific.co/submissions/complete?cc=91442ADD"
"14811469_gab";"HateXplain";"destroy this kike run organization and the jumping monkeys they own";"1- destroy, 2- this, 3- kike, 4- run, 5- organization, 6- and, 7- the, 8- jumping, 9- monkeys, 10- they, 11- own";"hatespeech targeting Jewish";"https://app.prolific.co/submissions/complete?cc=91442ADD"
"25417107_gab";"HateXplain";"when they leave they need to begin revoke permission to be in the country and begin mass deportation along with moslem spay and neuter program";"1- when, 2- they, 3- leave, 4- they, 5- need, 6- to, 7- begin, 8- revoke, 9- permission, 10- to, 11- be, 12- in, 13- the, 14- country, 15- and, 16- begin, 17- mass, 18- deportation, 19- along, 20- with, 21- moslem, 22- spay, 23- and, 24- neuter, 25- program";"hatespeech targeting Islam";"https://app.prolific.co/submissions/complete?cc=91442ADD"
"23239396_gab";"HateXplain";"fuck the arabs in gaza free israel from arabterror";"1- fuck, 2- the, 3- arabs, 4- in, 5- gaza, 6- free, 7- israel, 8- from, 9- arabterror";"offensive targeting Arab";"https://app.prolific.co/submissions/complete?cc=91442ADD"
"13107427_gab";"HateXplain";"dear niggas police your own you filthy scum by the by any pedo or rapist should be burned at the stake not just the spook it just they seem to like that shit almost as much as scum moslem groomers";"1- dear, 2- niggas, 3- police, 4- your, 5- own, 6- you, 7- filthy, 8- scum, 9- by, 10- the, 11- by, 12- any, 13- pedo, 14- or, 15- rapist, 16- should, 17- be, 18- burned, 19- at, 20- the, 21- stake, 22- not, 23- just, 24- the, 25- spook, 26- it, 27- just, 28- they, 29- seem, 30- to, 31- like, 32- that, 33- shit, 34- almost, 35- as, 36- much, 37- as, 38- scum, 39- moslem, 40- groomers";"hatespeech targeting African";"https://app.prolific.co/submissions/complete?cc=91442ADD"
"25711501_gab";"HateXplain";"so according to kike shapiro <number> out of <number> dead and <number> injured being members of hamas justifies everything";"1- so, 2- according, 3- to, 4- kike, 5- shapiro, 6- <number>, 7- out, 8- of, 9- <number>, 10- dead, 11- and, 12- <number>, 13- injured, 14- being, 15- members, 16- of, 17- hamas, 18- justifies, 19- everything";"offensive targeting Jewish";"https://app.prolific.co/submissions/complete?cc=91442ADD"
"13536543_gab";"HateXplain";"another moslem shooter";"1- another, 2- moslem, 3- shooter";"hatespeech targeting Islam";"https://app.prolific.co/submissions/complete?cc=91442ADD"
"23270267_gab";"HateXplain";"that why these sand niggers and other shitskins should be banned from this country";"1- that, 2- why, 3- these, 4- sand, 5- niggers, 6- and, 7- other, 8- shitskins, 9- should, 10- be, 11- banned, 12- from, 13- this, 14- country";"hatespeech targeting Arab";"https://app.prolific.co/submissions/complete?cc=91442ADD"
"18957160_gab";"HateXplain";"damn i have not seen a nigger get whipped that badly since kunta kinte";"1- damn, 2- i, 3- have, 4- not, 5- seen, 6- a, 7- nigger, 8- get, 9- whipped, 10- that, 11- badly, 12- since, 13- kunta, 14- kinte";"hatespeech targeting African";"https://app.prolific.co/submissions/complete?cc=91442ADD"
"21056476_gab";"HateXplain";"i gained <number> followers from this kike lovers post thanks faggot";"1- i, 2- gained, 3- <number>, 4- followers, 5- from, 6- this, 7- kike, 8- lovers, 9- post, 10- thanks, 11- faggot";"offensive targeting Jewish";"https://app.prolific.co/submissions/complete?cc=91442ADD"
"17564560_gab";"HateXplain";"<number> dogs are gods greatest creation probably why mudslimes hate them";"1- <number>, 2- dogs, 3- are, 4- gods, 5- greatest, 6- creation, 7- probably, 8- why, 9- mudslimes, 10- hate, 11- them";"hatespeech targeting Islam";"https://app.prolific.co/submissions/complete?cc=91442ADD"
"23303567_gab";"HateXplain";"if the raghead is in a car where their sounds are muffled wonder if they still yell that or do they roll the window down";"1- if, 2- the, 3- raghead, 4- is, 5- in, 6- a, 7- car, 8- where, 9- their, 10- sounds, 11- are, 12- muffled, 13- wonder, 14- if, 15- they, 16- still, 17- yell, 18- that, 19- or, 20- do, 21- they, 22- roll, 23- the, 24- window, 25- down";"hatespeech targeting Arab";"https://app.prolific.co/submissions/complete?cc=91442ADD"
"17646868_gab";"HateXplain";"alt right movement forces israel first coffee chain starbucks to close after discovering their nigger employee sheboon shanell rivers poisoned white 4 yo girl with sheeit fixed it for ya";"1- alt, 2- right, 3- movement, 4- forces, 5- israel, 6- first, 7- coffee, 8- chain, 9- starbucks, 10- to, 11- close, 12- after, 13- discovering, 14- their, 15- nigger, 16- employee, 17- sheboon, 18- shanell, 19- rivers, 20- poisoned, 21- white, 22- 4, 23- yo, 24- girl, 25- with, 26- sheeit, 27- fixed, 28- it, 29- for, 30- ya";"hatespeech targeting African";"https://app.prolific.co/submissions/complete?cc=91442ADD"
"15465826_gab";"HateXplain";"but that you can not even articulate kike what is yes a kike is anyone who signals against myself or any other alt right person who only exposes jews and my posts judaism v the world among other posts have brought you to my timeline kike";"1- but, 2- that, 3- you, 4- can, 5- not, 6- even, 7- articulate, 8- kike, 9- what, 10- is, 11- yes, 12- a, 13- kike, 14- is, 15- anyone, 16- who, 17- signals, 18- against, 19- myself, 20- or, 21- any, 22- other, 23- alt, 24- right, 25- person, 26- who, 27- only, 28- exposes, 29- jews, 30- and, 31- my, 32- posts, 33- judaism, 34- v, 35- the, 36- world, 37- among, 38- other, 39- posts, 40- have, 41- brought, 42- you, 43- to, 44- my, 45- timeline, 46- kike";"hatespeech targeting Jewish";"https://app.prolific.co/submissions/complete?cc=91442ADD"
"20898872_gab";"HateXplain";"i am guessing muslimes should die in halal fashion";"1- i, 2- am, 3- guessing, 4- muslimes, 5- should, 6- die, 7- in, 8- halal, 9- fashion";"hatespeech targeting Islam";"https://app.prolific.co/submissions/complete?cc=91442ADD"
"23347534_gab";"HateXplain";"why would we believe a group that calls itself army of islam sounds like every other fucking dune coon terrorist group i have ever read about fuck those sand niggers";"1- why, 2- would, 3- we, 4- believe, 5- a, 6- group, 7- that, 8- calls, 9- itself, 10- army, 11- of, 12- islam, 13- sounds, 14- like, 15- every, 16- other, 17- fucking, 18- dune, 19- coon, 20- terrorist, 21- group, 22- i, 23- have, 24- ever, 25- read, 26- about, 27- fuck, 28- those, 29- sand, 30- niggers";"hatespeech targeting Arab";"https://app.prolific.co/submissions/complete?cc=91442ADD"
"17910247_gab";"HateXplain";"you date a nigger you get what you asked for";"1- you, 2- date, 3- a, 4- nigger, 5- you, 6- get, 7- what, 8- you, 9- asked, 10- for";"hatespeech targeting African";"https://app.prolific.co/submissions/complete?cc=91442ADD"
"attention_32";"attention check sentences (HateXplain targeting)";"look arabs theyre terrorists";"1- look, 2- arabs, 3- theyre, 4- terrorists";"offensive";"https://app.prolific.co/submissions/complete?cc=91442ADD"