ID;dataset;text;tokens;label;redirectUrl
19032146_gab;HateXplain;lol crybaby faggot;1- lol, 2- crybaby, 3- faggot;hatespeech targeting Homosexual;https://app.prolific.co/submissions/complete?cc=91442ADD
1088160612235046913_twitter;HateXplain;niggas be acting like bitches;1- niggas, 2- be, 3- acting, 4- like, 5- bitches;offensive targeting Women;https://app.prolific.co/submissions/complete?cc=91442ADD
19044567_gab;HateXplain;the best alt righters are all gays and jews hahahaha;1- the, 2- best, 3- alt, 4- righters, 5- are, 6- all, 7- gays, 8- and, 9- jews, 10- hahahaha;offensive targeting Homosexual;https://app.prolific.co/submissions/complete?cc=91442ADD
1089323621439414278_twitter;HateXplain;think you need to cuff yo hoe;1- think, 2- you, 3- need, 4- to, 5- cuff, 6- yo, 7- hoe;offensive targeting Women;https://app.prolific.co/submissions/complete?cc=91442ADD
19069983_gab;HateXplain;i wish this faggot would die already someone send him a pepe strobe gif and cause him to stroke out;1- i, 2- wish, 3- this, 4- faggot, 5- would, 6- die, 7- already, 8- someone, 9- send, 10- him, 11- a, 12- pepe, 13- strobe, 14- gif, 15- and, 16- cause, 17- him, 18- to, 19- stroke, 20- out;hatespeech targeting Homosexual;https://app.prolific.co/submissions/complete?cc=91442ADD
1179076683435008001_twitter;HateXplain;kuz i know a bitch can be some where suckin a dick;1- kuz, 2- i, 3- know, 4- a, 5- bitch, 6- can, 7- be, 8- some, 9- where, 10- suckin, 11- a, 12- dick;offensive targeting Women;https://app.prolific.co/submissions/complete?cc=91442ADD
19151211_gab;HateXplain;yeah i know but this is one part of the whole picture and for faggots that keep harping on about elections as if it our whole point of the movement;1- yeah, 2- i, 3- know, 4- but, 5- this, 6- is, 7- one, 8- part, 9- of, 10- the, 11- whole, 12- picture, 13- and, 14- for, 15- faggots, 16- that, 17- keep, 18- harping, 19- on, 20- about, 21- elections, 22- as, 23- if, 24- it, 25- our, 26- whole, 27- point, 28- of, 29- the, 30- movement;offensive targeting Homosexual;https://app.prolific.co/submissions/complete?cc=91442ADD
1083042797995941889_twitter;HateXplain;take drugs and rape sluts;1- take, 2- drugs, 3- and, 4- rape, 5- sluts;offensive targeting Women;https://app.prolific.co/submissions/complete?cc=91442ADD
19213766_gab;HateXplain;till i die fuck the pmrc riaa dmca temprence turn of the century faggots i think for myself and i d sooner gouge mein eyes out that hand a greedy kike a shekel;1- till, 2- i, 3- die, 4- fuck, 5- the, 6- pmrc, 7- riaa, 8- dmca, 9- temprence, 10- turn, 11- of, 12- the, 13- century, 14- faggots, 15- i, 16- think, 17- for, 18- myself, 19- and, 20- i, 21- d, 22- sooner, 23- gouge, 24- mein, 25- eyes, 26- out, 27- that, 28- hand, 29- a, 30- greedy, 31- kike, 32- a, 33- shekel;hatespeech targeting Homosexual;https://app.prolific.co/submissions/complete?cc=91442ADD
1142951967217426432_twitter;HateXplain;why did lil kim do that shit t herself lmao this bitch look like she addicted to plastic surgery;1- why, 2- did, 3- lil, 4- kim, 5- do, 6- that, 7- shit, 8- t, 9- herself, 10- lmao, 11- this, 12- bitch, 13- look, 14- like, 15- she, 16- addicted, 17- to, 18- plastic, 19- surgery;offensive targeting Women;https://app.prolific.co/submissions/complete?cc=91442ADD
19502945_gab;HateXplain;dinesh d souza ‏ verified account <user> <number> m <number> minutes ago more why is the left supportive of a gay parade but not of a military parade;1- dinesh, 2- d, 3- souza, 4- verified, 5- account, 6- <user>, 7- <number>, 8- m, 9- <number>, 10- minutes, 11- ago, 12- more, 13- why, 14- is, 15- the, 16- left, 17- supportive, 18- of, 19- a, 20- gay, 21- parade, 22- but, 23- not, 24- of, 25- a, 26- military, 27- parade;offensive targeting Homosexual;https://app.prolific.co/submissions/complete?cc=91442ADD
1187130390894600194_twitter;HateXplain;bitches and hoes they do not exist why the hoes know bo a feminist;1- bitches, 2- and, 3- hoes, 4- they, 5- do, 6- not, 7- exist, 8- why, 9- the, 10- hoes, 11- know, 12- bo, 13- a, 14- feminist;offensive targeting Women;https://app.prolific.co/submissions/complete?cc=91442ADD
19539256_gab;HateXplain;hitler was a pragmatist willing to work with based jews see the nuremberg laws and with faggots to an extent;1- hitler, 2- was, 3- a, 4- pragmatist, 5- willing, 6- to, 7- work, 8- with, 9- based, 10- jews, 11- see, 12- the, 13- nuremberg, 14- laws, 15- and, 16- with, 17- faggots, 18- to, 19- an, 20- extent;hatespeech targeting Homosexual;https://app.prolific.co/submissions/complete?cc=91442ADD
1087182794130903041_twitter;HateXplain;changed my approach no more loving these hoes;1- changed, 2- my, 3- approach, 4- no, 5- more, 6- loving, 7- these, 8- hoes;offensive targeting Women;https://app.prolific.co/submissions/complete?cc=91442ADD
19661304_gab;HateXplain;we know u were at chippendales u queer homo 🙄;1- we, 2- know, 3- u, 4- were, 5- at, 6- chippendales, 7- u, 8- queer, 9- homo, 10- 🙄;offensive targeting Homosexual;https://app.prolific.co/submissions/complete?cc=91442ADD
1186701665900085248_twitter;HateXplain;bitches love attention;1- bitches, 2- love, 3- attention;offensive targeting Women;https://app.prolific.co/submissions/complete?cc=91442ADD
19739987_gab;HateXplain;flipping channels hit on this wwe wtf is this like gay soft porn;1- flipping, 2- channels, 3- hit, 4- on, 5- this, 6- wwe, 7- wtf, 8- is, 9- this, 10- like, 11- gay, 12- soft, 13- porn;offensive targeting Homosexual;https://app.prolific.co/submissions/complete?cc=91442ADD
1162737996564762625_twitter;HateXplain;bitches be real life delusional;1- bitches, 2- be, 3- real, 4- life, 5- delusional;offensive targeting Women;https://app.prolific.co/submissions/complete?cc=91442ADD
19775212_gab;HateXplain;that is probably for my obamas homosexual escapade that morning;1- that, 2- is, 3- probably, 4- for, 5- my, 6- obamas, 7- homosexual, 8- escapade, 9- that, 10- morning;offensive targeting Homosexual;https://app.prolific.co/submissions/complete?cc=91442ADD
1089605671610396673_twitter;HateXplain;christensen you can have my bitch after that pass 😍;1- christensen, 2- you, 3- can, 4- have, 5- my, 6- bitch, 7- after, 8- that, 9- pass, 10- 😍;offensive targeting Women;https://app.prolific.co/submissions/complete?cc=91442ADD
19842848_gab;HateXplain;if the greeks from <number> years ago could see the olympics now they d throw up it all about more msm promotion of gays blacks and those who hate whitey back then it was a statement of see do not mess with my country we will f you up;1- if, 2- the, 3- greeks, 4- from, 5- <number>, 6- years, 7- ago, 8- could, 9- see, 10- the, 11- olympics, 12- now, 13- they, 14- d, 15- throw, 16- up, 17- it, 18- all, 19- about, 20- more, 21- msm, 22- promotion, 23- of, 24- gays, 25- blacks, 26- and, 27- those, 28- who, 29- hate, 30- whitey, 31- back, 32- then, 33- it, 34- was, 35- a, 36- statement, 37- of, 38- see, 39- do, 40- not, 41- mess, 42- with, 43- my, 44- country, 45- we, 46- will, 47- f, 48- you, 49- up;hatespeech targeting Homosexual;https://app.prolific.co/submissions/complete?cc=91442ADD
1088181315327877120_twitter;HateXplain;fuck you fake ass hoes;1- fuck, 2- you, 3- fake, 4- ass, 5- hoes;offensive targeting Women;https://app.prolific.co/submissions/complete?cc=91442ADD
19953084_gab;HateXplain;lol oh yeah ok you wanna fight lets go queer anyone who jojns the military withour being drafted is a faggot too;1- lol, 2- oh, 3- yeah, 4- ok, 5- you, 6- wanna, 7- fight, 8- lets, 9- go, 10- queer, 11- anyone, 12- who, 13- jojns, 14- the, 15- military, 16- withour, 17- being, 18- drafted, 19- is, 20- a, 21- faggot, 22- too;offensive targeting Homosexual;https://app.prolific.co/submissions/complete?cc=91442ADD
1179079261874982912_twitter;HateXplain;hate white bitches;1- hate, 2- white, 3- bitches;offensive targeting Women;https://app.prolific.co/submissions/complete?cc=91442ADD
19961089_gab;HateXplain;lol yeah i am not gonna give you my name and pic faggot i am not stupid set it up and ill show up no tricks just a beatin inside the ring;1- lol, 2- yeah, 3- i, 4- am, 5- not, 6- gonna, 7- give, 8- you, 9- my, 10- name, 11- and, 12- pic, 13- faggot, 14- i, 15- am, 16- not, 17- stupid, 18- set, 19- it, 20- up, 21- and, 22- ill, 23- show, 24- up, 25- no, 26- tricks, 27- just, 28- a, 29- beatin, 30- inside, 31- the, 32- ring;hatespeech targeting Homosexual;https://app.prolific.co/submissions/complete?cc=91442ADD
1142637105014816769_twitter;HateXplain;you all hoes is dirty uhmkay;1- you, 2- all, 3- hoes, 4- is, 5- dirty, 6- uhmkay;offensive targeting Women;https://app.prolific.co/submissions/complete?cc=91442ADD
19962883_gab;HateXplain;lol the ns germans are all gay they are too busy having sex with each other while their women are being raped <laugh>;1- lol, 2- the, 3- ns, 4- germans, 5- are, 6- all, 7- gay, 8- they, 9- are, 10- too, 11- busy, 12- having, 13- sex, 14- with, 15- each, 16- other, 17- while, 18- their, 19- women, 20- are, 21- being, 22- raped, 23- <laugh>;offensive targeting Homosexual;https://app.prolific.co/submissions/complete?cc=91442ADD
1162708774815223808_twitter;HateXplain;me girl otherwise you just a sad ass bitch 😇;1- me, 2- girl, 3- otherwise, 4- you, 5- just, 6- a, 7- sad, 8- ass, 9- bitch, 10- 😇;offensive targeting Women;https://app.prolific.co/submissions/complete?cc=91442ADD
19991938_gab;HateXplain;lol faggots can not throw a grenade <number> meters;1- lol, 2- faggots, 3- can, 4- not, 5- throw, 6- a, 7- grenade, 8- <number>, 9- meters;hatespeech targeting Homosexual;https://app.prolific.co/submissions/complete?cc=91442ADD
attention_1;attention check sentences (HateXplain targeting);look at ukrainian yuri he has a huge penis;1- look, 2- at, 3- ukrainian, 4- yuri, 5- he, 6- has, 7- a, 8- huge, 9- penis;offensive;https://app.prolific.co/submissions/complete?cc=91442ADD