"ID";"dataset";"text";"tokens";"label";"redirectUrl"
"24464687_gab";"HateXplain";"jesus spoke aramaic in a galilean dialect distinguishable from jerusalem while many believe the n.t. was translated from hebrew it was not the n.t. was first translated from aramaic the kike religious belief back then was called pharisaism not judaism";"1- jesus, 2- spoke, 3- aramaic, 4- in, 5- a, 6- galilean, 7- dialect, 8- distinguishable, 9- from, 10- jerusalem, 11- while, 12- many, 13- believe, 14- the, 15- n.t., 16- was, 17- translated, 18- from, 19- hebrew, 20- it, 21- was, 22- not, 23- the, 24- n.t., 25- was, 26- first, 27- translated, 28- from, 29- aramaic, 30- the, 31- kike, 32- religious, 33- belief, 34- back, 35- then, 36- was, 37- called, 38- pharisaism, 39- not, 40- judaism";"hatespeech targeting Jewish";"https://app.prolific.co/submissions/complete?cc=91442ADD"
"17090179_gab";"HateXplain";"is it still a psy op when the ppl that you are trying to convince are mindless sheep that will sleep walk wherever they are dog whistled oh they said america patriot flag imma bomb that country i do not like islam therefore israel is my greatest friend not buddhists or hindus no only jews";"1- is, 2- it, 3- still, 4- a, 5- psy, 6- op, 7- when, 8- the, 9- ppl, 10- that, 11- you, 12- are, 13- trying, 14- to, 15- convince, 16- are, 17- mindless, 18- sheep, 19- that, 20- will, 21- sleep, 22- walk, 23- wherever, 24- they, 25- are, 26- dog, 27- whistled, 28- oh, 29- they, 30- said, 31- america, 32- patriot, 33- flag, 34- imma, 35- bomb, 36- that, 37- country, 38- i, 39- do, 40- not, 41- like, 42- islam, 43- therefore, 44- israel, 45- is, 46- my, 47- greatest, 48- friend, 49- not, 50- buddhists, 51- or, 52- hindus, 53- no, 54- only, 55- jews";"offensive targeting Islam";"https://app.prolific.co/submissions/complete?cc=91442ADD"
"21492048_gab";"HateXplain";"more nigger crap";"1- more, 2- nigger, 3- crap";"hatespeech targeting African";"https://app.prolific.co/submissions/complete?cc=91442ADD"
"18041918_gab";"HateXplain";"do not break your arm jerking yourself off on twitter kike";"1- do, 2- not, 3- break, 4- your, 5- arm, 6- jerking, 7- yourself, 8- off, 9- on, 10- twitter, 11- kike";"hatespeech targeting Jewish";"https://app.prolific.co/submissions/complete?cc=91442ADD"
"17124971_gab";"HateXplain";"fools all the muslims participating in the iranprotests are doing it because jews have already offered them visas a brand new car foodstamps and an apartment in the usa";"1- fools, 2- all, 3- the, 4- muslims, 5- participating, 6- in, 7- the, 8- iranprotests, 9- are, 10- doing, 11- it, 12- because, 13- jews, 14- have, 15- already, 16- offered, 17- them, 18- visas, 19- a, 20- brand, 21- new, 22- car, 23- foodstamps, 24- and, 25- an, 26- apartment, 27- in, 28- the, 29- usa";"hatespeech targeting Islam";"https://app.prolific.co/submissions/complete?cc=91442ADD"
"16293427_gab";"HateXplain";"so i can say nigger on here";"1- so, 2- i, 3- can, 4- say, 5- nigger, 6- on, 7- here";"hatespeech targeting African";"https://app.prolific.co/submissions/complete?cc=91442ADD"
"14584979_gab";"HateXplain";"i can not disagree there however to justify avoiding vietnam a large swath of boomers absorbed the toxic critical theory marxism their kike professors were pushing then spent their lives assisting the kike takeover a senior class prank of burning down the high school";"1- i, 2- can, 3- not, 4- disagree, 5- there, 6- however, 7- to, 8- justify, 9- avoiding, 10- vietnam, 11- a, 12- large, 13- swath, 14- of, 15- boomers, 16- absorbed, 17- the, 18- toxic, 19- critical, 20- theory, 21- marxism, 22- their, 23- kike, 24- professors, 25- were, 26- pushing, 27- then, 28- spent, 29- their, 30- lives, 31- assisting, 32- the, 33- kike, 34- takeover, 35- a, 36- senior, 37- class, 38- prank, 39- of, 40- burning, 41- down, 42- the, 43- high, 44- school";"hatespeech targeting Jewish";"https://app.prolific.co/submissions/complete?cc=91442ADD"
"17173119_gab";"HateXplain";"a muslim will say to you ignorant kaffir that he is a liberal a secular and all the taqiya bullshit all you need to say to the shiite muslim to agree that mo was paedophile and a killer he will reveal his true self";"1- a, 2- muslim, 3- will, 4- say, 5- to, 6- you, 7- ignorant, 8- kaffir, 9- that, 10- he, 11- is, 12- a, 13- liberal, 14- a, 15- secular, 16- and, 17- all, 18- the, 19- taqiya, 20- bullshit, 21- all, 22- you, 23- need, 24- to, 25- say, 26- to, 27- the, 28- shiite, 29- muslim, 30- to, 31- agree, 32- that, 33- mo, 34- was, 35- paedophile, 36- and, 37- a, 38- killer, 39- he, 40- will, 41- reveal, 42- his, 43- true, 44- self";"hatespeech targeting Islam";"https://app.prolific.co/submissions/complete?cc=91442ADD"
"11957582_gab";"HateXplain";"as far as the pewdiepie thing goes there nothing inherently pejorative about the word nigger nigger is derived from the latin niger for black all nigger literally means is black nigger niger black no shitlib has ever coherently articulated why saying black is okay but nigger is not";"1- as, 2- far, 3- as, 4- the, 5- pewdiepie, 6- thing, 7- goes, 8- there, 9- nothing, 10- inherently, 11- pejorative, 12- about, 13- the, 14- word, 15- nigger, 16- nigger, 17- is, 18- derived, 19- from, 20- the, 21- latin, 22- niger, 23- for, 24- black, 25- all, 26- nigger, 27- literally, 28- means, 29- is, 30- black, 31- nigger, 32- niger, 33- black, 34- no, 35- shitlib, 36- has, 37- ever, 38- coherently, 39- articulated, 40- why, 41- saying, 42- black, 43- is, 44- okay, 45- but, 46- nigger, 47- is, 48- not";"hatespeech targeting African";"https://app.prolific.co/submissions/complete?cc=91442ADD"
"23129338_gab";"HateXplain";"<user> lets the degenerate kike <user> ‍ fuck him in the ass and cries piteously during the torrid act but deep down he very much aroused at the idea of a filthy jew dominating him that a real radical agenda next week tune in for the threesome with paul nehlen";"1- <user>, 2- lets, 3- the, 4- degenerate, 5- kike, 6- <user>, 7- ‍, 8- fuck, 9- him, 10- in, 11- the, 12- ass, 13- and, 14- cries, 15- piteously, 16- during, 17- the, 18- torrid, 19- act, 20- but, 21- deep, 22- down, 23- he, 24- very, 25- much, 26- aroused, 27- at, 28- the, 29- idea, 30- of, 31- a, 32- filthy, 33- jew, 34- dominating, 35- him, 36- that, 37- a, 38- real, 39- radical, 40- agenda, 41- next, 42- week, 43- tune, 44- in, 45- for, 46- the, 47- threesome, 48- with, 49- paul, 50- nehlen";"hatespeech targeting Jewish";"https://app.prolific.co/submissions/complete?cc=91442ADD"
"17186279_gab";"HateXplain";"so muslim is back killing people with truck again islam the religion of peace etc";"1- so, 2- muslim, 3- is, 4- back, 5- killing, 6- people, 7- with, 8- truck, 9- again, 10- islam, 11- the, 12- religion, 13- of, 14- peace, 15- etc";"offensive targeting Islam";"https://app.prolific.co/submissions/complete?cc=91442ADD"
"14973379_gab";"HateXplain";"how about nigger loving douchebag";"1- how, 2- about, 3- nigger, 4- loving, 5- douchebag";"hatespeech targeting African";"https://app.prolific.co/submissions/complete?cc=91442ADD"
"18532486_gab";"HateXplain";"i have no doubt rads would say i sound kike you";"1- i, 2- have, 3- no, 4- doubt, 5- rads, 6- would, 7- say, 8- i, 9- sound, 10- kike, 11- you";"hatespeech targeting Jewish";"https://app.prolific.co/submissions/complete?cc=91442ADD"
"17202101_gab";"HateXplain";"what do muslim women get from allah for being a suicide bomber because mohammad glimpsed hell and said it was full of muslim women serious question";"1- what, 2- do, 3- muslim, 4- women, 5- get, 6- from, 7- allah, 8- for, 9- being, 10- a, 11- suicide, 12- bomber, 13- because, 14- mohammad, 15- glimpsed, 16- hell, 17- and, 18- said, 19- it, 20- was, 21- full, 22- of, 23- muslim, 24- women, 25- serious, 26- question";"offensive targeting Islam";"https://app.prolific.co/submissions/complete?cc=91442ADD"
"25352688_gab";"HateXplain";"as far as im concerned if u pay any money to watch niggerball games or niggerball stuff u may as well just find the nearest nigger and suck its dick u cucked loser 😡";"1- as, 2- far, 3- as, 4- im, 5- concerned, 6- if, 7- u, 8- pay, 9- any, 10- money, 11- to, 12- watch, 13- niggerball, 14- games, 15- or, 16- niggerball, 17- stuff, 18- u, 19- may, 20- as, 21- well, 22- just, 23- find, 24- the, 25- nearest, 26- nigger, 27- and, 28- suck, 29- its, 30- dick, 31- u, 32- cucked, 33- loser, 34- 😡";"hatespeech targeting African";"https://app.prolific.co/submissions/complete?cc=91442ADD"
"16499171_gab";"HateXplain";"bc she a yid";"1- bc, 2- she, 3- a, 4- yid";"offensive targeting Jewish";"https://app.prolific.co/submissions/complete?cc=91442ADD"
"17221716_gab";"HateXplain";"clueless boomer jews dont want refugees because muslims hate them";"1- clueless, 2- boomer, 3- jews, 4- dont, 5- want, 6- refugees, 7- because, 8- muslims, 9- hate, 10- them";"offensive targeting Islam";"https://app.prolific.co/submissions/complete?cc=91442ADD"
"16628983_gab";"HateXplain";"princess michael wore a nigger brooch to meet harry nigger jew fiancée 😂 judenpresse expresses outrage and offence 😂 😂";"1- princess, 2- michael, 3- wore, 4- a, 5- nigger, 6- brooch, 7- to, 8- meet, 9- harry, 10- nigger, 11- jew, 12- fiancée, 13- 😂, 14- judenpresse, 15- expresses, 16- outrage, 17- and, 18- offence, 19- 😂, 20- 😂";"hatespeech targeting African";"https://app.prolific.co/submissions/complete?cc=91442ADD"
"16462384_gab";"HateXplain";"i am a retard or a jew for noticing the crazy claims that jews published themselves regarding the holocaust nice try kike";"1- i, 2- am, 3- a, 4- retard, 5- or, 6- a, 7- jew, 8- for, 9- noticing, 10- the, 11- crazy, 12- claims, 13- that, 14- jews, 15- published, 16- themselves, 17- regarding, 18- the, 19- holocaust, 20- nice, 21- try, 22- kike";"hatespeech targeting Jewish";"https://app.prolific.co/submissions/complete?cc=91442ADD"
"17400332_gab";"HateXplain";"brittania brittania <number> hours ago khan has no ideas muslims with low iqs only know how to quote out of their war manual he should never have been elected a muslim can never represent all other ethnics apart from their own inbred people";"1- brittania, 2- brittania, 3- <number>, 4- hours, 5- ago, 6- khan, 7- has, 8- no, 9- ideas, 10- muslims, 11- with, 12- low, 13- iqs, 14- only, 15- know, 16- how, 17- to, 18- quote, 19- out, 20- of, 21- their, 22- war, 23- manual, 24- he, 25- should, 26- never, 27- have, 28- been, 29- elected, 30- a, 31- muslim, 32- can, 33- never, 34- represent, 35- all, 36- other, 37- ethnics, 38- apart, 39- from, 40- their, 41- own, 42- inbred, 43- people";"hatespeech targeting Islam";"https://app.prolific.co/submissions/complete?cc=91442ADD"
"6303180_gab";"HateXplain";"i didnt realize how repressed being on twitter was making me i just feel like saying nigger and faggot constantly and posting as much gay porn as possible";"1- i, 2- didnt, 3- realize, 4- how, 5- repressed, 6- being, 7- on, 8- twitter, 9- was, 10- making, 11- me, 12- i, 13- just, 14- feel, 15- like, 16- saying, 17- nigger, 18- and, 19- faggot, 20- constantly, 21- and, 22- posting, 23- as, 24- much, 25- gay, 26- porn, 27- as, 28- possible";"hatespeech targeting African";"https://app.prolific.co/submissions/complete?cc=91442ADD"
"23574935_gab";"HateXplain";"bloodthirsty kike is bloodthirsty";"1- bloodthirsty, 2- kike, 3- is, 4- bloodthirsty";"hatespeech targeting Jewish";"https://app.prolific.co/submissions/complete?cc=91442ADD"
"17515643_gab";"HateXplain";"interesting observation it might be because we rightists realize things objects have no will and thus cannot be good or evil untainted by p c pablum we also allow ourselves to notice patterns of human behavior thus we can conclude e g that muslim immigrants are a net negative to society";"1- interesting, 2- observation, 3- it, 4- might, 5- be, 6- because, 7- we, 8- rightists, 9- realize, 10- things, 11- objects, 12- have, 13- no, 14- will, 15- and, 16- thus, 17- cannot, 18- be, 19- good, 20- or, 21- evil, 22- untainted, 23- by, 24- p, 25- c, 26- pablum, 27- we, 28- also, 29- allow, 30- ourselves, 31- to, 32- notice, 33- patterns, 34- of, 35- human, 36- behavior, 37- thus, 38- we, 39- can, 40- conclude, 41- e, 42- g, 43- that, 44- muslim, 45- immigrants, 46- are, 47- a, 48- net, 49- negative, 50- to, 51- society";"hatespeech targeting Islam";"https://app.prolific.co/submissions/complete?cc=91442ADD"
"25417338_gab";"HateXplain";"in the long run niglets fuck themselves over";"1- in, 2- the, 3- long, 4- run, 5- niglets, 6- fuck, 7- themselves, 8- over";"hatespeech targeting African";"https://app.prolific.co/submissions/complete?cc=91442ADD"
"19511749_gab";"HateXplain";"i wish these retarded filthy sub humans would quit that you know what i find funny about this particular go round she whiter than the kike schumer talk about the pot calling the kettle names eh";"1- i, 2- wish, 3- these, 4- retarded, 5- filthy, 6- sub, 7- humans, 8- would, 9- quit, 10- that, 11- you, 12- know, 13- what, 14- i, 15- find, 16- funny, 17- about, 18- this, 19- particular, 20- go, 21- round, 22- she, 23- whiter, 24- than, 25- the, 26- kike, 27- schumer, 28- talk, 29- about, 30- the, 31- pot, 32- calling, 33- the, 34- kettle, 35- names, 36- eh";"hatespeech targeting Jewish";"https://app.prolific.co/submissions/complete?cc=91442ADD"
"17539922_gab";"HateXplain";"yes he did you have forgotten the part and parcel comment that filthy muzrat made already if that does not minimize the danger those useless filthy ragheads pose nothing does";"1- yes, 2- he, 3- did, 4- you, 5- have, 6- forgotten, 7- the, 8- part, 9- and, 10- parcel, 11- comment, 12- that, 13- filthy, 14- muzrat, 15- made, 16- already, 17- if, 18- that, 19- does, 20- not, 21- minimize, 22- the, 23- danger, 24- those, 25- useless, 26- filthy, 27- ragheads, 28- pose, 29- nothing, 30- does";"offensive targeting Islam";"https://app.prolific.co/submissions/complete?cc=91442ADD"
"22390689_gab";"HateXplain";"ew those dirty filthy niglets belong in apefrica and that disgusting mudshark belongs in prison for bringing dangerous animals in public 🖕 🐒";"1- ew, 2- those, 3- dirty, 4- filthy, 5- niglets, 6- belong, 7- in, 8- apefrica, 9- and, 10- that, 11- disgusting, 12- mudshark, 13- belongs, 14- in, 15- prison, 16- for, 17- bringing, 18- dangerous, 19- animals, 20- in, 21- public, 22- 🖕, 23- 🐒";"hatespeech targeting African";"https://app.prolific.co/submissions/complete?cc=91442ADD"
"20622765_gab";"HateXplain";"he a kike pretending to be a christian";"1- he, 2- a, 3- kike, 4- pretending, 5- to, 6- be, 7- a, 8- christian";"hatespeech targeting Jewish";"https://app.prolific.co/submissions/complete?cc=91442ADD"
"17549117_gab";"HateXplain";"fuck the community keep the muzzies on a fucking leash i consider them filthy";"1- fuck, 2- the, 3- community, 4- keep, 5- the, 6- muzzies, 7- on, 8- a, 9- fucking, 10- leash, 11- i, 12- consider, 13- them, 14- filthy";"hatespeech targeting Islam";"https://app.prolific.co/submissions/complete?cc=91442ADD"
"attention_28";"attention check sentences (HateXplain targeting)";"gurjeet thought he was a badass black gangster with his brand new lakers jersey and chevy impala until he was pulled over after a high school party by cops for a dui";"1- gurjeet, 2- thought, 3- he, 4- was, 5- a, 6- badass, 7- black, 8- gangster, 9- with, 10- his, 11- brand, 12- new, 13- lakers, 14- jersey, 15- and, 16- chevy, 17- impala, 18- until, 19- he, 20- was, 21- pulled, 22- over, 23- after, 24- a, 25- high, 26- school, 27- party, 28- by, 29- cops, 30- for, 31- a, 32- dui";"offensive";"https://app.prolific.co/submissions/complete?cc=91442ADD"