"ID";"dataset";"text";"tokens";"label";"redirectUrl"
"14316860_gab";"HateXplain";"oo i had no idea it could get even better yes please start talking about this you crazy anti america nigger mother fucks";"1- oo, 2- i, 3- had, 4- no, 5- idea, 6- it, 7- could, 8- get, 9- even, 10- better, 11- yes, 12- please, 13- start, 14- talking, 15- about, 16- this, 17- you, 18- crazy, 19- anti, 20- america, 21- nigger, 22- mother, 23- fucks";"hatespeech targeting African";"https://app.prolific.co/submissions/complete?cc=91442ADD"
"24033780_gab";"HateXplain";"sorry mate my comment was more so aimed at the self professed kike killer";"1- sorry, 2- mate, 3- my, 4- comment, 5- was, 6- more, 7- so, 8- aimed, 9- at, 10- the, 11- self, 12- professed, 13- kike, 14- killer";"hatespeech targeting Jewish";"https://app.prolific.co/submissions/complete?cc=91442ADD"
"21996673_gab";"HateXplain";"we wasn t being nice enough is the reason why pakistani moslem men went around gang raping white children according to the politicians media";"1- we, 2- wasn, 3- t, 4- being, 5- nice, 6- enough, 7- is, 8- the, 9- reason, 10- why, 11- pakistani, 12- moslem, 13- men, 14- went, 15- around, 16- gang, 17- raping, 18- white, 19- children, 20- according, 21- to, 22- the, 23- politicians, 24- media";"hatespeech targeting Islam";"https://app.prolific.co/submissions/complete?cc=91442ADD"
"10600429_gab";"HateXplain";"the government needs to keep inspecting the places that towel heads worship cause they are bad places and whats going on with the cop killer that shot the white un armed woman";"1- the, 2- government, 3- needs, 4- to, 5- keep, 6- inspecting, 7- the, 8- places, 9- that, 10- towel, 11- heads, 12- worship, 13- cause, 14- they, 15- are, 16- bad, 17- places, 18- and, 19- whats, 20- going, 21- on, 22- with, 23- the, 24- cop, 25- killer, 26- that, 27- shot, 28- the, 29- white, 30- un, 31- armed, 32- woman";"offensive targeting Arab";"https://app.prolific.co/submissions/complete?cc=91442ADD"
"24348911_gab";"HateXplain";"nope because other low iq illiterates to block vote cheating their way into power together with the matrix dwelling white lib the tribal vote has power but there is hope and a change in tbe air so we shall see";"1- nope, 2- because, 3- other, 4- low, 5- iq, 6- illiterates, 7- to, 8- block, 9- vote, 10- cheating, 11- their, 12- way, 13- into, 14- power, 15- together, 16- with, 17- the, 18- matrix, 19- dwelling, 20- white, 21- lib, 22- the, 23- tribal, 24- vote, 25- has, 26- power, 27- but, 28- there, 29- is, 30- hope, 31- and, 32- a, 33- change, 34- in, 35- tbe, 36- air, 37- so, 38- we, 39- shall, 40- see";"offensive targeting Other";"https://app.prolific.co/submissions/complete?cc=91442ADD"
"3023494_gab";"HateXplain";"<user> we should have barely comfortable fema refugee camps so only those who are really oppressed would wish to go through the process";"1- <user>, 2- we, 3- should, 4- have, 5- barely, 6- comfortable, 7- fema, 8- refugee, 9- camps, 10- so, 11- only, 12- those, 13- who, 14- are, 15- really, 16- oppressed, 17- would, 18- wish, 19- to, 20- go, 21- through, 22- the, 23- process";"offensive targeting Refugee";"https://app.prolific.co/submissions/complete?cc=91442ADD"
"14714692_gab";"HateXplain";"<user> ay yo what my favorite island nigger up to today out walking the dog or letting it get shot by the cops again";"1- <user>, 2- ay, 3- yo, 4- what, 5- my, 6- favorite, 7- island, 8- nigger, 9- up, 10- to, 11- today, 12- out, 13- walking, 14- the, 15- dog, 16- or, 17- letting, 18- it, 19- get, 20- shot, 21- by, 22- the, 23- cops, 24- again";"hatespeech targeting African";"https://app.prolific.co/submissions/complete?cc=91442ADD"
"12475012_gab";"HateXplain";"free weev we need another ruby ridge torba is a faggot kike";"1- free, 2- weev, 3- we, 4- need, 5- another, 6- ruby, 7- ridge, 8- torba, 9- is, 10- a, 11- faggot, 12- kike";"hatespeech targeting Jewish";"https://app.prolific.co/submissions/complete?cc=91442ADD"
"19137586_gab";"HateXplain";"obozo troll hiding under that tree the moslem is the prize kill";"1- obozo, 2- troll, 3- hiding, 4- under, 5- that, 6- tree, 7- the, 8- moslem, 9- is, 10- the, 11- prize, 12- kill";"hatespeech targeting Islam";"https://app.prolific.co/submissions/complete?cc=91442ADD"
"15762501_gab";"HateXplain";"either way kikes and sand niggers will most likely die this is very good";"1- either, 2- way, 3- kikes, 4- and, 5- sand, 6- niggers, 7- will, 8- most, 9- likely, 10- die, 11- this, 12- is, 13- very, 14- good";"hatespeech targeting Arab";"https://app.prolific.co/submissions/complete?cc=91442ADD"
"24399964_gab";"HateXplain";"warski on the list nah i do not think he an enemy i just think he needs to be red pilled a lot more maybe if he came and hung out in the ghetto for about an hour he would wake up";"1- warski, 2- on, 3- the, 4- list, 5- nah, 6- i, 7- do, 8- not, 9- think, 10- he, 11- an, 12- enemy, 13- i, 14- just, 15- think, 16- he, 17- needs, 18- to, 19- be, 20- red, 21- pilled, 22- a, 23- lot, 24- more, 25- maybe, 26- if, 27- he, 28- came, 29- and, 30- hung, 31- out, 32- in, 33- the, 34- ghetto, 35- for, 36- about, 37- an, 38- hour, 39- he, 40- would, 41- wake, 42- up";"offensive targeting Other";"https://app.prolific.co/submissions/complete?cc=91442ADD"
"3035774_gab";"HateXplain";"seeing what the refugee thugs are doing in germany makes me very happy to live in the greatest country in the world america guns god freedome gabfam merrychristmas";"1- seeing, 2- what, 3- the, 4- refugee, 5- thugs, 6- are, 7- doing, 8- in, 9- germany, 10- makes, 11- me, 12- very, 13- happy, 14- to, 15- live, 16- in, 17- the, 18- greatest, 19- country, 20- in, 21- the, 22- world, 23- america, 24- guns, 25- god, 26- freedome, 27- gabfam, 28- merrychristmas";"offensive targeting Refugee";"https://app.prolific.co/submissions/complete?cc=91442ADD"
"13929673_gab";"HateXplain";"look how the nigglets are looking at that white child";"1- look, 2- how, 3- the, 4- nigglets, 5- are, 6- looking, 7- at, 8- that, 9- white, 10- child";"hatespeech targeting African";"https://app.prolific.co/submissions/complete?cc=91442ADD"
"16129041_gab";"HateXplain";"shuttener of kike banks";"1- shuttener, 2- of, 3- kike, 4- banks";"hatespeech targeting Jewish";"https://app.prolific.co/submissions/complete?cc=91442ADD"
"15972271_gab";"HateXplain";"we need to go back and beat them and i mean hard so hard that the muzzies are to scared to ever step up in the world again crush their spirits now and brutally at that";"1- we, 2- need, 3- to, 4- go, 5- back, 6- and, 7- beat, 8- them, 9- and, 10- i, 11- mean, 12- hard, 13- so, 14- hard, 15- that, 16- the, 17- muzzies, 18- are, 19- to, 20- scared, 21- to, 22- ever, 23- step, 24- up, 25- in, 26- the, 27- world, 28- again, 29- crush, 30- their, 31- spirits, 32- now, 33- and, 34- brutally, 35- at, 36- that";"hatespeech targeting Islam";"https://app.prolific.co/submissions/complete?cc=91442ADD"
"15770584_gab";"HateXplain";"tfb maybe if they were something other than thieving arab terrorist scum their fellow arabs might give a shit";"1- tfb, 2- maybe, 3- if, 4- they, 5- were, 6- something, 7- other, 8- than, 9- thieving, 10- arab, 11- terrorist, 12- scum, 13- their, 14- fellow, 15- arabs, 16- might, 17- give, 18- a, 19- shit";"hatespeech targeting Arab";"https://app.prolific.co/submissions/complete?cc=91442ADD"
"24438659_gab";"HateXplain";"just another daily reminder that republicans are retarded";"1- just, 2- another, 3- daily, 4- reminder, 5- that, 6- republicans, 7- are, 8- retarded";"offensive targeting Other";"https://app.prolific.co/submissions/complete?cc=91442ADD"
"3069385_gab";"HateXplain";"so germany how many more of your countrymen are you going to let merkel her muzzie murderers murder refugeesnotwelcome rednationrising";"1- so, 2- germany, 3- how, 4- many, 5- more, 6- of, 7- your, 8- countrymen, 9- are, 10- you, 11- going, 12- to, 13- let, 14- merkel, 15- her, 16- muzzie, 17- murderers, 18- murder, 19- refugeesnotwelcome, 20- rednationrising";"hatespeech targeting Refugee";"https://app.prolific.co/submissions/complete?cc=91442ADD"
"23637308_gab";"HateXplain";"monday kike nigga kike tuesday nigga kike nigga wednesday kike nigga kike thursday nigga kike nigga friday kike nigga kike saturday nigga kike nigga sunday kike nigga kike repeat yawn";"1- monday, 2- kike, 3- nigga, 4- kike, 5- tuesday, 6- nigga, 7- kike, 8- nigga, 9- wednesday, 10- kike, 11- nigga, 12- kike, 13- thursday, 14- nigga, 15- kike, 16- nigga, 17- friday, 18- kike, 19- nigga, 20- kike, 21- saturday, 22- nigga, 23- kike, 24- nigga, 25- sunday, 26- kike, 27- nigga, 28- kike, 29- repeat, 30- yawn";"hatespeech targeting African";"https://app.prolific.co/submissions/complete?cc=91442ADD"
"27150859_gab";"HateXplain";"holy shit the ugly kike at the end";"1- holy, 2- shit, 3- the, 4- ugly, 5- kike, 6- at, 7- the, 8- end";"hatespeech targeting Jewish";"https://app.prolific.co/submissions/complete?cc=91442ADD"
"22741145_gab";"HateXplain";"gb turned into an faggoty and muzzie orwellian shithole on lizzie watch f all these so called nobles they should be dangling from lampposts";"1- gb, 2- turned, 3- into, 4- an, 5- faggoty, 6- and, 7- muzzie, 8- orwellian, 9- shithole, 10- on, 11- lizzie, 12- watch, 13- f, 14- all, 15- these, 16- so, 17- called, 18- nobles, 19- they, 20- should, 21- be, 22- dangling, 23- from, 24- lampposts";"hatespeech targeting Islam";"https://app.prolific.co/submissions/complete?cc=91442ADD"
"15772194_gab";"HateXplain";"fuck this sand nigger";"1- fuck, 2- this, 3- sand, 4- nigger";"hatespeech targeting Arab";"https://app.prolific.co/submissions/complete?cc=91442ADD"
"24821091_gab";"HateXplain";"you are a literal retard pal i can not even reason with your pathetic statement who founded america when you do your research and reply i will give you real lesson in history 😁";"1- you, 2- are, 3- a, 4- literal, 5- retard, 6- pal, 7- i, 8- can, 9- not, 10- even, 11- reason, 12- with, 13- your, 14- pathetic, 15- statement, 16- who, 17- founded, 18- america, 19- when, 20- you, 21- do, 22- your, 23- research, 24- and, 25- reply, 26- i, 27- will, 28- give, 29- you, 30- real, 31- lesson, 32- in, 33- history, 34- 😁";"offensive targeting Other";"https://app.prolific.co/submissions/complete?cc=91442ADD"
"3158557_gab";"HateXplain";"<user> what the actual fuck welp in australia if you are a refugee do such to your papers you will be detained interviewed most likely deported or kept locked up";"1- <user>, 2- what, 3- the, 4- actual, 5- fuck, 6- welp, 7- in, 8- australia, 9- if, 10- you, 11- are, 12- a, 13- refugee, 14- do, 15- such, 16- to, 17- your, 18- papers, 19- you, 20- will, 21- be, 22- detained, 23- interviewed, 24- most, 25- likely, 26- deported, 27- or, 28- kept, 29- locked, 30- up";"offensive targeting Refugee";"https://app.prolific.co/submissions/complete?cc=91442ADD"
"14913457_gab";"HateXplain";"i did not mention genitalia obviously you are obsessed with nigger dick get help";"1- i, 2- did, 3- not, 4- mention, 5- genitalia, 6- obviously, 7- you, 8- are, 9- obsessed, 10- with, 11- nigger, 12- dick, 13- get, 14- help";"hatespeech targeting African";"https://app.prolific.co/submissions/complete?cc=91442ADD"
"14035101_gab";"HateXplain";"non white and kike we are coming for you a white revolution is on its way";"1- non, 2- white, 3- and, 4- kike, 5- we, 6- are, 7- coming, 8- for, 9- you, 10- a, 11- white, 12- revolution, 13- is, 14- on, 15- its, 16- way";"hatespeech targeting Jewish";"https://app.prolific.co/submissions/complete?cc=91442ADD"
"13049396_gab";"HateXplain";"it painfully clear why mudslime throw these people off rooftops";"1- it, 2- painfully, 3- clear, 4- why, 5- mudslime, 6- throw, 7- these, 8- people, 9- off, 10- rooftops";"hatespeech targeting Islam";"https://app.prolific.co/submissions/complete?cc=91442ADD"
"15840111_gab";"HateXplain";"just look at arab non muslims berbers druze alawites even the christian arabs are low iq chimps completely retarded societies whether based on islam or not";"1- just, 2- look, 3- at, 4- arab, 5- non, 6- muslims, 7- berbers, 8- druze, 9- alawites, 10- even, 11- the, 12- christian, 13- arabs, 14- are, 15- low, 16- iq, 17- chimps, 18- completely, 19- retarded, 20- societies, 21- whether, 22- based, 23- on, 24- islam, 25- or, 26- not";"offensive targeting Arab";"https://app.prolific.co/submissions/complete?cc=91442ADD"
"25021110_gab";"HateXplain";"do cuckservatives even argue that the leftist tactic of submission through political violence is not effective anymore tbh i d like to watch one with the audacity to argue such a moronic position given current events just to see how they try to spin it";"1- do, 2- cuckservatives, 3- even, 4- argue, 5- that, 6- the, 7- leftist, 8- tactic, 9- of, 10- submission, 11- through, 12- political, 13- violence, 14- is, 15- not, 16- effective, 17- anymore, 18- tbh, 19- i, 20- d, 21- like, 22- to, 23- watch, 24- one, 25- with, 26- the, 27- audacity, 28- to, 29- argue, 30- such, 31- a, 32- moronic, 33- position, 34- given, 35- current, 36- events, 37- just, 38- to, 39- see, 40- how, 41- they, 42- try, 43- to, 44- spin, 45- it";"offensive targeting Other";"https://app.prolific.co/submissions/complete?cc=91442ADD"
"attention_57";"attention check sentences (HateXplain targeting)";"fucking commies";"1- fucking, 2- commies";"offensive";"https://app.prolific.co/submissions/complete?cc=91442ADD"