ID;dataset;text;tokens;label;redirectUrl
1178726254381617152_twitter;HateXplain;<user> went on her acc and its just ppl putting fancams and saying dykes follow me like that is helping in the slightest;1- <user>, 2- went, 3- on, 4- her, 5- acc, 6- and, 7- its, 8- just, 9- ppl, 10- putting, 11- fancams, 12- and, 13- saying, 14- dykes, 15- follow, 16- me, 17- like, 18- that, 19- is, 20- helping, 21- in, 22- the, 23- slightest;offensive targeting Homosexual;https://app.prolific.co/submissions/complete?cc=91442ADD
1179095573984694273_twitter;HateXplain;i will never ever understand queer people who gatekeep others and conflate sexuality with morality or immorality;1- i, 2- will, 3- never, 4- ever, 5- understand, 6- queer, 7- people, 8- who, 9- gatekeep, 10- others, 11- and, 12- conflate, 13- sexuality, 14- with, 15- morality, 16- or, 17- immorality;offensive targeting Homosexual;https://app.prolific.co/submissions/complete?cc=91442ADD
23268311_gab;HateXplain;all of the queers commenting about how gab does not support free speech yet andrew has not banned the chief warlord of the actual right jared wyand the shills are out in full force even on gab it seems;1- all, 2- of, 3- the, 4- queers, 5- commenting, 6- about, 7- how, 8- gab, 9- does, 10- not, 11- support, 12- free, 13- speech, 14- yet, 15- andrew, 16- has, 17- not, 18- banned, 19- the, 20- chief, 21- warlord, 22- of, 23- the, 24- actual, 25- right, 26- jared, 27- wyand, 28- the, 29- shills, 30- are, 31- out, 32- in, 33- full, 34- force, 35- even, 36- on, 37- gab, 38- it, 39- seems;offensive targeting Homosexual;https://app.prolific.co/submissions/complete?cc=91442ADD
1178824740913451008_twitter;HateXplain;kakegurui is good so far i love the dykes in the intro but also the protagonist is so annoying shes not gonna suck ur sad dick bro;1- kakegurui, 2- is, 3- good, 4- so, 5- far, 6- i, 7- love, 8- the, 9- dykes, 10- in, 11- the, 12- intro, 13- but, 14- also, 15- the, 16- protagonist, 17- is, 18- so, 19- annoying, 20- shes, 21- not, 22- gonna, 23- suck, 24- ur, 25- sad, 26- dick, 27- bro;offensive targeting Homosexual;https://app.prolific.co/submissions/complete?cc=91442ADD
27493318_gab;HateXplain;there a new untreatable syphilis in california that unstoppable with the queers and bisexuals aids hiv now syphilis queers infect the bisexuals <number> of <number> will be locked away soon hollywood will be dying also queers will travel to portland seattle ny chicago florida prostitutes will be infected gods way of cleansing the sewer people;1- there, 2- a, 3- new, 4- untreatable, 5- syphilis, 6- in, 7- california, 8- that, 9- unstoppable, 10- with, 11- the, 12- queers, 13- and, 14- bisexuals, 15- aids, 16- hiv, 17- now, 18- syphilis, 19- queers, 20- infect, 21- the, 22- bisexuals, 23- <number>, 24- of, 25- <number>, 26- will, 27- be, 28- locked, 29- away, 30- soon, 31- hollywood, 32- will, 33- be, 34- dying, 35- also, 36- queers, 37- will, 38- travel, 39- to, 40- portland, 41- seattle, 42- ny, 43- chicago, 44- florida, 45- prostitutes, 46- will, 47- be, 48- infected, 49- gods, 50- way, 51- of, 52- cleansing, 53- the, 54- sewer, 55- people;hatespeech targeting Homosexual;https://app.prolific.co/submissions/complete?cc=91442ADD
1178472855966756864_twitter;HateXplain;faggots in my mcdonalds parking lot;1- faggots, 2- in, 3- my, 4- mcdonalds, 5- parking, 6- lot;offensive targeting Homosexual;https://app.prolific.co/submissions/complete?cc=91442ADD
1178539471068897281_twitter;HateXplain;<user> fuck you rainy you fucking faggot;1- <user>, 2- fuck, 3- you, 4- rainy, 5- you, 6- fucking, 7- faggot;hatespeech targeting Homosexual;https://app.prolific.co/submissions/complete?cc=91442ADD
1179102552345976832_twitter;HateXplain;<user> big head and being a faggot in the front row;1- <user>, 2- big, 3- head, 4- and, 5- being, 6- a, 7- faggot, 8- in, 9- the, 10- front, 11- row;offensive targeting Homosexual;https://app.prolific.co/submissions/complete?cc=91442ADD
1178733429434834945_twitter;HateXplain;<user> <user> there pink i am getting in on this faggots;1- <user>, 2- <user>, 3- there, 4- pink, 5- i, 6- am, 7- getting, 8- in, 9- on, 10- this, 11- faggots;offensive targeting Homosexual;https://app.prolific.co/submissions/complete?cc=91442ADD
3869967_gab;HateXplain;just putting this out here most queers are alcoholics 😎;1- just, 2- putting, 3- this, 4- out, 5- here, 6- most, 7- queers, 8- are, 9- alcoholics, 10- 😎;offensive targeting Homosexual;https://app.prolific.co/submissions/complete?cc=91442ADD
1179102987911880704_twitter;HateXplain;<user> just press esc faggot multiplayer is gay;1- <user>, 2- just, 3- press, 4- esc, 5- faggot, 6- multiplayer, 7- is, 8- gay;offensive targeting Homosexual;https://app.prolific.co/submissions/complete?cc=91442ADD
19941841_gab;HateXplain;do you vote based on penis size weird dyke move;1- do, 2- you, 3- vote, 4- based, 5- on, 6- penis, 7- size, 8- weird, 9- dyke, 10- move;hatespeech targeting Homosexual;https://app.prolific.co/submissions/complete?cc=91442ADD
1179094796578824195_twitter;HateXplain;<user> this makes it sound like the tech folks are not quite the assholes i thought they were glad to see they are supporting free speech rights of a coworker the cancel culture of pomo queer theory is wtf out of control;1- <user>, 2- this, 3- makes, 4- it, 5- sound, 6- like, 7- the, 8- tech, 9- folks, 10- are, 11- not, 12- quite, 13- the, 14- assholes, 15- i, 16- thought, 17- they, 18- were, 19- glad, 20- to, 21- see, 22- they, 23- are, 24- supporting, 25- free, 26- speech, 27- rights, 28- of, 29- a, 30- coworker, 31- the, 32- cancel, 33- culture, 34- of, 35- pomo, 36- queer, 37- theory, 38- is, 39- wtf, 40- out, 41- of, 42- control;offensive targeting Homosexual;https://app.prolific.co/submissions/complete?cc=91442ADD
1178467517297299456_twitter;HateXplain;<user> why tf you stalking my shit liking tweets from over a month ago do you need something or are you just like that cloutsurfin faggot hoping you will get attention from bad bitches 👀;1- <user>, 2- why, 3- tf, 4- you, 5- stalking, 6- my, 7- shit, 8- liking, 9- tweets, 10- from, 11- over, 12- a, 13- month, 14- ago, 15- do, 16- you, 17- need, 18- something, 19- or, 20- are, 21- you, 22- just, 23- like, 24- that, 25- cloutsurfin, 26- faggot, 27- hoping, 28- you, 29- will, 30- get, 31- attention, 32- from, 33- bad, 34- bitches, 35- 👀;offensive targeting Homosexual;https://app.prolific.co/submissions/complete?cc=91442ADD
1178784136917585920_twitter;HateXplain;what a fake ass faggot;1- what, 2- a, 3- fake, 4- ass, 5- faggot;offensive targeting Homosexual;https://app.prolific.co/submissions/complete?cc=91442ADD
1178834338307280896_twitter;HateXplain;this why i hate these dykes 😂 😂 😂;1- this, 2- why, 3- i, 4- hate, 5- these, 6- dykes, 7- 😂, 8- 😂, 9- 😂;offensive targeting Homosexual;https://app.prolific.co/submissions/complete?cc=91442ADD
26943747_gab;HateXplain;no he has two his dyke wife lost and pissed off the new leftist leader barack hussein obama;1- no, 2- he, 3- has, 4- two, 5- his, 6- dyke, 7- wife, 8- lost, 9- and, 10- pissed, 11- off, 12- the, 13- new, 14- leftist, 15- leader, 16- barack, 17- hussein, 18- obama;hatespeech targeting Homosexual;https://app.prolific.co/submissions/complete?cc=91442ADD
19109669_gab;HateXplain;at least she tacitly admitting that queers are less than men lol;1- at, 2- least, 3- she, 4- tacitly, 5- admitting, 6- that, 7- queers, 8- are, 9- less, 10- than, 11- men, 12- lol;hatespeech targeting Homosexual;https://app.prolific.co/submissions/complete?cc=91442ADD
1178754672355618822_twitter;HateXplain;this nigga austin smoke w his little work faggots everyday but never has a wood to match or anything niggas a weed mooch;1- this, 2- nigga, 3- austin, 4- smoke, 5- w, 6- his, 7- little, 8- work, 9- faggots, 10- everyday, 11- but, 12- never, 13- has, 14- a, 15- wood, 16- to, 17- match, 18- or, 19- anything, 20- niggas, 21- a, 22- weed, 23- mooch;offensive targeting Homosexual;https://app.prolific.co/submissions/complete?cc=91442ADD
16487835_gab;HateXplain;amber scott is a dyke ass motherfucker who can not write for shit;1- amber, 2- scott, 3- is, 4- a, 5- dyke, 6- ass, 7- motherfucker, 8- who, 9- can, 10- not, 11- write, 12- for, 13- shit;hatespeech targeting Homosexual;https://app.prolific.co/submissions/complete?cc=91442ADD
22340916_gab;HateXplain;hopefully he gets rid of the faggots and dykes next;1- hopefully, 2- he, 3- gets, 4- rid, 5- of, 6- the, 7- faggots, 8- and, 9- dykes, 10- next;offensive targeting Homosexual;https://app.prolific.co/submissions/complete?cc=91442ADD
19366131_gab;HateXplain;they are lavender not purple you blurry eyed drunken shitskin faggot;1- they, 2- are, 3- lavender, 4- not, 5- purple, 6- you, 7- blurry, 8- eyed, 9- drunken, 10- shitskin, 11- faggot;hatespeech targeting Homosexual;https://app.prolific.co/submissions/complete?cc=91442ADD
24120677_gab;HateXplain;the russians buying that and purging all the blue haired dykes was glorious that may well be the genesis of the russian bot narrative;1- the, 2- russians, 3- buying, 4- that, 5- and, 6- purging, 7- all, 8- the, 9- blue, 10- haired, 11- dykes, 12- was, 13- glorious, 14- that, 15- may, 16- well, 17- be, 18- the, 19- genesis, 20- of, 21- the, 22- russian, 23- bot, 24- narrative;hatespeech targeting Homosexual;https://app.prolific.co/submissions/complete?cc=91442ADD
1178550655239249920_twitter;HateXplain;wea df all you saints fans come from 😒 go back to yo faggot ass cowbitches saints won 🤪 🤪 ⚜️ ⚜️ ⚜️ like bitch who are you 😭;1- wea, 2- df, 3- all, 4- you, 5- saints, 6- fans, 7- come, 8- from, 9- 😒, 10- go, 11- back, 12- to, 13- yo, 14- faggot, 15- ass, 16- cowbitches, 17- saints, 18- won, 19- 🤪, 20- 🤪, 21- ⚜️, 22- ⚜️, 23- ⚜️, 24- like, 25- bitch, 26- who, 27- are, 28- you, 29- 😭;offensive targeting Homosexual;https://app.prolific.co/submissions/complete?cc=91442ADD
1179075594526572545_twitter;HateXplain;any nigga that hop in female beef and add to it instead of trying to stop it is a whole complete faggot;1- any, 2- nigga, 3- that, 4- hop, 5- in, 6- female, 7- beef, 8- and, 9- add, 10- to, 11- it, 12- instead, 13- of, 14- trying, 15- to, 16- stop, 17- it, 18- is, 19- a, 20- whole, 21- complete, 22- faggot;offensive targeting Homosexual;https://app.prolific.co/submissions/complete?cc=91442ADD
1178902054531735552_twitter;HateXplain;<user> you have made like <number> tweets today stop being a faggot;1- <user>, 2- you, 3- have, 4- made, 5- like, 6- <number>, 7- tweets, 8- today, 9- stop, 10- being, 11- a, 12- faggot;offensive targeting Homosexual;https://app.prolific.co/submissions/complete?cc=91442ADD
1178557582727897089_twitter;HateXplain;because he is a faggot;1- because, 2- he, 3- is, 4- a, 5- faggot;offensive targeting Homosexual;https://app.prolific.co/submissions/complete?cc=91442ADD
1117223351498313729_twitter;HateXplain;you guys are all faggots;1- you, 2- guys, 3- are, 4- all, 5- faggots;offensive targeting Homosexual;https://app.prolific.co/submissions/complete?cc=91442ADD
13099204_gab;HateXplain;i do not understand why anyone would watch guys under <number> fight i also do not understand why anyone would watch ugly dykes fight either so maybe it just me;1- i, 2- do, 3- not, 4- understand, 5- why, 6- anyone, 7- would, 8- watch, 9- guys, 10- under, 11- <number>, 12- fight, 13- i, 14- also, 15- do, 16- not, 17- understand, 18- why, 19- anyone, 20- would, 21- watch, 22- ugly, 23- dykes, 24- fight, 25- either, 26- so, 27- maybe, 28- it, 29- just, 30- me;offensive targeting Homosexual;https://app.prolific.co/submissions/complete?cc=91442ADD
attention_44;attention chack sentences (HateXplain targeting);haha look at this person from turgay;1- haha, 2- look, 3- at, 4- this, 5- person, 6- from, 7- turgay;offensive;https://app.prolific.co/submissions/complete?cc=91442ADD