"ID";"dataset";"text";"tokens";"label";"redirectUrl"
"17317750_gab";"HateXplain";"the rhodesian ridgeback because if whites are lead by the moderate civic nationalist libertarian right alt zionist not all jews based nigger policies of the alt right instead of national socialism we will end up the same way rhodesia did zimbabwe";"1- the, 2- rhodesian, 3- ridgeback, 4- because, 5- if, 6- whites, 7- are, 8- lead, 9- by, 10- the, 11- moderate, 12- civic, 13- nationalist, 14- libertarian, 15- right, 16- alt, 17- zionist, 18- not, 19- all, 20- jews, 21- based, 22- nigger, 23- policies, 24- of, 25- the, 26- alt, 27- right, 28- instead, 29- of, 30- national, 31- socialism, 32- we, 33- will, 34- end, 35- up, 36- the, 37- same, 38- way, 39- rhodesia, 40- did, 41- zimbabwe";"hatespeech targeting African";"https://app.prolific.co/submissions/complete?cc=91442ADD"
"24221461_gab";"HateXplain";"not surprised the shiksa bitch is a yid";"1- not, 2- surprised, 3- the, 4- shiksa, 5- bitch, 6- is, 7- a, 8- yid";"hatespeech targeting Jewish";"https://app.prolific.co/submissions/complete?cc=91442ADD"
"21129548_gab";"HateXplain";"getting ass raped by a muzzie sargon have you even read john locke";"1- getting, 2- ass, 3- raped, 4- by, 5- a, 6- muzzie, 7- sargon, 8- have, 9- you, 10- even, 11- read, 12- john, 13- locke";"offensive targeting Islam";"https://app.prolific.co/submissions/complete?cc=91442ADD"
"16555611_gab";"HateXplain";"how about if you fuck a nigger you are disowned";"1- how, 2- about, 3- if, 4- you, 5- fuck, 6- a, 7- nigger, 8- you, 9- are, 10- disowned";"hatespeech targeting African";"https://app.prolific.co/submissions/complete?cc=91442ADD"
"16678502_gab";"HateXplain";"schmidt will just be replaced with some other yid from the globo homo elite";"1- schmidt, 2- will, 3- just, 4- be, 5- replaced, 6- with, 7- some, 8- other, 9- yid, 10- from, 11- the, 12- globo, 13- homo, 14- elite";"hatespeech targeting Jewish";"https://app.prolific.co/submissions/complete?cc=91442ADD"
"4882319_gab";"HateXplain";"let us not forget coke ceo is a mudslime and the pepsi one slandered trump have not purchased the products since";"1- let, 2- us, 3- not, 4- forget, 5- coke, 6- ceo, 7- is, 8- a, 9- mudslime, 10- and, 11- the, 12- pepsi, 13- one, 14- slandered, 15- trump, 16- have, 17- not, 18- purchased, 19- the, 20- products, 21- since";"offensive targeting Islam";"https://app.prolific.co/submissions/complete?cc=91442ADD"
"17137733_gab";"HateXplain";"roflmao you have nothing other than the lies your moronic nigger and kike bosses at fedcoat central told you to spout you dumbfuck forget there were dozens of war experts writing and researching years before you idiots destroyed the klan u fucks gonna destroy nigger lives matter too bye for good";"1- roflmao, 2- you, 3- have, 4- nothing, 5- other, 6- than, 7- the, 8- lies, 9- your, 10- moronic, 11- nigger, 12- and, 13- kike, 14- bosses, 15- at, 16- fedcoat, 17- central, 18- told, 19- you, 20- to, 21- spout, 22- you, 23- dumbfuck, 24- forget, 25- there, 26- were, 27- dozens, 28- of, 29- war, 30- experts, 31- writing, 32- and, 33- researching, 34- years, 35- before, 36- you, 37- idiots, 38- destroyed, 39- the, 40- klan, 41- u, 42- fucks, 43- gonna, 44- destroy, 45- nigger, 46- lives, 47- matter, 48- too, 49- bye, 50- for, 51- good";"hatespeech targeting African";"https://app.prolific.co/submissions/complete?cc=91442ADD"
"11981423_gab";"HateXplain";"fuck me i have fallen for yet another kike merry go round of circular non arguments about the holohoax a death accountant you are right you are not you are a dumb cunt now fuck off off my timeline with your horse shit";"1- fuck, 2- me, 3- i, 4- have, 5- fallen, 6- for, 7- yet, 8- another, 9- kike, 10- merry, 11- go, 12- round, 13- of, 14- circular, 15- non, 16- arguments, 17- about, 18- the, 19- holohoax, 20- a, 21- death, 22- accountant, 23- you, 24- are, 25- right, 26- you, 27- are, 28- not, 29- you, 30- are, 31- a, 32- dumb, 33- cunt, 34- now, 35- fuck, 36- off, 37- off, 38- my, 39- timeline, 40- with, 41- your, 42- horse, 43- shit";"hatespeech targeting Jewish";"https://app.prolific.co/submissions/complete?cc=91442ADD"
"10136631_gab";"HateXplain";"the muzrat euro marathon";"1- the, 2- muzrat, 3- euro, 4- marathon";"hatespeech targeting Islam";"https://app.prolific.co/submissions/complete?cc=91442ADD"
"10037602_gab";"HateXplain";"dear black niggers fuck your poverty fuck your high crime neighborhoods fuck your niglets without fathers fuck your niggers killed by cops fuck your incarceration rate fuck your lives they do not matter to us fuck you we do not want you or need you all smart white people";"1- dear, 2- black, 3- niggers, 4- fuck, 5- your, 6- poverty, 7- fuck, 8- your, 9- high, 10- crime, 11- neighborhoods, 12- fuck, 13- your, 14- niglets, 15- without, 16- fathers, 17- fuck, 18- your, 19- niggers, 20- killed, 21- by, 22- cops, 23- fuck, 24- your, 25- incarceration, 26- rate, 27- fuck, 28- your, 29- lives, 30- they, 31- do, 32- not, 33- matter, 34- to, 35- us, 36- fuck, 37- you, 38- we, 39- do, 40- not, 41- want, 42- you, 43- or, 44- need, 45- you, 46- all, 47- smart, 48- white, 49- people";"hatespeech targeting African";"https://app.prolific.co/submissions/complete?cc=91442ADD"
"24958450_gab";"HateXplain";"idk we need our own internet and need to trash this whole system if gab is the zenith then the whole thing is still kike bullshit <user> ‍";"1- idk, 2- we, 3- need, 4- our, 5- own, 6- internet, 7- and, 8- need, 9- to, 10- trash, 11- this, 12- whole, 13- system, 14- if, 15- gab, 16- is, 17- the, 18- zenith, 19- then, 20- the, 21- whole, 22- thing, 23- is, 24- still, 25- kike, 26- bullshit, 27- <user>, 28- ‍";"hatespeech targeting Jewish";"https://app.prolific.co/submissions/complete?cc=91442ADD"
"8632276_gab";"HateXplain";"you have gotta be kidding me ranting muzzies can get their own island a prison island off the coast of papua new guinea";"1- you, 2- have, 3- gotta, 4- be, 5- kidding, 6- me, 7- ranting, 8- muzzies, 9- can, 10- get, 11- their, 12- own, 13- island, 14- a, 15- prison, 16- island, 17- off, 18- the, 19- coast, 20- of, 21- papua, 22- new, 23- guinea";"hatespeech targeting Islam";"https://app.prolific.co/submissions/complete?cc=91442ADD"
"26821350_gab";"HateXplain";"if we had to choose my wife and i would pick the black nigger";"1- if, 2- we, 3- had, 4- to, 5- choose, 6- my, 7- wife, 8- and, 9- i, 10- would, 11- pick, 12- the, 13- black, 14- nigger";"hatespeech targeting African";"https://app.prolific.co/submissions/complete?cc=91442ADD"
"27318507_gab";"HateXplain";"lmfao i have trs guys emailing me threats and shit had anglin in a chat stream once and i roasted him why are the kike kissers so worried about little ol me dude enoch is a kike get over it i am shaking in my boots over these threats faggot";"1- lmfao, 2- i, 3- have, 4- trs, 5- guys, 6- emailing, 7- me, 8- threats, 9- and, 10- shit, 11- had, 12- anglin, 13- in, 14- a, 15- chat, 16- stream, 17- once, 18- and, 19- i, 20- roasted, 21- him, 22- why, 23- are, 24- the, 25- kike, 26- kissers, 27- so, 28- worried, 29- about, 30- little, 31- ol, 32- me, 33- dude, 34- enoch, 35- is, 36- a, 37- kike, 38- get, 39- over, 40- it, 41- i, 42- am, 43- shaking, 44- in, 45- my, 46- boots, 47- over, 48- these, 49- threats, 50- faggot";"hatespeech targeting Jewish";"https://app.prolific.co/submissions/complete?cc=91442ADD"
"9097672_gab";"HateXplain";"just a reminder for my gab brothers and sisters to make noise about tell your friends and boycott time warner netflix starbucks patagonia and raise awareness about chobani yogurt connection to the rape of a <number> year old girl by muslimes in twin falls idaho speak with your wallet";"1- just, 2- a, 3- reminder, 4- for, 5- my, 6- gab, 7- brothers, 8- and, 9- sisters, 10- to, 11- make, 12- noise, 13- about, 14- tell, 15- your, 16- friends, 17- and, 18- boycott, 19- time, 20- warner, 21- netflix, 22- starbucks, 23- patagonia, 24- and, 25- raise, 26- awareness, 27- about, 28- chobani, 29- yogurt, 30- connection, 31- to, 32- the, 33- rape, 34- of, 35- a, 36- <number>, 37- year, 38- old, 39- girl, 40- by, 41- muslimes, 42- in, 43- twin, 44- falls, 45- idaho, 46- speak, 47- with, 48- your, 49- wallet";"hatespeech targeting Islam";"https://app.prolific.co/submissions/complete?cc=91442ADD"
"16874612_gab";"HateXplain";"yeah that dumb nigger just took all the evil of the kikes and blamed the nazis for it and actually expected someone to believe it i would call him jidf but he is so stupid i can smell the nigger stench through my screen";"1- yeah, 2- that, 3- dumb, 4- nigger, 5- just, 6- took, 7- all, 8- the, 9- evil, 10- of, 11- the, 12- kikes, 13- and, 14- blamed, 15- the, 16- nazis, 17- for, 18- it, 19- and, 20- actually, 21- expected, 22- someone, 23- to, 24- believe, 25- it, 26- i, 27- would, 28- call, 29- him, 30- jidf, 31- but, 32- he, 33- is, 34- so, 35- stupid, 36- i, 37- can, 38- smell, 39- the, 40- nigger, 41- stench, 42- through, 43- my, 44- screen";"hatespeech targeting African";"https://app.prolific.co/submissions/complete?cc=91442ADD"
"4406976_gab";"HateXplain";"<user> yeah well i could not listen to this cernolispy kike fag for more than 5 sec";"1- <user>, 2- yeah, 3- well, 4- i, 5- could, 6- not, 7- listen, 8- to, 9- this, 10- cernolispy, 11- kike, 12- fag, 13- for, 14- more, 15- than, 16- 5, 17- sec";"hatespeech targeting Jewish";"https://app.prolific.co/submissions/complete?cc=91442ADD"
"6834960_gab";"HateXplain";"what only phosphorus i think the israelies should just nuke the moslem pigs and get it over and done with fuck moslems cunts";"1- what, 2- only, 3- phosphorus, 4- i, 5- think, 6- the, 7- israelies, 8- should, 9- just, 10- nuke, 11- the, 12- moslem, 13- pigs, 14- and, 15- get, 16- it, 17- over, 18- and, 19- done, 20- with, 21- fuck, 22- moslems, 23- cunts";"hatespeech targeting Islam";"https://app.prolific.co/submissions/complete?cc=91442ADD"
"15681638_gab";"HateXplain";"i guess there are enough token niglets at the wedding";"1- i, 2- guess, 3- there, 4- are, 5- enough, 6- token, 7- niglets, 8- at, 9- the, 10- wedding";"hatespeech targeting African";"https://app.prolific.co/submissions/complete?cc=91442ADD"
"13385286_gab";"HateXplain";"she is referring to the de niro projects financed for or by kike rapist harvey weinstein it helps if you took english reading classes dummy";"1- she, 2- is, 3- referring, 4- to, 5- the, 6- de, 7- niro, 8- projects, 9- financed, 10- for, 11- or, 12- by, 13- kike, 14- rapist, 15- harvey, 16- weinstein, 17- it, 18- helps, 19- if, 20- you, 21- took, 22- english, 23- reading, 24- classes, 25- dummy";"hatespeech targeting Jewish";"https://app.prolific.co/submissions/complete?cc=91442ADD"
"13318606_gab";"HateXplain";"just hang the piece of moslem shit by the nuts with rusty wire if that does not work try his neck";"1- just, 2- hang, 3- the, 4- piece, 5- of, 6- moslem, 7- shit, 8- by, 9- the, 10- nuts, 11- with, 12- rusty, 13- wire, 14- if, 15- that, 16- does, 17- not, 18- work, 19- try, 20- his, 21- neck";"hatespeech targeting Islam";"https://app.prolific.co/submissions/complete?cc=91442ADD"
"11355837_gab";"HateXplain";"higher than a nigger tho";"1- higher, 2- than, 3- a, 4- nigger, 5- tho";"hatespeech targeting African";"https://app.prolific.co/submissions/complete?cc=91442ADD"
"5708239_gab";"HateXplain";"if i was trump i would certainly not be broadcasting my intentions for these hooknosed bastards he has been tossing them a bone for the time being while he figures out the correct strategy needed to eliminate this toxic and distractive influence from the world";"1- if, 2- i, 3- was, 4- trump, 5- i, 6- would, 7- certainly, 8- not, 9- be, 10- broadcasting, 11- my, 12- intentions, 13- for, 14- these, 15- hooknosed, 16- bastards, 17- he, 18- has, 19- been, 20- tossing, 21- them, 22- a, 23- bone, 24- for, 25- the, 26- time, 27- being, 28- while, 29- he, 30- figures, 31- out, 32- the, 33- correct, 34- strategy, 35- needed, 36- to, 37- eliminate, 38- this, 39- toxic, 40- and, 41- distractive, 42- influence, 43- from, 44- the, 45- world";"hatespeech targeting Jewish";"https://app.prolific.co/submissions/complete?cc=91442ADD"
"10431568_gab";"HateXplain";"remembering that this country was once an empire now england is a fucking moslem liberal run piece of shit country not fit for white people except those who want to be moslem slaves";"1- remembering, 2- that, 3- this, 4- country, 5- was, 6- once, 7- an, 8- empire, 9- now, 10- england, 11- is, 12- a, 13- fucking, 14- moslem, 15- liberal, 16- run, 17- piece, 18- of, 19- shit, 20- country, 21- not, 22- fit, 23- for, 24- white, 25- people, 26- except, 27- those, 28- who, 29- want, 30- to, 31- be, 32- moslem, 33- slaves";"hatespeech targeting Islam";"https://app.prolific.co/submissions/complete?cc=91442ADD"
"4577727_gab";"HateXplain";"<user> just saw a sad older couple with <number> mulatto grandkids at the store you know they are taking care of their degenerate mudshark daughter spawn sad";"1- <user>, 2- just, 3- saw, 4- a, 5- sad, 6- older, 7- couple, 8- with, 9- <number>, 10- mulatto, 11- grandkids, 12- at, 13- the, 14- store, 15- you, 16- know, 17- they, 18- are, 19- taking, 20- care, 21- of, 22- their, 23- degenerate, 24- mudshark, 25- daughter, 26- spawn, 27- sad";"hatespeech targeting African";"https://app.prolific.co/submissions/complete?cc=91442ADD"
"26820144_gab";"HateXplain";"most uncomfortable with trump kike connection hell his grandchildren are jews not good";"1- most, 2- uncomfortable, 3- with, 4- trump, 5- kike, 6- connection, 7- hell, 8- his, 9- grandchildren, 10- are, 11- jews, 12- not, 13- good";"hatespeech targeting Jewish";"https://app.prolific.co/submissions/complete?cc=91442ADD"
"25824141_gab";"HateXplain";"imagine eating a muzzie salad";"1- imagine, 2- eating, 3- a, 4- muzzie, 5- salad";"hatespeech targeting Islam";"https://app.prolific.co/submissions/complete?cc=91442ADD"
"16757317_gab";"HateXplain";"we can sieg heil whoever we want into office and it sure as fuck will not be a nigger lover ever again";"1- we, 2- can, 3- sieg, 4- heil, 5- whoever, 6- we, 7- want, 8- into, 9- office, 10- and, 11- it, 12- sure, 13- as, 14- fuck, 15- will, 16- not, 17- be, 18- a, 19- nigger, 20- lover, 21- ever, 22- again";"hatespeech targeting African";"https://app.prolific.co/submissions/complete?cc=91442ADD"
"12582904_gab";"HateXplain";"hitler made numerous peace offers but uk churchill ignored them did you know that kike puppet";"1- hitler, 2- made, 3- numerous, 4- peace, 5- offers, 6- but, 7- uk, 8- churchill, 9- ignored, 10- them, 11- did, 12- you, 13- know, 14- that, 15- kike, 16- puppet";"hatespeech targeting Jewish";"https://app.prolific.co/submissions/complete?cc=91442ADD"
"attention_54";"attention check sentences (HateXplain targeting)";"i kinda hate old people and i hope i dont end up like the ones you meet in the public bus";"1- i, 2- kinda, 3- hate, 4- old, 5- people, 6- and, 7- i, 8- hope, 9- i, 10- dont, 11- end, 12- up, 13- like, 14- the, 15- ones, 16- you, 17- meet, 18- in, 19- the, 20- public, 21- bus";"offensive";"https://app.prolific.co/submissions/complete?cc=91442ADD"