ID;dataset;text;tokens;label;redirectUrl
12128268_gab;HateXplain;only thing i want to hear accept cut refugees to zero;1- only, 2- thing, 3- i, 4- want, 5- to, 6- hear, 7- accept, 8- cut, 9- refugees, 10- to, 11- zero;offensive targeting Refugee;https://app.prolific.co/submissions/complete?cc=91442ADD
1215389430208454656_twitter;HateXplain;<user> <user> when like minded immigrants are settled into one community the results are obvious;1- <user>, 2- <user>, 3- when, 4- like, 5- minded, 6- immigrants, 7- are, 8- settled, 9- into, 10- one, 11- community, 12- the, 13- results, 14- are, 15- obvious;offensive targeting Refugee;https://app.prolific.co/submissions/complete?cc=91442ADD
12385255_gab;HateXplain;i bet most germans would rather be bored than raped and killed by migrant monsters;1- i, 2- bet, 3- most, 4- germans, 5- would, 6- rather, 7- be, 8- bored, 9- than, 10- raped, 11- and, 12- killed, 13- by, 14- migrant, 15- monsters;hatespeech targeting Refugee;https://app.prolific.co/submissions/complete?cc=91442ADD
1248315584783233025_twitter;HateXplain;it ’ a crime to put illegal aliens before americans and i ’ m f ’ kng sick of it;1- it, 2- ’, 3- a, 4- crime, 5- to, 6- put, 7- illegal, 8- aliens, 9- before, 10- americans, 11- and, 12- i, 13- ’, 14- m, 15- f, 16- ’, 17- kng, 18- sick, 19- of, 20- it;offensive targeting Refugee;https://app.prolific.co/submissions/complete?cc=91442ADD
12777328_gab;HateXplain;we could update the refugee law if a refugee kills someone then <number> people from that refugee country are deported each time it happens we double the number deported to that country;1- we, 2- could, 3- update, 4- the, 5- refugee, 6- law, 7- if, 8- a, 9- refugee, 10- kills, 11- someone, 12- then, 13- <number>, 14- people, 15- from, 16- that, 17- refugee, 18- country, 19- are, 20- deported, 21- each, 22- time, 23- it, 24- happens, 25- we, 26- double, 27- the, 28- number, 29- deported, 30- to, 31- that, 32- country;offensive targeting Refugee;https://app.prolific.co/submissions/complete?cc=91442ADD
1178831184966684673_twitter;HateXplain;<user> did not ching chong swat his friend or something;1- <user>, 2- did, 3- not, 4- ching, 5- chong, 6- swat, 7- his, 8- friend, 9- or, 10- something;offensive targeting Asian;https://app.prolific.co/submissions/complete?cc=91442ADD
15500373_gab;HateXplain;beat a guy from bejing in the world jousting final found a chink in his armour;1- beat, 2- a, 3- guy, 4- from, 5- bejing, 6- in, 7- the, 8- world, 9- jousting, 10- final, 11- found, 12- a, 13- chink, 14- in, 15- his, 16- armour;hatespeech targeting Asian;https://app.prolific.co/submissions/complete?cc=91442ADD
1178667690984128512_twitter;HateXplain;<user> cries in ching chong;1- <user>, 2- cries, 3- in, 4- ching, 5- chong;hatespeech targeting Asian;https://app.prolific.co/submissions/complete?cc=91442ADD
10417291_gab;HateXplain;i never saw a chink pussy and do not plan on breaking that record 🖕 🙄 🖕;1- i, 2- never, 3- saw, 4- a, 5- chink, 6- pussy, 7- and, 8- do, 9- not, 10- plan, 11- on, 12- breaking, 13- that, 14- record, 15- 🖕, 16- 🙄, 17- 🖕;offensive targeting Asian;https://app.prolific.co/submissions/complete?cc=91442ADD
1178174090739253249_twitter;HateXplain;<user> my ching chong dumb ass thought he was cutting dog meat;1- <user>, 2- my, 3- ching, 4- chong, 5- dumb, 6- ass, 7- thought, 8- he, 9- was, 10- cutting, 11- dog, 12- meat;hatespeech targeting Asian;https://app.prolific.co/submissions/complete?cc=91442ADD
23580965_gab;HateXplain;you must be removed from earth you gook trash;1- you, 2- must, 3- be, 4- removed, 5- from, 6- earth, 7- you, 8- gook, 9- trash;hatespeech targeting Asian;https://app.prolific.co/submissions/complete?cc=91442ADD
1177991365839507456_twitter;HateXplain;<user> <user> ching chong you are wrong;1- <user>, 2- <user>, 3- ching, 4- chong, 5- you, 6- are, 7- wrong;hatespeech targeting Asian;https://app.prolific.co/submissions/complete?cc=91442ADD
22234676_gab;HateXplain;i give up guys anglin is more pro white by fucking gook hookers we all should follow him like some sick puppy and do as he does;1- i, 2- give, 3- up, 4- guys, 5- anglin, 6- is, 7- more, 8- pro, 9- white, 10- by, 11- fucking, 12- gook, 13- hookers, 14- we, 15- all, 16- should, 17- follow, 18- him, 19- like, 20- some, 21- sick, 22- puppy, 23- and, 24- do, 25- as, 26- he, 27- does;hatespeech targeting Asian;https://app.prolific.co/submissions/complete?cc=91442ADD
1179056000449445888_twitter;HateXplain;<user> <user> ching chong ching chong you <number>;1- <user>, 2- <user>, 3- ching, 4- chong, 5- ching, 6- chong, 7- you, 8- <number>;offensive targeting Asian;https://app.prolific.co/submissions/complete?cc=91442ADD
21421213_gab;HateXplain;weev talks about killing and raping white women <user> ‍ talks about putting gook women over white women was this shooter apart of the anti white women mgtow stormer;1- weev, 2- talks, 3- about, 4- killing, 5- and, 6- raping, 7- white, 8- women, 9- <user>, 10- talks, 11- about, 12- putting, 13- gook, 14- women, 15- over, 16- white, 17- women, 18- was, 19- this, 20- shooter, 21- apart, 22- of, 23- the, 24- anti, 25- white, 26- women, 27- mgtow, 28- stormer;hatespeech targeting Asian;https://app.prolific.co/submissions/complete?cc=91442ADD
1179083549439193089_twitter;HateXplain;rosie o ching chong wing wong i hate chinks donnell;1- rosie, 2- o, 3- ching, 4- chong, 5- wing, 6- wong, 7- i, 8- hate, 9- chinks, 10- donnell;hatespeech targeting Asian;https://app.prolific.co/submissions/complete?cc=91442ADD
12103098_gab;HateXplain;trump should pardon shekreli and deport the gook judge;1- trump, 2- should, 3- pardon, 4- shekreli, 5- and, 6- deport, 7- the, 8- gook, 9- judge;hatespeech targeting Asian;https://app.prolific.co/submissions/complete?cc=91442ADD
1096513827875770369_twitter;HateXplain;ching chong bing bong i am chinese who order fried rice lo mein sun tzu;1- ching, 2- chong, 3- bing, 4- bong, 5- i, 6- am, 7- chinese, 8- who, 9- order, 10- fried, 11- rice, 12- lo, 13- mein, 14- sun, 15- tzu;offensive targeting Asian;https://app.prolific.co/submissions/complete?cc=91442ADD
13681983_gab;HateXplain;did chinaman really invent the internet how about electricity internal combustion engine maybe the movie industry space travel microscope microchip submarine airplane;1- did, 2- chinaman, 3- really, 4- invent, 5- the, 6- internet, 7- how, 8- about, 9- electricity, 10- internal, 11- combustion, 12- engine, 13- maybe, 14- the, 15- movie, 16- industry, 17- space, 18- travel, 19- microscope, 20- microchip, 21- submarine, 22- airplane;offensive targeting Asian;https://app.prolific.co/submissions/complete?cc=91442ADD
1179010444452864002_twitter;HateXplain;<user> <user> <user> <user> <user> shit i do not even wanna be here there is a retard in the white house;1- <user>, 2- <user>, 3- <user>, 4- <user>, 5- <user>, 6- shit, 7- i, 8- do, 9- not, 10- even, 11- wanna, 12- be, 13- here, 14- there, 15- is, 16- a, 17- retard, 18- in, 19- the, 20- white, 21- house;offensive targeting Disability;https://app.prolific.co/submissions/complete?cc=91442ADD
14567516_gab;HateXplain;nogs jews and dykes how enriching;1- nogs, 2- jews, 3- and, 4- dykes, 5- how, 6- enriching;offensive targeting African;https://app.prolific.co/submissions/complete?cc=91442ADD
1178503399962300416_twitter;HateXplain;i hate fucking niggers;1- i, 2- hate, 3- fucking, 4- niggers;hatespeech targeting African;https://app.prolific.co/submissions/complete?cc=91442ADD
9831315_gab;HateXplain;pls call this coon out for the of impoverished blks living on he brink while he and his clowngressional bleak carcass cbc use every avenue to distract from their cowardly performances;1- pls, 2- call, 3- this, 4- coon, 5- out, 6- for, 7- the, 8- of, 9- impoverished, 10- blks, 11- living, 12- on, 13- he, 14- brink, 15- while, 16- he, 17- and, 18- his, 19- clowngressional, 20- bleak, 21- carcass, 22- cbc, 23- use, 24- every, 25- avenue, 26- to, 27- distract, 28- from, 29- their, 30- cowardly, 31- performances;hatespeech targeting African;https://app.prolific.co/submissions/complete?cc=91442ADD
1163163689027022851_twitter;HateXplain;honestly man most of you guys are nigger faggots;1- honestly, 2- man, 3- most, 4- of, 5- you, 6- guys, 7- are, 8- nigger, 9- faggots;hatespeech targeting African;https://app.prolific.co/submissions/complete?cc=91442ADD
20448576_gab;HateXplain;a negress too dumb to fuck has a scant chance of understanding anything beyond the size of a dick;1- a, 2- negress, 3- too, 4- dumb, 5- to, 6- fuck, 7- has, 8- a, 9- scant, 10- chance, 11- of, 12- understanding, 13- anything, 14- beyond, 15- the, 16- size, 17- of, 18- a, 19- dick;hatespeech targeting African;https://app.prolific.co/submissions/complete?cc=91442ADD
1179056260169134082_twitter;HateXplain;<user> <user> facts lol that nigger came for me on here;1- <user>, 2- <user>, 3- facts, 4- lol, 5- that, 6- nigger, 7- came, 8- for, 9- me, 10- on, 11- here;hatespeech targeting African;https://app.prolific.co/submissions/complete?cc=91442ADD
18488208_gab;HateXplain;reports that georgia is turning blue are mistaken it turning nigger;1- reports, 2- that, 3- georgia, 4- is, 5- turning, 6- blue, 7- are, 8- mistaken, 9- it, 10- turning, 11- nigger;hatespeech targeting African;https://app.prolific.co/submissions/complete?cc=91442ADD
1178772468397416452_twitter;HateXplain;<user> wash ya face u stupid nigger;1- <user>, 2- wash, 3- ya, 4- face, 5- u, 6- stupid, 7- nigger;hatespeech targeting African;https://app.prolific.co/submissions/complete?cc=91442ADD
20151499_gab;HateXplain;paul joseph watson thinks he looks cool with a ciggie hanging out of his big nigger lips;1- paul, 2- joseph, 3- watson, 4- thinks, 5- he, 6- looks, 7- cool, 8- with, 9- a, 10- ciggie, 11- hanging, 12- out, 13- of, 14- his, 15- big, 16- nigger, 17- lips;hatespeech targeting African;https://app.prolific.co/submissions/complete?cc=91442ADD
attention_4;attention check sentences (HateXplain targeting);all americans are stupid stubborn obese arrogant and think theyre awesome because theyre from america;1- all, 2- americans, 3- are, 4- stupid, 5- stubborn, 6- obese, 7- arrogant, 8- and, 9- think, 10- theyre, 11- awesome, 12- because, 13- theyre, 14- from, 15- america;offensive;https://app.prolific.co/submissions/complete?cc=91442ADD