"ID";"dataset";"text";"tokens";"label";"redirectUrl"
"8361159_gab";"HateXplain";"enie meenie minnie mo catch a niggar by his toe huh oh is it sposed to be tigar 🐯 my bad";"1- enie, 2- meenie, 3- minnie, 4- mo, 5- catch, 6- a, 7- niggar, 8- by, 9- his, 10- toe, 11- huh, 12- oh, 13- is, 14- it, 15- sposed, 16- to, 17- be, 18- tigar, 19- 🐯, 20- my, 21- bad";"offensive targeting African";"https://app.prolific.co/submissions/complete?cc=91442ADD"
"16074519_gab";"HateXplain";"he going to get fucked by the left i blame this on trumps lack of kike awareness his son in law for example";"1- he, 2- going, 3- to, 4- get, 5- fucked, 6- by, 7- the, 8- left, 9- i, 10- blame, 11- this, 12- on, 13- trumps, 14- lack, 15- of, 16- kike, 17- awareness, 18- his, 19- son, 20- in, 21- law, 22- for, 23- example";"hatespeech targeting Jewish";"https://app.prolific.co/submissions/complete?cc=91442ADD"
"25296993_gab";"HateXplain";"is not there any inbred muzzie filth to fight with on gab i d like to practice my free speech";"1- is, 2- not, 3- there, 4- any, 5- inbred, 6- muzzie, 7- filth, 8- to, 9- fight, 10- with, 11- on, 12- gab, 13- i, 14- d, 15- like, 16- to, 17- practice, 18- my, 19- free, 20- speech";"hatespeech targeting Islam";"https://app.prolific.co/submissions/complete?cc=91442ADD"
"27416904_gab";"HateXplain";"square up to it mental nigger come at me and tell me how jesus came back from the dead because that the claim it a claim it a factual claim not presented as a myth so get up and tell me it true you mind nigger";"1- square, 2- up, 3- to, 4- it, 5- mental, 6- nigger, 7- come, 8- at, 9- me, 10- and, 11- tell, 12- me, 13- how, 14- jesus, 15- came, 16- back, 17- from, 18- the, 19- dead, 20- because, 21- that, 22- the, 23- claim, 24- it, 25- a, 26- claim, 27- it, 28- a, 29- factual, 30- claim, 31- not, 32- presented, 33- as, 34- a, 35- myth, 36- so, 37- get, 38- up, 39- and, 40- tell, 41- me, 42- it, 43- true, 44- you, 45- mind, 46- nigger";"hatespeech targeting African";"https://app.prolific.co/submissions/complete?cc=91442ADD"
"10762626_gab";"HateXplain";"that fine i called him a kike on the radical agenda";"1- that, 2- fine, 3- i, 4- called, 5- him, 6- a, 7- kike, 8- on, 9- the, 10- radical, 11- agenda";"hatespeech targeting Jewish";"https://app.prolific.co/submissions/complete?cc=91442ADD"
"8652739_gab";"HateXplain";"looks like barren cat lady will be retiring soon there a lesson go soft on the muzzies and pay the price at the ballot box";"1- looks, 2- like, 3- barren, 4- cat, 5- lady, 6- will, 7- be, 8- retiring, 9- soon, 10- there, 11- a, 12- lesson, 13- go, 14- soft, 15- on, 16- the, 17- muzzies, 18- and, 19- pay, 20- the, 21- price, 22- at, 23- the, 24- ballot, 25- box";"hatespeech targeting Islam";"https://app.prolific.co/submissions/complete?cc=91442ADD"
"15136724_gab";"HateXplain";"fuck nigger culture";"1- fuck, 2- nigger, 3- culture";"hatespeech targeting African";"https://app.prolific.co/submissions/complete?cc=91442ADD"
"24449567_gab";"HateXplain";"tell me how dna testing is not real than huh how it fucking fake you kike piece of shit";"1- tell, 2- me, 3- how, 4- dna, 5- testing, 6- is, 7- not, 8- real, 9- than, 10- huh, 11- how, 12- it, 13- fucking, 14- fake, 15- you, 16- kike, 17- piece, 18- of, 19- shit";"hatespeech targeting Jewish";"https://app.prolific.co/submissions/complete?cc=91442ADD"
"25867081_gab";"HateXplain";"that happens with inbred sandwops from the middle east and africa so that is why never trust a word they utter taqiyyah deceit and lies muhammad says that is part of being a moslem shite";"1- that, 2- happens, 3- with, 4- inbred, 5- sandwops, 6- from, 7- the, 8- middle, 9- east, 10- and, 11- africa, 12- so, 13- that, 14- is, 15- why, 16- never, 17- trust, 18- a, 19- word, 20- they, 21- utter, 22- taqiyyah, 23- deceit, 24- and, 25- lies, 26- muhammad, 27- says, 28- that, 29- is, 30- part, 31- of, 32- being, 33- a, 34- moslem, 35- shite";"hatespeech targeting Islam";"https://app.prolific.co/submissions/complete?cc=91442ADD"
"19939869_gab";"HateXplain";"nigger lovin fgt";"1- nigger, 2- lovin, 3- fgt";"offensive targeting African";"https://app.prolific.co/submissions/complete?cc=91442ADD"
"20737742_gab";"HateXplain";"it about time trump fires this little kike whore and jared too";"1- it, 2- about, 3- time, 4- trump, 5- fires, 6- this, 7- little, 8- kike, 9- whore, 10- and, 11- jared, 12- too";"hatespeech targeting Jewish";"https://app.prolific.co/submissions/complete?cc=91442ADD"
"27209395_gab";"HateXplain";"the muzrat effect";"1- the, 2- muzrat, 3- effect";"hatespeech targeting Islam";"https://app.prolific.co/submissions/complete?cc=91442ADD"
"14287906_gab";"HateXplain";"good thing nigger rhymes with nigger or lil wayne would be out of a job";"1- good, 2- thing, 3- nigger, 4- rhymes, 5- with, 6- nigger, 7- or, 8- lil, 9- wayne, 10- would, 11- be, 12- out, 13- of, 14- a, 15- job";"hatespeech targeting African";"https://app.prolific.co/submissions/complete?cc=91442ADD"
"4622912_gab";"HateXplain";"they do they chase after the nordic alpha with mucilaginous desperation all abasement and kike headgames like all yid bitches they end up hitching to a balding hymie cuck who thinks himself secure behind a thin prenup the norish man goes on to have beautiful white children with white goddesses";"1- they, 2- do, 3- they, 4- chase, 5- after, 6- the, 7- nordic, 8- alpha, 9- with, 10- mucilaginous, 11- desperation, 12- all, 13- abasement, 14- and, 15- kike, 16- headgames, 17- like, 18- all, 19- yid, 20- bitches, 21- they, 22- end, 23- up, 24- hitching, 25- to, 26- a, 27- balding, 28- hymie, 29- cuck, 30- who, 31- thinks, 32- himself, 33- secure, 34- behind, 35- a, 36- thin, 37- prenup, 38- the, 39- norish, 40- man, 41- goes, 42- on, 43- to, 44- have, 45- beautiful, 46- white, 47- children, 48- with, 49- white, 50- goddesses";"hatespeech targeting Jewish";"https://app.prolific.co/submissions/complete?cc=91442ADD"
"1246488_gab";"HateXplain";"<user> that probably what they paid millions of dollars for investing in their future influence weapons deals military support training protection goodwill for continued moslem hijrah invasion by migration lenience and special privileges in the handling of crimes involving moslems";"1- <user>, 2- that, 3- probably, 4- what, 5- they, 6- paid, 7- millions, 8- of, 9- dollars, 10- for, 11- investing, 12- in, 13- their, 14- future, 15- influence, 16- weapons, 17- deals, 18- military, 19- support, 20- training, 21- protection, 22- goodwill, 23- for, 24- continued, 25- moslem, 26- hijrah, 27- invasion, 28- by, 29- migration, 30- lenience, 31- and, 32- special, 33- privileges, 34- in, 35- the, 36- handling, 37- of, 38- crimes, 39- involving, 40- moslems";"hatespeech targeting Islam";"https://app.prolific.co/submissions/complete?cc=91442ADD"
"11405040_gab";"HateXplain";"crazy i hope nbc black starts using nigger speak";"1- crazy, 2- i, 3- hope, 4- nbc, 5- black, 6- starts, 7- using, 8- nigger, 9- speak";"hatespeech targeting African";"https://app.prolific.co/submissions/complete?cc=91442ADD"
"19838726_gab";"HateXplain";"anytime bro rekt the kike christ cuck fuckers shits about to get real";"1- anytime, 2- bro, 3- rekt, 4- the, 5- kike, 6- christ, 7- cuck, 8- fuckers, 9- shits, 10- about, 11- to, 12- get, 13- real";"hatespeech targeting Jewish";"https://app.prolific.co/submissions/complete?cc=91442ADD"
"23163036_gab";"HateXplain";"let moslems have a no bag limit on moslem girls";"1- let, 2- moslems, 3- have, 4- a, 5- no, 6- bag, 7- limit, 8- on, 9- moslem, 10- girls";"hatespeech targeting Islam";"https://app.prolific.co/submissions/complete?cc=91442ADD"
"19793197_gab";"HateXplain";"iq matters you virtue signalling twat while you are lecturing on the precise definition of racism niggers wetbacks and muzzies are planning how to rape your daughter and steal your house";"1- iq, 2- matters, 3- you, 4- virtue, 5- signalling, 6- twat, 7- while, 8- you, 9- are, 10- lecturing, 11- on, 12- the, 13- precise, 14- definition, 15- of, 16- racism, 17- niggers, 18- wetbacks, 19- and, 20- muzzies, 21- are, 22- planning, 23- how, 24- to, 25- rape, 26- your, 27- daughter, 28- and, 29- steal, 30- your, 31- house";"hatespeech targeting African";"https://app.prolific.co/submissions/complete?cc=91442ADD"
"26212911_gab";"HateXplain";"jew on a stick now kike in a bag whatever will they think of next";"1- jew, 2- on, 3- a, 4- stick, 5- now, 6- kike, 7- in, 8- a, 9- bag, 10- whatever, 11- will, 12- they, 13- think, 14- of, 15- next";"hatespeech targeting Jewish";"https://app.prolific.co/submissions/complete?cc=91442ADD"
"10023158_gab";"HateXplain";"what kind of retard would put mooslem women and honor in the same sentence and anyone can see where their head is at by using the word keep women hell i do not even keep my cat and no westerner ever forced plastic surgery on me a fucking islam apologist wrote that shit";"1- what, 2- kind, 3- of, 4- retard, 5- would, 6- put, 7- mooslem, 8- women, 9- and, 10- honor, 11- in, 12- the, 13- same, 14- sentence, 15- and, 16- anyone, 17- can, 18- see, 19- where, 20- their, 21- head, 22- is, 23- at, 24- by, 25- using, 26- the, 27- word, 28- keep, 29- women, 30- hell, 31- i, 32- do, 33- not, 34- even, 35- keep, 36- my, 37- cat, 38- and, 39- no, 40- westerner, 41- ever, 42- forced, 43- plastic, 44- surgery, 45- on, 46- me, 47- a, 48- fucking, 49- islam, 50- apologist, 51- wrote, 52- that, 53- shit";"offensive targeting Islam";"https://app.prolific.co/submissions/complete?cc=91442ADD"
"16986016_gab";"HateXplain";"i had a white christmas i went to a country bar in rural nevada and did not see a single shitskin all day dropped some redpills and made a few friends hail victory comrades";"1- i, 2- had, 3- a, 4- white, 5- christmas, 6- i, 7- went, 8- to, 9- a, 10- country, 11- bar, 12- in, 13- rural, 14- nevada, 15- and, 16- did, 17- not, 18- see, 19- a, 20- single, 21- shitskin, 22- all, 23- day, 24- dropped, 25- some, 26- redpills, 27- and, 28- made, 29- a, 30- few, 31- friends, 32- hail, 33- victory, 34- comrades";"hatespeech targeting African";"https://app.prolific.co/submissions/complete?cc=91442ADD"
"24916185_gab";"HateXplain";"<percent> kike move";"1- <percent>, 2- kike, 3- move";"hatespeech targeting Jewish";"https://app.prolific.co/submissions/complete?cc=91442ADD"
"10064546_gab";"HateXplain";"we used <number> call this song cat stevens fever before we knew cat stevens was a muslim idiot pantera cat scratch fever ted nugent cat scratch fever";"1- we, 2- used, 3- <number>, 4- call, 5- this, 6- song, 7- cat, 8- stevens, 9- fever, 10- before, 11- we, 12- knew, 13- cat, 14- stevens, 15- was, 16- a, 17- muslim, 18- idiot, 19- pantera, 20- cat, 21- scratch, 22- fever, 23- ted, 24- nugent, 25- cat, 26- scratch, 27- fever";"hatespeech targeting Islam";"https://app.prolific.co/submissions/complete?cc=91442ADD"
"19173007_gab";"HateXplain";"not to mention his butt fucking nigger boy cracksmoking faggot lover kike degeneracy at it finest";"1- not, 2- to, 3- mention, 4- his, 5- butt, 6- fucking, 7- nigger, 8- boy, 9- cracksmoking, 10- faggot, 11- lover, 12- kike, 13- degeneracy, 14- at, 15- it, 16- finest";"hatespeech targeting African";"https://app.prolific.co/submissions/complete?cc=91442ADD"
"14040494_gab";"HateXplain";"you did nothing i did you still do nothing i do you are the kike";"1- you, 2- did, 3- nothing, 4- i, 5- did, 6- you, 7- still, 8- do, 9- nothing, 10- i, 11- do, 12- you, 13- are, 14- the, 15- kike";"hatespeech targeting Jewish";"https://app.prolific.co/submissions/complete?cc=91442ADD"
"10498500_gab";"HateXplain";"there is a war on christianity discrimination against christians democratparty muslim groups allied to spread communism sharia nosharia";"1- there, 2- is, 3- a, 4- war, 5- on, 6- christianity, 7- discrimination, 8- against, 9- christians, 10- democratparty, 11- muslim, 12- groups, 13- allied, 14- to, 15- spread, 16- communism, 17- sharia, 18- nosharia";"offensive targeting Islam";"https://app.prolific.co/submissions/complete?cc=91442ADD"
"27797594_gab";"HateXplain";"damn im about to workouy like a cotton field slave nigger sanz yar";"1- damn, 2- im, 3- about, 4- to, 5- workouy, 6- like, 7- a, 8- cotton, 9- field, 10- slave, 11- nigger, 12- sanz, 13- yar";"offensive targeting African";"https://app.prolific.co/submissions/complete?cc=91442ADD"
"24004249_gab";"HateXplain";"<user> ‍ maybe you should stop demanding the token kike be your personal jesus";"1- <user>, 2- ‍, 3- maybe, 4- you, 5- should, 6- stop, 7- demanding, 8- the, 9- token, 10- kike, 11- be, 12- your, 13- personal, 14- jesus";"hatespeech targeting Jewish";"https://app.prolific.co/submissions/complete?cc=91442ADD"
"attention_50";"attention check sentences (HateXplain targeting)";"poor broke ass cracker bitch get off my dick";"1- poor, 2- broke, 3- ass, 4- cracker, 5- bitch, 6- get, 7- off, 8- my, 9- dick";"offensive";"https://app.prolific.co/submissions/complete?cc=91442ADD"