"ID";"dataset";"text";"tokens";"label";"redirectUrl"
"18229799_gab";"HateXplain";"psychopathic inbred kike djuggie schooma manages to eat his own anus";"1- psychopathic, 2- inbred, 3- kike, 4- djuggie, 5- schooma, 6- manages, 7- to, 8- eat, 9- his, 10- own, 11- anus";"hatespeech targeting Jewish";"https://app.prolific.co/submissions/complete?cc=91442ADD"
"15651554_gab";"HateXplain";"i did not realize the multicult turned on buddhists so long ago i always used them around shit libs when they said trump is a national embarrassment they care much about what euro cucks and muzzies think";"1- i, 2- did, 3- not, 4- realize, 5- the, 6- multicult, 7- turned, 8- on, 9- buddhists, 10- so, 11- long, 12- ago, 13- i, 14- always, 15- used, 16- them, 17- around, 18- shit, 19- libs, 20- when, 21- they, 22- said, 23- trump, 24- is, 25- a, 26- national, 27- embarrassment, 28- they, 29- care, 30- much, 31- about, 32- what, 33- euro, 34- cucks, 35- and, 36- muzzies, 37- think";"hatespeech targeting Islam";"https://app.prolific.co/submissions/complete?cc=91442ADD"
"19590544_gab";"HateXplain";"oh absolutely kelly the nigger is worthless a slur is needed to let them know what their proper place is the nigger wants us dead any white that does not understand this is doomed";"1- oh, 2- absolutely, 3- kelly, 4- the, 5- nigger, 6- is, 7- worthless, 8- a, 9- slur, 10- is, 11- needed, 12- to, 13- let, 14- them, 15- know, 16- what, 17- their, 18- proper, 19- place, 20- is, 21- the, 22- nigger, 23- wants, 24- us, 25- dead, 26- any, 27- white, 28- that, 29- does, 30- not, 31- understand, 32- this, 33- is, 34- doomed";"hatespeech targeting African";"https://app.prolific.co/submissions/complete?cc=91442ADD"
"20213902_gab";"HateXplain";"how would issues even be brought up to vote for in that system some kike will push drug legalization or gay marriage or something";"1- how, 2- would, 3- issues, 4- even, 5- be, 6- brought, 7- up, 8- to, 9- vote, 10- for, 11- in, 12- that, 13- system, 14- some, 15- kike, 16- will, 17- push, 18- drug, 19- legalization, 20- or, 21- gay, 22- marriage, 23- or, 24- something";"hatespeech targeting Jewish";"https://app.prolific.co/submissions/complete?cc=91442ADD"
"3143865_gab";"HateXplain";"when asked what muslimes have contributed to society i replied they invented the time machine that can transport you all back to the stone ages it called islam";"1- when, 2- asked, 3- what, 4- muslimes, 5- have, 6- contributed, 7- to, 8- society, 9- i, 10- replied, 11- they, 12- invented, 13- the, 14- time, 15- machine, 16- that, 17- can, 18- transport, 19- you, 20- all, 21- back, 22- to, 23- the, 24- stone, 25- ages, 26- it, 27- called, 28- islam";"hatespeech targeting Islam";"https://app.prolific.co/submissions/complete?cc=91442ADD"
"20120250_gab";"HateXplain";"roflmao yeah nothing us your own fault us it jonni you fucktwits gave up years ago and you have been surrendering to every shadow you pass since grow a spine for a change and take responsibility for yourselves you are starting to sound like a nigger now";"1- roflmao, 2- yeah, 3- nothing, 4- us, 5- your, 6- own, 7- fault, 8- us, 9- it, 10- jonni, 11- you, 12- fucktwits, 13- gave, 14- up, 15- years, 16- ago, 17- and, 18- you, 19- have, 20- been, 21- surrendering, 22- to, 23- every, 24- shadow, 25- you, 26- pass, 27- since, 28- grow, 29- a, 30- spine, 31- for, 32- a, 33- change, 34- and, 35- take, 36- responsibility, 37- for, 38- yourselves, 39- you, 40- are, 41- starting, 42- to, 43- sound, 44- like, 45- a, 46- nigger, 47- now";"hatespeech targeting African";"https://app.prolific.co/submissions/complete?cc=91442ADD"
"20448158_gab";"HateXplain";"said in maximum kike voice";"1- said, 2- in, 3- maximum, 4- kike, 5- voice";"hatespeech targeting Jewish";"https://app.prolific.co/submissions/complete?cc=91442ADD"
"18208872_gab";"HateXplain";"its the islamic signal they are ready and willing to be anally bred by goats or another moslem obviously";"1- its, 2- the, 3- islamic, 4- signal, 5- they, 6- are, 7- ready, 8- and, 9- willing, 10- to, 11- be, 12- anally, 13- bred, 14- by, 15- goats, 16- or, 17- another, 18- moslem, 19- obviously";"hatespeech targeting Islam";"https://app.prolific.co/submissions/complete?cc=91442ADD"
"22538599_gab";"HateXplain";"i am going to say that the nigger who shot that poor white women is a faggot he was sucking that wigger policemen dick the woman saw it and he raised up and shot her";"1- i, 2- am, 3- going, 4- to, 5- say, 6- that, 7- the, 8- nigger, 9- who, 10- shot, 11- that, 12- poor, 13- white, 14- women, 15- is, 16- a, 17- faggot, 18- he, 19- was, 20- sucking, 21- that, 22- wigger, 23- policemen, 24- dick, 25- the, 26- woman, 27- saw, 28- it, 29- and, 30- he, 31- raised, 32- up, 33- and, 34- shot, 35- her";"offensive targeting African";"https://app.prolific.co/submissions/complete?cc=91442ADD"
"8297655_gab";"HateXplain";"to each their own i prefer not to get into pissing matches with wn on either side of the kike on a stick issue i d rather find common cause with both factions i am sure a christian would provide you better discussion on the matter";"1- to, 2- each, 3- their, 4- own, 5- i, 6- prefer, 7- not, 8- to, 9- get, 10- into, 11- pissing, 12- matches, 13- with, 14- wn, 15- on, 16- either, 17- side, 18- of, 19- the, 20- kike, 21- on, 22- a, 23- stick, 24- issue, 25- i, 26- d, 27- rather, 28- find, 29- common, 30- cause, 31- with, 32- both, 33- factions, 34- i, 35- am, 36- sure, 37- a, 38- christian, 39- would, 40- provide, 41- you, 42- better, 43- discussion, 44- on, 45- the, 46- matter";"hatespeech targeting Jewish";"https://app.prolific.co/submissions/complete?cc=91442ADD"
"24225614_gab";"HateXplain";"i just want to say muslimes f off";"1- i, 2- just, 3- want, 4- to, 5- say, 6- muslimes, 7- f, 8- off";"hatespeech targeting Islam";"https://app.prolific.co/submissions/complete?cc=91442ADD"
"12503777_gab";"HateXplain";"its so fucked up that someone as smart as me gets brain cancer 🤔 that would be a like a jew getting wallet cancer or a nigger getting turd cancer ew";"1- its, 2- so, 3- fucked, 4- up, 5- that, 6- someone, 7- as, 8- smart, 9- as, 10- me, 11- gets, 12- brain, 13- cancer, 14- 🤔, 15- that, 16- would, 17- be, 18- a, 19- like, 20- a, 21- jew, 22- getting, 23- wallet, 24- cancer, 25- or, 26- a, 27- nigger, 28- getting, 29- turd, 30- cancer, 31- ew";"hatespeech targeting African";"https://app.prolific.co/submissions/complete?cc=91442ADD"
"18452041_gab";"HateXplain";"hey how about you go be a kike somewhere else schlomo sound good";"1- hey, 2- how, 3- about, 4- you, 5- go, 6- be, 7- a, 8- kike, 9- somewhere, 10- else, 11- schlomo, 12- sound, 13- good";"hatespeech targeting Jewish";"https://app.prolific.co/submissions/complete?cc=91442ADD"
"15285239_gab";"HateXplain";"minnesota the leftwing moron state home of al frankenstein does not have reciprocity with texas they are too busy letting the muzzies take over to do anything sensible swamp ducks";"1- minnesota, 2- the, 3- leftwing, 4- moron, 5- state, 6- home, 7- of, 8- al, 9- frankenstein, 10- does, 11- not, 12- have, 13- reciprocity, 14- with, 15- texas, 16- they, 17- are, 18- too, 19- busy, 20- letting, 21- the, 22- muzzies, 23- take, 24- over, 25- to, 26- do, 27- anything, 28- sensible, 29- swamp, 30- ducks";"hatespeech targeting Islam";"https://app.prolific.co/submissions/complete?cc=91442ADD"
"16177561_gab";"HateXplain";"do not quote me nigger you are no better than these salty stormfags";"1- do, 2- not, 3- quote, 4- me, 5- nigger, 6- you, 7- are, 8- no, 9- better, 10- than, 11- these, 12- salty, 13- stormfags";"hatespeech targeting African";"https://app.prolific.co/submissions/complete?cc=91442ADD"
"19348796_gab";"HateXplain";"i have been swinging hammers for <number> years i ain t never seen a kike in my industry unless he was shlmeeling a product or taking graff from a trade union and you can take that to the bank";"1- i, 2- have, 3- been, 4- swinging, 5- hammers, 6- for, 7- <number>, 8- years, 9- i, 10- ain, 11- t, 12- never, 13- seen, 14- a, 15- kike, 16- in, 17- my, 18- industry, 19- unless, 20- he, 21- was, 22- shlmeeling, 23- a, 24- product, 25- or, 26- taking, 27- graff, 28- from, 29- a, 30- trade, 31- union, 32- and, 33- you, 34- can, 35- take, 36- that, 37- to, 38- the, 39- bank";"hatespeech targeting Jewish";"https://app.prolific.co/submissions/complete?cc=91442ADD"
"3246747_gab";"HateXplain";"<user> we should demand congress declare a national holiday when the muzzie traitor is gone um what to call it makeamericagreatagainday";"1- <user>, 2- we, 3- should, 4- demand, 5- congress, 6- declare, 7- a, 8- national, 9- holiday, 10- when, 11- the, 12- muzzie, 13- traitor, 14- is, 15- gone, 16- um, 17- what, 18- to, 19- call, 20- it, 21- makeamericagreatagainday";"hatespeech targeting Islam";"https://app.prolific.co/submissions/complete?cc=91442ADD"
"27997778_gab";"HateXplain";"why does british state tv produce content in arabic lol <user> i guess the uk wants out to have more muslims for themselfs we need a nationalist socialist eu which only makes sure that every nation is jew and nigger free and take cares of their traditions and its values";"1- why, 2- does, 3- british, 4- state, 5- tv, 6- produce, 7- content, 8- in, 9- arabic, 10- lol, 11- <user>, 12- i, 13- guess, 14- the, 15- uk, 16- wants, 17- out, 18- to, 19- have, 20- more, 21- muslims, 22- for, 23- themselfs, 24- we, 25- need, 26- a, 27- nationalist, 28- socialist, 29- eu, 30- which, 31- only, 32- makes, 33- sure, 34- that, 35- every, 36- nation, 37- is, 38- jew, 39- and, 40- nigger, 41- free, 42- and, 43- take, 44- cares, 45- of, 46- their, 47- traditions, 48- and, 49- its, 50- values";"hatespeech targeting African";"https://app.prolific.co/submissions/complete?cc=91442ADD"
"15539701_gab";"HateXplain";"the manager picked out the fly and said it was rubber he then said just another kike trick then he threw me out i did not deserve that";"1- the, 2- manager, 3- picked, 4- out, 5- the, 6- fly, 7- and, 8- said, 9- it, 10- was, 11- rubber, 12- he, 13- then, 14- said, 15- just, 16- another, 17- kike, 18- trick, 19- then, 20- he, 21- threw, 22- me, 23- out, 24- i, 25- did, 26- not, 27- deserve, 28- that";"hatespeech targeting Jewish";"https://app.prolific.co/submissions/complete?cc=91442ADD"
"9865482_gab";"HateXplain";"when will a moslem sodomize that faggot";"1- when, 2- will, 3- a, 4- moslem, 5- sodomize, 6- that, 7- faggot";"hatespeech targeting Islam";"https://app.prolific.co/submissions/complete?cc=91442ADD"
"17420462_gab";"HateXplain";"hahahaha the greasy nigger slid right off 😹";"1- hahahaha, 2- the, 3- greasy, 4- nigger, 5- slid, 6- right, 7- off, 8- 😹";"hatespeech targeting African";"https://app.prolific.co/submissions/complete?cc=91442ADD"
"25523547_gab";"HateXplain";"this is why israel rothschild hungary soros must open their borders diversity will be their strength refugees and non white in white homelands are worth more then gold to israel ask any kike";"1- this, 2- is, 3- why, 4- israel, 5- rothschild, 6- hungary, 7- soros, 8- must, 9- open, 10- their, 11- borders, 12- diversity, 13- will, 14- be, 15- their, 16- strength, 17- refugees, 18- and, 19- non, 20- white, 21- in, 22- white, 23- homelands, 24- are, 25- worth, 26- more, 27- then, 28- gold, 29- to, 30- israel, 31- ask, 32- any, 33- kike";"hatespeech targeting Jewish";"https://app.prolific.co/submissions/complete?cc=91442ADD"
"16693543_gab";"HateXplain";"as whites are already banned from applying for police force non white police and military will be able to facilitate complete moslem take over in decade or two which means that your children will be forced to convert to islam or get murdered choice is yours britain";"1- as, 2- whites, 3- are, 4- already, 5- banned, 6- from, 7- applying, 8- for, 9- police, 10- force, 11- non, 12- white, 13- police, 14- and, 15- military, 16- will, 17- be, 18- able, 19- to, 20- facilitate, 21- complete, 22- moslem, 23- take, 24- over, 25- in, 26- decade, 27- or, 28- two, 29- which, 30- means, 31- that, 32- your, 33- children, 34- will, 35- be, 36- forced, 37- to, 38- convert, 39- to, 40- islam, 41- or, 42- get, 43- murdered, 44- choice, 45- is, 46- yours, 47- britain";"hatespeech targeting Islam";"https://app.prolific.co/submissions/complete?cc=91442ADD"
"26424935_gab";"HateXplain";"nigger brought her self a bullet proof vest lmao";"1- nigger, 2- brought, 3- her, 4- self, 5- a, 6- bullet, 7- proof, 8- vest, 9- lmao";"hatespeech targeting African";"https://app.prolific.co/submissions/complete?cc=91442ADD"
"26226915_gab";"HateXplain";"judge naomi reice buchwald no government official — including the president — is above the law and all government officials are presumed to follow the law as has been declared the judge said did not that same kike rule that sambo was above the law";"1- judge, 2- naomi, 3- reice, 4- buchwald, 5- no, 6- government, 7- official, 8- —, 9- including, 10- the, 11- president, 12- —, 13- is, 14- above, 15- the, 16- law, 17- and, 18- all, 19- government, 20- officials, 21- are, 22- presumed, 23- to, 24- follow, 25- the, 26- law, 27- as, 28- has, 29- been, 30- declared, 31- the, 32- judge, 33- said, 34- did, 35- not, 36- that, 37- same, 38- kike, 39- rule, 40- that, 41- sambo, 42- was, 43- above, 44- the, 45- law";"hatespeech targeting Jewish";"https://app.prolific.co/submissions/complete?cc=91442ADD"
"23739163_gab";"HateXplain";"we are helpless muzrats seeking asylum from our own muzrat countries p.s. it is our right to take everything away from stupid infidels";"1- we, 2- are, 3- helpless, 4- muzrats, 5- seeking, 6- asylum, 7- from, 8- our, 9- own, 10- muzrat, 11- countries, 12- p.s., 13- it, 14- is, 15- our, 16- right, 17- to, 18- take, 19- everything, 20- away, 21- from, 22- stupid, 23- infidels";"offensive targeting Islam";"https://app.prolific.co/submissions/complete?cc=91442ADD"
"13465906_gab";"HateXplain";"only niggers rape <number> year old women the muh dik ünterrace of humanity is lacking in the discriminating tastes that endow men of the more evolved races this is a feature not a bug because otherwise sheboons would never get knocked up";"1- only, 2- niggers, 3- rape, 4- <number>, 5- year, 6- old, 7- women, 8- the, 9- muh, 10- dik, 11- ünterrace, 12- of, 13- humanity, 14- is, 15- lacking, 16- in, 17- the, 18- discriminating, 19- tastes, 20- that, 21- endow, 22- men, 23- of, 24- the, 25- more, 26- evolved, 27- races, 28- this, 29- is, 30- a, 31- feature, 32- not, 33- a, 34- bug, 35- because, 36- otherwise, 37- sheboons, 38- would, 39- never, 40- get, 41- knocked, 42- up";"hatespeech targeting African";"https://app.prolific.co/submissions/complete?cc=91442ADD"
"11138997_gab";"HateXplain";"schiff is a kike and he also pretty much always wrong turn him off he will just cost you coin";"1- schiff, 2- is, 3- a, 4- kike, 5- and, 6- he, 7- also, 8- pretty, 9- much, 10- always, 11- wrong, 12- turn, 13- him, 14- off, 15- he, 16- will, 17- just, 18- cost, 19- you, 20- coin";"hatespeech targeting Jewish";"https://app.prolific.co/submissions/complete?cc=91442ADD"
"12029101_gab";"HateXplain";"couple of days ago corrupt dhimmi moslem cock suckers in msm said <number> rohingya moslems gone to bangladesh earlier 2 day skynews said <number> now channel 4 news say <number> me thinks fake news by moslem funded whores quite frankly who gives a shit as long as moslems fo to moslem shit holes";"1- couple, 2- of, 3- days, 4- ago, 5- corrupt, 6- dhimmi, 7- moslem, 8- cock, 9- suckers, 10- in, 11- msm, 12- said, 13- <number>, 14- rohingya, 15- moslems, 16- gone, 17- to, 18- bangladesh, 19- earlier, 20- 2, 21- day, 22- skynews, 23- said, 24- <number>, 25- now, 26- channel, 27- 4, 28- news, 29- say, 30- <number>, 31- me, 32- thinks, 33- fake, 34- news, 35- by, 36- moslem, 37- funded, 38- whores, 39- quite, 40- frankly, 41- who, 42- gives, 43- a, 44- shit, 45- as, 46- long, 47- as, 48- moslems, 49- fo, 50- to, 51- moslem, 52- shit, 53- holes";"hatespeech targeting Islam";"https://app.prolific.co/submissions/complete?cc=91442ADD"
"attention_33";"attention check sentences (HateXplain targeting)";"goddamn ayrabs blowin up our shit all the time";"1- goddamn, 2- ayrabs, 3- blowin, 4- up, 5- our, 6- shit, 7- all, 8- the, 9- time";"offensive";"https://app.prolific.co/submissions/complete?cc=91442ADD"