"ID";"dataset";"text";"tokens";"label";"redirectUrl"
"22066859_gab";"HateXplain";"i do not give a fuck you have shown yourself to be weak and a lair cry like a girl and instantly cry fed like a kike cunt weed out the weak we need men in this fucking game not stolen valor niggers fuck off";"1- i, 2- do, 3- not, 4- give, 5- a, 6- fuck, 7- you, 8- have, 9- shown, 10- yourself, 11- to, 12- be, 13- weak, 14- and, 15- a, 16- lair, 17- cry, 18- like, 19- a, 20- girl, 21- and, 22- instantly, 23- cry, 24- fed, 25- like, 26- a, 27- kike, 28- cunt, 29- weed, 30- out, 31- the, 32- weak, 33- we, 34- need, 35- men, 36- in, 37- this, 38- fucking, 39- game, 40- not, 41- stolen, 42- valor, 43- niggers, 44- fuck, 45- off";"hatespeech targeting African";"https://app.prolific.co/submissions/complete?cc=91442ADD"
"22575442_gab";"HateXplain";"at this point with the communist jew world order in full swing if your still allowing jews to tell you what to think youre an idiot whitegenocide";"1- at, 2- this, 3- point, 4- with, 5- the, 6- communist, 7- jew, 8- world, 9- order, 10- in, 11- full, 12- swing, 13- if, 14- your, 15- still, 16- allowing, 17- jews, 18- to, 19- tell, 20- you, 21- what, 22- to, 23- think, 24- youre, 25- an, 26- idiot, 27- whitegenocide";"hatespeech targeting Jewish";"https://app.prolific.co/submissions/complete?cc=91442ADD"
"25885882_gab";"HateXplain";"the gunman hiding i hope they catch him my thoughts go out to the victims also who ever says that me is a cia nigger";"1- the, 2- gunman, 3- hiding, 4- i, 5- hope, 6- they, 7- catch, 8- him, 9- my, 10- thoughts, 11- go, 12- out, 13- to, 14- the, 15- victims, 16- also, 17- who, 18- ever, 19- says, 20- that, 21- me, 22- is, 23- a, 24- cia, 25- nigger";"hatespeech targeting African";"https://app.prolific.co/submissions/complete?cc=91442ADD"
"22618862_gab";"HateXplain";"what nation has a jew started what nation hate to burst your yid cum bubble israel was annexed from a native population of semites under brittish rule and granted to another group of sand niggers so i ask again name <number> fucking nation kikes made again i will wait";"1- what, 2- nation, 3- has, 4- a, 5- jew, 6- started, 7- what, 8- nation, 9- hate, 10- to, 11- burst, 12- your, 13- yid, 14- cum, 15- bubble, 16- israel, 17- was, 18- annexed, 19- from, 20- a, 21- native, 22- population, 23- of, 24- semites, 25- under, 26- brittish, 27- rule, 28- and, 29- granted, 30- to, 31- another, 32- group, 33- of, 34- sand, 35- niggers, 36- so, 37- i, 38- ask, 39- again, 40- name, 41- <number>, 42- fucking, 43- nation, 44- kikes, 45- made, 46- again, 47- i, 48- will, 49- wait";"hatespeech targeting Jewish";"https://app.prolific.co/submissions/complete?cc=91442ADD"
"20149987_gab";"HateXplain";"why the second greatest film ever produced after nigger kitty";"1- why, 2- the, 3- second, 4- greatest, 5- film, 6- ever, 7- produced, 8- after, 9- nigger, 10- kitty";"hatespeech targeting African";"https://app.prolific.co/submissions/complete?cc=91442ADD"
"22695400_gab";"HateXplain";"worth a read suidlanders infiltrated by jews and ties to the presidency lol this shit is how it done";"1- worth, 2- a, 3- read, 4- suidlanders, 5- infiltrated, 6- by, 7- jews, 8- and, 9- ties, 10- to, 11- the, 12- presidency, 13- lol, 14- this, 15- shit, 16- is, 17- how, 18- it, 19- done";"hatespeech targeting Jewish";"https://app.prolific.co/submissions/complete?cc=91442ADD"
"27429634_gab";"HateXplain";"it is my history and my english do you know your nigger history";"1- it, 2- is, 3- my, 4- history, 5- and, 6- my, 7- english, 8- do, 9- you, 10- know, 11- your, 12- nigger, 13- history";"hatespeech targeting African";"https://app.prolific.co/submissions/complete?cc=91442ADD"
"22760564_gab";"HateXplain";"idiots feeding the zog use bitchute or pew tube do not support these kike rapists";"1- idiots, 2- feeding, 3- the, 4- zog, 5- use, 6- bitchute, 7- or, 8- pew, 9- tube, 10- do, 11- not, 12- support, 13- these, 14- kike, 15- rapists";"hatespeech targeting Jewish";"https://app.prolific.co/submissions/complete?cc=91442ADD"
"17311329_gab";"HateXplain";"this is a nigger free zone";"1- this, 2- is, 3- a, 4- nigger, 5- free, 6- zone";"hatespeech targeting African";"https://app.prolific.co/submissions/complete?cc=91442ADD"
"22772448_gab";"HateXplain";"the opinion of the enemy is irrelevant during a war jewish bitch";"1- the, 2- opinion, 3- of, 4- the, 5- enemy, 6- is, 7- irrelevant, 8- during, 9- a, 10- war, 11- jewish, 12- bitch";"offensive targeting Jewish";"https://app.prolific.co/submissions/complete?cc=91442ADD"
"14558894_gab";"HateXplain";"<user> is my favorite half kike half nig";"1- <user>, 2- is, 3- my, 4- favorite, 5- half, 6- kike, 7- half, 8- nig";"hatespeech targeting African";"https://app.prolific.co/submissions/complete?cc=91442ADD"
"22841370_gab";"HateXplain";"american vets discarded by the jews are passing this and organizing against them they wont protect jewish lives now that everybody knows jews want whitegenocide achtung juden";"1- american, 2- vets, 3- discarded, 4- by, 5- the, 6- jews, 7- are, 8- passing, 9- this, 10- and, 11- organizing, 12- against, 13- them, 14- they, 15- wont, 16- protect, 17- jewish, 18- lives, 19- now, 20- that, 21- everybody, 22- knows, 23- jews, 24- want, 25- whitegenocide, 26- achtung, 27- juden";"hatespeech targeting Jewish";"https://app.prolific.co/submissions/complete?cc=91442ADD"
"16549215_gab";"HateXplain";"how to make a libtard do major reeage i just bought a nigger for <money> autistic screeching i am playing football manager you dullard liberal";"1- how, 2- to, 3- make, 4- a, 5- libtard, 6- do, 7- major, 8- reeage, 9- i, 10- just, 11- bought, 12- a, 13- nigger, 14- for, 15- <money>, 16- autistic, 17- screeching, 18- i, 19- am, 20- playing, 21- football, 22- manager, 23- you, 24- dullard, 25- liberal";"offensive targeting African";"https://app.prolific.co/submissions/complete?cc=91442ADD"
"22895946_gab";"HateXplain";"definitely a little kike fucker behind this";"1- definitely, 2- a, 3- little, 4- kike, 5- fucker, 6- behind, 7- this";"hatespeech targeting Jewish";"https://app.prolific.co/submissions/complete?cc=91442ADD"
"22603612_gab";"HateXplain";"protip when a nigger says mah dude you are not his dude";"1- protip, 2- when, 3- a, 4- nigger, 5- says, 6- mah, 7- dude, 8- you, 9- are, 10- not, 11- his, 12- dude";"offensive targeting African";"https://app.prolific.co/submissions/complete?cc=91442ADD"
"22917386_gab";"HateXplain";"then get your head out of your ass only a kike would advocate destroying the nra are you a kike too";"1- then, 2- get, 3- your, 4- head, 5- out, 6- of, 7- your, 8- ass, 9- only, 10- a, 11- kike, 12- would, 13- advocate, 14- destroying, 15- the, 16- nra, 17- are, 18- you, 19- a, 20- kike, 21- too";"hatespeech targeting Jewish";"https://app.prolific.co/submissions/complete?cc=91442ADD"
"18905987_gab";"HateXplain";"they whipped baseballs at nigger heads literally lol the olden days were awesome";"1- they, 2- whipped, 3- baseballs, 4- at, 5- nigger, 6- heads, 7- literally, 8- lol, 9- the, 10- olden, 11- days, 12- were, 13- awesome";"hatespeech targeting African";"https://app.prolific.co/submissions/complete?cc=91442ADD"
"22951616_gab";"HateXplain";"speaking of does anyone know which goy group the jews intermarry with in the greatest numbers i was under the impression it was either asians or catholics";"1- speaking, 2- of, 3- does, 4- anyone, 5- know, 6- which, 7- goy, 8- group, 9- the, 10- jews, 11- intermarry, 12- with, 13- in, 14- the, 15- greatest, 16- numbers, 17- i, 18- was, 19- under, 20- the, 21- impression, 22- it, 23- was, 24- either, 25- asians, 26- or, 27- catholics";"offensive targeting Jewish";"https://app.prolific.co/submissions/complete?cc=91442ADD"
"24649974_gab";"HateXplain";"every time a nigger in africa gets pregnant abort it make it a law you can about up to <number> years";"1- every, 2- time, 3- a, 4- nigger, 5- in, 6- africa, 7- gets, 8- pregnant, 9- abort, 10- it, 11- make, 12- it, 13- a, 14- law, 15- you, 16- can, 17- about, 18- up, 19- to, 20- <number>, 21- years";"hatespeech targeting African";"https://app.prolific.co/submissions/complete?cc=91442ADD"
"22953083_gab";"HateXplain";"hypothesis jews push miscegenation on whites because jews themselves race mix and religion mix in such high numbers that they do not want to feel like bigger oddballs than they already are in gentile nations like the us mixery loves company";"1- hypothesis, 2- jews, 3- push, 4- miscegenation, 5- on, 6- whites, 7- because, 8- jews, 9- themselves, 10- race, 11- mix, 12- and, 13- religion, 14- mix, 15- in, 16- such, 17- high, 18- numbers, 19- that, 20- they, 21- do, 22- not, 23- want, 24- to, 25- feel, 26- like, 27- bigger, 28- oddballs, 29- than, 30- they, 31- already, 32- are, 33- in, 34- gentile, 35- nations, 36- like, 37- the, 38- us, 39- mixery, 40- loves, 41- company";"hatespeech targeting Jewish";"https://app.prolific.co/submissions/complete?cc=91442ADD"
"23338410_gab";"HateXplain";"he claimed to be a pineapple nigger in the interview he did with anime right news and in accordance with the guidelines set out by stormfront i am inclined to believe him";"1- he, 2- claimed, 3- to, 4- be, 5- a, 6- pineapple, 7- nigger, 8- in, 9- the, 10- interview, 11- he, 12- did, 13- with, 14- anime, 15- right, 16- news, 17- and, 18- in, 19- accordance, 20- with, 21- the, 22- guidelines, 23- set, 24- out, 25- by, 26- stormfront, 27- i, 28- am, 29- inclined, 30- to, 31- believe, 32- him";"hatespeech targeting African";"https://app.prolific.co/submissions/complete?cc=91442ADD"
"22967211_gab";"HateXplain";"the isis flag says all jews <number> and rabbis in israel believe that god created isis using angels to punish the nations that deserve to be punished these are isis flags in dearborn michigan usa you do the math";"1- the, 2- isis, 3- flag, 4- says, 5- all, 6- jews, 7- <number>, 8- and, 9- rabbis, 10- in, 11- israel, 12- believe, 13- that, 14- god, 15- created, 16- isis, 17- using, 18- angels, 19- to, 20- punish, 21- the, 22- nations, 23- that, 24- deserve, 25- to, 26- be, 27- punished, 28- these, 29- are, 30- isis, 31- flags, 32- in, 33- dearborn, 34- michigan, 35- usa, 36- you, 37- do, 38- the, 39- math";"offensive targeting Jewish";"https://app.prolific.co/submissions/complete?cc=91442ADD"
"10651361_gab";"HateXplain";"pretty sure he fought the confederacy pretty sure your party uses lincolns name to endear coon black folks like <user> and <user> to your party while at the same time celebrating the people who fought him and killed him lol";"1- pretty, 2- sure, 3- he, 4- fought, 5- the, 6- confederacy, 7- pretty, 8- sure, 9- your, 10- party, 11- uses, 12- lincolns, 13- name, 14- to, 15- endear, 16- coon, 17- black, 18- folks, 19- like, 20- <user>, 21- and, 22- <user>, 23- to, 24- your, 25- party, 26- while, 27- at, 28- the, 29- same, 30- time, 31- celebrating, 32- the, 33- people, 34- who, 35- fought, 36- him, 37- and, 38- killed, 39- him, 40- lol";"hatespeech targeting African";"https://app.prolific.co/submissions/complete?cc=91442ADD"
"22973098_gab";"HateXplain";"the duplicitous kike <user> must be gassed and his followers slaughteted unmercifully agreed you take care of gassing the kike i will handle the unmerciful slaughter of his followers";"1- the, 2- duplicitous, 3- kike, 4- <user>, 5- must, 6- be, 7- gassed, 8- and, 9- his, 10- followers, 11- slaughteted, 12- unmercifully, 13- agreed, 14- you, 15- take, 16- care, 17- of, 18- gassing, 19- the, 20- kike, 21- i, 22- will, 23- handle, 24- the, 25- unmerciful, 26- slaughter, 27- of, 28- his, 29- followers";"hatespeech targeting Jewish";"https://app.prolific.co/submissions/complete?cc=91442ADD"
"16088481_gab";"HateXplain";"<percent> of white people voted moore <percent> of coons voted against him";"1- <percent>, 2- of, 3- white, 4- people, 5- voted, 6- moore, 7- <percent>, 8- of, 9- coons, 10- voted, 11- against, 12- him";"hatespeech targeting African";"https://app.prolific.co/submissions/complete?cc=91442ADD"
"23085433_gab";"HateXplain";"lies i d shove the kike in an oven it where kikes belong";"1- lies, 2- i, 3- d, 4- shove, 5- the, 6- kike, 7- in, 8- an, 9- oven, 10- it, 11- where, 12- kikes, 13- belong";"hatespeech targeting Jewish";"https://app.prolific.co/submissions/complete?cc=91442ADD"
"15746206_gab";"HateXplain";"woops i am completing forms and have personal info in my head i am stealing nigger snap benefits and then tomorrow applying for credit cards in their names i have got zero white guilt about this cultural appropriation bro";"1- woops, 2- i, 3- am, 4- completing, 5- forms, 6- and, 7- have, 8- personal, 9- info, 10- in, 11- my, 12- head, 13- i, 14- am, 15- stealing, 16- nigger, 17- snap, 18- benefits, 19- and, 20- then, 21- tomorrow, 22- applying, 23- for, 24- credit, 25- cards, 26- in, 27- their, 28- names, 29- i, 30- have, 31- got, 32- zero, 33- white, 34- guilt, 35- about, 36- this, 37- cultural, 38- appropriation, 39- bro";"hatespeech targeting African";"https://app.prolific.co/submissions/complete?cc=91442ADD"
"23240052_gab";"HateXplain";"trump is not a kike he a shabbos goy who works nonstop for the promotion of israel first policies go re in your ghetto forums";"1- trump, 2- is, 3- not, 4- a, 5- kike, 6- he, 7- a, 8- shabbos, 9- goy, 10- who, 11- works, 12- nonstop, 13- for, 14- the, 15- promotion, 16- of, 17- israel, 18- first, 19- policies, 20- go, 21- re, 22- in, 23- your, 24- ghetto, 25- forums";"hatespeech targeting Jewish";"https://app.prolific.co/submissions/complete?cc=91442ADD"
"19991662_gab";"HateXplain";"boss find it really interesting contrasted w the current bounty <money> a nigger head for the less productive members of the tribe those particular nigger heads are some of the oldest hebrew heads on the planet happy easter from the levant";"1- boss, 2- find, 3- it, 4- really, 5- interesting, 6- contrasted, 7- w, 8- the, 9- current, 10- bounty, 11- <money>, 12- a, 13- nigger, 14- head, 15- for, 16- the, 17- less, 18- productive, 19- members, 20- of, 21- the, 22- tribe, 23- those, 24- particular, 25- nigger, 26- heads, 27- are, 28- some, 29- of, 30- the, 31- oldest, 32- hebrew, 33- heads, 34- on, 35- the, 36- planet, 37- happy, 38- easter, 39- from, 40- the, 41- levant";"hatespeech targeting African";"https://app.prolific.co/submissions/complete?cc=91442ADD"
"attention_33";"attention check sentences (HateXplain targeting)";"goddamn ayrabs blowin up our shit all the time";"1- goddamn, 2- ayrabs, 3- blowin, 4- up, 5- our, 6- shit, 7- all, 8- the, 9- time";"offensive";"https://app.prolific.co/submissions/complete?cc=91442ADD"