"ID";"dataset";"text";"tokens";"label";"redirectUrl"
"8123704_gab";"HateXplain";"jim_jordan we want premiums to come down for middle class and working class families me too and illegals out welfare bums get off your asses get a job and pay your own damn way no refugees";"1- jim_jordan, 2- we, 3- want, 4- premiums, 5- to, 6- come, 7- down, 8- for, 9- middle, 10- class, 11- and, 12- working, 13- class, 14- families, 15- me, 16- too, 17- and, 18- illegals, 19- out, 20- welfare, 21- bums, 22- get, 23- off, 24- your, 25- asses, 26- get, 27- a, 28- job, 29- and, 30- pay, 31- your, 32- own, 33- damn, 34- way, 35- no, 36- refugees";"hatespeech targeting Refugee";"https://app.prolific.co/submissions/complete?cc=91442ADD"
"19840172_gab";"HateXplain";"catch a nigger by his toe stop him raping an underage how";"1- catch, 2- a, 3- nigger, 4- by, 5- his, 6- toe, 7- stop, 8- him, 9- raping, 10- an, 11- underage, 12- how";"hatespeech targeting African";"https://app.prolific.co/submissions/complete?cc=91442ADD"
"24604125_gab";"HateXplain";"y sus <number> millones de payasos falsos solo se le ocurren a este hijo de perra kike";"1- y, 2- sus, 3- <number>, 4- millones, 5- de, 6- payasos, 7- falsos, 8- solo, 9- se, 10- le, 11- ocurren, 12- a, 13- este, 14- hijo, 15- de, 16- perra, 17- kike";"offensive targeting Jewish";"https://app.prolific.co/submissions/complete?cc=91442ADD"
"10428925_gab";"HateXplain";"fuck off we have more than enough muzzies to deal with";"1- fuck, 2- off, 3- we, 4- have, 5- more, 6- than, 7- enough, 8- muzzies, 9- to, 10- deal, 11- with";"hatespeech targeting Islam";"https://app.prolific.co/submissions/complete?cc=91442ADD"
"19514409_gab";"HateXplain";"illegal aliens should just be called enemy combatants they have killed more americans than the sand niggers have in all of our wars over there daca";"1- illegal, 2- aliens, 3- should, 4- just, 5- be, 6- called, 7- enemy, 8- combatants, 9- they, 10- have, 11- killed, 12- more, 13- americans, 14- than, 15- the, 16- sand, 17- niggers, 18- have, 19- in, 20- all, 21- of, 22- our, 23- wars, 24- over, 25- there, 26- daca";"hatespeech targeting Arab";"https://app.prolific.co/submissions/complete?cc=91442ADD"
"5886231_gab";"HateXplain";"marxist bolshevik elements on the left have clearly indicated via various news reports that they will resort 2 any form of violence if necessary they really do not care how they r perceived by the general public <user> point all they want is 2 preserve their obamanation at all costs basedstickman";"1- marxist, 2- bolshevik, 3- elements, 4- on, 5- the, 6- left, 7- have, 8- clearly, 9- indicated, 10- via, 11- various, 12- news, 13- reports, 14- that, 15- they, 16- will, 17- resort, 18- 2, 19- any, 20- form, 21- of, 22- violence, 23- if, 24- necessary, 25- they, 26- really, 27- do, 28- not, 29- care, 30- how, 31- they, 32- r, 33- perceived, 34- by, 35- the, 36- general, 37- public, 38- <user>, 39- point, 40- all, 41- they, 42- want, 43- is, 44- 2, 45- preserve, 46- their, 47- obamanation, 48- at, 49- all, 50- costs, 51- basedstickman";"offensive targeting Other";"https://app.prolific.co/submissions/complete?cc=91442ADD"
"8181944_gab";"HateXplain";"any country that has no go zones where citizens are warned to stay out of because of constant immigrant and refugee violence is no longer a country";"1- any, 2- country, 3- that, 4- has, 5- no, 6- go, 7- zones, 8- where, 9- citizens, 10- are, 11- warned, 12- to, 13- stay, 14- out, 15- of, 16- because, 17- of, 18- constant, 19- immigrant, 20- and, 21- refugee, 22- violence, 23- is, 24- no, 25- longer, 26- a, 27- country";"offensive targeting Refugee";"https://app.prolific.co/submissions/complete?cc=91442ADD"
"16119996_gab";"HateXplain";"i hope a nigger sneaks into his room and rapes him like in kill bill before he finally dies ✝️ 😇 ✝️";"1- i, 2- hope, 3- a, 4- nigger, 5- sneaks, 6- into, 7- his, 8- room, 9- and, 10- rapes, 11- him, 12- like, 13- in, 14- kill, 15- bill, 16- before, 17- he, 18- finally, 19- dies, 20- ✝️, 21- 😇, 22- ✝️";"hatespeech targeting African";"https://app.prolific.co/submissions/complete?cc=91442ADD"
"15544962_gab";"HateXplain";"who said that breeders can not be fighters contrary to what scheming kikes will tell you good women still exist and men can be warriors and fathers simultaneously mgtow is just another kike ploy to discourage whites from breeding jews always play both sides fighting zog involves making babies";"1- who, 2- said, 3- that, 4- breeders, 5- can, 6- not, 7- be, 8- fighters, 9- contrary, 10- to, 11- what, 12- scheming, 13- kikes, 14- will, 15- tell, 16- you, 17- good, 18- women, 19- still, 20- exist, 21- and, 22- men, 23- can, 24- be, 25- warriors, 26- and, 27- fathers, 28- simultaneously, 29- mgtow, 30- is, 31- just, 32- another, 33- kike, 34- ploy, 35- to, 36- discourage, 37- whites, 38- from, 39- breeding, 40- jews, 41- always, 42- play, 43- both, 44- sides, 45- fighting, 46- zog, 47- involves, 48- making, 49- babies";"hatespeech targeting Jewish";"https://app.prolific.co/submissions/complete?cc=91442ADD"
"6030950_gab";"HateXplain";"sounds like something a moslem would do";"1- sounds, 2- like, 3- something, 4- a, 5- moslem, 6- would, 7- do";"offensive targeting Islam";"https://app.prolific.co/submissions/complete?cc=91442ADD"
"19526896_gab";"HateXplain";"what the fuck is a baba kamma there were not any jews back then i believe they were called hebrews just another semitic variety of sand nigger";"1- what, 2- the, 3- fuck, 4- is, 5- a, 6- baba, 7- kamma, 8- there, 9- were, 10- not, 11- any, 12- jews, 13- back, 14- then, 15- i, 16- believe, 17- they, 18- were, 19- called, 20- hebrews, 21- just, 22- another, 23- semitic, 24- variety, 25- of, 26- sand, 27- nigger";"hatespeech targeting Arab";"https://app.prolific.co/submissions/complete?cc=91442ADD"
"6155286_gab";"HateXplain";"in my experience there really are not people stupid enough to believe the earth is flat there are only retarded monkeys paid to puke stupid flat earth bullshit on the internet <number> <number>";"1- in, 2- my, 3- experience, 4- there, 5- really, 6- are, 7- not, 8- people, 9- stupid, 10- enough, 11- to, 12- believe, 13- the, 14- earth, 15- is, 16- flat, 17- there, 18- are, 19- only, 20- retarded, 21- monkeys, 22- paid, 23- to, 24- puke, 25- stupid, 26- flat, 27- earth, 28- bullshit, 29- on, 30- the, 31- internet, 32- <number>, 33- <number>";"offensive targeting Other";"https://app.prolific.co/submissions/complete?cc=91442ADD"
"8699632_gab";"HateXplain";"it not over exaggerated they are not rumours it not an average amount of crime in the time it took you to read this post a crime has been committed by a refugee in europe refugees are supposed to be fleeing persecution not enforcing it in a different country";"1- it, 2- not, 3- over, 4- exaggerated, 5- they, 6- are, 7- not, 8- rumours, 9- it, 10- not, 11- an, 12- average, 13- amount, 14- of, 15- crime, 16- in, 17- the, 18- time, 19- it, 20- took, 21- you, 22- to, 23- read, 24- this, 25- post, 26- a, 27- crime, 28- has, 29- been, 30- committed, 31- by, 32- a, 33- refugee, 34- in, 35- europe, 36- refugees, 37- are, 38- supposed, 39- to, 40- be, 41- fleeing, 42- persecution, 43- not, 44- enforcing, 45- it, 46- in, 47- a, 48- different, 49- country";"hatespeech targeting Refugee";"https://app.prolific.co/submissions/complete?cc=91442ADD"
"21988766_gab";"HateXplain";"this kind of nigger crap pisses me off leave our white culture alone nigger";"1- this, 2- kind, 3- of, 4- nigger, 5- crap, 6- pisses, 7- me, 8- off, 9- leave, 10- our, 11- white, 12- culture, 13- alone, 14- nigger";"hatespeech targeting African";"https://app.prolific.co/submissions/complete?cc=91442ADD"
"24873800_gab";"HateXplain";"goes against the kike narrative goy";"1- goes, 2- against, 3- the, 4- kike, 5- narrative, 6- goy";"hatespeech targeting Jewish";"https://app.prolific.co/submissions/complete?cc=91442ADD"
"3522664_gab";"HateXplain";"<user> ah i see the mozzie savages have brought us back to the middle ges chastity belts coming back in style 🤔 🤕 😁";"1- <user>, 2- ah, 3- i, 4- see, 5- the, 6- mozzie, 7- savages, 8- have, 9- brought, 10- us, 11- back, 12- to, 13- the, 14- middle, 15- ges, 16- chastity, 17- belts, 18- coming, 19- back, 20- in, 21- style, 22- 🤔, 23- 🤕, 24- 😁";"hatespeech targeting Islam";"https://app.prolific.co/submissions/complete?cc=91442ADD"
"19602703_gab";"HateXplain";"deport all sand niggers and save the motherland";"1- deport, 2- all, 3- sand, 4- niggers, 5- and, 6- save, 7- the, 8- motherland";"hatespeech targeting Arab";"https://app.prolific.co/submissions/complete?cc=91442ADD"
"6892405_gab";"HateXplain";"to be fair liberals are constantly in <number> <number> retard mode so they do not have far to go";"1- to, 2- be, 3- fair, 4- liberals, 5- are, 6- constantly, 7- in, 8- <number>, 9- <number>, 10- retard, 11- mode, 12- so, 13- they, 14- do, 15- not, 16- have, 17- far, 18- to, 19- go";"offensive targeting Other";"https://app.prolific.co/submissions/complete?cc=91442ADD"
"8839492_gab";"HateXplain";"no apologies ice chief says illegal immigrants should live in fear of deportation hotpagenews com r <number>";"1- no, 2- apologies, 3- ice, 4- chief, 5- says, 6- illegal, 7- immigrants, 8- should, 9- live, 10- in, 11- fear, 12- of, 13- deportation, 14- hotpagenews, 15- com, 16- r, 17- <number>";"offensive targeting Refugee";"https://app.prolific.co/submissions/complete?cc=91442ADD"
"13606830_gab";"HateXplain";"what does this nigger know about growing up irish catholic in boston niggers and kikes pretend we whites bully and oppress our women nothing could be further from the truth this is wholesale racist discrimination and defamation and we are going to put a stop to it";"1- what, 2- does, 3- this, 4- nigger, 5- know, 6- about, 7- growing, 8- up, 9- irish, 10- catholic, 11- in, 12- boston, 13- niggers, 14- and, 15- kikes, 16- pretend, 17- we, 18- whites, 19- bully, 20- and, 21- oppress, 22- our, 23- women, 24- nothing, 25- could, 26- be, 27- further, 28- from, 29- the, 30- truth, 31- this, 32- is, 33- wholesale, 34- racist, 35- discrimination, 36- and, 37- defamation, 38- and, 39- we, 40- are, 41- going, 42- to, 43- put, 44- a, 45- stop, 46- to, 47- it";"hatespeech targeting African";"https://app.prolific.co/submissions/complete?cc=91442ADD"
"19658925_gab";"HateXplain";"europe is being destroyed by the kike eu which is run by the crypto kike juncker to destroy whites";"1- europe, 2- is, 3- being, 4- destroyed, 5- by, 6- the, 7- kike, 8- eu, 9- which, 10- is, 11- run, 12- by, 13- the, 14- crypto, 15- kike, 16- juncker, 17- to, 18- destroy, 19- whites";"hatespeech targeting Jewish";"https://app.prolific.co/submissions/complete?cc=91442ADD"
"6817112_gab";"HateXplain";"sweden suicide is a foregone conclusion no amount of tweeting raging philosophizing or praying is going to do diddly squat for them so why bother our energy is better spent arming and insulating ourselves from the muzzrats here";"1- sweden, 2- suicide, 3- is, 4- a, 5- foregone, 6- conclusion, 7- no, 8- amount, 9- of, 10- tweeting, 11- raging, 12- philosophizing, 13- or, 14- praying, 15- is, 16- going, 17- to, 18- do, 19- diddly, 20- squat, 21- for, 22- them, 23- so, 24- why, 25- bother, 26- our, 27- energy, 28- is, 29- better, 30- spent, 31- arming, 32- and, 33- insulating, 34- ourselves, 35- from, 36- the, 37- muzzrats, 38- here";"hatespeech targeting Islam";"https://app.prolific.co/submissions/complete?cc=91442ADD"
"19659847_gab";"HateXplain";"looks like another sand nigger";"1- looks, 2- like, 3- another, 4- sand, 5- nigger";"hatespeech targeting Arab";"https://app.prolific.co/submissions/complete?cc=91442ADD"
"6945226_gab";"HateXplain";"lol trump is helping isis retarded alt righters then trump goes and bombs the shit out of isis this is amazing how blown the fuck out the cucks are";"1- lol, 2- trump, 3- is, 4- helping, 5- isis, 6- retarded, 7- alt, 8- righters, 9- then, 10- trump, 11- goes, 12- and, 13- bombs, 14- the, 15- shit, 16- out, 17- of, 18- isis, 19- this, 20- is, 21- amazing, 22- how, 23- blown, 24- the, 25- fuck, 26- out, 27- the, 28- cucks, 29- are";"offensive targeting Other";"https://app.prolific.co/submissions/complete?cc=91442ADD"
"9043080_gab";"HateXplain";"breaking news the weather gets hot in the summer the world braces for an influx of climate refugees who just want to see an air conditioner";"1- breaking, 2- news, 3- the, 4- weather, 5- gets, 6- hot, 7- in, 8- the, 9- summer, 10- the, 11- world, 12- braces, 13- for, 14- an, 15- influx, 16- of, 17- climate, 18- refugees, 19- who, 20- just, 21- want, 22- to, 23- see, 24- an, 25- air, 26- conditioner";"offensive targeting Refugee";"https://app.prolific.co/submissions/complete?cc=91442ADD"
"12907285_gab";"HateXplain";"i like how the jew is losing so its using a fat nigger to talk shit always remember nigger the jew slaved you not the white man filthy nigger";"1- i, 2- like, 3- how, 4- the, 5- jew, 6- is, 7- losing, 8- so, 9- its, 10- using, 11- a, 12- fat, 13- nigger, 14- to, 15- talk, 16- shit, 17- always, 18- remember, 19- nigger, 20- the, 21- jew, 22- slaved, 23- you, 24- not, 25- the, 26- white, 27- man, 28- filthy, 29- nigger";"hatespeech targeting African";"https://app.prolific.co/submissions/complete?cc=91442ADD"
"13987009_gab";"HateXplain";"♫ after debris settles and the dust gets swept off young hwytes pick up where big a had left off right when kike magazines wrote the west off we used the internet for something better than to jack off ♫";"1- ♫, 2- after, 3- debris, 4- settles, 5- and, 6- the, 7- dust, 8- gets, 9- swept, 10- off, 11- young, 12- hwytes, 13- pick, 14- up, 15- where, 16- big, 17- a, 18- had, 19- left, 20- off, 21- right, 22- when, 23- kike, 24- magazines, 25- wrote, 26- the, 27- west, 28- off, 29- we, 30- used, 31- the, 32- internet, 33- for, 34- something, 35- better, 36- than, 37- to, 38- jack, 39- off, 40- ♫";"hatespeech targeting Jewish";"https://app.prolific.co/submissions/complete?cc=91442ADD"
"23070526_gab";"HateXplain";"they had to make her white so it does not look like a muzzie did the crime";"1- they, 2- had, 3- to, 4- make, 5- her, 6- white, 7- so, 8- it, 9- does, 10- not, 11- look, 12- like, 13- a, 14- muzzie, 15- did, 16- the, 17- crime";"hatespeech targeting Islam";"https://app.prolific.co/submissions/complete?cc=91442ADD"
"19787957_gab";"HateXplain";"and the question i have is are those goatfucker vaginers happier than white womyn";"1- and, 2- the, 3- question, 4- i, 5- have, 6- is, 7- are, 8- those, 9- goatfucker, 10- vaginers, 11- happier, 12- than, 13- white, 14- womyn";"hatespeech targeting Arab";"https://app.prolific.co/submissions/complete?cc=91442ADD"
"attention_20";"attention check sentences (HateXplain targeting)";"my country philippines is kickass so back off you damn spanard";"1- my, 2- country, 3- philippines, 4- is, 5- kickass, 6- so, 7- back, 8- off, 9- you, 10- damn, 11- spanard";"offensive";"https://app.prolific.co/submissions/complete?cc=91442ADD"