ID;dataset;text;tokens;label;redirectUrl
25313301_gab;HateXplain;<user> faggots are always going be faggots;1- <user>, 2- faggots, 3- are, 4- always, 5- going, 6- be, 7- faggots;hatespeech targeting Homosexual;https://app.prolific.co/submissions/complete?cc=91442ADD
1179082530764591106_twitter;HateXplain;a bitch rlly goin thru it;1- a, 2- bitch, 3- rlly, 4- goin, 5- thru, 6- it;offensive targeting Women;https://app.prolific.co/submissions/complete?cc=91442ADD
25403083_gab;HateXplain;boo hope poor little sick nazi faggot is offended 😁 😁 😁 🖕 🏽;1- boo, 2- hope, 3- poor, 4- little, 5- sick, 6- nazi, 7- faggot, 8- is, 9- offended, 10- 😁, 11- 😁, 12- 😁, 13- 🖕, 14- 🏽;offensive targeting Homosexual;https://app.prolific.co/submissions/complete?cc=91442ADD
1124356264568315906_twitter;HateXplain;cause you same hoes be the one selling every hole on your body down to your nose ears so you lil bitches can nize it;1- cause, 2- you, 3- same, 4- hoes, 5- be, 6- the, 7- one, 8- selling, 9- every, 10- hole, 11- on, 12- your, 13- body, 14- down, 15- to, 16- your, 17- nose, 18- ears, 19- so, 20- you, 21- lil, 22- bitches, 23- can, 24- nize, 25- it;offensive targeting Women;https://app.prolific.co/submissions/complete?cc=91442ADD
25416405_gab;HateXplain;keep up the fight we will expose the jidf and neocon shill faggots one by one;1- keep, 2- up, 3- the, 4- fight, 5- we, 6- will, 7- expose, 8- the, 9- jidf, 10- and, 11- neocon, 12- shill, 13- faggots, 14- one, 15- by, 16- one;offensive targeting Homosexual;https://app.prolific.co/submissions/complete?cc=91442ADD
1179102625360486400_twitter;HateXplain;<user> sorry he a slut;1- <user>, 2- sorry, 3- he, 4- a, 5- slut;offensive targeting Women;https://app.prolific.co/submissions/complete?cc=91442ADD
2547072_gab;HateXplain;<user> this is an uninformed post regarding the lesbian comment there is absolutely no evidence that michael moore likes women;1- <user>, 2- this, 3- is, 4- an, 5- uninformed, 6- post, 7- regarding, 8- the, 9- lesbian, 10- comment, 11- there, 12- is, 13- absolutely, 14- no, 15- evidence, 16- that, 17- michael, 18- moore, 19- likes, 20- women;offensive targeting Homosexual;https://app.prolific.co/submissions/complete?cc=91442ADD
1177589485946773504_twitter;HateXplain;prolly heard i am a hoe from a hoe;1- prolly, 2- heard, 3- i, 4- am, 5- a, 6- hoe, 7- from, 8- a, 9- hoe;offensive targeting Women;https://app.prolific.co/submissions/complete?cc=91442ADD
25524437_gab;HateXplain;others just want it to be more faggot friendly towards the trannies;1- others, 2- just, 3- want, 4- it, 5- to, 6- be, 7- more, 8- faggot, 9- friendly, 10- towards, 11- the, 12- trannies;hatespeech targeting Homosexual;https://app.prolific.co/submissions/complete?cc=91442ADD
1174848185342316545_twitter;HateXplain;freak hoe will forever snap;1- freak, 2- hoe, 3- will, 4- forever, 5- snap;offensive targeting Women;https://app.prolific.co/submissions/complete?cc=91442ADD
25559889_gab;HateXplain;i understand nazi faggot code you are calling it quits but we both knew you would fag out lol;1- i, 2- understand, 3- nazi, 4- faggot, 5- code, 6- you, 7- are, 8- calling, 9- it, 10- quits, 11- but, 12- we, 13- both, 14- knew, 15- you, 16- would, 17- fag, 18- out, 19- lol;hatespeech targeting Homosexual;https://app.prolific.co/submissions/complete?cc=91442ADD
1187894714718216194_twitter;HateXplain;can not trust a bitch that follower her friend like a pet;1- can, 2- not, 3- trust, 4- a, 5- bitch, 6- that, 7- follower, 8- her, 9- friend, 10- like, 11- a, 12- pet;offensive targeting Women;https://app.prolific.co/submissions/complete?cc=91442ADD
25849726_gab;HateXplain;once you realize those super gay shows like big bang theory have jews as the main cast they become funny for a completely different reason than they are intended to be they are funny because that how jew men look like faggot pussies;1- once, 2- you, 3- realize, 4- those, 5- super, 6- gay, 7- shows, 8- like, 9- big, 10- bang, 11- theory, 12- have, 13- jews, 14- as, 15- the, 16- main, 17- cast, 18- they, 19- become, 20- funny, 21- for, 22- a, 23- completely, 24- different, 25- reason, 26- than, 27- they, 28- are, 29- intended, 30- to, 31- be, 32- they, 33- are, 34- funny, 35- because, 36- that, 37- how, 38- jew, 39- men, 40- look, 41- like, 42- faggot, 43- pussies;hatespeech targeting Homosexual;https://app.prolific.co/submissions/complete?cc=91442ADD
1087484557551529984_twitter;HateXplain;watch out hoes;1- watch, 2- out, 3- hoes;offensive targeting Women;https://app.prolific.co/submissions/complete?cc=91442ADD
25851603_gab;HateXplain;there are no nazi patriots faggot;1- there, 2- are, 3- no, 4- nazi, 5- patriots, 6- faggot;offensive targeting Homosexual;https://app.prolific.co/submissions/complete?cc=91442ADD
1091028304025419776_twitter;HateXplain;niggas acting like bitches;1- niggas, 2- acting, 3- like, 4- bitches;offensive targeting Women;https://app.prolific.co/submissions/complete?cc=91442ADD
25936882_gab;HateXplain;oh this is so disgusting a nigger and a faggot get a prominent place in the ceremony;1- oh, 2- this, 3- is, 4- so, 5- disgusting, 6- a, 7- nigger, 8- and, 9- a, 10- faggot, 11- get, 12- a, 13- prominent, 14- place, 15- in, 16- the, 17- ceremony;hatespeech targeting Homosexual;https://app.prolific.co/submissions/complete?cc=91442ADD
1174786810087530497_twitter;HateXplain;bitches date one nigga and get to thinking they from the hood;1- bitches, 2- date, 3- one, 4- nigga, 5- and, 6- get, 7- to, 8- thinking, 9- they, 10- from, 11- the, 12- hood;offensive targeting Women;https://app.prolific.co/submissions/complete?cc=91442ADD
25960592_gab;HateXplain;well bill nye is a cuckservative faggot anyway;1- well, 2- bill, 3- nye, 4- is, 5- a, 6- cuckservative, 7- faggot, 8- anyway;offensive targeting Homosexual;https://app.prolific.co/submissions/complete?cc=91442ADD
1091087401777123328_twitter;HateXplain;bitches stay loyal if they want to;1- bitches, 2- stay, 3- loyal, 4- if, 5- they, 6- want, 7- to;offensive targeting Women;https://app.prolific.co/submissions/complete?cc=91442ADD
26004134_gab;HateXplain;wow you just admitted to wanting the homo sex eww the trolls on gab are retarded as hell maybe as technology improves so will the faggotry jeff mute this nigga mute;1- wow, 2- you, 3- just, 4- admitted, 5- to, 6- wanting, 7- the, 8- homo, 9- sex, 10- eww, 11- the, 12- trolls, 13- on, 14- gab, 15- are, 16- retarded, 17- as, 18- hell, 19- maybe, 20- as, 21- technology, 22- improves, 23- so, 24- will, 25- the, 26- faggotry, 27- jeff, 28- mute, 29- this, 30- nigga, 31- mute;hatespeech targeting Homosexual;https://app.prolific.co/submissions/complete?cc=91442ADD
1170534486255316992_twitter;HateXplain;must thought i was pussy why you playin wit these bitches;1- must, 2- thought, 3- i, 4- was, 5- pussy, 6- why, 7- you, 8- playin, 9- wit, 10- these, 11- bitches;offensive targeting Women;https://app.prolific.co/submissions/complete?cc=91442ADD
26218916_gab;HateXplain;i know right i was so gay when my dad taught me how to make a faggot;1- i, 2- know, 3- right, 4- i, 5- was, 6- so, 7- gay, 8- when, 9- my, 10- dad, 11- taught, 12- me, 13- how, 14- to, 15- make, 16- a, 17- faggot;offensive targeting Homosexual;https://app.prolific.co/submissions/complete?cc=91442ADD
1188962978797895683_twitter;HateXplain;that fuckin mustache that bitch used to look <number> and shit;1- that, 2- fuckin, 3- mustache, 4- that, 5- bitch, 6- used, 7- to, 8- look, 9- <number>, 10- and, 11- shit;offensive targeting Women;https://app.prolific.co/submissions/complete?cc=91442ADD
26238854_gab;HateXplain;excuses excuses i guess you need to mute faggot;1- excuses, 2- excuses, 3- i, 4- guess, 5- you, 6- need, 7- to, 8- mute, 9- faggot;offensive targeting Homosexual;https://app.prolific.co/submissions/complete?cc=91442ADD
1177692355442417664_twitter;HateXplain;you hoes is pathetic;1- you, 2- hoes, 3- is, 4- pathetic;offensive targeting Women;https://app.prolific.co/submissions/complete?cc=91442ADD
26373005_gab;HateXplain;<user> ‍ i had to give you a o for this line and imagine a homosexual like lemon railing about someone undermining the values and traditions of our society how many layers of subversion are you on my dude ‍;1- <user>, 2- i, 3- had, 4- to, 5- give, 6- you, 7- a, 8- o, 9- for, 10- this, 11- line, 12- and, 13- imagine, 14- a, 15- homosexual, 16- like, 17- lemon, 18- railing, 19- about, 20- someone, 21- undermining, 22- the, 23- values, 24- and, 25- traditions, 26- of, 27- our, 28- society, 29- how, 30- many, 31- layers, 32- of, 33- subversion, 34- are, 35- you, 36- on, 37- my, 38- dude;offensive targeting Homosexual;https://app.prolific.co/submissions/complete?cc=91442ADD
1169972252395417600_twitter;HateXplain;you all hoes have no morals;1- you, 2- all, 3- hoes, 4- have, 5- no, 6- morals;offensive targeting Women;https://app.prolific.co/submissions/complete?cc=91442ADD
2642013_gab;HateXplain;the jews lie that today muddy faggoty murca was what the founders had in mind an anything goes lunatic asylum where individual license is the only thing that sacred nothing could be further from the truth we live in a kike creation;1- the, 2- jews, 3- lie, 4- that, 5- today, 6- muddy, 7- faggoty, 8- murca, 9- was, 10- what, 11- the, 12- founders, 13- had, 14- in, 15- mind, 16- an, 17- anything, 18- goes, 19- lunatic, 20- asylum, 21- where, 22- individual, 23- license, 24- is, 25- the, 26- only, 27- thing, 28- that, 29- sacred, 30- nothing, 31- could, 32- be, 33- further, 34- from, 35- the, 36- truth, 37- we, 38- live, 39- in, 40- a, 41- kike, 42- creation;offensive targeting Homosexual;https://app.prolific.co/submissions/complete?cc=91442ADD
attention_9;attention check sentences (HateXplain targeting);arabs are ignorant terrorists;1- arabs, 2- are, 3- ignorant, 4- terrorists;offensive;https://app.prolific.co/submissions/complete?cc=91442ADD