"ID";"dataset";"text";"tokens";"label";"redirectUrl"
"27994482_gab";"HateXplain";"good more like this the more rapefugees welcome faggots that get gutted like fish by their rapefugees the better it removes the fagtards from existence and it may actually educate survivors as to the stupidity of their faggotry";"1- good, 2- more, 3- like, 4- this, 5- the, 6- more, 7- rapefugees, 8- welcome, 9- faggots, 10- that, 11- get, 12- gutted, 13- like, 14- fish, 15- by, 16- their, 17- rapefugees, 18- the, 19- better, 20- it, 21- removes, 22- the, 23- fagtards, 24- from, 25- existence, 26- and, 27- it, 28- may, 29- actually, 30- educate, 31- survivors, 32- as, 33- to, 34- the, 35- stupidity, 36- of, 37- their, 38- faggotry";"hatespeech targeting Homosexual";"https://app.prolific.co/submissions/complete?cc=91442ADD"
"1143376745367781383_twitter";"HateXplain";"i just need a new life i can ’ t associate with you ghetto hoes";"1- i, 2- just, 3- need, 4- a, 5- new, 6- life, 7- i, 8- can, 9- ’, 10- t, 11- associate, 12- with, 13- you, 14- ghetto, 15- hoes";"offensive targeting Women";"https://app.prolific.co/submissions/complete?cc=91442ADD"
"3168947_gab";"HateXplain";"<user> christians fail to explain how this harms them though it harms us when you faggots behave like the disease vector pedophiling murderous raping druggie shiteating conscienceless prog degenerate scum that you are aids is proof that god hates fags";"1- <user>, 2- christians, 3- fail, 4- to, 5- explain, 6- how, 7- this, 8- harms, 9- them, 10- though, 11- it, 12- harms, 13- us, 14- when, 15- you, 16- faggots, 17- behave, 18- like, 19- the, 20- disease, 21- vector, 22- pedophiling, 23- murderous, 24- raping, 25- druggie, 26- shiteating, 27- conscienceless, 28- prog, 29- degenerate, 30- scum, 31- that, 32- you, 33- are, 34- aids, 35- is, 36- proof, 37- that, 38- god, 39- hates, 40- fags";"hatespeech targeting Homosexual";"https://app.prolific.co/submissions/complete?cc=91442ADD"
"1144341896627703808_twitter";"HateXplain";"i really wasted a whole year with a dumb hoe";"1- i, 2- really, 3- wasted, 4- a, 5- whole, 6- year, 7- with, 8- a, 9- dumb, 10- hoe";"offensive targeting Women";"https://app.prolific.co/submissions/complete?cc=91442ADD"
"3218308_gab";"HateXplain";"· <user> downvote me faggot or i will put mmbop live nobody wants that";"1- ·, 2- <user>, 3- downvote, 4- me, 5- faggot, 6- or, 7- i, 8- will, 9- put, 10- mmbop, 11- live, 12- nobody, 13- wants, 14- that";"hatespeech targeting Homosexual";"https://app.prolific.co/submissions/complete?cc=91442ADD"
"1159330162300919808_twitter";"HateXplain";"<user> <user> disgusting bitch ima beat her ass";"1- <user>, 2- <user>, 3- disgusting, 4- bitch, 5- ima, 6- beat, 7- her, 8- ass";"offensive targeting Women";"https://app.prolific.co/submissions/complete?cc=91442ADD"
"3280112_gab";"HateXplain";"<user> is a faggot queer cum guzzling ghetto fag cuck retard did i forget anything im sure i did";"1- <user>, 2- is, 3- a, 4- faggot, 5- queer, 6- cum, 7- guzzling, 8- ghetto, 9- fag, 10- cuck, 11- retard, 12- did, 13- i, 14- forget, 15- anything, 16- im, 17- sure, 18- i, 19- did";"offensive targeting Homosexual";"https://app.prolific.co/submissions/complete?cc=91442ADD"
"1161871987989458944_twitter";"HateXplain";"i ’ m really a nice person 💯 these hoes just be testin my patience";"1- i, 2- ’, 3- m, 4- really, 5- a, 6- nice, 7- person, 8- 💯, 9- these, 10- hoes, 11- just, 12- be, 13- testin, 14- my, 15- patience";"offensive targeting Women";"https://app.prolific.co/submissions/complete?cc=91442ADD"
"3443028_gab";"HateXplain";"<user> i guarantee that feminazi will change her mind if a libtard tells her that the infant can raised to be gay or transgender";"1- <user>, 2- i, 3- guarantee, 4- that, 5- feminazi, 6- will, 7- change, 8- her, 9- mind, 10- if, 11- a, 12- libtard, 13- tells, 14- her, 15- that, 16- the, 17- infant, 18- can, 19- raised, 20- to, 21- be, 22- gay, 23- or, 24- transgender";"hatespeech targeting Homosexual";"https://app.prolific.co/submissions/complete?cc=91442ADD"
"1163196475939139590_twitter";"HateXplain";"i hate when pretty girls are bitchy like you had so much potential";"1- i, 2- hate, 3- when, 4- pretty, 5- girls, 6- are, 7- bitchy, 8- like, 9- you, 10- had, 11- so, 12- much, 13- potential";"offensive targeting Women";"https://app.prolific.co/submissions/complete?cc=91442ADD"
"4035593_gab";"HateXplain";"liberals won t face the fact that if anything the obama administration has condoned criminal behavior far above justice and has divided this nation with his racism muslim leanings and support of homosexuality putting the smallest fleas of society as the leaders of the nation";"1- liberals, 2- won, 3- t, 4- face, 5- the, 6- fact, 7- that, 8- if, 9- anything, 10- the, 11- obama, 12- administration, 13- has, 14- condoned, 15- criminal, 16- behavior, 17- far, 18- above, 19- justice, 20- and, 21- has, 22- divided, 23- this, 24- nation, 25- with, 26- his, 27- racism, 28- muslim, 29- leanings, 30- and, 31- support, 32- of, 33- homosexuality, 34- putting, 35- the, 36- smallest, 37- fleas, 38- of, 39- society, 40- as, 41- the, 42- leaders, 43- of, 44- the, 45- nation";"hatespeech targeting Homosexual";"https://app.prolific.co/submissions/complete?cc=91442ADD"
"1165473550989500416_twitter";"HateXplain";"i hate hoes dese dayz dey getting brave for no reazon";"1- i, 2- hate, 3- hoes, 4- dese, 5- dayz, 6- dey, 7- getting, 8- brave, 9- for, 10- no, 11- reazon";"offensive targeting Women";"https://app.prolific.co/submissions/complete?cc=91442ADD"
"4101820_gab";"HateXplain";"<user> we have all been raped by these assholes cathy obrian came out years ago";"1- <user>, 2- we, 3- have, 4- all, 5- been, 6- raped, 7- by, 8- these, 9- assholes, 10- cathy, 11- obrian, 12- came, 13- out, 14- years, 15- ago";"offensive targeting Homosexual";"https://app.prolific.co/submissions/complete?cc=91442ADD"
"1166697713121091594_twitter";"HateXplain";"<user> pakistani women who act woke are just retarded";"1- <user>, 2- pakistani, 3- women, 4- who, 5- act, 6- woke, 7- are, 8- just, 9- retarded";"offensive targeting Women";"https://app.prolific.co/submissions/complete?cc=91442ADD"
"4294338_gab";"HateXplain";"<user> oh and there the gay rainbow flag these are not women they are mostly lesbians irrelevant termagants with empty wombs";"1- <user>, 2- oh, 3- and, 4- there, 5- the, 6- gay, 7- rainbow, 8- flag, 9- these, 10- are, 11- not, 12- women, 13- they, 14- are, 15- mostly, 16- lesbians, 17- irrelevant, 18- termagants, 19- with, 20- empty, 21- wombs";"hatespeech targeting Homosexual";"https://app.prolific.co/submissions/complete?cc=91442ADD"
"1182489322194268160_twitter";"HateXplain";"<user> you a bad bitch";"1- <user>, 2- you, 3- a, 4- bad, 5- bitch";"offensive targeting Women";"https://app.prolific.co/submissions/complete?cc=91442ADD"
"4589525_gab";"HateXplain";"we need to start making right wing propaganda depicting homosexuals and arabs as villains though not just because they belong to those groups we need to be a smidge more subversive the infotainment medium alone will wont cement the glorious winning";"1- we, 2- need, 3- to, 4- start, 5- making, 6- right, 7- wing, 8- propaganda, 9- depicting, 10- homosexuals, 11- and, 12- arabs, 13- as, 14- villains, 15- though, 16- not, 17- just, 18- because, 19- they, 20- belong, 21- to, 22- those, 23- groups, 24- we, 25- need, 26- to, 27- be, 28- a, 29- smidge, 30- more, 31- subversive, 32- the, 33- infotainment, 34- medium, 35- alone, 36- will, 37- wont, 38- cement, 39- the, 40- glorious, 41- winning";"offensive targeting Homosexual";"https://app.prolific.co/submissions/complete?cc=91442ADD"
"1184291221008769024_twitter";"HateXplain";"just blocked all the pretty females what yall ugly bitches up to";"1- just, 2- blocked, 3- all, 4- the, 5- pretty, 6- females, 7- what, 8- yall, 9- ugly, 10- bitches, 11- up, 12- to";"offensive targeting Women";"https://app.prolific.co/submissions/complete?cc=91442ADD"
"5002223_gab";"HateXplain";"homosexuals legitimately despise and hate women because homosexuality itself is a rejection of women and the feminine gay men constantly try to sabotage their fag hag friends by encouraging them to be slutty and dress like total retards see the fashion industry";"1- homosexuals, 2- legitimately, 3- despise, 4- and, 5- hate, 6- women, 7- because, 8- homosexuality, 9- itself, 10- is, 11- a, 12- rejection, 13- of, 14- women, 15- and, 16- the, 17- feminine, 18- gay, 19- men, 20- constantly, 21- try, 22- to, 23- sabotage, 24- their, 25- fag, 26- hag, 27- friends, 28- by, 29- encouraging, 30- them, 31- to, 32- be, 33- slutty, 34- and, 35- dress, 36- like, 37- total, 38- retards, 39- see, 40- the, 41- fashion, 42- industry";"hatespeech targeting Homosexual";"https://app.prolific.co/submissions/complete?cc=91442ADD"
"1184938221127585793_twitter";"HateXplain";"waiting for the day i ’ m not working and a white hoe talk to me crazy cause i ’ ma beat her ass";"1- waiting, 2- for, 3- the, 4- day, 5- i, 6- ’, 7- m, 8- not, 9- working, 10- and, 11- a, 12- white, 13- hoe, 14- talk, 15- to, 16- me, 17- crazy, 18- cause, 19- i, 20- ’, 21- ma, 22- beat, 23- her, 24- ass";"offensive targeting Women";"https://app.prolific.co/submissions/complete?cc=91442ADD"
"5110218_gab";"HateXplain";"an observation the most anti gay men i know tend to be good with women either because they are players or they know how to keep their wives under their thumbs the most pro homo men i have known are either incels or stuck in relationships with bitchy ugly women who dominate them";"1- an, 2- observation, 3- the, 4- most, 5- anti, 6- gay, 7- men, 8- i, 9- know, 10- tend, 11- to, 12- be, 13- good, 14- with, 15- women, 16- either, 17- because, 18- they, 19- are, 20- players, 21- or, 22- they, 23- know, 24- how, 25- to, 26- keep, 27- their, 28- wives, 29- under, 30- their, 31- thumbs, 32- the, 33- most, 34- pro, 35- homo, 36- men, 37- i, 38- have, 39- known, 40- are, 41- either, 42- incels, 43- or, 44- stuck, 45- in, 46- relationships, 47- with, 48- bitchy, 49- ugly, 50- women, 51- who, 52- dominate, 53- them";"offensive targeting Homosexual";"https://app.prolific.co/submissions/complete?cc=91442ADD"
"1185062519339212801_twitter";"HateXplain";"telling bitches you gon eat em out amp lying about it jus so they got another reason to come over gt ;>>";"1- telling, 2- bitches, 3- you, 4- gon, 5- eat, 6- em, 7- out, 8- amp, 9- lying, 10- about, 11- it, 12- jus, 13- so, 14- they, 15- got, 16- another, 17- reason, 18- to, 19- come, 20- over, 21- gt, 22- ;>>";"offensive targeting Women";"https://app.prolific.co/submissions/complete?cc=91442ADD"
"5256848_gab";"HateXplain";"you mean no one like any of us i am a hard line conservative i think libertarians are retards and i think liberals are retarded faggots was that straight enough";"1- you, 2- mean, 3- no, 4- one, 5- like, 6- any, 7- of, 8- us, 9- i, 10- am, 11- a, 12- hard, 13- line, 14- conservative, 15- i, 16- think, 17- libertarians, 18- are, 19- retards, 20- and, 21- i, 22- think, 23- liberals, 24- are, 25- retarded, 26- faggots, 27- was, 28- that, 29- straight, 30- enough";"offensive targeting Homosexual";"https://app.prolific.co/submissions/complete?cc=91442ADD"
"1186119429618327552_twitter";"HateXplain";"<user> <number> inches is all these hoes deserve";"1- <user>, 2- <number>, 3- inches, 4- is, 5- all, 6- these, 7- hoes, 8- deserve";"offensive targeting Women";"https://app.prolific.co/submissions/complete?cc=91442ADD"
"5310714_gab";"HateXplain";"i do not have a pinterest so you know i am not gay";"1- i, 2- do, 3- not, 4- have, 5- a, 6- pinterest, 7- so, 8- you, 9- know, 10- i, 11- am, 12- not, 13- gay";"offensive targeting Homosexual";"https://app.prolific.co/submissions/complete?cc=91442ADD"
"1190706907461361666_twitter";"HateXplain";"<user> bitch you dont answer me";"1- <user>, 2- bitch, 3- you, 4- dont, 5- answer, 6- me";"offensive targeting Women";"https://app.prolific.co/submissions/complete?cc=91442ADD"
"5461604_gab";"HateXplain";"that faggot piece of shit to the right is german not swedish although his kind exists here too";"1- that, 2- faggot, 3- piece, 4- of, 5- shit, 6- to, 7- the, 8- right, 9- is, 10- german, 11- not, 12- swedish, 13- although, 14- his, 15- kind, 16- exists, 17- here, 18- too";"hatespeech targeting Homosexual";"https://app.prolific.co/submissions/complete?cc=91442ADD"
"1191604777915998208_twitter";"HateXplain";"i swear i be chilling i don ’ t mess with married women but got damn you hoes so fraud to yo husbands";"1- i, 2- swear, 3- i, 4- be, 5- chilling, 6- i, 7- don, 8- ’, 9- t, 10- mess, 11- with, 12- married, 13- women, 14- but, 15- got, 16- damn, 17- you, 18- hoes, 19- so, 20- fraud, 21- to, 22- yo, 23- husbands";"offensive targeting Women";"https://app.prolific.co/submissions/complete?cc=91442ADD"
"5515205_gab";"HateXplain";"<user> you are going over board for a faggot you are on the left torrid ton a fag enabler he enjoying being part of what is now apparently the lastest fad on gab fag enabling my low the gag gift that keeps on giving";"1- <user>, 2- you, 3- are, 4- going, 5- over, 6- board, 7- for, 8- a, 9- faggot, 10- you, 11- are, 12- on, 13- the, 14- left, 15- torrid, 16- ton, 17- a, 18- fag, 19- enabler, 20- he, 21- enjoying, 22- being, 23- part, 24- of, 25- what, 26- is, 27- now, 28- apparently, 29- the, 30- lastest, 31- fad, 32- on, 33- gab, 34- fag, 35- enabling, 36- my, 37- low, 38- the, 39- gag, 40- gift, 41- that, 42- keeps, 43- on, 44- giving";"hatespeech targeting Homosexual";"https://app.prolific.co/submissions/complete?cc=91442ADD"
"attention_40";"attention check sentences (HateXplain targeting)";"that goddamn diaper head stole my car man";"1- that, 2- goddamn, 3- diaper, 4- head, 5- stole, 6- my, 7- car, 8- man";"offensive";"https://app.prolific.co/submissions/complete?cc=91442ADD"