"ID";"dataset";"text";"tokens";"label";"redirectUrl"
"25071768_gab";"HateXplain";"better than nigger art look at that jaguar";"1- better, 2- than, 3- nigger, 4- art, 5- look, 6- at, 7- that, 8- jaguar";"hatespeech targeting African";"https://app.prolific.co/submissions/complete?cc=91442ADD"
"18315448_gab";"HateXplain";"a god dam kike only thinks about sucking babydicks and making believe they holy";"1- a, 2- god, 3- dam, 4- kike, 5- only, 6- thinks, 7- about, 8- sucking, 9- babydicks, 10- and, 11- making, 12- believe, 13- they, 14- holy";"hatespeech targeting Jewish";"https://app.prolific.co/submissions/complete?cc=91442ADD"
"1792851_gab";"HateXplain";"kiwiposse <user> the wobh post suggests otherwise it about the hate preacher that radicalises the muslim population once they tip over the <number> of the population threshold the cancer starts to bite no matter how reasonable we will eventually have the muslim ghettos that foment radical islam";"1- kiwiposse, 2- <user>, 3- the, 4- wobh, 5- post, 6- suggests, 7- otherwise, 8- it, 9- about, 10- the, 11- hate, 12- preacher, 13- that, 14- radicalises, 15- the, 16- muslim, 17- population, 18- once, 19- they, 20- tip, 21- over, 22- the, 23- <number>, 24- of, 25- the, 26- population, 27- threshold, 28- the, 29- cancer, 30- starts, 31- to, 32- bite, 33- no, 34- matter, 35- how, 36- reasonable, 37- we, 38- will, 39- eventually, 40- have, 41- the, 42- muslim, 43- ghettos, 44- that, 45- foment, 46- radical, 47- islam";"offensive targeting Islam";"https://app.prolific.co/submissions/complete?cc=91442ADD"
"6013754_gab";"HateXplain";"the nigger has a conception of his heroic ideal it reaches nowhere near white heights whites are utterly alien and incomprehensible to him the typical nigger reactions of amusement contempt and hatred for whites thus follow wimpy whites meanwhile admire the macho confidence of a chimp race";"1- the, 2- nigger, 3- has, 4- a, 5- conception, 6- of, 7- his, 8- heroic, 9- ideal, 10- it, 11- reaches, 12- nowhere, 13- near, 14- white, 15- heights, 16- whites, 17- are, 18- utterly, 19- alien, 20- and, 21- incomprehensible, 22- to, 23- him, 24- the, 25- typical, 26- nigger, 27- reactions, 28- of, 29- amusement, 30- contempt, 31- and, 32- hatred, 33- for, 34- whites, 35- thus, 36- follow, 37- wimpy, 38- whites, 39- meanwhile, 40- admire, 41- the, 42- macho, 43- confidence, 44- of, 45- a, 46- chimp, 47- race";"hatespeech targeting African";"https://app.prolific.co/submissions/complete?cc=91442ADD"
"12058809_gab";"HateXplain";"i fully support yair netanyahu efforts in helping expose this evil international kike crime syndicate down with the jews down with the reptiles";"1- i, 2- fully, 3- support, 4- yair, 5- netanyahu, 6- efforts, 7- in, 8- helping, 9- expose, 10- this, 11- evil, 12- international, 13- kike, 14- crime, 15- syndicate, 16- down, 17- with, 18- the, 19- jews, 20- down, 21- with, 22- the, 23- reptiles";"hatespeech targeting Jewish";"https://app.prolific.co/submissions/complete?cc=91442ADD"
"17929821_gab";"HateXplain";"there are many posts on here re muslim refugees rape rape gangs grooming gangs etc so it struck me this is akin to sodom and gomorrah read genesis <number> and think of it in relation to rapefugees i think god did the right thing";"1- there, 2- are, 3- many, 4- posts, 5- on, 6- here, 7- re, 8- muslim, 9- refugees, 10- rape, 11- rape, 12- gangs, 13- grooming, 14- gangs, 15- etc, 16- so, 17- it, 18- struck, 19- me, 20- this, 21- is, 22- akin, 23- to, 24- sodom, 25- and, 26- gomorrah, 27- read, 28- genesis, 29- <number>, 30- and, 31- think, 32- of, 33- it, 34- in, 35- relation, 36- to, 37- rapefugees, 38- i, 39- think, 40- god, 41- did, 42- the, 43- right, 44- thing";"offensive targeting Islam";"https://app.prolific.co/submissions/complete?cc=91442ADD"
"27393366_gab";"HateXplain";"love that pic exactly where the nigger needs to be forthousands of years the nigger inferiority has been known";"1- love, 2- that, 3- pic, 4- exactly, 5- where, 6- the, 7- nigger, 8- needs, 9- to, 10- be, 11- forthousands, 12- of, 13- years, 14- the, 15- nigger, 16- inferiority, 17- has, 18- been, 19- known";"hatespeech targeting African";"https://app.prolific.co/submissions/complete?cc=91442ADD"
"17177315_gab";"HateXplain";"no problem naming the kike is just and righteous";"1- no, 2- problem, 3- naming, 4- the, 5- kike, 6- is, 7- just, 8- and, 9- righteous";"hatespeech targeting Jewish";"https://app.prolific.co/submissions/complete?cc=91442ADD"
"17948706_gab";"HateXplain";"muslims are turning nh into a shithole why do not they go to a place they d feel more comfy like ghetto shitcago because the push to place violent islamic refugees in peaceful prosperous white areas is deliberate they are bringing america down and turning it all into a shithole";"1- muslims, 2- are, 3- turning, 4- nh, 5- into, 6- a, 7- shithole, 8- why, 9- do, 10- not, 11- they, 12- go, 13- to, 14- a, 15- place, 16- they, 17- d, 18- feel, 19- more, 20- comfy, 21- like, 22- ghetto, 23- shitcago, 24- because, 25- the, 26- push, 27- to, 28- place, 29- violent, 30- islamic, 31- refugees, 32- in, 33- peaceful, 34- prosperous, 35- white, 36- areas, 37- is, 38- deliberate, 39- they, 40- are, 41- bringing, 42- america, 43- down, 44- and, 45- turning, 46- it, 47- all, 48- into, 49- a, 50- shithole";"hatespeech targeting Islam";"https://app.prolific.co/submissions/complete?cc=91442ADD"
"27024916_gab";"HateXplain";"<number> years ago i was working with homeless people in vermont i met a <number> lb nigger from new jersey who was hiding out from what he admitted were <number> baby mamas wanting child support";"1- <number>, 2- years, 3- ago, 4- i, 5- was, 6- working, 7- with, 8- homeless, 9- people, 10- in, 11- vermont, 12- i, 13- met, 14- a, 15- <number>, 16- lb, 17- nigger, 18- from, 19- new, 20- jersey, 21- who, 22- was, 23- hiding, 24- out, 25- from, 26- what, 27- he, 28- admitted, 29- were, 30- <number>, 31- baby, 32- mamas, 33- wanting, 34- child, 35- support";"offensive targeting African";"https://app.prolific.co/submissions/complete?cc=91442ADD"
"16159744_gab";"HateXplain";"the most resounding reasoning i have seen to be happy for the destruction of net neutrality is that subhuman shitstain george soros wanted nn get fucked kike";"1- the, 2- most, 3- resounding, 4- reasoning, 5- i, 6- have, 7- seen, 8- to, 9- be, 10- happy, 11- for, 12- the, 13- destruction, 14- of, 15- net, 16- neutrality, 17- is, 18- that, 19- subhuman, 20- shitstain, 21- george, 22- soros, 23- wanted, 24- nn, 25- get, 26- fucked, 27- kike";"hatespeech targeting Jewish";"https://app.prolific.co/submissions/complete?cc=91442ADD"
"17989375_gab";"HateXplain";"erase islam from history hold them accountable maga is simple no";"1- erase, 2- islam, 3- from, 4- history, 5- hold, 6- them, 7- accountable, 8- maga, 9- is, 10- simple, 11- no";"hatespeech targeting Islam";"https://app.prolific.co/submissions/complete?cc=91442ADD"
"20316747_gab";"HateXplain";"the shit that black girls need to do to try and look semi normal is astounding this coon looks like she straightens her hair on an ironing board";"1- the, 2- shit, 3- that, 4- black, 5- girls, 6- need, 7- to, 8- do, 9- to, 10- try, 11- and, 12- look, 13- semi, 14- normal, 15- is, 16- astounding, 17- this, 18- coon, 19- looks, 20- like, 21- she, 22- straightens, 23- her, 24- hair, 25- on, 26- an, 27- ironing, 28- board";"hatespeech targeting African";"https://app.prolific.co/submissions/complete?cc=91442ADD"
"21861414_gab";"HateXplain";"plenty of kike christians like pelosi worry about your own kikes dumb pussy";"1- plenty, 2- of, 3- kike, 4- christians, 5- like, 6- pelosi, 7- worry, 8- about, 9- your, 10- own, 11- kikes, 12- dumb, 13- pussy";"hatespeech targeting Jewish";"https://app.prolific.co/submissions/complete?cc=91442ADD"
"18125791_gab";"HateXplain";"took my first trip into town today after getting over the flu on the drive in i had to go through a sh*thole <censored> muslim ghetto but i was delighted to see a new shop a polish pork butchers nice one";"1- took, 2- my, 3- first, 4- trip, 5- into, 6- town, 7- today, 8- after, 9- getting, 10- over, 11- the, 12- flu, 13- on, 14- the, 15- drive, 16- in, 17- i, 18- had, 19- to, 20- go, 21- through, 22- a, 23- sh*thole, 24- <censored>, 25- muslim, 26- ghetto, 27- but, 28- i, 29- was, 30- delighted, 31- to, 32- see, 33- a, 34- new, 35- shop, 36- a, 37- polish, 38- pork, 39- butchers, 40- nice, 41- one";"offensive targeting Islam";"https://app.prolific.co/submissions/complete?cc=91442ADD"
"25559277_gab";"HateXplain";"looks like an ugly fuckin nigger to me";"1- looks, 2- like, 3- an, 4- ugly, 5- fuckin, 6- nigger, 7- to, 8- me";"hatespeech targeting African";"https://app.prolific.co/submissions/complete?cc=91442ADD"
"12442595_gab";"HateXplain";"that high verbal iq did not help that one heeb it would seem that basic bitch knowledge";"1- that, 2- high, 3- verbal, 4- iq, 5- did, 6- not, 7- help, 8- that, 9- one, 10- heeb, 11- it, 12- would, 13- seem, 14- that, 15- basic, 16- bitch, 17- knowledge";"offensive targeting Jewish";"https://app.prolific.co/submissions/complete?cc=91442ADD"
"18387852_gab";"HateXplain";"muslim criminals invading and taking over canada";"1- muslim, 2- criminals, 3- invading, 4- and, 5- taking, 6- over, 7- canada";"offensive targeting Islam";"https://app.prolific.co/submissions/complete?cc=91442ADD"
"14877373_gab";"HateXplain";"the klintoons and ovomit should die in prison together ovomit van be the klintoon house nigger hilree must be pissed that a nigger beat her for president";"1- the, 2- klintoons, 3- and, 4- ovomit, 5- should, 6- die, 7- in, 8- prison, 9- together, 10- ovomit, 11- van, 12- be, 13- the, 14- klintoon, 15- house, 16- nigger, 17- hilree, 18- must, 19- be, 20- pissed, 21- that, 22- a, 23- nigger, 24- beat, 25- her, 26- for, 27- president";"hatespeech targeting African";"https://app.prolific.co/submissions/complete?cc=91442ADD"
"22203028_gab";"HateXplain";"how about fuck off and eat shit you yid bastard";"1- how, 2- about, 3- fuck, 4- off, 5- and, 6- eat, 7- shit, 8- you, 9- yid, 10- bastard";"hatespeech targeting Jewish";"https://app.prolific.co/submissions/complete?cc=91442ADD"
"18392941_gab";"HateXplain";"twitter didnt like ne say we neved had knifings etc before the muslim infestation been locked out for <number> hours 😀 😀 😀 😇 😇";"1- twitter, 2- didnt, 3- like, 4- ne, 5- say, 6- we, 7- neved, 8- had, 9- knifings, 10- etc, 11- before, 12- the, 13- muslim, 14- infestation, 15- been, 16- locked, 17- out, 18- for, 19- <number>, 20- hours, 21- 😀, 22- 😀, 23- 😀, 24- 😇, 25- 😇";"offensive targeting Islam";"https://app.prolific.co/submissions/complete?cc=91442ADD"
"19030152_gab";"HateXplain";"adios nigger lover";"1- adios, 2- nigger, 3- lover";"hatespeech targeting African";"https://app.prolific.co/submissions/complete?cc=91442ADD"
"18916303_gab";"HateXplain";"um as i have said before negative ghost rider we do not accept queers or jews the pattern is full";"1- um, 2- as, 3- i, 4- have, 5- said, 6- before, 7- negative, 8- ghost, 9- rider, 10- we, 11- do, 12- not, 13- accept, 14- queers, 15- or, 16- jews, 17- the, 18- pattern, 19- is, 20- full";"hatespeech targeting Jewish";"https://app.prolific.co/submissions/complete?cc=91442ADD"
"18405198_gab";"HateXplain";"<number> of pakistani are married to a 1 st cousin smae goes for arabs it is a tradition to keep family wealth withen the family just some ammo for the muslim argument";"1- <number>, 2- of, 3- pakistani, 4- are, 5- married, 6- to, 7- a, 8- 1, 9- st, 10- cousin, 11- smae, 12- goes, 13- for, 14- arabs, 15- it, 16- is, 17- a, 18- tradition, 19- to, 20- keep, 21- family, 22- wealth, 23- withen, 24- the, 25- family, 26- just, 27- some, 28- ammo, 29- for, 30- the, 31- muslim, 32- argument";"hatespeech targeting Islam";"https://app.prolific.co/submissions/complete?cc=91442ADD"
"7565490_gab";"HateXplain";"my favorites are all the cucks telling about how blacks are the real raycists because they tried to fuck some nasty assed sheboon and it silverback had objections to it";"1- my, 2- favorites, 3- are, 4- all, 5- the, 6- cucks, 7- telling, 8- about, 9- how, 10- blacks, 11- are, 12- the, 13- real, 14- raycists, 15- because, 16- they, 17- tried, 18- to, 19- fuck, 20- some, 21- nasty, 22- assed, 23- sheboon, 24- and, 25- it, 26- silverback, 27- had, 28- objections, 29- to, 30- it";"hatespeech targeting African";"https://app.prolific.co/submissions/complete?cc=91442ADD"
"17038569_gab";"HateXplain";"what happened zhids happened";"1- what, 2- happened, 3- zhids, 4- happened";"hatespeech targeting Jewish";"https://app.prolific.co/submissions/complete?cc=91442ADD"
"18480293_gab";"HateXplain";"well good i thought the damn thing was gay as soon as i saw it fuckn water bottles laptops guns chainsaws what weirdo is going to shove thatuch shit into that ugly ass vest hell he needs to advertise to isis with the dumb ass mess of a vest";"1- well, 2- good, 3- i, 4- thought, 5- the, 6- damn, 7- thing, 8- was, 9- gay, 10- as, 11- soon, 12- as, 13- i, 14- saw, 15- it, 16- fuckn, 17- water, 18- bottles, 19- laptops, 20- guns, 21- chainsaws, 22- what, 23- weirdo, 24- is, 25- going, 26- to, 27- shove, 28- thatuch, 29- shit, 30- into, 31- that, 32- ugly, 33- ass, 34- vest, 35- hell, 36- he, 37- needs, 38- to, 39- advertise, 40- to, 41- isis, 42- with, 43- the, 44- dumb, 45- ass, 46- mess, 47- of, 48- a, 49- vest";"offensive targeting Islam";"https://app.prolific.co/submissions/complete?cc=91442ADD"
"22585922_gab";"HateXplain";"black nigger hater logging in";"1- black, 2- nigger, 3- hater, 4- logging, 5- in";"hatespeech targeting African";"https://app.prolific.co/submissions/complete?cc=91442ADD"
"8927382_gab";"HateXplain";"trump needs to fire that kike rod rosenstein he should have known you can not trust a jew";"1- trump, 2- needs, 3- to, 4- fire, 5- that, 6- kike, 7- rod, 8- rosenstein, 9- he, 10- should, 11- have, 12- known, 13- you, 14- can, 15- not, 16- trust, 17- a, 18- jew";"hatespeech targeting Jewish";"https://app.prolific.co/submissions/complete?cc=91442ADD"
"attention_59";"attention check sentences (HateXplain targeting)";"i hate john he is a commie bastard";"1- i, 2- hate, 3- john, 4- he, 5- is, 6- a, 7- commie, 8- bastard";"offensive";"https://app.prolific.co/submissions/complete?cc=91442ADD"