ID;dataset;text;tokens;label;redirectUrl
1176869964583723009_twitter;HateXplain;being homophobic is gay because you are worrying about what other guys do with their dicks;1- being, 2- homophobic, 3- is, 4- gay, 5- because, 6- you, 7- are, 8- worrying, 9- about, 10- what, 11- other, 12- guys, 13- do, 14- with, 15- their, 16- dicks;offensive targeting Homosexual;https://app.prolific.co/submissions/complete?cc=91442ADD
1179495889393479680_twitter;HateXplain;<user> or the gay person is open about their sexuality like wow what a miracle;1- <user>, 2- or, 3- the, 4- gay, 5- person, 6- is, 7- open, 8- about, 9- their, 10- sexuality, 11- like, 12- wow, 13- what, 14- a, 15- miracle;offensive targeting Homosexual;https://app.prolific.co/submissions/complete?cc=91442ADD
1179538457372381190_twitter;HateXplain;if u can read this ure gay and also ilu;1- if, 2- u, 3- can, 4- read, 5- this, 6- ure, 7- gay, 8- and, 9- also, 10- ilu;offensive targeting Homosexual;https://app.prolific.co/submissions/complete?cc=91442ADD
1181418944239943680_twitter;HateXplain;<user> but also get ready for my dyke fits sweethart 🥰;1- <user>, 2- but, 3- also, 4- get, 5- ready, 6- for, 7- my, 8- dyke, 9- fits, 10- sweethart, 11- 🥰;offensive targeting Homosexual;https://app.prolific.co/submissions/complete?cc=91442ADD
1182136827219791873_twitter;HateXplain;i ’ ve had enough of uwu kweers faggots and d*kes <censored> amp transgenders lemme year you make some fucking noise;1- i, 2- ’, 3- ve, 4- had, 5- enough, 6- of, 7- uwu, 8- kweers, 9- faggots, 10- and, 11- d*kes, 12- <censored>, 13- amp, 14- transgenders, 15- lemme, 16- year, 17- you, 18- make, 19- some, 20- fucking, 21- noise;hatespeech targeting Homosexual;https://app.prolific.co/submissions/complete?cc=91442ADD
1182882538215428096_twitter;HateXplain;<user> he looks like a homosexual man to me;1- <user>, 2- he, 3- looks, 4- like, 5- a, 6- homosexual, 7- man, 8- to, 9- me;offensive targeting Homosexual;https://app.prolific.co/submissions/complete?cc=91442ADD
1183454972626776070_twitter;HateXplain;<user> not anymore gay game anyways;1- <user>, 2- not, 3- anymore, 4- gay, 5- game, 6- anyways;offensive targeting Homosexual;https://app.prolific.co/submissions/complete?cc=91442ADD
1183579_gab;HateXplain;girls like bad boys because they are fun sociable and do not give a shit about them girls like gay men because they are fun sociable and do not give a shit about them i am seeing a link here are not all bad boys just closet homosexuals;1- girls, 2- like, 3- bad, 4- boys, 5- because, 6- they, 7- are, 8- fun, 9- sociable, 10- and, 11- do, 12- not, 13- give, 14- a, 15- shit, 16- about, 17- them, 18- girls, 19- like, 20- gay, 21- men, 22- because, 23- they, 24- are, 25- fun, 26- sociable, 27- and, 28- do, 29- not, 30- give, 31- a, 32- shit, 33- about, 34- them, 35- i, 36- am, 37- seeing, 38- a, 39- link, 40- here, 41- are, 42- not, 43- all, 44- bad, 45- boys, 46- just, 47- closet, 48- homosexuals;offensive targeting Homosexual;https://app.prolific.co/submissions/complete?cc=91442ADD
11847566_gab;HateXplain;is being a catty faggot effective seems like it works around these parts;1- is, 2- being, 3- a, 4- catty, 5- faggot, 6- effective, 7- seems, 8- like, 9- it, 10- works, 11- around, 12- these, 13- parts;offensive targeting Homosexual;https://app.prolific.co/submissions/complete?cc=91442ADD
11870276_gab;HateXplain;unrelated <user> is a faggot;1- unrelated, 2- <user>, 3- is, 4- a, 5- faggot;offensive targeting Homosexual;https://app.prolific.co/submissions/complete?cc=91442ADD
1187498969557094406_twitter;HateXplain;gays if your hag is dating a homophobic man then yes the rumors are true your hag is homophobic too;1- gays, 2- if, 3- your, 4- hag, 5- is, 6- dating, 7- a, 8- homophobic, 9- man, 10- then, 11- yes, 12- the, 13- rumors, 14- are, 15- true, 16- your, 17- hag, 18- is, 19- homophobic, 20- too;offensive targeting Homosexual;https://app.prolific.co/submissions/complete?cc=91442ADD
1189567918465605632_twitter;HateXplain;this is my last year being gay;1- this, 2- is, 3- my, 4- last, 5- year, 6- being, 7- gay;offensive targeting Homosexual;https://app.prolific.co/submissions/complete?cc=91442ADD
1189739260577869824_twitter;HateXplain;<user> why are people not freaking out over this hot lesbian energy i just don ’ t get it i need a sandy fan club;1- <user>, 2- why, 3- are, 4- people, 5- not, 6- freaking, 7- out, 8- over, 9- this, 10- hot, 11- lesbian, 12- energy, 13- i, 14- just, 15- don, 16- ’, 17- t, 18- get, 19- it, 20- i, 21- need, 22- a, 23- sandy, 24- fan, 25- club;offensive targeting Homosexual;https://app.prolific.co/submissions/complete?cc=91442ADD
1189810555361513473_twitter;HateXplain;<user> just hit on the back side of your railway minster jahil inshan the fat ugly gay guy most useless minster;1- <user>, 2- just, 3- hit, 4- on, 5- the, 6- back, 7- side, 8- of, 9- your, 10- railway, 11- minster, 12- jahil, 13- inshan, 14- the, 15- fat, 16- ugly, 17- gay, 18- guy, 19- most, 20- useless, 21- minster;offensive targeting Homosexual;https://app.prolific.co/submissions/complete?cc=91442ADD
11898351_gab;HateXplain;go back to your vox cave you gigantic faggot;1- go, 2- back, 3- to, 4- your, 5- vox, 6- cave, 7- you, 8- gigantic, 9- faggot;hatespeech targeting Homosexual;https://app.prolific.co/submissions/complete?cc=91442ADD
1191944579475550208_twitter;HateXplain;user dean writing soft gay shit since <number>;1- user, 2- dean, 3- writing, 4- soft, 5- gay, 6- shit, 7- since, 8- <number>;offensive targeting Homosexual;https://app.prolific.co/submissions/complete?cc=91442ADD
1192619788088102912_twitter;HateXplain;all these faggot ass trolls just air dropped in my mentions i am straight up laughing right now triggered little bastards;1- all, 2- these, 3- faggot, 4- ass, 5- trolls, 6- just, 7- air, 8- dropped, 9- in, 10- my, 11- mentions, 12- i, 13- am, 14- straight, 15- up, 16- laughing, 17- right, 18- now, 19- triggered, 20- little, 21- bastards;offensive targeting Homosexual;https://app.prolific.co/submissions/complete?cc=91442ADD
1193298995734622215_twitter;HateXplain;fellas is it gay to have gay friends;1- fellas, 2- is, 3- it, 4- gay, 5- to, 6- have, 7- gay, 8- friends;offensive targeting Homosexual;https://app.prolific.co/submissions/complete?cc=91442ADD
11953093_gab;HateXplain;george is a faggot;1- george, 2- is, 3- a, 4- faggot;offensive targeting Homosexual;https://app.prolific.co/submissions/complete?cc=91442ADD
1195754542597578753_twitter;HateXplain;<user> alex is the mega gay;1- <user>, 2- alex, 3- is, 4- the, 5- mega, 6- gay;offensive targeting Homosexual;https://app.prolific.co/submissions/complete?cc=91442ADD
11959949_gab;HateXplain;plus he a faggot so he likes things up his ass;1- plus, 2- he, 3- a, 4- faggot, 5- so, 6- he, 7- likes, 8- things, 9- up, 10- his, 11- ass;hatespeech targeting Homosexual;https://app.prolific.co/submissions/complete?cc=91442ADD
1198250371589824512_twitter;HateXplain;johnny in his head i thought gay people were meant to be fashionable;1- johnny, 2- in, 3- his, 4- head, 5- i, 6- thought, 7- gay, 8- people, 9- were, 10- meant, 11- to, 12- be, 13- fashionable;offensive targeting Homosexual;https://app.prolific.co/submissions/complete?cc=91442ADD
11983258_gab;HateXplain;despite the super gay cover i am excited to be starting this kettlebell program today;1- despite, 2- the, 3- super, 4- gay, 5- cover, 6- i, 7- am, 8- excited, 9- to, 10- be, 11- starting, 12- this, 13- kettlebell, 14- program, 15- today;offensive targeting Homosexual;https://app.prolific.co/submissions/complete?cc=91442ADD
1199796056525082630_twitter;HateXplain;white people complain about homophobia in the middle east just to fuel their islamophobia they literally don ’ t give a shit about gay arabs;1- white, 2- people, 3- complain, 4- about, 5- homophobia, 6- in, 7- the, 8- middle, 9- east, 10- just, 11- to, 12- fuel, 13- their, 14- islamophobia, 15- they, 16- literally, 17- don, 18- ’, 19- t, 20- give, 21- a, 22- shit, 23- about, 24- gay, 25- arabs;offensive targeting Homosexual;https://app.prolific.co/submissions/complete?cc=91442ADD
1200983749174931456_twitter;HateXplain;<user> <user> shut up faggot;1- <user>, 2- <user>, 3- shut, 4- up, 5- faggot;offensive targeting Homosexual;https://app.prolific.co/submissions/complete?cc=91442ADD
1201385152468774915_twitter;HateXplain;<user> shut up that ’ why your fav looks like a lesbian disgusting 🤮 🤮 🤮;1- <user>, 2- shut, 3- up, 4- that, 5- ’, 6- why, 7- your, 8- fav, 9- looks, 10- like, 11- a, 12- lesbian, 13- disgusting, 14- 🤮, 15- 🤮, 16- 🤮;offensive targeting Homosexual;https://app.prolific.co/submissions/complete?cc=91442ADD
1203280822704492544_twitter;HateXplain;free gay muscle anime pictures best household sex toys sex change tests;1- free, 2- gay, 3- muscle, 4- anime, 5- pictures, 6- best, 7- household, 8- sex, 9- toys, 10- sex, 11- change, 12- tests;offensive targeting Homosexual;https://app.prolific.co/submissions/complete?cc=91442ADD
1204616012265484288_twitter;HateXplain;<user> sounds like a gay porn i ’ d sit through and watch;1- <user>, 2- sounds, 3- like, 4- a, 5- gay, 6- porn, 7- i, 8- ’, 9- d, 10- sit, 11- through, 12- and, 13- watch;offensive targeting Homosexual;https://app.prolific.co/submissions/complete?cc=91442ADD
1205052878391578624_twitter;HateXplain;general bipin rawat says lifting of ban on homosexuality and infidelity in india does not apply to army indianarmydownfall;1- general, 2- bipin, 3- rawat, 4- says, 5- lifting, 6- of, 7- ban, 8- on, 9- homosexuality, 10- and, 11- infidelity, 12- in, 13- india, 14- does, 15- not, 16- apply, 17- to, 18- army, 19- indianarmydownfall;offensive targeting Homosexual;https://app.prolific.co/submissions/complete?cc=91442ADD
attention_3;attention chack sentences (HateXplain targeting);americans are ignorant;1- americans, 2- are, 3- ignorant;offensive;https://app.prolific.co/submissions/complete?cc=91442ADD