ID;dataset;text;tokens;label;redirectUrl
1179098124821901312_twitter;HateXplain;i do not like how the faget usa that stole my chileans trillions die in one week planet and inventions trying to kill me uses faget ass police to harass everyone to make they r whole country a murderous asshole faggot your country can go f its face;1- i, 2- do, 3- not, 4- like, 5- how, 6- the, 7- faget, 8- usa, 9- that, 10- stole, 11- my, 12- chileans, 13- trillions, 14- die, 15- in, 16- one, 17- week, 18- planet, 19- and, 20- inventions, 21- trying, 22- to, 23- kill, 24- me, 25- uses, 26- faget, 27- ass, 28- police, 29- to, 30- harass, 31- everyone, 32- to, 33- make, 34- they, 35- r, 36- whole, 37- country, 38- a, 39- murderous, 40- asshole, 41- faggot, 42- your, 43- country, 44- can, 45- go, 46- f, 47- its, 48- face;hatespeech targeting Homosexual;https://app.prolific.co/submissions/complete?cc=91442ADD
1179072047479234562_twitter;HateXplain;i wish you all dudes stop asking me to come over that a definite no i would never let you faggots around my parents 🤧;1- i, 2- wish, 3- you, 4- all, 5- dudes, 6- stop, 7- asking, 8- me, 9- to, 10- come, 11- over, 12- that, 13- a, 14- definite, 15- no, 16- i, 17- would, 18- never, 19- let, 20- you, 21- faggots, 22- around, 23- my, 24- parents, 25- 🤧;offensive targeting Homosexual;https://app.prolific.co/submissions/complete?cc=91442ADD
9223199_gab;HateXplain;we are getting dykes forced down our throats as leaders to appease the west i can see the corruption seeping in;1- we, 2- are, 3- getting, 4- dykes, 5- forced, 6- down, 7- our, 8- throats, 9- as, 10- leaders, 11- to, 12- appease, 13- the, 14- west, 15- i, 16- can, 17- see, 18- the, 19- corruption, 20- seeping, 21- in;hatespeech targeting Homosexual;https://app.prolific.co/submissions/complete?cc=91442ADD
1179005740893265920_twitter;HateXplain;stop being gay;1- stop, 2- being, 3- gay;offensive targeting Homosexual;https://app.prolific.co/submissions/complete?cc=91442ADD
7046426_gab;HateXplain;with a bull dyke as a roomie;1- with, 2- a, 3- bull, 4- dyke, 5- as, 6- a, 7- roomie;offensive targeting Homosexual;https://app.prolific.co/submissions/complete?cc=91442ADD
18930521_gab;HateXplain;figure skating ladies and pairs eff the queers;1- figure, 2- skating, 3- ladies, 4- and, 5- pairs, 6- eff, 7- the, 8- queers;offensive targeting Homosexual;https://app.prolific.co/submissions/complete?cc=91442ADD
13278368_gab;HateXplain;the boy scouts are run by fags so its only natural the fags would want dykes to join;1- the, 2- boy, 3- scouts, 4- are, 5- run, 6- by, 7- fags, 8- so, 9- its, 10- only, 11- natural, 12- the, 13- fags, 14- would, 15- want, 16- dykes, 17- to, 18- join;hatespeech targeting Homosexual;https://app.prolific.co/submissions/complete?cc=91442ADD
1178975058422665217_twitter;HateXplain;suck my dick and call me a faggot;1- suck, 2- my, 3- dick, 4- and, 5- call, 6- me, 7- a, 8- faggot;offensive targeting Homosexual;https://app.prolific.co/submissions/complete?cc=91442ADD
1091312380032630789_twitter;HateXplain;worship the almighty foot faggot worship master oz86 skype;1- worship, 2- the, 3- almighty, 4- foot, 5- faggot, 6- worship, 7- master, 8- oz86, 9- skype;offensive targeting Homosexual;https://app.prolific.co/submissions/complete?cc=91442ADD
1098387084547686400_twitter;HateXplain;bitch get off my shit fag i am a dom bitch not a fag;1- bitch, 2- get, 3- off, 4- my, 5- shit, 6- fag, 7- i, 8- am, 9- a, 10- dom, 11- bitch, 12- not, 13- a, 14- fag;offensive targeting Homosexual;https://app.prolific.co/submissions/complete?cc=91442ADD
1177998915418742785_twitter;HateXplain;you guys chill u can make xenophobic comments all day as long as you are a member of the demographic you are talkin shit about that why it ok for <user> to make fun of retards and why it ok for me to make fun of faggots <wink> nambla wake up america 911 truth maga;1- you, 2- guys, 3- chill, 4- u, 5- can, 6- make, 7- xenophobic, 8- comments, 9- all, 10- day, 11- as, 12- long, 13- as, 14- you, 15- are, 16- a, 17- member, 18- of, 19- the, 20- demographic, 21- you, 22- are, 23- talkin, 24- shit, 25- about, 26- that, 27- why, 28- it, 29- ok, 30- for, 31- <user>, 32- to, 33- make, 34- fun, 35- of, 36- retards, 37- and, 38- why, 39- it, 40- ok, 41- for, 42- me, 43- to, 44- make, 45- fun, 46- of, 47- faggots, 48- <wink>, 49- nambla, 50- wake, 51- up, 52- america, 53- 911, 54- truth, 55- maga;offensive targeting Homosexual;https://app.prolific.co/submissions/complete?cc=91442ADD
1178688683182034944_twitter;HateXplain;hisnfuckign giggle im faggot;1- hisnfuckign, 2- giggle, 3- im, 4- faggot;offensive targeting Homosexual;https://app.prolific.co/submissions/complete?cc=91442ADD
1178076695418548226_twitter;HateXplain;i fucking hate faggots;1- i, 2- fucking, 3- hate, 4- faggots;hatespeech targeting Homosexual;https://app.prolific.co/submissions/complete?cc=91442ADD
22531681_gab;HateXplain;instead of banning guns we should just ban that bald dyke;1- instead, 2- of, 3- banning, 4- guns, 5- we, 6- should, 7- just, 8- ban, 9- that, 10- bald, 11- dyke;hatespeech targeting Homosexual;https://app.prolific.co/submissions/complete?cc=91442ADD
15891136_gab;HateXplain;women should be ashamed of themselves for letting transgender lesbian man hating dykes speak for them shame on you;1- women, 2- should, 3- be, 4- ashamed, 5- of, 6- themselves, 7- for, 8- letting, 9- transgender, 10- lesbian, 11- man, 12- hating, 13- dykes, 14- speak, 15- for, 16- them, 17- shame, 18- on, 19- you;hatespeech targeting Homosexual;https://app.prolific.co/submissions/complete?cc=91442ADD
12053814_gab;HateXplain;when you realise your sacrifice will be used to justify queers getting married ausfam anal marriage ssm;1- when, 2- you, 3- realise, 4- your, 5- sacrifice, 6- will, 7- be, 8- used, 9- to, 10- justify, 11- queers, 12- getting, 13- married, 14- ausfam, 15- anal, 16- marriage, 17- ssm;offensive targeting Homosexual;https://app.prolific.co/submissions/complete?cc=91442ADD
1178122522237313025_twitter;HateXplain;<user> i hate you faggot add me to your private snap story;1- <user>, 2- i, 3- hate, 4- you, 5- faggot, 6- add, 7- me, 8- to, 9- your, 10- private, 11- snap, 12- story;offensive targeting Homosexual;https://app.prolific.co/submissions/complete?cc=91442ADD
20337799_gab;HateXplain;shaved headed bitch creep the left could not have found someone cute they had to go with a dyke;1- shaved, 2- headed, 3- bitch, 4- creep, 5- the, 6- left, 7- could, 8- not, 9- have, 10- found, 11- someone, 12- cute, 13- they, 14- had, 15- to, 16- go, 17- with, 18- a, 19- dyke;offensive targeting Homosexual;https://app.prolific.co/submissions/complete?cc=91442ADD
4305377_gab;HateXplain;<user> simple women within the muslim brotherhood have been infiltrating the womens rights and feminist movements they seek to take the place of dykes as the natural leaders of these movements in order to convert feminists into muslims;1- <user>, 2- simple, 3- women, 4- within, 5- the, 6- muslim, 7- brotherhood, 8- have, 9- been, 10- infiltrating, 11- the, 12- womens, 13- rights, 14- and, 15- feminist, 16- movements, 17- they, 18- seek, 19- to, 20- take, 21- the, 22- place, 23- of, 24- dykes, 25- as, 26- the, 27- natural, 28- leaders, 29- of, 30- these, 31- movements, 32- in, 33- order, 34- to, 35- convert, 36- feminists, 37- into, 38- muslims;hatespeech targeting Homosexual;https://app.prolific.co/submissions/complete?cc=91442ADD
10076593_gab;HateXplain;if you tell me one of your best friends is a known flaming homo i am going to think you are a faggot;1- if, 2- you, 3- tell, 4- me, 5- one, 6- of, 7- your, 8- best, 9- friends, 10- is, 11- a, 12- known, 13- flaming, 14- homo, 15- i, 16- am, 17- going, 18- to, 19- think, 20- you, 21- are, 22- a, 23- faggot;hatespeech targeting Homosexual;https://app.prolific.co/submissions/complete?cc=91442ADD
10149219_gab;HateXplain;see only what you want to see faggot that your choice but facts are facts and faggots like you will always deny them;1- see, 2- only, 3- what, 4- you, 5- want, 6- to, 7- see, 8- faggot, 9- that, 10- your, 11- choice, 12- but, 13- facts, 14- are, 15- facts, 16- and, 17- faggots, 18- like, 19- you, 20- will, 21- always, 22- deny, 23- them;offensive targeting Homosexual;https://app.prolific.co/submissions/complete?cc=91442ADD
10187762_gab;HateXplain;call richard spencer a faggot;1- call, 2- richard, 3- spencer, 4- a, 5- faggot;offensive targeting Homosexual;https://app.prolific.co/submissions/complete?cc=91442ADD
10527108_gab;HateXplain;except for that private cake company who was forced to bake a gay cake for a gay wedding that when it ok for the government to step in and force a private company to do what they want right faggot btw google is not a private company they are publicly traded;1- except, 2- for, 3- that, 4- private, 5- cake, 6- company, 7- who, 8- was, 9- forced, 10- to, 11- bake, 12- a, 13- gay, 14- cake, 15- for, 16- a, 17- gay, 18- wedding, 19- that, 20- when, 21- it, 22- ok, 23- for, 24- the, 25- government, 26- to, 27- step, 28- in, 29- and, 30- force, 31- a, 32- private, 33- company, 34- to, 35- do, 36- what, 37- they, 38- want, 39- right, 40- faggot, 41- btw, 42- google, 43- is, 44- not, 45- a, 46- private, 47- company, 48- they, 49- are, 50- publicly, 51- traded;offensive targeting Homosexual;https://app.prolific.co/submissions/complete?cc=91442ADD
10562250_gab;HateXplain;hex those faggots with your witch broom;1- hex, 2- those, 3- faggots, 4- with, 5- your, 6- witch, 7- broom;hatespeech targeting Homosexual;https://app.prolific.co/submissions/complete?cc=91442ADD
10695473_gab;HateXplain;<user> who does this cocksucker think he is all of us including the homo know exactly who he is a faggot who desperately hoping to get beaten up on a dark street by cops a a p;1- <user>, 2- who, 3- does, 4- this, 5- cocksucker, 6- think, 7- he, 8- is, 9- all, 10- of, 11- us, 12- including, 13- the, 14- homo, 15- know, 16- exactly, 17- who, 18- he, 19- is, 20- a, 21- faggot, 22- who, 23- desperately, 24- hoping, 25- to, 26- get, 27- beaten, 28- up, 29- on, 30- a, 31- dark, 32- street, 33- by, 34- cops, 35- a, 36- a, 37- p;offensive targeting Homosexual;https://app.prolific.co/submissions/complete?cc=91442ADD
10714130_gab;HateXplain;<user> is a faggot not an argument let that sink in;1- <user>, 2- is, 3- a, 4- faggot, 5- not, 6- an, 7- argument, 8- let, 9- that, 10- sink, 11- in;hatespeech targeting Homosexual;https://app.prolific.co/submissions/complete?cc=91442ADD
1076084250544201728_twitter;HateXplain;<user> yea a gay one;1- <user>, 2- yea, 3- a, 4- gay, 5- one;offensive targeting Homosexual;https://app.prolific.co/submissions/complete?cc=91442ADD
1076950711089262592_twitter;HateXplain;you been a tattle tale your tayle is clear make like a j cat folk tale queer festivus flyeaglesfly prayforbanten 1 linewed;1- you, 2- been, 3- a, 4- tattle, 5- tale, 6- your, 7- tayle, 8- is, 9- clear, 10- make, 11- like, 12- a, 13- j, 14- cat, 15- folk, 16- tale, 17- queer, 18- festivus, 19- flyeaglesfly, 20- prayforbanten, 21- 1, 22- linewed;offensive targeting Homosexual;https://app.prolific.co/submissions/complete?cc=91442ADD
1078868437902987265_twitter;HateXplain;<user> your the one left faggot the battle been over good night;1- <user>, 2- your, 3- the, 4- one, 5- left, 6- faggot, 7- the, 8- battle, 9- been, 10- over, 11- good, 12- night;offensive targeting Homosexual;https://app.prolific.co/submissions/complete?cc=91442ADD
attention_32;attention chack sentences (HateXplain targeting);LOOK ARABS Theyre terrorists;1- LOOK, 2- ARABS, 3- Theyre, 4- terrorists;offensive;https://app.prolific.co/submissions/complete?cc=91442ADD