"ID";"dataset";"text";"tokens";"label";"redirectUrl"
"11094794_gab";"HateXplain";"so fucking sick of that kike zuccerberg and his jew bullshit";"1- so, 2- fucking, 3- sick, 4- of, 5- that, 6- kike, 7- zuccerberg, 8- and, 9- his, 10- jew, 11- bullshit";"hatespeech targeting Jewish";"https://app.prolific.co/submissions/complete?cc=91442ADD"
"20044778_gab";"HateXplain";"<number> million white children raped by paki muslims in the uk covered up by the pm mps police councillors the war has been started by those people not doing their jobs so you drop dead eh";"1- <number>, 2- million, 3- white, 4- children, 5- raped, 6- by, 7- paki, 8- muslims, 9- in, 10- the, 11- uk, 12- covered, 13- up, 14- by, 15- the, 16- pm, 17- mps, 18- police, 19- councillors, 20- the, 21- war, 22- has, 23- been, 24- started, 25- by, 26- those, 27- people, 28- not, 29- doing, 30- their, 31- jobs, 32- so, 33- you, 34- drop, 35- dead, 36- eh";"hatespeech targeting Islam";"https://app.prolific.co/submissions/complete?cc=91442ADD"
"17843664_gab";"HateXplain";"yea did not really know the term muzzie fought against them and worked over in saudi just plain sand niggers is what most of us rednecks call them";"1- yea, 2- did, 3- not, 4- really, 5- know, 6- the, 7- term, 8- muzzie, 9- fought, 10- against, 11- them, 12- and, 13- worked, 14- over, 15- in, 16- saudi, 17- just, 18- plain, 19- sand, 20- niggers, 21- is, 22- what, 23- most, 24- of, 25- us, 26- rednecks, 27- call, 28- them";"hatespeech targeting Arab";"https://app.prolific.co/submissions/complete?cc=91442ADD"
"27790684_gab";"HateXplain";"when you put it this way it sounds a bit retarded";"1- when, 2- you, 3- put, 4- it, 5- this, 6- way, 7- it, 8- sounds, 9- a, 10- bit, 11- retarded";"offensive targeting Other";"https://app.prolific.co/submissions/complete?cc=91442ADD"
"5601373_gab";"HateXplain";"robert davi hollywood and anti trump actors should invite illegal immigrants to oscars oscars2017 and better yet the celebrities should invite a few illegals or refugees to live with them wonder how long they would want them to bunk at their houses";"1- robert, 2- davi, 3- hollywood, 4- and, 5- anti, 6- trump, 7- actors, 8- should, 9- invite, 10- illegal, 11- immigrants, 12- to, 13- oscars, 14- oscars2017, 15- and, 16- better, 17- yet, 18- the, 19- celebrities, 20- should, 21- invite, 22- a, 23- few, 24- illegals, 25- or, 26- refugees, 27- to, 28- live, 29- with, 30- them, 31- wonder, 32- how, 33- long, 34- they, 35- would, 36- want, 37- them, 38- to, 39- bunk, 40- at, 41- their, 42- houses";"offensive targeting Refugee";"https://app.prolific.co/submissions/complete?cc=91442ADD"
"21509608_gab";"HateXplain";"i will bet if some nigger went ape shit on crack you d be the first to demand we show it some compassion right dingbat";"1- i, 2- will, 3- bet, 4- if, 5- some, 6- nigger, 7- went, 8- ape, 9- shit, 10- on, 11- crack, 12- you, 13- d, 14- be, 15- the, 16- first, 17- to, 18- demand, 19- we, 20- show, 21- it, 22- some, 23- compassion, 24- right, 25- dingbat";"hatespeech targeting African";"https://app.prolific.co/submissions/complete?cc=91442ADD"
"25925813_gab";"HateXplain";"i have not once used a single kike source for anything the fact that you automatically assume that anybody who disagrees with herodotus is a kike says something about you i am merely referring to german historians who had disproven herodotus accounts by the mid 1 6 0 0";"1- i, 2- have, 3- not, 4- once, 5- used, 6- a, 7- single, 8- kike, 9- source, 10- for, 11- anything, 12- the, 13- fact, 14- that, 15- you, 16- automatically, 17- assume, 18- that, 19- anybody, 20- who, 21- disagrees, 22- with, 23- herodotus, 24- is, 25- a, 26- kike, 27- says, 28- something, 29- about, 30- you, 31- i, 32- am, 33- merely, 34- referring, 35- to, 36- german, 37- historians, 38- who, 39- had, 40- disproven, 41- herodotus, 42- accounts, 43- by, 44- the, 45- mid, 46- 1, 47- 6, 48- 0, 49- 0";"hatespeech targeting Jewish";"https://app.prolific.co/submissions/complete?cc=91442ADD"
"24729685_gab";"HateXplain";"new date site in europe helping lonely muslimes";"1- new, 2- date, 3- site, 4- in, 5- europe, 6- helping, 7- lonely, 8- muslimes";"offensive targeting Islam";"https://app.prolific.co/submissions/complete?cc=91442ADD"
"18016424_gab";"HateXplain";"wrong for not throwing the arabs out earlier like <number> and take har habayit fully no one would have blinked israel here to stay";"1- wrong, 2- for, 3- not, 4- throwing, 5- the, 6- arabs, 7- out, 8- earlier, 9- like, 10- <number>, 11- and, 12- take, 13- har, 14- habayit, 15- fully, 16- no, 17- one, 18- would, 19- have, 20- blinked, 21- israel, 22- here, 23- to, 24- stay";"offensive targeting Arab";"https://app.prolific.co/submissions/complete?cc=91442ADD"
"27841972_gab";"HateXplain";"making fun of retarded kids is bad but using them as a pawn in your dumbass lib plan to gain sympathy is worse i stand with corey wompwomp";"1- making, 2- fun, 3- of, 4- retarded, 5- kids, 6- is, 7- bad, 8- but, 9- using, 10- them, 11- as, 12- a, 13- pawn, 14- in, 15- your, 16- dumbass, 17- lib, 18- plan, 19- to, 20- gain, 21- sympathy, 22- is, 23- worse, 24- i, 25- stand, 26- with, 27- corey, 28- wompwomp";"offensive targeting Other";"https://app.prolific.co/submissions/complete?cc=91442ADD"
"5778166_gab";"HateXplain";"dear illegal immigrants living in my apartment building my editor busted out thousands of dollars to get his green card has invested in real estate property what have you done do tell thank you rosy";"1- dear, 2- illegal, 3- immigrants, 4- living, 5- in, 6- my, 7- apartment, 8- building, 9- my, 10- editor, 11- busted, 12- out, 13- thousands, 14- of, 15- dollars, 16- to, 17- get, 18- his, 19- green, 20- card, 21- has, 22- invested, 23- in, 24- real, 25- estate, 26- property, 27- what, 28- have, 29- you, 30- done, 31- do, 32- tell, 33- thank, 34- you, 35- rosy";"offensive targeting Refugee";"https://app.prolific.co/submissions/complete?cc=91442ADD"
"23377953_gab";"HateXplain";"match <number> a nigger wins a championship match <number> a nigger wins the battle royal now <number> niggers are singing fuck this whole thing im gonna play gta5 fuck wrestlemania 😡";"1- match, 2- <number>, 3- a, 4- nigger, 5- wins, 6- a, 7- championship, 8- match, 9- <number>, 10- a, 11- nigger, 12- wins, 13- the, 14- battle, 15- royal, 16- now, 17- <number>, 18- niggers, 19- are, 20- singing, 21- fuck, 22- this, 23- whole, 24- thing, 25- im, 26- gonna, 27- play, 28- gta5, 29- fuck, 30- wrestlemania, 31- 😡";"hatespeech targeting African";"https://app.prolific.co/submissions/complete?cc=91442ADD"
"7756008_gab";"HateXplain";"two questions <number> how did you get a picture of my dick <number> who the fuck put a kike star on it";"1- two, 2- questions, 3- <number>, 4- how, 5- did, 6- you, 7- get, 8- a, 9- picture, 10- of, 11- my, 12- dick, 13- <number>, 14- who, 15- the, 16- fuck, 17- put, 18- a, 19- kike, 20- star, 21- on, 22- it";"hatespeech targeting Jewish";"https://app.prolific.co/submissions/complete?cc=91442ADD"
"8036831_gab";"HateXplain";"yeah probably sunni but i do not care what flavor moslem they are get all the moslem invaders the fuck outta western countries";"1- yeah, 2- probably, 3- sunni, 4- but, 5- i, 6- do, 7- not, 8- care, 9- what, 10- flavor, 11- moslem, 12- they, 13- are, 14- get, 15- all, 16- the, 17- moslem, 18- invaders, 19- the, 20- fuck, 21- outta, 22- western, 23- countries";"hatespeech targeting Islam";"https://app.prolific.co/submissions/complete?cc=91442ADD"
"18425911_gab";"HateXplain";"syrians are arabs why didnt they run to saudi kuwait qatar eh syrians do not speak german either syrians have run to the money vile gimmegrants";"1- syrians, 2- are, 3- arabs, 4- why, 5- didnt, 6- they, 7- run, 8- to, 9- saudi, 10- kuwait, 11- qatar, 12- eh, 13- syrians, 14- do, 15- not, 16- speak, 17- german, 18- either, 19- syrians, 20- have, 21- run, 22- to, 23- the, 24- money, 25- vile, 26- gimmegrants";"offensive targeting Arab";"https://app.prolific.co/submissions/complete?cc=91442ADD"
"3442172_gab";"HateXplain";"remind the retarded shitlibs that we are inaugurating the president of the united states donald j trump happens to be it this term imagine the outrage if even one person on the right protested or did not show up for obamas inauguration grow up maga";"1- remind, 2- the, 3- retarded, 4- shitlibs, 5- that, 6- we, 7- are, 8- inaugurating, 9- the, 10- president, 11- of, 12- the, 13- united, 14- states, 15- donald, 16- j, 17- trump, 18- happens, 19- to, 20- be, 21- it, 22- this, 23- term, 24- imagine, 25- the, 26- outrage, 27- if, 28- even, 29- one, 30- person, 31- on, 32- the, 33- right, 34- protested, 35- or, 36- did, 37- not, 38- show, 39- up, 40- for, 41- obamas, 42- inauguration, 43- grow, 44- up, 45- maga";"offensive targeting Other";"https://app.prolific.co/submissions/complete?cc=91442ADD"
"5939894_gab";"HateXplain";"where did msn com bury the obama called slaves immigrants story shame pr arm of the leftists not very hard to conclude for the average american disgraceful media of the left sadly not of the people";"1- where, 2- did, 3- msn, 4- com, 5- bury, 6- the, 7- obama, 8- called, 9- slaves, 10- immigrants, 11- story, 12- shame, 13- pr, 14- arm, 15- of, 16- the, 17- leftists, 18- not, 19- very, 20- hard, 21- to, 22- conclude, 23- for, 24- the, 25- average, 26- american, 27- disgraceful, 28- media, 29- of, 30- the, 31- left, 32- sadly, 33- not, 34- of, 35- the, 36- people";"offensive targeting Refugee";"https://app.prolific.co/submissions/complete?cc=91442ADD"
"10695236_gab";"HateXplain";"paul ryan is a nigger loving degenerate and he going to eat the curve and he going to take a leather shampoo courtesy of paul nehlen boot heel";"1- paul, 2- ryan, 3- is, 4- a, 5- nigger, 6- loving, 7- degenerate, 8- and, 9- he, 10- going, 11- to, 12- eat, 13- the, 14- curve, 15- and, 16- he, 17- going, 18- to, 19- take, 20- a, 21- leather, 22- shampoo, 23- courtesy, 24- of, 25- paul, 26- nehlen, 27- boot, 28- heel";"hatespeech targeting African";"https://app.prolific.co/submissions/complete?cc=91442ADD"
"26721459_gab";"HateXplain";"this is a really interesting excerpt from planet faggot but back on the real world it pretty obvious you are a kike shill trying to pilpul your way out of humiliation very talmudic of you bro check with your local rabbis for help to avoid this beatdown next time";"1- this, 2- is, 3- a, 4- really, 5- interesting, 6- excerpt, 7- from, 8- planet, 9- faggot, 10- but, 11- back, 12- on, 13- the, 14- real, 15- world, 16- it, 17- pretty, 18- obvious, 19- you, 20- are, 21- a, 22- kike, 23- shill, 24- trying, 25- to, 26- pilpul, 27- your, 28- way, 29- out, 30- of, 31- humiliation, 32- very, 33- talmudic, 34- of, 35- you, 36- bro, 37- check, 38- with, 39- your, 40- local, 41- rabbis, 42- for, 43- help, 44- to, 45- avoid, 46- this, 47- beatdown, 48- next, 49- time";"hatespeech targeting Jewish";"https://app.prolific.co/submissions/complete?cc=91442ADD"
"24436328_gab";"HateXplain";"meanwhile moslem grooming gangs and rapists do not get life behind bars or deportation";"1- meanwhile, 2- moslem, 3- grooming, 4- gangs, 5- and, 6- rapists, 7- do, 8- not, 9- get, 10- life, 11- behind, 12- bars, 13- or, 14- deportation";"hatespeech targeting Islam";"https://app.prolific.co/submissions/complete?cc=91442ADD"
"18505037_gab";"HateXplain";"if i were kurdish in germany i would be joining them the kurds are sick and tired of arabs and those who are violent and the kurds are the best fighters after koreans in the world";"1- if, 2- i, 3- were, 4- kurdish, 5- in, 6- germany, 7- i, 8- would, 9- be, 10- joining, 11- them, 12- the, 13- kurds, 14- are, 15- sick, 16- and, 17- tired, 18- of, 19- arabs, 20- and, 21- those, 22- who, 23- are, 24- violent, 25- and, 26- the, 27- kurds, 28- are, 29- the, 30- best, 31- fighters, 32- after, 33- koreans, 34- in, 35- the, 36- world";"hatespeech targeting Arab";"https://app.prolific.co/submissions/complete?cc=91442ADD"
"3749995_gab";"HateXplain";"<user> he has a good start on his career as a criminal great start what a retard";"1- <user>, 2- he, 3- has, 4- a, 5- good, 6- start, 7- on, 8- his, 9- career, 10- as, 11- a, 12- criminal, 13- great, 14- start, 15- what, 16- a, 17- retard";"offensive targeting Other";"https://app.prolific.co/submissions/complete?cc=91442ADD"
"6031194_gab";"HateXplain";"if the united states is such a racist country that hates immigrants then why is it filled with so many racist immigrants who hate americans";"1- if, 2- the, 3- united, 4- states, 5- is, 6- such, 7- a, 8- racist, 9- country, 10- that, 11- hates, 12- immigrants, 13- then, 14- why, 15- is, 16- it, 17- filled, 18- with, 19- so, 20- many, 21- racist, 22- immigrants, 23- who, 24- hate, 25- americans";"offensive targeting Refugee";"https://app.prolific.co/submissions/complete?cc=91442ADD"
"14576064_gab";"HateXplain";"those rights were not even made for you they were made by white people for white people whoever thought it was a good idea to give you kaepernicks fucking rights fucked up did not they no respect just straight fucking bullshit nigger shit";"1- those, 2- rights, 3- were, 4- not, 5- even, 6- made, 7- for, 8- you, 9- they, 10- were, 11- made, 12- by, 13- white, 14- people, 15- for, 16- white, 17- people, 18- whoever, 19- thought, 20- it, 21- was, 22- a, 23- good, 24- idea, 25- to, 26- give, 27- you, 28- kaepernicks, 29- fucking, 30- rights, 31- fucked, 32- up, 33- did, 34- not, 35- they, 36- no, 37- respect, 38- just, 39- straight, 40- fucking, 41- bullshit, 42- nigger, 43- shit";"hatespeech targeting African";"https://app.prolific.co/submissions/complete?cc=91442ADD"
"26910410_gab";"HateXplain";"so it ok to dox a kike but not someone he supports";"1- so, 2- it, 3- ok, 4- to, 5- dox, 6- a, 7- kike, 8- but, 9- not, 10- someone, 11- he, 12- supports";"hatespeech targeting Jewish";"https://app.prolific.co/submissions/complete?cc=91442ADD"
"4968783_gab";"HateXplain";"hopefully we can speak freely about moslim terror here";"1- hopefully, 2- we, 3- can, 4- speak, 5- freely, 6- about, 7- moslim, 8- terror, 9- here";"hatespeech targeting Islam";"https://app.prolific.co/submissions/complete?cc=91442ADD"
"18698237_gab";"HateXplain";"because he was a sand nigger and all sand niggers are disgusting animals sub human filth every last one";"1- because, 2- he, 3- was, 4- a, 5- sand, 6- nigger, 7- and, 8- all, 9- sand, 10- niggers, 11- are, 12- disgusting, 13- animals, 14- sub, 15- human, 16- filth, 17- every, 18- last, 19- one";"hatespeech targeting Arab";"https://app.prolific.co/submissions/complete?cc=91442ADD"
"3799982_gab";"HateXplain";"<user> they are not even trying to feign reasonability anymore they want their platform to be a retarded echo chamber just like our college campuses have become";"1- <user>, 2- they, 3- are, 4- not, 5- even, 6- trying, 7- to, 8- feign, 9- reasonability, 10- anymore, 11- they, 12- want, 13- their, 14- platform, 15- to, 16- be, 17- a, 18- retarded, 19- echo, 20- chamber, 21- just, 22- like, 23- our, 24- college, 25- campuses, 26- have, 27- become";"offensive targeting Other";"https://app.prolific.co/submissions/complete?cc=91442ADD"
"6412815_gab";"HateXplain";"lmao fox is reporting that ice lodged a detainer against those two illegals who repeatedly raped the <number> year old girl in a bathroom in rockville but it is unclear whether local law enforcement will comply they should just rape their kids repeatedly until they do comply d";"1- lmao, 2- fox, 3- is, 4- reporting, 5- that, 6- ice, 7- lodged, 8- a, 9- detainer, 10- against, 11- those, 12- two, 13- illegals, 14- who, 15- repeatedly, 16- raped, 17- the, 18- <number>, 19- year, 20- old, 21- girl, 22- in, 23- a, 24- bathroom, 25- in, 26- rockville, 27- but, 28- it, 29- is, 30- unclear, 31- whether, 32- local, 33- law, 34- enforcement, 35- will, 36- comply, 37- they, 38- should, 39- just, 40- rape, 41- their, 42- kids, 43- repeatedly, 44- until, 45- they, 46- do, 47- comply, 48- d";"offensive targeting Refugee";"https://app.prolific.co/submissions/complete?cc=91442ADD"
"attention_7";"attention check sentences (HateXplain targeting)";"that person drives like a ukrainian i hate those people";"1- that, 2- person, 3- drives, 4- like, 5- a, 6- ukrainian, 7- i, 8- hate, 9- those, 10- people";"offensive";"https://app.prolific.co/submissions/complete?cc=91442ADD"