ID;dataset;text;tokens;label;redirectUrl
13791614_gab;HateXplain;this morning at <number> <number> i saw some spick lawn guys hit a dudes car in the parking lot waited for the owner to come outside because the spicks were trying to drive away it was extremely satisfying knowing they were gonna have to talk to the police about it;1- this, 2- morning, 3- at, 4- <number>, 5- <number>, 6- i, 7- saw, 8- some, 9- spick, 10- lawn, 11- guys, 12- hit, 13- a, 14- dudes, 15- car, 16- in, 17- the, 18- parking, 19- lot, 20- waited, 21- for, 22- the, 23- owner, 24- to, 25- come, 26- outside, 27- because, 28- the, 29- spicks, 30- were, 31- trying, 32- to, 33- drive, 34- away, 35- it, 36- was, 37- extremely, 38- satisfying, 39- knowing, 40- they, 41- were, 42- gonna, 43- have, 44- to, 45- talk, 46- to, 47- the, 48- police, 49- about, 50- it;hatespeech targeting Hispanic;https://app.prolific.co/submissions/complete?cc=91442ADD
23836265_gab;HateXplain;his base is not happy there goes the silent majority i bet ricky vaughn and based spic fuentes are running damage control;1- his, 2- base, 3- is, 4- not, 5- happy, 6- there, 7- goes, 8- the, 9- silent, 10- majority, 11- i, 12- bet, 13- ricky, 14- vaughn, 15- and, 16- based, 17- spic, 18- fuentes, 19- are, 20- running, 21- damage, 22- control;offensive targeting Hispanic;https://app.prolific.co/submissions/complete?cc=91442ADD
27189166_gab;HateXplain;at least the spic did us a favor by getting dead it costs a lot of money to house one offender just so the ab or whoever can ream him out before shanking him my best wishes to the female cop who absorbed his attack;1- at, 2- least, 3- the, 4- spic, 5- did, 6- us, 7- a, 8- favor, 9- by, 10- getting, 11- dead, 12- it, 13- costs, 14- a, 15- lot, 16- of, 17- money, 18- to, 19- house, 20- one, 21- offender, 22- just, 23- so, 24- the, 25- ab, 26- or, 27- whoever, 28- can, 29- ream, 30- him, 31- out, 32- before, 33- shanking, 34- him, 35- my, 36- best, 37- wishes, 38- to, 39- the, 40- female, 41- cop, 42- who, 43- absorbed, 44- his, 45- attack;hatespeech targeting Hispanic;https://app.prolific.co/submissions/complete?cc=91442ADD
1179102478710837249_twitter;HateXplain;<user> i am black with all white freinds taco man;1- <user>, 2- i, 3- am, 4- black, 5- with, 6- all, 7- white, 8- freinds, 9- taco, 10- man;offensive targeting Hispanic;https://app.prolific.co/submissions/complete?cc=91442ADD
22750351_gab;HateXplain;so which beaner is your favorite baseball player do you have a big poster of him hanging on your wall;1- so, 2- which, 3- beaner, 4- is, 5- your, 6- favorite, 7- baseball, 8- player, 9- do, 10- you, 11- have, 12- a, 13- big, 14- poster, 15- of, 16- him, 17- hanging, 18- on, 19- your, 20- wall;hatespeech targeting Hispanic;https://app.prolific.co/submissions/complete?cc=91442ADD
24198815_gab;HateXplain;i will disparage nehlen for marrying a beaner all i please tyvm;1- i, 2- will, 3- disparage, 4- nehlen, 5- for, 6- marrying, 7- a, 8- beaner, 9- all, 10- i, 11- please, 12- tyvm;hatespeech targeting Hispanic;https://app.prolific.co/submissions/complete?cc=91442ADD
11849813_gab;HateXplain;johnson view by contrast was reasonable and genuine even if i disagree with him vox is pulling some dorklord machiavellian master plan bullshit for whatever reason it obvious moronic and tiresome fuck off with your triracial alt west milo apologetics gamergate bullshit you fucking spic;1- johnson, 2- view, 3- by, 4- contrast, 5- was, 6- reasonable, 7- and, 8- genuine, 9- even, 10- if, 11- i, 12- disagree, 13- with, 14- him, 15- vox, 16- is, 17- pulling, 18- some, 19- dorklord, 20- machiavellian, 21- master, 22- plan, 23- bullshit, 24- for, 25- whatever, 26- reason, 27- it, 28- obvious, 29- moronic, 30- and, 31- tiresome, 32- fuck, 33- off, 34- with, 35- your, 36- triracial, 37- alt, 38- west, 39- milo, 40- apologetics, 41- gamergate, 42- bullshit, 43- you, 44- fucking, 45- spic;hatespeech targeting Hispanic;https://app.prolific.co/submissions/complete?cc=91442ADD
3725815_gab;HateXplain;esteban santiago is a beaner muslim build the wall ban muslim immigration trump was right again hail trump;1- esteban, 2- santiago, 3- is, 4- a, 5- beaner, 6- muslim, 7- build, 8- the, 9- wall, 10- ban, 11- muslim, 12- immigration, 13- trump, 14- was, 15- right, 16- again, 17- hail, 18- trump;hatespeech targeting Hispanic;https://app.prolific.co/submissions/complete?cc=91442ADD
27519064_gab;HateXplain;he a wetback so he both;1- he, 2- a, 3- wetback, 4- so, 5- he, 6- both;hatespeech targeting Hispanic;https://app.prolific.co/submissions/complete?cc=91442ADD
22969485_gab;HateXplain;we could meet at the border and if the wetbacks are not turned back ram into them with trucks kill more beaners faster that way;1- we, 2- could, 3- meet, 4- at, 5- the, 6- border, 7- and, 8- if, 9- the, 10- wetbacks, 11- are, 12- not, 13- turned, 14- back, 15- ram, 16- into, 17- them, 18- with, 19- trucks, 20- kill, 21- more, 22- beaners, 23- faster, 24- that, 25- way;hatespeech targeting Hispanic;https://app.prolific.co/submissions/complete?cc=91442ADD
17126242_gab;HateXplain;chuck the cuck nellis bad mouthed trump often on twitter while supporting spik cuban ted cruz jewed up ass now he on gab saying how great trump did his 1 st year and knocking liberals he is a liberal shit himself dam cuck;1- chuck, 2- the, 3- cuck, 4- nellis, 5- bad, 6- mouthed, 7- trump, 8- often, 9- on, 10- twitter, 11- while, 12- supporting, 13- spik, 14- cuban, 15- ted, 16- cruz, 17- jewed, 18- up, 19- ass, 20- now, 21- he, 22- on, 23- gab, 24- saying, 25- how, 26- great, 27- trump, 28- did, 29- his, 30- 1, 31- st, 32- year, 33- and, 34- knocking, 35- liberals, 36- he, 37- is, 38- a, 39- liberal, 40- shit, 41- himself, 42- dam, 43- cuck;offensive targeting Hispanic;https://app.prolific.co/submissions/complete?cc=91442ADD
3718125_gab;HateXplain;<user> i am a brit if you are talking about florida looks like he was a muzzie despite the wetback name;1- <user>, 2- i, 3- am, 4- a, 5- brit, 6- if, 7- you, 8- are, 9- talking, 10- about, 11- florida, 12- looks, 13- like, 14- he, 15- was, 16- a, 17- muzzie, 18- despite, 19- the, 20- wetback, 21- name;offensive targeting Hispanic;https://app.prolific.co/submissions/complete?cc=91442ADD
13543989_gab;HateXplain;gotta keep some beaners in texas texmex is not shit like mexican is;1- gotta, 2- keep, 3- some, 4- beaners, 5- in, 6- texas, 7- texmex, 8- is, 9- not, 10- shit, 11- like, 12- mexican, 13- is;hatespeech targeting Hispanic;https://app.prolific.co/submissions/complete?cc=91442ADD
26938167_gab;HateXplain;trump should try to impeach the wetback jew justices who performed gay marriages but did not recuse themselves from the gay marriage ruling;1- trump, 2- should, 3- try, 4- to, 5- impeach, 6- the, 7- wetback, 8- jew, 9- justices, 10- who, 11- performed, 12- gay, 13- marriages, 14- but, 15- did, 16- not, 17- recuse, 18- themselves, 19- from, 20- the, 21- gay, 22- marriage, 23- ruling;hatespeech targeting Hispanic;https://app.prolific.co/submissions/complete?cc=91442ADD
15415739_gab;HateXplain;jury in the katie stienle trial just let the piece of shit off not guilty of murder vigilante justice needs to make a come back in a big way if there going to let murdering beaners walk the streets;1- jury, 2- in, 3- the, 4- katie, 5- stienle, 6- trial, 7- just, 8- let, 9- the, 10- piece, 11- of, 12- shit, 13- off, 14- not, 15- guilty, 16- of, 17- murder, 18- vigilante, 19- justice, 20- needs, 21- to, 22- make, 23- a, 24- come, 25- back, 26- in, 27- a, 28- big, 29- way, 30- if, 31- there, 32- going, 33- to, 34- let, 35- murdering, 36- beaners, 37- walk, 38- the, 39- streets;hatespeech targeting Hispanic;https://app.prolific.co/submissions/complete?cc=91442ADD
23032780_gab;HateXplain;hahahaha that beaner rolled out that mile in under <number> minutes she was so freaked good thing they had an aed at the taco bell down the street;1- hahahaha, 2- that, 3- beaner, 4- rolled, 5- out, 6- that, 7- mile, 8- in, 9- under, 10- <number>, 11- minutes, 12- she, 13- was, 14- so, 15- freaked, 16- good, 17- thing, 18- they, 19- had, 20- an, 21- aed, 22- at, 23- the, 24- taco, 25- bell, 26- down, 27- the, 28- street;hatespeech targeting Hispanic;https://app.prolific.co/submissions/complete?cc=91442ADD
18811707_gab;HateXplain;the wall is not the final solution these beaners will keep having babies keep balkanizing our society <user> ;1- the, 2- wall, 3- is, 4- not, 5- the, 6- final, 7- solution, 8- these, 9- beaners, 10- will, 11- keep, 12- having, 13- babies, 14- keep, 15- balkanizing, 16- our, 17- society, 18- <user>;hatespeech targeting Hispanic;https://app.prolific.co/submissions/complete?cc=91442ADD
15459655_gab;HateXplain;according to news reports the jury also acquitted him of involuntary manslaughter in ca when they get a jury of your peers that includes getting anchor baby wetback child rapists;1- according, 2- to, 3- news, 4- reports, 5- the, 6- jury, 7- also, 8- acquitted, 9- him, 10- of, 11- involuntary, 12- manslaughter, 13- in, 14- ca, 15- when, 16- they, 17- get, 18- a, 19- jury, 20- of, 21- your, 22- peers, 23- that, 24- includes, 25- getting, 26- anchor, 27- baby, 28- wetback, 29- child, 30- rapists;hatespeech targeting Hispanic;https://app.prolific.co/submissions/complete?cc=91442ADD
14698347_gab;HateXplain;i am even more concerned about mexican teenage tramps whose birth canals are like bazookas launching anchor beaners onto the lanscape of the united states;1- i, 2- am, 3- even, 4- more, 5- concerned, 6- about, 7- mexican, 8- teenage, 9- tramps, 10- whose, 11- birth, 12- canals, 13- are, 14- like, 15- bazookas, 16- launching, 17- anchor, 18- beaners, 19- onto, 20- the, 21- lanscape, 22- of, 23- the, 24- united, 25- states;hatespeech targeting Hispanic;https://app.prolific.co/submissions/complete?cc=91442ADD
11333277_gab;HateXplain;it only hit the beaner city;1- it, 2- only, 3- hit, 4- the, 5- beaner, 6- city;hatespeech targeting Hispanic;https://app.prolific.co/submissions/complete?cc=91442ADD
20127651_gab;HateXplain;tfw a spic is a neo nazi lmao <percent>;1- tfw, 2- a, 3- spic, 4- is, 5- a, 6- neo, 7- nazi, 8- lmao, 9- <percent>;hatespeech targeting Hispanic;https://app.prolific.co/submissions/complete?cc=91442ADD
5153274_gab;HateXplain;deportations are underway oh the feels just remember when you are all cozy in your bed at night some poor beaner has to sleep with one eye open lest the right wing deportation squad extracts it from its hiding place ragnar ds;1- deportations, 2- are, 3- underway, 4- oh, 5- the, 6- feels, 7- just, 8- remember, 9- when, 10- you, 11- are, 12- all, 13- cozy, 14- in, 15- your, 16- bed, 17- at, 18- night, 19- some, 20- poor, 21- beaner, 22- has, 23- to, 24- sleep, 25- with, 26- one, 27- eye, 28- open, 29- lest, 30- the, 31- right, 32- wing, 33- deportation, 34- squad, 35- extracts, 36- it, 37- from, 38- its, 39- hiding, 40- place, 41- ragnar, 42- ds;offensive targeting Hispanic;https://app.prolific.co/submissions/complete?cc=91442ADD
26895042_gab;HateXplain;white boy anyway seems like this was the mythical black unicorn living in a house with his woman and their own kids now thanks to the beaner lopez where are americans going to find another black unicorn;1- white, 2- boy, 3- anyway, 4- seems, 5- like, 6- this, 7- was, 8- the, 9- mythical, 10- black, 11- unicorn, 12- living, 13- in, 14- a, 15- house, 16- with, 17- his, 18- woman, 19- and, 20- their, 21- own, 22- kids, 23- now, 24- thanks, 25- to, 26- the, 27- beaner, 28- lopez, 29- where, 30- are, 31- americans, 32- going, 33- to, 34- find, 35- another, 36- black, 37- unicorn;hatespeech targeting Hispanic;https://app.prolific.co/submissions/complete?cc=91442ADD
27243541_gab;HateXplain;nick the spic fuentes;1- nick, 2- the, 3- spic, 4- fuentes;hatespeech targeting Hispanic;https://app.prolific.co/submissions/complete?cc=91442ADD
17474395_gab;HateXplain;makes sense thernovith would sell out on beaner invasion in a second to sell spanish copies of gorilla mindset anyways if he somehow managed to gain power lol when it comes down to it alt lite fags are just gayer leftists;1- makes, 2- sense, 3- thernovith, 4- would, 5- sell, 6- out, 7- on, 8- beaner, 9- invasion, 10- in, 11- a, 12- second, 13- to, 14- sell, 15- spanish, 16- copies, 17- of, 18- gorilla, 19- mindset, 20- anyways, 21- if, 22- he, 23- somehow, 24- managed, 25- to, 26- gain, 27- power, 28- lol, 29- when, 30- it, 31- comes, 32- down, 33- to, 34- it, 35- alt, 36- lite, 37- fags, 38- are, 39- just, 40- gayer, 41- leftists;hatespeech targeting Hispanic;https://app.prolific.co/submissions/complete?cc=91442ADD
7164097_gab;HateXplain;he has not done anything he deported a couple beaners so what even barry did that;1- he, 2- has, 3- not, 4- done, 5- anything, 6- he, 7- deported, 8- a, 9- couple, 10- beaners, 11- so, 12- what, 13- even, 14- barry, 15- did, 16- that;hatespeech targeting Hispanic;https://app.prolific.co/submissions/complete?cc=91442ADD
21127890_gab;HateXplain;you deserve death if you voted yes cruz that dumbass spic was destined to lose;1- you, 2- deserve, 3- death, 4- if, 5- you, 6- voted, 7- yes, 8- cruz, 9- that, 10- dumbass, 11- spic, 12- was, 13- destined, 14- to, 15- lose;hatespeech targeting Hispanic;https://app.prolific.co/submissions/complete?cc=91442ADD
21496378_gab;HateXplain;you deserve death if you voted ted cruz that dumbass spic was destined to lose;1- you, 2- deserve, 3- death, 4- if, 5- you, 6- voted, 7- ted, 8- cruz, 9- that, 10- dumbass, 11- spic, 12- was, 13- destined, 14- to, 15- lose;hatespeech targeting Hispanic;https://app.prolific.co/submissions/complete?cc=91442ADD
22919778_gab;HateXplain;one must wonder how long she will do in jail on the taxpayers dime before they decide to toss her spic ass out as for the guy castrate him and jail him for life the prisoners in nevada will deal with the matter themselves tyvm;1- one, 2- must, 3- wonder, 4- how, 5- long, 6- she, 7- will, 8- do, 9- in, 10- jail, 11- on, 12- the, 13- taxpayers, 14- dime, 15- before, 16- they, 17- decide, 18- to, 19- toss, 20- her, 21- spic, 22- ass, 23- out, 24- as, 25- for, 26- the, 27- guy, 28- castrate, 29- him, 30- and, 31- jail, 32- him, 33- for, 34- life, 35- the, 36- prisoners, 37- in, 38- nevada, 39- will, 40- deal, 41- with, 42- the, 43- matter, 44- themselves, 45- tyvm;hatespeech targeting Hispanic;https://app.prolific.co/submissions/complete?cc=91442ADD
attention_56;attention chack sentences (HateXplain targeting);Go back to France you antiAmerican commie socialist traitor;1- Go, 2- back, 3- to, 4- France, 5- you, 6- antiAmerican, 7- commie, 8- socialist, 9- traitor;offensive;https://app.prolific.co/submissions/complete?cc=91442ADD