"ID";"dataset";"text";"tokens";"label";"redirectUrl"
"13646100_gab";"HateXplain";"normal people really what not a kike jews sucking faggot do you nazis have definition for that cause think i fall there you huge douchebag fucks";"1- normal, 2- people, 3- really, 4- what, 5- not, 6- a, 7- kike, 8- jews, 9- sucking, 10- faggot, 11- do, 12- you, 13- nazis, 14- have, 15- definition, 16- for, 17- that, 18- cause, 19- think, 20- i, 21- fall, 22- there, 23- you, 24- huge, 25- douchebag, 26- fucks";"hatespeech targeting Jewish";"https://app.prolific.co/submissions/complete?cc=91442ADD"
"6692146_gab";"HateXplain";"democrats have next obama readying in the wings a muslim doctor that what they call diversity i call it stupid 👹";"1- democrats, 2- have, 3- next, 4- obama, 5- readying, 6- in, 7- the, 8- wings, 9- a, 10- muslim, 11- doctor, 12- that, 13- what, 14- they, 15- call, 16- diversity, 17- i, 18- call, 19- it, 20- stupid, 21- 👹";"offensive targeting Islam";"https://app.prolific.co/submissions/complete?cc=91442ADD"
"18981588_gab";"HateXplain";"my ignorance proves i know nothing about this nigger comic i am good with that";"1- my, 2- ignorance, 3- proves, 4- i, 5- know, 6- nothing, 7- about, 8- this, 9- nigger, 10- comic, 11- i, 12- am, 13- good, 14- with, 15- that";"hatespeech targeting African";"https://app.prolific.co/submissions/complete?cc=91442ADD"
"15165183_gab";"HateXplain";"you can not even speak proper english you fucking heeb faggot";"1- you, 2- can, 3- not, 4- even, 5- speak, 6- proper, 7- english, 8- you, 9- fucking, 10- heeb, 11- faggot";"hatespeech targeting Jewish";"https://app.prolific.co/submissions/complete?cc=91442ADD"
"6699092_gab";"HateXplain";"saw a head bagger in walmart tonight 1 st slave i have seen in my county full spaghetti vestibule hanging on the front i find it disgusting that these islamic invaders are allowed to subjugate women like that in america slavery has been abolished here fuckislam banislam";"1- saw, 2- a, 3- head, 4- bagger, 5- in, 6- walmart, 7- tonight, 8- 1, 9- st, 10- slave, 11- i, 12- have, 13- seen, 14- in, 15- my, 16- county, 17- full, 18- spaghetti, 19- vestibule, 20- hanging, 21- on, 22- the, 23- front, 24- i, 25- find, 26- it, 27- disgusting, 28- that, 29- these, 30- islamic, 31- invaders, 32- are, 33- allowed, 34- to, 35- subjugate, 36- women, 37- like, 38- that, 39- in, 40- america, 41- slavery, 42- has, 43- been, 44- abolished, 45- here, 46- fuckislam, 47- banislam";"hatespeech targeting Islam";"https://app.prolific.co/submissions/complete?cc=91442ADD"
"12646603_gab";"HateXplain";"not just a nigger an immigrant nigger so the church got extra culturally enriched by vibrant diversity 😑";"1- not, 2- just, 3- a, 4- nigger, 5- an, 6- immigrant, 7- nigger, 8- so, 9- the, 10- church, 11- got, 12- extra, 13- culturally, 14- enriched, 15- by, 16- vibrant, 17- diversity, 18- 😑";"hatespeech targeting African";"https://app.prolific.co/submissions/complete?cc=91442ADD"
"12832858_gab";"HateXplain";"i hope <user> is hit by a train along with it dirty kike wife having a hope is protected legal speech lil nigga";"1- i, 2- hope, 3- <user>, 4- is, 5- hit, 6- by, 7- a, 8- train, 9- along, 10- with, 11- it, 12- dirty, 13- kike, 14- wife, 15- having, 16- a, 17- hope, 18- is, 19- protected, 20- legal, 21- speech, 22- lil, 23- nigga";"hatespeech targeting Jewish";"https://app.prolific.co/submissions/complete?cc=91442ADD"
"6819403_gab";"HateXplain";"do you really believe that isis radicalislam muslims care about non muslim kids no they do not they would easily chem attack usa or europe if they could gabfam speakfreely";"1- do, 2- you, 3- really, 4- believe, 5- that, 6- isis, 7- radicalislam, 8- muslims, 9- care, 10- about, 11- non, 12- muslim, 13- kids, 14- no, 15- they, 16- do, 17- not, 18- they, 19- would, 20- easily, 21- chem, 22- attack, 23- usa, 24- or, 25- europe, 26- if, 27- they, 28- could, 29- gabfam, 30- speakfreely";"hatespeech targeting Islam";"https://app.prolific.co/submissions/complete?cc=91442ADD"
"12806843_gab";"HateXplain";"a nigger is shaped like a person but so is a gingerbread man";"1- a, 2- nigger, 3- is, 4- shaped, 5- like, 6- a, 7- person, 8- but, 9- so, 10- is, 11- a, 12- gingerbread, 13- man";"hatespeech targeting African";"https://app.prolific.co/submissions/complete?cc=91442ADD"
"13358006_gab";"HateXplain";"deport his unfunny fat kike ass back to canadastan make america funny again";"1- deport, 2- his, 3- unfunny, 4- fat, 5- kike, 6- ass, 7- back, 8- to, 9- canadastan, 10- make, 11- america, 12- funny, 13- again";"hatespeech targeting Jewish";"https://app.prolific.co/submissions/complete?cc=91442ADD"
"6846094_gab";"HateXplain";"is refusing 3 rd world immigrants all it takes to get out of the eu sounds much easier than some long protracted referendum western europe is a write off it is all over but civil war between islamic cults trying to control what is left";"1- is, 2- refusing, 3- 3, 4- rd, 5- world, 6- immigrants, 7- all, 8- it, 9- takes, 10- to, 11- get, 12- out, 13- of, 14- the, 15- eu, 16- sounds, 17- much, 18- easier, 19- than, 20- some, 21- long, 22- protracted, 23- referendum, 24- western, 25- europe, 26- is, 27- a, 28- write, 29- off, 30- it, 31- is, 32- all, 33- over, 34- but, 35- civil, 36- war, 37- between, 38- islamic, 39- cults, 40- trying, 41- to, 42- control, 43- what, 44- is, 45- left";"hatespeech targeting Islam";"https://app.prolific.co/submissions/complete?cc=91442ADD"
"14165684_gab";"HateXplain";"if you act like a nigger your future will reflect that";"1- if, 2- you, 3- act, 4- like, 5- a, 6- nigger, 7- your, 8- future, 9- will, 10- reflect, 11- that";"hatespeech targeting African";"https://app.prolific.co/submissions/complete?cc=91442ADD"
"4285428_gab";"HateXplain";"i bet kike molars cracked when they heard all the in jesus name we pray";"1- i, 2- bet, 3- kike, 4- molars, 5- cracked, 6- when, 7- they, 8- heard, 9- all, 10- the, 11- in, 12- jesus, 13- name, 14- we, 15- pray";"hatespeech targeting Jewish";"https://app.prolific.co/submissions/complete?cc=91442ADD"
"6934426_gab";"HateXplain";"why are middle class white intellectual leftists so pleased a muslim was elected mayor of london does not that tell you how many muslims live in the nations capital and also self destructive indoctrinated english there are now multiculturalism has fractured my country and is not a strength sjw";"1- why, 2- are, 3- middle, 4- class, 5- white, 6- intellectual, 7- leftists, 8- so, 9- pleased, 10- a, 11- muslim, 12- was, 13- elected, 14- mayor, 15- of, 16- london, 17- does, 18- not, 19- that, 20- tell, 21- you, 22- how, 23- many, 24- muslims, 25- live, 26- in, 27- the, 28- nations, 29- capital, 30- and, 31- also, 32- self, 33- destructive, 34- indoctrinated, 35- english, 36- there, 37- are, 38- now, 39- multiculturalism, 40- has, 41- fractured, 42- my, 43- country, 44- and, 45- is, 46- not, 47- a, 48- strength, 49- sjw";"offensive targeting Islam";"https://app.prolific.co/submissions/complete?cc=91442ADD"
"3O0M2G5VC631OWMMIFJ4EG6A4ZD94K_nf_4";"HateXplain";"crazy stupid nigger";"1- crazy, 2- stupid, 3- nigger";"hatespeech targeting African";"https://app.prolific.co/submissions/complete?cc=91442ADD"
"20110849_gab";"HateXplain";"breitbart is kike orientated fake news team trump";"1- breitbart, 2- is, 3- kike, 4- orientated, 5- fake, 6- news, 7- team, 8- trump";"hatespeech targeting Jewish";"https://app.prolific.co/submissions/complete?cc=91442ADD"
"6936098_gab";"HateXplain";"the dam vile jews want a greater israel which includes all of the middle east they will ship all the towel heads to europe and usa we need to blow up israel";"1- the, 2- dam, 3- vile, 4- jews, 5- want, 6- a, 7- greater, 8- israel, 9- which, 10- includes, 11- all, 12- of, 13- the, 14- middle, 15- east, 16- they, 17- will, 18- ship, 19- all, 20- the, 21- towel, 22- heads, 23- to, 24- europe, 25- and, 26- usa, 27- we, 28- need, 29- to, 30- blow, 31- up, 32- israel";"hatespeech targeting Islam";"https://app.prolific.co/submissions/complete?cc=91442ADD"
"27287663_gab";"HateXplain";"quit being a dumb fucking nigger and go back to your harley davidson magazines";"1- quit, 2- being, 3- a, 4- dumb, 5- fucking, 6- nigger, 7- and, 8- go, 9- back, 10- to, 11- your, 12- harley, 13- davidson, 14- magazines";"hatespeech targeting African";"https://app.prolific.co/submissions/complete?cc=91442ADD"
"6900981_gab";"HateXplain";"you jews have surpassed all nations in impertinent fables in bad conduct and in barbarism you deserve to be punished for this is your destiny voltaire in a reply to a letter sent to him by a kike complaining about his anti semitism";"1- you, 2- jews, 3- have, 4- surpassed, 5- all, 6- nations, 7- in, 8- impertinent, 9- fables, 10- in, 11- bad, 12- conduct, 13- and, 14- in, 15- barbarism, 16- you, 17- deserve, 18- to, 19- be, 20- punished, 21- for, 22- this, 23- is, 24- your, 25- destiny, 26- voltaire, 27- in, 28- a, 29- reply, 30- to, 31- a, 32- letter, 33- sent, 34- to, 35- him, 36- by, 37- a, 38- kike, 39- complaining, 40- about, 41- his, 42- anti, 43- semitism";"hatespeech targeting Jewish";"https://app.prolific.co/submissions/complete?cc=91442ADD"
"7024395_gab";"HateXplain";"i further believe those who have planned a world invasion by muslim sub humans should be hunted down and removed from the face of the earth they are obviously trying to kill individualism and free will they must be stopped by any means necessary and with extreme prejudice";"1- i, 2- further, 3- believe, 4- those, 5- who, 6- have, 7- planned, 8- a, 9- world, 10- invasion, 11- by, 12- muslim, 13- sub, 14- humans, 15- should, 16- be, 17- hunted, 18- down, 19- and, 20- removed, 21- from, 22- the, 23- face, 24- of, 25- the, 26- earth, 27- they, 28- are, 29- obviously, 30- trying, 31- to, 32- kill, 33- individualism, 34- and, 35- free, 36- will, 37- they, 38- must, 39- be, 40- stopped, 41- by, 42- any, 43- means, 44- necessary, 45- and, 46- with, 47- extreme, 48- prejudice";"hatespeech targeting Islam";"https://app.prolific.co/submissions/complete?cc=91442ADD"
"19404123_gab";"HateXplain";"lol so sharpton was one of the first niggers to push the we wuz kangz horse shit fucking hilarious that nigger deserves to be drawn and quartered in front of his family for what he done with his miserable slimy race baiting existence";"1- lol, 2- so, 3- sharpton, 4- was, 5- one, 6- of, 7- the, 8- first, 9- niggers, 10- to, 11- push, 12- the, 13- we, 14- wuz, 15- kangz, 16- horse, 17- shit, 18- fucking, 19- hilarious, 20- that, 21- nigger, 22- deserves, 23- to, 24- be, 25- drawn, 26- and, 27- quartered, 28- in, 29- front, 30- of, 31- his, 32- family, 33- for, 34- what, 35- he, 36- done, 37- with, 38- his, 39- miserable, 40- slimy, 41- race, 42- baiting, 43- existence";"hatespeech targeting African";"https://app.prolific.co/submissions/complete?cc=91442ADD"
"25331977_gab";"HateXplain";"sweet yid exposing a yid how fraudulent beast of the field are lol";"1- sweet, 2- yid, 3- exposing, 4- a, 5- yid, 6- how, 7- fraudulent, 8- beast, 9- of, 10- the, 11- field, 12- are, 13- lol";"offensive targeting Jewish";"https://app.prolific.co/submissions/complete?cc=91442ADD"
"7232065_gab";"HateXplain";"let me get this straight ok if i convert to islam i can abuse women and children without catching any heat right i get a pass right hum";"1- let, 2- me, 3- get, 4- this, 5- straight, 6- ok, 7- if, 8- i, 9- convert, 10- to, 11- islam, 12- i, 13- can, 14- abuse, 15- women, 16- and, 17- children, 18- without, 19- catching, 20- any, 21- heat, 22- right, 23- i, 24- get, 25- a, 26- pass, 27- right, 28- hum";"hatespeech targeting Islam";"https://app.prolific.co/submissions/complete?cc=91442ADD"
"10050666_gab";"HateXplain";"if you are on twitter dot commerce here the racist nigger crying about white women being rayciss on sidewalks";"1- if, 2- you, 3- are, 4- on, 5- twitter, 6- dot, 7- commerce, 8- here, 9- the, 10- racist, 11- nigger, 12- crying, 13- about, 14- white, 15- women, 16- being, 17- rayciss, 18- on, 19- sidewalks";"hatespeech targeting African";"https://app.prolific.co/submissions/complete?cc=91442ADD"
"23109309_gab";"HateXplain";"<user> ‍ fuck you faggot can not believe i ever listened to your garbage show also fuck you <user> ‍ you kike piece of shit";"1- <user>, 2- ‍, 3- fuck, 4- you, 5- faggot, 6- can, 7- not, 8- believe, 9- i, 10- ever, 11- listened, 12- to, 13- your, 14- garbage, 15- show, 16- also, 17- fuck, 18- you, 19- <user>, 20- ‍, 21- you, 22- kike, 23- piece, 24- of, 25- shit";"hatespeech targeting Jewish";"https://app.prolific.co/submissions/complete?cc=91442ADD"
"7344450_gab";"HateXplain";"despite living in the same american neighborhood for decades i somehow managed to move to a muslim country i base this on having gone food shopping today in a store over run with hijab clad terrorists";"1- despite, 2- living, 3- in, 4- the, 5- same, 6- american, 7- neighborhood, 8- for, 9- decades, 10- i, 11- somehow, 12- managed, 13- to, 14- move, 15- to, 16- a, 17- muslim, 18- country, 19- i, 20- base, 21- this, 22- on, 23- having, 24- gone, 25- food, 26- shopping, 27- today, 28- in, 29- a, 30- store, 31- over, 32- run, 33- with, 34- hijab, 35- clad, 36- terrorists";"hatespeech targeting Islam";"https://app.prolific.co/submissions/complete?cc=91442ADD"
"27199316_gab";"HateXplain";"<user> ‍ you can not get enough nigger cock can you";"1- <user>, 2- ‍, 3- you, 4- can, 5- not, 6- get, 7- enough, 8- nigger, 9- cock, 10- can, 11- you";"hatespeech targeting African";"https://app.prolific.co/submissions/complete?cc=91442ADD"
"15788400_gab";"HateXplain";"trump during the election i will put clinton in jail trump after the election got all franken magafags yes huge success me you missed the fucking mark also when you going to deport the fucking illegals and halt immigration you kike owned bastard";"1- trump, 2- during, 3- the, 4- election, 5- i, 6- will, 7- put, 8- clinton, 9- in, 10- jail, 11- trump, 12- after, 13- the, 14- election, 15- got, 16- all, 17- franken, 18- magafags, 19- yes, 20- huge, 21- success, 22- me, 23- you, 24- missed, 25- the, 26- fucking, 27- mark, 28- also, 29- when, 30- you, 31- going, 32- to, 33- deport, 34- the, 35- fucking, 36- illegals, 37- and, 38- halt, 39- immigration, 40- you, 41- kike, 42- owned, 43- bastard";"hatespeech targeting Jewish";"https://app.prolific.co/submissions/complete?cc=91442ADD"
"7390463_gab";"HateXplain";"do headscarves come with blinkers because muslim women are beaten raped molested mutilated and have all those things happen to their children too all by the islamic community and it been happening for hundreds of years but they only complain about whites who treat them as equals banislam";"1- do, 2- headscarves, 3- come, 4- with, 5- blinkers, 6- because, 7- muslim, 8- women, 9- are, 10- beaten, 11- raped, 12- molested, 13- mutilated, 14- and, 15- have, 16- all, 17- those, 18- things, 19- happen, 20- to, 21- their, 22- children, 23- too, 24- all, 25- by, 26- the, 27- islamic, 28- community, 29- and, 30- it, 31- been, 32- happening, 33- for, 34- hundreds, 35- of, 36- years, 37- but, 38- they, 39- only, 40- complain, 41- about, 42- whites, 43- who, 44- treat, 45- them, 46- as, 47- equals, 48- banislam";"offensive targeting Islam";"https://app.prolific.co/submissions/complete?cc=91442ADD"
"attention_47";"attention check sentences (HateXplain targeting)";"that nicca told me he wasnt gon na my money till next week";"1- that, 2- nicca, 3- told, 4- me, 5- he, 6- wasnt, 7- gon, 8- na, 9- my, 10- money, 11- till, 12- next, 13- week";"offensive";"https://app.prolific.co/submissions/complete?cc=91442ADD"