"ID";"dataset";"text";"tokens";"label";"redirectUrl"
"25044230_gab";"HateXplain";"islamists plainly state their goals why are so many in the west unwilling to acknowledge the goals of islam and the consequences of accepting this ideology into western societies it just cohencidenal i am sure";"1- islamists, 2- plainly, 3- state, 4- their, 5- goals, 6- why, 7- are, 8- so, 9- many, 10- in, 11- the, 12- west, 13- unwilling, 14- to, 15- acknowledge, 16- the, 17- goals, 18- of, 19- islam, 20- and, 21- the, 22- consequences, 23- of, 24- accepting, 25- this, 26- ideology, 27- into, 28- western, 29- societies, 30- it, 31- just, 32- cohencidenal, 33- i, 34- am, 35- sure";"offensive targeting Islam";"https://app.prolific.co/submissions/complete?cc=91442ADD"
"19241835_gab";"HateXplain";"true story nigger tryed to run me over in a car at a party missed and killed a girl hung himself in jail";"1- true, 2- story, 3- nigger, 4- tryed, 5- to, 6- run, 7- me, 8- over, 9- in, 10- a, 11- car, 12- at, 13- a, 14- party, 15- missed, 16- and, 17- killed, 18- a, 19- girl, 20- hung, 21- himself, 22- in, 23- jail";"hatespeech targeting African";"https://app.prolific.co/submissions/complete?cc=91442ADD"
"12371448_gab";"HateXplain";"what we needed were <number> minute videos playing <number> <number> in <number> tv warning us about the evil hart celler kike change the people immigration scheme";"1- what, 2- we, 3- needed, 4- were, 5- <number>, 6- minute, 7- videos, 8- playing, 9- <number>, 10- <number>, 11- in, 12- <number>, 13- tv, 14- warning, 15- us, 16- about, 17- the, 18- evil, 19- hart, 20- celler, 21- kike, 22- change, 23- the, 24- people, 25- immigration, 26- scheme";"hatespeech targeting Jewish";"https://app.prolific.co/submissions/complete?cc=91442ADD"
"25182816_gab";"HateXplain";"the vile cult known as islam is not compatible with america or american values and the constitution it is a disgusting religion that is based in violence and filth";"1- the, 2- vile, 3- cult, 4- known, 5- as, 6- islam, 7- is, 8- not, 9- compatible, 10- with, 11- america, 12- or, 13- american, 14- values, 15- and, 16- the, 17- constitution, 18- it, 19- is, 20- a, 21- disgusting, 22- religion, 23- that, 24- is, 25- based, 26- in, 27- violence, 28- and, 29- filth";"hatespeech targeting Islam";"https://app.prolific.co/submissions/complete?cc=91442ADD"
"7660755_gab";"HateXplain";"q what the difference between a nigger and a park bench a a park bench can support a family of four";"1- q, 2- what, 3- the, 4- difference, 5- between, 6- a, 7- nigger, 8- and, 9- a, 10- park, 11- bench, 12- a, 13- a, 14- park, 15- bench, 16- can, 17- support, 18- a, 19- family, 20- of, 21- four";"hatespeech targeting African";"https://app.prolific.co/submissions/complete?cc=91442ADD"
"20511112_gab";"HateXplain";"milton is a kike lover who pretends to be against communism when he promotes degeneracy";"1- milton, 2- is, 3- a, 4- kike, 5- lover, 6- who, 7- pretends, 8- to, 9- be, 10- against, 11- communism, 12- when, 13- he, 14- promotes, 15- degeneracy";"hatespeech targeting Jewish";"https://app.prolific.co/submissions/complete?cc=91442ADD"
"25270034_gab";"HateXplain";"ask any good feminist and they will tell you being mutilated raped and oppressed by islam is good for women allahsnackbar";"1- ask, 2- any, 3- good, 4- feminist, 5- and, 6- they, 7- will, 8- tell, 9- you, 10- being, 11- mutilated, 12- raped, 13- and, 14- oppressed, 15- by, 16- islam, 17- is, 18- good, 19- for, 20- women, 21- allahsnackbar";"offensive targeting Islam";"https://app.prolific.co/submissions/complete?cc=91442ADD"
"10104838_gab";"HateXplain";"many police policies were aimed at the inner city nigger problem basically they figured just jail an entire population nature adapts one man had to father many children and since it could never be plausible to find a good enough job to pay for them all different tactics were employed";"1- many, 2- police, 3- policies, 4- were, 5- aimed, 6- at, 7- the, 8- inner, 9- city, 10- nigger, 11- problem, 12- basically, 13- they, 14- figured, 15- just, 16- jail, 17- an, 18- entire, 19- population, 20- nature, 21- adapts, 22- one, 23- man, 24- had, 25- to, 26- father, 27- many, 28- children, 29- and, 30- since, 31- it, 32- could, 33- never, 34- be, 35- plausible, 36- to, 37- find, 38- a, 39- good, 40- enough, 41- job, 42- to, 43- pay, 44- for, 45- them, 46- all, 47- different, 48- tactics, 49- were, 50- employed";"hatespeech targeting African";"https://app.prolific.co/submissions/complete?cc=91442ADD"
"26616403_gab";"HateXplain";"ok good night mr kike faggot sleep tight";"1- ok, 2- good, 3- night, 4- mr, 5- kike, 6- faggot, 7- sleep, 8- tight";"hatespeech targeting Jewish";"https://app.prolific.co/submissions/complete?cc=91442ADD"
"25273523_gab";"HateXplain";"if that were my sentiment and not a misrepresentation you would the muzzies were and have been throughout history the most despicable of people peace is a foreign concept to them";"1- if, 2- that, 3- were, 4- my, 5- sentiment, 6- and, 7- not, 8- a, 9- misrepresentation, 10- you, 11- would, 12- the, 13- muzzies, 14- were, 15- and, 16- have, 17- been, 18- throughout, 19- history, 20- the, 21- most, 22- despicable, 23- of, 24- people, 25- peace, 26- is, 27- a, 28- foreign, 29- concept, 30- to, 31- them";"offensive targeting Islam";"https://app.prolific.co/submissions/complete?cc=91442ADD"
"21084011_gab";"HateXplain";"tired of these pussy fucking memes make one it ok to shoot a fucking nigger in the face if he on your farm";"1- tired, 2- of, 3- these, 4- pussy, 5- fucking, 6- memes, 7- make, 8- one, 9- it, 10- ok, 11- to, 12- shoot, 13- a, 14- fucking, 15- nigger, 16- in, 17- the, 18- face, 19- if, 20- he, 21- on, 22- your, 23- farm";"hatespeech targeting African";"https://app.prolific.co/submissions/complete?cc=91442ADD"
"23417113_gab";"HateXplain";"claims intelligence posts headline from drudge run by a faggot kike hillary lover your a shill parody of yourself q qanon maga shills";"1- claims, 2- intelligence, 3- posts, 4- headline, 5- from, 6- drudge, 7- run, 8- by, 9- a, 10- faggot, 11- kike, 12- hillary, 13- lover, 14- your, 15- a, 16- shill, 17- parody, 18- of, 19- yourself, 20- q, 21- qanon, 22- maga, 23- shills";"hatespeech targeting Jewish";"https://app.prolific.co/submissions/complete?cc=91442ADD"
"25379594_gab";"HateXplain";"islam quran means shit";"1- islam, 2- quran, 3- means, 4- shit";"offensive targeting Islam";"https://app.prolific.co/submissions/complete?cc=91442ADD"
"24124738_gab";"HateXplain";"ok look for the nigger muzrat with swollen balls";"1- ok, 2- look, 3- for, 4- the, 5- nigger, 6- muzrat, 7- with, 8- swollen, 9- balls";"hatespeech targeting African";"https://app.prolific.co/submissions/complete?cc=91442ADD"
"3TCFMTM8HEP9WD44AOLN6VRTM9T218_nf_6";"HateXplain";"it an old post that was cherry picked after the fact this kike is full of shit";"1- it, 2- an, 3- old, 4- post, 5- that, 6- was, 7- cherry, 8- picked, 9- after, 10- the, 11- fact, 12- this, 13- kike, 14- is, 15- full, 16- of, 17- shit";"hatespeech targeting Jewish";"https://app.prolific.co/submissions/complete?cc=91442ADD"
"25545019_gab";"HateXplain";"another fucking muslim lie death to any muslim who goes near a white woman";"1- another, 2- fucking, 3- muslim, 4- lie, 5- death, 6- to, 7- any, 8- muslim, 9- who, 10- goes, 11- near, 12- a, 13- white, 14- woman";"hatespeech targeting Islam";"https://app.prolific.co/submissions/complete?cc=91442ADD"
"17553164_gab";"HateXplain";"even calls them black out of respect for her nigger gods";"1- even, 2- calls, 3- them, 4- black, 5- out, 6- of, 7- respect, 8- for, 9- her, 10- nigger, 11- gods";"hatespeech targeting African";"https://app.prolific.co/submissions/complete?cc=91442ADD"
"11958098_gab";"HateXplain";"you outed yourself as a kike that was my goal or did you want to dazzle us further with your jew bantz go for it or you could be looking for tel aviv apartments to save your skin ps jewish landlords are notorious slumlords so shop around kike";"1- you, 2- outed, 3- yourself, 4- as, 5- a, 6- kike, 7- that, 8- was, 9- my, 10- goal, 11- or, 12- did, 13- you, 14- want, 15- to, 16- dazzle, 17- us, 18- further, 19- with, 20- your, 21- jew, 22- bantz, 23- go, 24- for, 25- it, 26- or, 27- you, 28- could, 29- be, 30- looking, 31- for, 32- tel, 33- aviv, 34- apartments, 35- to, 36- save, 37- your, 38- skin, 39- ps, 40- jewish, 41- landlords, 42- are, 43- notorious, 44- slumlords, 45- so, 46- shop, 47- around, 48- kike";"hatespeech targeting Jewish";"https://app.prolific.co/submissions/complete?cc=91442ADD"
"25803928_gab";"HateXplain";"inherent in inbreeds which is nearly all moslem shite";"1- inherent, 2- in, 3- inbreeds, 4- which, 5- is, 6- nearly, 7- all, 8- moslem, 9- shite";"offensive targeting Islam";"https://app.prolific.co/submissions/complete?cc=91442ADD"
"24735346_gab";"HateXplain";"it a shame when the prince can not find a nigger in his own country to marry but has to find a hand me down from the states";"1- it, 2- a, 3- shame, 4- when, 5- the, 6- prince, 7- can, 8- not, 9- find, 10- a, 11- nigger, 12- in, 13- his, 14- own, 15- country, 16- to, 17- marry, 18- but, 19- has, 20- to, 21- find, 22- a, 23- hand, 24- me, 25- down, 26- from, 27- the, 28- states";"hatespeech targeting African";"https://app.prolific.co/submissions/complete?cc=91442ADD"
"20371641_gab";"HateXplain";"i heard about it from an epileptic kike journo";"1- i, 2- heard, 3- about, 4- it, 5- from, 6- an, 7- epileptic, 8- kike, 9- journo";"offensive targeting Jewish";"https://app.prolific.co/submissions/complete?cc=91442ADD"
"25823817_gab";"HateXplain";"brennan is a traitor any other muslim who attains a position of responsibility will also commit treason muslims cannot be muslims while upholding the us constitution or its laws they are irrevocably in conflict with so called islamic law";"1- brennan, 2- is, 3- a, 4- traitor, 5- any, 6- other, 7- muslim, 8- who, 9- attains, 10- a, 11- position, 12- of, 13- responsibility, 14- will, 15- also, 16- commit, 17- treason, 18- muslims, 19- cannot, 20- be, 21- muslims, 22- while, 23- upholding, 24- the, 25- us, 26- constitution, 27- or, 28- its, 29- laws, 30- they, 31- are, 32- irrevocably, 33- in, 34- conflict, 35- with, 36- so, 37- called, 38- islamic, 39- law";"offensive targeting Islam";"https://app.prolific.co/submissions/complete?cc=91442ADD"
"14642341_gab";"HateXplain";"age of consent is <number> in alabama the kikes and roasties want white men fucking <number> year old infertile nigger cum dumpsters white ge n ocide";"1- age, 2- of, 3- consent, 4- is, 5- <number>, 6- in, 7- alabama, 8- the, 9- kikes, 10- and, 11- roasties, 12- want, 13- white, 14- men, 15- fucking, 16- <number>, 17- year, 18- old, 19- infertile, 20- nigger, 21- cum, 22- dumpsters, 23- white, 24- ge, 25- n, 26- ocide";"hatespeech targeting African";"https://app.prolific.co/submissions/complete?cc=91442ADD"
"25893116_gab";"HateXplain";"<user> hey joo phebus you have still never explained your ties to jew lawyers and liberal actvists like diversity law group all you had to do is explain but you refuse but you demand others explain things to you you are such a textbook heeb operative just poorly trained";"1- <user>, 2- hey, 3- joo, 4- phebus, 5- you, 6- have, 7- still, 8- never, 9- explained, 10- your, 11- ties, 12- to, 13- jew, 14- lawyers, 15- and, 16- liberal, 17- actvists, 18- like, 19- diversity, 20- law, 21- group, 22- all, 23- you, 24- had, 25- to, 26- do, 27- is, 28- explain, 29- but, 30- you, 31- refuse, 32- but, 33- you, 34- demand, 35- others, 36- explain, 37- things, 38- to, 39- you, 40- you, 41- are, 42- such, 43- a, 44- textbook, 45- heeb, 46- operative, 47- just, 48- poorly, 49- trained";"offensive targeting Jewish";"https://app.prolific.co/submissions/complete?cc=91442ADD"
"25869663_gab";"HateXplain";"harry why not marry a mop with a fleshlight is going o be a lot cheaper than the divorce and the death is megan going to go off and fcuck a few muslimes";"1- harry, 2- why, 3- not, 4- marry, 5- a, 6- mop, 7- with, 8- a, 9- fleshlight, 10- is, 11- going, 12- o, 13- be, 14- a, 15- lot, 16- cheaper, 17- than, 18- the, 19- divorce, 20- and, 21- the, 22- death, 23- is, 24- megan, 25- going, 26- to, 27- go, 28- off, 29- and, 30- fcuck, 31- a, 32- few, 33- muslimes";"offensive targeting Islam";"https://app.prolific.co/submissions/complete?cc=91442ADD"
"27770159_gab";"HateXplain";"that criminal m.l.k. jr being arrested outside a courtroom in <number> should have locked the nigger criminal up for life nearly <number> year later you see the anti white american bastard has caused";"1- that, 2- criminal, 3- m.l.k., 4- jr, 5- being, 6- arrested, 7- outside, 8- a, 9- courtroom, 10- in, 11- <number>, 12- should, 13- have, 14- locked, 15- the, 16- nigger, 17- criminal, 18- up, 19- for, 20- life, 21- nearly, 22- <number>, 23- year, 24- later, 25- you, 26- see, 27- the, 28- anti, 29- white, 30- american, 31- bastard, 32- has, 33- caused";"hatespeech targeting African";"https://app.prolific.co/submissions/complete?cc=91442ADD"
"4934708_gab";"HateXplain";"we need to meme betsy devos as a kike crushing demon lmao";"1- we, 2- need, 3- to, 4- meme, 5- betsy, 6- devos, 7- as, 8- a, 9- kike, 10- crushing, 11- demon, 12- lmao";"hatespeech targeting Jewish";"https://app.prolific.co/submissions/complete?cc=91442ADD"
"25888564_gab";"HateXplain";"muhammad was a faggot like you muhammad is protected by the state that you worship because saudi arabia buys out politicians now go suck muslim dick";"1- muhammad, 2- was, 3- a, 4- faggot, 5- like, 6- you, 7- muhammad, 8- is, 9- protected, 10- by, 11- the, 12- state, 13- that, 14- you, 15- worship, 16- because, 17- saudi, 18- arabia, 19- buys, 20- out, 21- politicians, 22- now, 23- go, 24- suck, 25- muslim, 26- dick";"hatespeech targeting Islam";"https://app.prolific.co/submissions/complete?cc=91442ADD"
"27134979_gab";"HateXplain";"yah fucken filthy niggar";"1- yah, 2- fucken, 3- filthy, 4- niggar";"hatespeech targeting African";"https://app.prolific.co/submissions/complete?cc=91442ADD"
"attention_48";"attention check sentences (HateXplain targeting)";"that nicca gone crazy";"1- that, 2- nicca, 3- gone, 4- crazy";"offensive";"https://app.prolific.co/submissions/complete?cc=91442ADD"