"ID";"dataset";"text";"tokens";"label";"redirectUrl"
"14482119_gab";"HateXplain";"but boom you are welcome feminists are pro women in the draft you might want to check with the anti feminists who want to keep women in the home domain pretty sure they are more any women in military than feminists are think about it";"1- but, 2- boom, 3- you, 4- are, 5- welcome, 6- feminists, 7- are, 8- pro, 9- women, 10- in, 11- the, 12- draft, 13- you, 14- might, 15- want, 16- to, 17- check, 18- with, 19- the, 20- anti, 21- feminists, 22- who, 23- want, 24- to, 25- keep, 26- women, 27- in, 28- the, 29- home, 30- domain, 31- pretty, 32- sure, 33- they, 34- are, 35- more, 36- any, 37- women, 38- in, 39- military, 40- than, 41- feminists, 42- are, 43- think, 44- about, 45- it";"hatespeech targeting Women";"https://app.prolific.co/submissions/complete?cc=91442ADD"
"1103690106701996033_twitter";"HateXplain";"<user> pocahontas jumps in bed with moslem terrorists interesting combo";"1- <user>, 2- pocahontas, 3- jumps, 4- in, 5- bed, 6- with, 7- moslem, 8- terrorists, 9- interesting, 10- combo";"offensive targeting Islam";"https://app.prolific.co/submissions/complete?cc=91442ADD"
"13473447_gab";"HateXplain";"sorry tom you are wrong the qur an haddiths sanction rape mohammed himself raped many women including the <number> year old aisha he was poisoned by a jewess he had raped after murdering her husband the qur an encourages the rape of unbelievers it is the religion of satan";"1- sorry, 2- tom, 3- you, 4- are, 5- wrong, 6- the, 7- qur, 8- an, 9- haddiths, 10- sanction, 11- rape, 12- mohammed, 13- himself, 14- raped, 15- many, 16- women, 17- including, 18- the, 19- <number>, 20- year, 21- old, 22- aisha, 23- he, 24- was, 25- poisoned, 26- by, 27- a, 28- jewess, 29- he, 30- had, 31- raped, 32- after, 33- murdering, 34- her, 35- husband, 36- the, 37- qur, 38- an, 39- encourages, 40- the, 41- rape, 42- of, 43- unbelievers, 44- it, 45- is, 46- the, 47- religion, 48- of, 49- satan";"hatespeech targeting Islam";"https://app.prolific.co/submissions/complete?cc=91442ADD"
"1216520394938769408_twitter";"HateXplain";"<user> fuck em let them towel heads burn";"1- <user>, 2- fuck, 3- em, 4- let, 5- them, 6- towel, 7- heads, 8- burn";"hatespeech targeting Arab";"https://app.prolific.co/submissions/complete?cc=91442ADD"
"14712191_gab";"HateXplain";"<number> <number> sandnigger wife and mystery meat spawn not included with purchase";"1- <number>, 2- <number>, 3- sandnigger, 4- wife, 5- and, 6- mystery, 7- meat, 8- spawn, 9- not, 10- included, 11- with, 12- purchase";"offensive targeting Arab";"https://app.prolific.co/submissions/complete?cc=91442ADD"
"1104150775469608962_twitter";"HateXplain";"zekes a whole ass bitch";"1- zekes, 2- a, 3- whole, 4- ass, 5- bitch";"offensive targeting Other";"https://app.prolific.co/submissions/complete?cc=91442ADD"
"14008592_gab";"HateXplain";"life did not happen on accident it amazing how mentally retarded ideas get declared brilliant";"1- life, 2- did, 3- not, 4- happen, 5- on, 6- accident, 7- it, 8- amazing, 9- how, 10- mentally, 11- retarded, 12- ideas, 13- get, 14- declared, 15- brilliant";"offensive targeting Other";"https://app.prolific.co/submissions/complete?cc=91442ADD"
"1082071149712818177_twitter";"HateXplain";"<user> let ’ see some of you zealot commenters volunteer to house the illegal aliens";"1- <user>, 2- let, 3- ’, 4- see, 5- some, 6- of, 7- you, 8- zealot, 9- commenters, 10- volunteer, 11- to, 12- house, 13- the, 14- illegal, 15- aliens";"offensive targeting Refugee";"https://app.prolific.co/submissions/complete?cc=91442ADD"
"15844844_gab";"HateXplain";"service in the us imperial army does not make immigrants american any more than germanic immigrants service in the roman imperial army made them italian";"1- service, 2- in, 3- the, 4- us, 5- imperial, 6- army, 7- does, 8- not, 9- make, 10- immigrants, 11- american, 12- any, 13- more, 14- than, 15- germanic, 16- immigrants, 17- service, 18- in, 19- the, 20- roman, 21- imperial, 22- army, 23- made, 24- them, 25- italian";"offensive targeting Refugee";"https://app.prolific.co/submissions/complete?cc=91442ADD"
"1179045235520757762_twitter";"HateXplain";"<user> chinaman satanist lee hsien loong criminals had audible talks in <number> wellington circle singapore he paced back and forth looking at my family colonial style bungalow in admiralty road in the late 1 9 7 0 this information from the audible talks a few years ago";"1- <user>, 2- chinaman, 3- satanist, 4- lee, 5- hsien, 6- loong, 7- criminals, 8- had, 9- audible, 10- talks, 11- in, 12- <number>, 13- wellington, 14- circle, 15- singapore, 16- he, 17- paced, 18- back, 19- and, 20- forth, 21- looking, 22- at, 23- my, 24- family, 25- colonial, 26- style, 27- bungalow, 28- in, 29- admiralty, 30- road, 31- in, 32- the, 33- late, 34- 1, 35- 9, 36- 7, 37- 0, 38- this, 39- information, 40- from, 41- the, 42- audible, 43- talks, 44- a, 45- few, 46- years, 47- ago";"hatespeech targeting Asian";"https://app.prolific.co/submissions/complete?cc=91442ADD"
"18947229_gab";"HateXplain";"the chinaman hates niggers fact";"1- the, 2- chinaman, 3- hates, 4- niggers, 5- fact";"hatespeech targeting Asian";"https://app.prolific.co/submissions/complete?cc=91442ADD"
"1179104515565527042_twitter";"HateXplain";"<user> <user> ok retard";"1- <user>, 2- <user>, 3- ok, 4- retard";"offensive targeting Disability";"https://app.prolific.co/submissions/complete?cc=91442ADD"
"16877029_gab";"HateXplain";"the nigger problem";"1- the, 2- nigger, 3- problem";"hatespeech targeting African";"https://app.prolific.co/submissions/complete?cc=91442ADD"
"1099328957089021954_twitter";"HateXplain";"i know i say this a lot but i really hate you niggas bro like";"1- i, 2- know, 3- i, 4- say, 5- this, 6- a, 7- lot, 8- but, 9- i, 10- really, 11- hate, 12- you, 13- niggas, 14- bro, 15- like";"hatespeech targeting African";"https://app.prolific.co/submissions/complete?cc=91442ADD"
"12815732_gab";"HateXplain";"you have found a handful of outliers who are all as much white as they are black the vast majority of blacks form ghettos and commit most of the crime in the nation they are also a massive tax burden in welfare policing and the prison system";"1- you, 2- have, 3- found, 4- a, 5- handful, 6- of, 7- outliers, 8- who, 9- are, 10- all, 11- as, 12- much, 13- white, 14- as, 15- they, 16- are, 17- black, 18- the, 19- vast, 20- majority, 21- of, 22- blacks, 23- form, 24- ghettos, 25- and, 26- commit, 27- most, 28- of, 29- the, 30- crime, 31- in, 32- the, 33- nation, 34- they, 35- are, 36- also, 37- a, 38- massive, 39- tax, 40- burden, 41- in, 42- welfare, 43- policing, 44- and, 45- the, 46- prison, 47- system";"hatespeech targeting African";"https://app.prolific.co/submissions/complete?cc=91442ADD"
"1216782157248593922_twitter";"HateXplain";"<user> you can be in the swimming team and the holocaustef club";"1- <user>, 2- you, 3- can, 4- be, 5- in, 6- the, 7- swimming, 8- team, 9- and, 10- the, 11- holocaustef, 12- club";"offensive targeting Jewish";"https://app.prolific.co/submissions/complete?cc=91442ADD"
"13736732_gab";"HateXplain";"did not he throw bricks at vietnamese people in his youth if he wants forgiveness for degenerate kike movies instead of pwning asians with bricks he might just be ourguy";"1- did, 2- not, 3- he, 4- throw, 5- bricks, 6- at, 7- vietnamese, 8- people, 9- in, 10- his, 11- youth, 12- if, 13- he, 14- wants, 15- forgiveness, 16- for, 17- degenerate, 18- kike, 19- movies, 20- instead, 21- of, 22- pwning, 23- asians, 24- with, 25- bricks, 26- he, 27- might, 28- just, 29- be, 30- ourguy";"hatespeech targeting Jewish";"https://app.prolific.co/submissions/complete?cc=91442ADD"
"1178854869366722560_twitter";"HateXplain";"does anyone else remember when that weird white trash wannabe gangster furry got banned for threatening baby furs with videos of his guns and money and drugs";"1- does, 2- anyone, 3- else, 4- remember, 5- when, 6- that, 7- weird, 8- white, 9- trash, 10- wannabe, 11- gangster, 12- furry, 13- got, 14- banned, 15- for, 16- threatening, 17- baby, 18- furs, 19- with, 20- videos, 21- of, 22- his, 23- guns, 24- and, 25- money, 26- and, 27- drugs";"offensive targeting Caucasian";"https://app.prolific.co/submissions/complete?cc=91442ADD"
"16825784_gab";"HateXplain";"<number> of white women are just awful";"1- <number>, 2- of, 3- white, 4- women, 5- are, 6- just, 7- awful";"offensive targeting Caucasian";"https://app.prolific.co/submissions/complete?cc=91442ADD"
"1179062627319848960_twitter";"HateXplain";"told dat bitch get right or get left";"1- told, 2- dat, 3- bitch, 4- get, 5- right, 6- or, 7- get, 8- left";"offensive targeting Women";"https://app.prolific.co/submissions/complete?cc=91442ADD"
"1460743_gab";"HateXplain";"michaelmedved i hate your guts you made you bed bitch and now you get to sleep in it you are done cunt fuck off and die asshole";"1- michaelmedved, 2- i, 3- hate, 4- your, 5- guts, 6- you, 7- made, 8- you, 9- bed, 10- bitch, 11- and, 12- now, 13- you, 14- get, 15- to, 16- sleep, 17- in, 18- it, 19- you, 20- are, 21- done, 22- cunt, 23- fuck, 24- off, 25- and, 26- die, 27- asshole";"offensive targeting Women";"https://app.prolific.co/submissions/complete?cc=91442ADD"
"1104896761817112577_twitter";"HateXplain";"<user> oh moronullah you can accommodate all the muslims on top of the rubble of ur house we want all our temples back period";"1- <user>, 2- oh, 3- moronullah, 4- you, 5- can, 6- accommodate, 7- all, 8- the, 9- muslims, 10- on, 11- top, 12- of, 13- the, 14- rubble, 15- of, 16- ur, 17- house, 18- we, 19- want, 20- all, 21- our, 22- temples, 23- back, 24- period";"offensive targeting Islam";"https://app.prolific.co/submissions/complete?cc=91442ADD"
"14010801_gab";"HateXplain";"bare naked islam brought to you by the bare naked ladies";"1- bare, 2- naked, 3- islam, 4- brought, 5- to, 6- you, 7- by, 8- the, 9- bare, 10- naked, 11- ladies";"hatespeech targeting Islam";"https://app.prolific.co/submissions/complete?cc=91442ADD"
"1220099738453921793_twitter";"HateXplain";"bts interacting with a guy who would probably call me a raghead this is so 💔 💔";"1- bts, 2- interacting, 3- with, 4- a, 5- guy, 6- who, 7- would, 8- probably, 9- call, 10- me, 11- a, 12- raghead, 13- this, 14- is, 15- so, 16- 💔, 17- 💔";"offensive targeting Arab";"https://app.prolific.co/submissions/complete?cc=91442ADD"
"14739088_gab";"HateXplain";"hes just a sand nigger subhuman";"1- hes, 2- just, 3- a, 4- sand, 5- nigger, 6- subhuman";"hatespeech targeting Arab";"https://app.prolific.co/submissions/complete?cc=91442ADD"
"1104346615941345280_twitter";"HateXplain";"miss kennedy six grade i hate you and i do have an attitude problem which i am adjusting how is the black gym teacher mr green";"1- miss, 2- kennedy, 3- six, 4- grade, 5- i, 6- hate, 7- you, 8- and, 9- i, 10- do, 11- have, 12- an, 13- attitude, 14- problem, 15- which, 16- i, 17- am, 18- adjusting, 19- how, 20- is, 21- the, 22- black, 23- gym, 24- teacher, 25- mr, 26- green";"offensive targeting Other";"https://app.prolific.co/submissions/complete?cc=91442ADD"
"14049816_gab";"HateXplain";"gatewaypundit is pure fake news it just clickbait for retarded people trump did not cancel the diversity lottery he can not do that even if he wanted to do it";"1- gatewaypundit, 2- is, 3- pure, 4- fake, 5- news, 6- it, 7- just, 8- clickbait, 9- for, 10- retarded, 11- people, 12- trump, 13- did, 14- not, 15- cancel, 16- the, 17- diversity, 18- lottery, 19- he, 20- can, 21- not, 22- do, 23- that, 24- even, 25- if, 26- he, 27- wanted, 28- to, 29- do, 30- it";"offensive targeting Other";"https://app.prolific.co/submissions/complete?cc=91442ADD"
"1083106282997989377_twitter";"HateXplain";"<user> <user> but is not his wife an immigrant drainthedeepstate";"1- <user>, 2- <user>, 3- but, 4- is, 5- not, 6- his, 7- wife, 8- an, 9- immigrant, 10- drainthedeepstate";"offensive targeting Refugee";"https://app.prolific.co/submissions/complete?cc=91442ADD"
"15933304_gab";"HateXplain";"you have got me i am a daily harasser of migrants in real life i never let chance go by been lucky so far with regard to violence but what the hell i will do the best i can as it comes fortunately i know a little bit about fighting";"1- you, 2- have, 3- got, 4- me, 5- i, 6- am, 7- a, 8- daily, 9- harasser, 10- of, 11- migrants, 12- in, 13- real, 14- life, 15- i, 16- never, 17- let, 18- chance, 19- go, 20- by, 21- been, 22- lucky, 23- so, 24- far, 25- with, 26- regard, 27- to, 28- violence, 29- but, 30- what, 31- the, 32- hell, 33- i, 34- will, 35- do, 36- the, 37- best, 38- i, 39- can, 40- as, 41- it, 42- comes, 43- fortunately, 44- i, 45- know, 46- a, 47- little, 48- bit, 49- about, 50- fighting";"hatespeech targeting Refugee";"https://app.prolific.co/submissions/complete?cc=91442ADD"
"attention_28";"attention check sentences (HateXplain targeting)";"gurjeet thought he was a badass black gangster with his brand new lakers jersey and chevy impala until he was pulled over after a high school party by cops for a dui";"1- gurjeet, 2- thought, 3- he, 4- was, 5- a, 6- badass, 7- black, 8- gangster, 9- with, 10- his, 11- brand, 12- new, 13- lakers, 14- jersey, 15- and, 16- chevy, 17- impala, 18- until, 19- he, 20- was, 21- pulled, 22- over, 23- after, 24- a, 25- high, 26- school, 27- party, 28- by, 29- cops, 30- for, 31- a, 32- dui";"offensive";"https://app.prolific.co/submissions/complete?cc=91442ADD"