"ID";"dataset";"text";"tokens";"label";"redirectUrl"
"8326993_gab";"HateXplain";"here is a quote from the wire that i wish every gang banger in the ghetto would read you know what the most dangerous thing in america is right a nigger with a library card";"1- here, 2- is, 3- a, 4- quote, 5- from, 6- the, 7- wire, 8- that, 9- i, 10- wish, 11- every, 12- gang, 13- banger, 14- in, 15- the, 16- ghetto, 17- would, 18- read, 19- you, 20- know, 21- what, 22- the, 23- most, 24- dangerous, 25- thing, 26- in, 27- america, 28- is, 29- right, 30- a, 31- nigger, 32- with, 33- a, 34- library, 35- card";"hatespeech targeting African";"https://app.prolific.co/submissions/complete?cc=91442ADD"
"16355936_gab";"HateXplain";"america is supposed to be home to free speech except there is one problem most of the platforms are privately owned by jews and the jews could not care less about your free speech wake up white people the jews control what you see and hear be vigilant";"1- america, 2- is, 3- supposed, 4- to, 5- be, 6- home, 7- to, 8- free, 9- speech, 10- except, 11- there, 12- is, 13- one, 14- problem, 15- most, 16- of, 17- the, 18- platforms, 19- are, 20- privately, 21- owned, 22- by, 23- jews, 24- and, 25- the, 26- jews, 27- could, 28- not, 29- care, 30- less, 31- about, 32- your, 33- free, 34- speech, 35- wake, 36- up, 37- white, 38- people, 39- the, 40- jews, 41- control, 42- what, 43- you, 44- see, 45- and, 46- hear, 47- be, 48- vigilant";"hatespeech targeting Jewish";"https://app.prolific.co/submissions/complete?cc=91442ADD"
"21217776_gab";"HateXplain";"imagine being so disconnected that youd think a dickies work shirt and some black pants are comparable to a fur suit imagine crying about optics while writing for a site that screams nigger in every title like a <number> year old on xbox love who d just found 4 chan";"1- imagine, 2- being, 3- so, 4- disconnected, 5- that, 6- youd, 7- think, 8- a, 9- dickies, 10- work, 11- shirt, 12- and, 13- some, 14- black, 15- pants, 16- are, 17- comparable, 18- to, 19- a, 20- fur, 21- suit, 22- imagine, 23- crying, 24- about, 25- optics, 26- while, 27- writing, 28- for, 29- a, 30- site, 31- that, 32- screams, 33- nigger, 34- in, 35- every, 36- title, 37- like, 38- a, 39- <number>, 40- year, 41- old, 42- on, 43- xbox, 44- love, 45- who, 46- d, 47- just, 48- found, 49- 4, 50- chan";"offensive targeting African";"https://app.prolific.co/submissions/complete?cc=91442ADD"
"16397101_gab";"HateXplain";"well cuz da jews suck dose babydicks";"1- well, 2- cuz, 3- da, 4- jews, 5- suck, 6- dose, 7- babydicks";"hatespeech targeting Jewish";"https://app.prolific.co/submissions/complete?cc=91442ADD"
"17559687_gab";"HateXplain";"fuckin hippo doppelgänger negress";"1- fuckin, 2- hippo, 3- doppelgänger, 4- negress";"hatespeech targeting African";"https://app.prolific.co/submissions/complete?cc=91442ADD"
"16397525_gab";"HateXplain";"i do not hate blacks hispanics asians middle easterners aboriginals or indians of the feather dot variety i just acknowledge the reality that having different groups in the same geographic area is a bad idea and in this system i will fight for whites because i am white however i am against jews";"1- i, 2- do, 3- not, 4- hate, 5- blacks, 6- hispanics, 7- asians, 8- middle, 9- easterners, 10- aboriginals, 11- or, 12- indians, 13- of, 14- the, 15- feather, 16- dot, 17- variety, 18- i, 19- just, 20- acknowledge, 21- the, 22- reality, 23- that, 24- having, 25- different, 26- groups, 27- in, 28- the, 29- same, 30- geographic, 31- area, 32- is, 33- a, 34- bad, 35- idea, 36- and, 37- in, 38- this, 39- system, 40- i, 41- will, 42- fight, 43- for, 44- whites, 45- because, 46- i, 47- am, 48- white, 49- however, 50- i, 51- am, 52- against, 53- jews";"offensive targeting Jewish";"https://app.prolific.co/submissions/complete?cc=91442ADD"
"16130542_gab";"HateXplain";"it ll probably be some fat negress in a nursing home anyways so fuck em both";"1- it, 2- ll, 3- probably, 4- be, 5- some, 6- fat, 7- negress, 8- in, 9- a, 10- nursing, 11- home, 12- anyways, 13- so, 14- fuck, 15- em, 16- both";"hatespeech targeting African";"https://app.prolific.co/submissions/complete?cc=91442ADD"
"16464214_gab";"HateXplain";"notice how jews constantly use the knavery they pulled on mankind during ww2 calling all capitalists nazis as a cover up so that nobody can call them communists in return but thats what all jews are communist trash";"1- notice, 2- how, 3- jews, 4- constantly, 5- use, 6- the, 7- knavery, 8- they, 9- pulled, 10- on, 11- mankind, 12- during, 13- ww2, 14- calling, 15- all, 16- capitalists, 17- nazis, 18- as, 19- a, 20- cover, 21- up, 22- so, 23- that, 24- nobody, 25- can, 26- call, 27- them, 28- communists, 29- in, 30- return, 31- but, 32- thats, 33- what, 34- all, 35- jews, 36- are, 37- communist, 38- trash";"hatespeech targeting Jewish";"https://app.prolific.co/submissions/complete?cc=91442ADD"
"12977068_gab";"HateXplain";"this is a confirmed kike demanding you click on it kikey unsecured link this allows the kike to view personally identifiable info on you entirely unsecured demand https boycott niger jewess";"1- this, 2- is, 3- a, 4- confirmed, 5- kike, 6- demanding, 7- you, 8- click, 9- on, 10- it, 11- kikey, 12- unsecured, 13- link, 14- this, 15- allows, 16- the, 17- kike, 18- to, 19- view, 20- personally, 21- identifiable, 22- info, 23- on, 24- you, 25- entirely, 26- unsecured, 27- demand, 28- https, 29- boycott, 30- niger, 31- jewess";"hatespeech targeting African";"https://app.prolific.co/submissions/complete?cc=91442ADD"
"16538075_gab";"HateXplain";"that the jews coming they will harass you for moderation do not do it";"1- that, 2- the, 3- jews, 4- coming, 5- they, 6- will, 7- harass, 8- you, 9- for, 10- moderation, 11- do, 12- not, 13- do, 14- it";"offensive targeting Jewish";"https://app.prolific.co/submissions/complete?cc=91442ADD"
"14680382_gab";"HateXplain";"would anyone actually expect a nigger to save a white man life";"1- would, 2- anyone, 3- actually, 4- expect, 5- a, 6- nigger, 7- to, 8- save, 9- a, 10- white, 11- man, 12- life";"hatespeech targeting African";"https://app.prolific.co/submissions/complete?cc=91442ADD"
"16539519_gab";"HateXplain";"take this you evil nazi fool does the roman salute and doesnt know we jews invented hitler so that conservatives wouldnt listen to patriots like him nazism is just another form of mind control to instigate division among whites prevent them from joining forces as a tribe";"1- take, 2- this, 3- you, 4- evil, 5- nazi, 6- fool, 7- does, 8- the, 9- roman, 10- salute, 11- and, 12- doesnt, 13- know, 14- we, 15- jews, 16- invented, 17- hitler, 18- so, 19- that, 20- conservatives, 21- wouldnt, 22- listen, 23- to, 24- patriots, 25- like, 26- him, 27- nazism, 28- is, 29- just, 30- another, 31- form, 32- of, 33- mind, 34- control, 35- to, 36- instigate, 37- division, 38- among, 39- whites, 40- prevent, 41- them, 42- from, 43- joining, 44- forces, 45- as, 46- a, 47- tribe";"hatespeech targeting Jewish";"https://app.prolific.co/submissions/complete?cc=91442ADD"
"25629260_gab";"HateXplain";"lol it shocking news to normies that they do not have any nigger genes 🙄 they believe that race is not real however if there are such things as nigger genes they are terribly disappointed they dont have any lol";"1- lol, 2- it, 3- shocking, 4- news, 5- to, 6- normies, 7- that, 8- they, 9- do, 10- not, 11- have, 12- any, 13- nigger, 14- genes, 15- 🙄, 16- they, 17- believe, 18- that, 19- race, 20- is, 21- not, 22- real, 23- however, 24- if, 25- there, 26- are, 27- such, 28- things, 29- as, 30- nigger, 31- genes, 32- they, 33- are, 34- terribly, 35- disappointed, 36- they, 37- dont, 38- have, 39- any, 40- lol";"hatespeech targeting African";"https://app.prolific.co/submissions/complete?cc=91442ADD"
"16659400_gab";"HateXplain";"signs in the ghetto warning the jews of typhus germans warning jews about a deadly disease";"1- signs, 2- in, 3- the, 4- ghetto, 5- warning, 6- the, 7- jews, 8- of, 9- typhus, 10- germans, 11- warning, 12- jews, 13- about, 14- a, 15- deadly, 16- disease";"offensive targeting Jewish";"https://app.prolific.co/submissions/complete?cc=91442ADD"
"11955671_gab";"HateXplain";"you just know quentin tarantino is a secret roof korean that stockhomie syndrome sufferer probably goes to his roof every night and shouts nigger at the top of his lungs until the wee hours";"1- you, 2- just, 3- know, 4- quentin, 5- tarantino, 6- is, 7- a, 8- secret, 9- roof, 10- korean, 11- that, 12- stockhomie, 13- syndrome, 14- sufferer, 15- probably, 16- goes, 17- to, 18- his, 19- roof, 20- every, 21- night, 22- and, 23- shouts, 24- nigger, 25- at, 26- the, 27- top, 28- of, 29- his, 30- lungs, 31- until, 32- the, 33- wee, 34- hours";"hatespeech targeting African";"https://app.prolific.co/submissions/complete?cc=91442ADD"
"16825506_gab";"HateXplain";"we can either all gang up on the kike or the kike can get everyone to gang up on us";"1- we, 2- can, 3- either, 4- all, 5- gang, 6- up, 7- on, 8- the, 9- kike, 10- or, 11- the, 12- kike, 13- can, 14- get, 15- everyone, 16- to, 17- gang, 18- up, 19- on, 20- us";"hatespeech targeting Jewish";"https://app.prolific.co/submissions/complete?cc=91442ADD"
"20577878_gab";"HateXplain";"damon young is the stupid nigger who wants blacks to start barking in white people faces boy is he not going to like the response if he keeps this shit up";"1- damon, 2- young, 3- is, 4- the, 5- stupid, 6- nigger, 7- who, 8- wants, 9- blacks, 10- to, 11- start, 12- barking, 13- in, 14- white, 15- people, 16- faces, 17- boy, 18- is, 19- he, 20- not, 21- going, 22- to, 23- like, 24- the, 25- response, 26- if, 27- he, 28- keeps, 29- this, 30- shit, 31- up";"hatespeech targeting African";"https://app.prolific.co/submissions/complete?cc=91442ADD"
"16828344_gab";"HateXplain";"jewish altruism tax deductible action furthering jewish hegemony done in bad faith support of the adl splc aipac ect is tantamount to treason left on checked jews will always destroy their hosts given time jews act this way b c they are jews its their nature have a white christmas";"1- jewish, 2- altruism, 3- tax, 4- deductible, 5- action, 6- furthering, 7- jewish, 8- hegemony, 9- done, 10- in, 11- bad, 12- faith, 13- support, 14- of, 15- the, 16- adl, 17- splc, 18- aipac, 19- ect, 20- is, 21- tantamount, 22- to, 23- treason, 24- left, 25- on, 26- checked, 27- jews, 28- will, 29- always, 30- destroy, 31- their, 32- hosts, 33- given, 34- time, 35- jews, 36- act, 37- this, 38- way, 39- b, 40- c, 41- they, 42- are, 43- jews, 44- its, 45- their, 46- nature, 47- have, 48- a, 49- white, 50- christmas";"hatespeech targeting Jewish";"https://app.prolific.co/submissions/complete?cc=91442ADD"
"10706335_gab";"HateXplain";"that nigger does not need another reason to hang";"1- that, 2- nigger, 3- does, 4- not, 5- need, 6- another, 7- reason, 8- to, 9- hang";"hatespeech targeting African";"https://app.prolific.co/submissions/complete?cc=91442ADD"
"16868665_gab";"HateXplain";"inflation so that you cant buy food and stuff to help you live happy is how fascist hateful jews persecute western youth their end goal is to brand eveyone with an rfid chip and make hummanity work in jewish owned factories for food only while jews live happily ever after";"1- inflation, 2- so, 3- that, 4- you, 5- cant, 6- buy, 7- food, 8- and, 9- stuff, 10- to, 11- help, 12- you, 13- live, 14- happy, 15- is, 16- how, 17- fascist, 18- hateful, 19- jews, 20- persecute, 21- western, 22- youth, 23- their, 24- end, 25- goal, 26- is, 27- to, 28- brand, 29- eveyone, 30- with, 31- an, 32- rfid, 33- chip, 34- and, 35- make, 36- hummanity, 37- work, 38- in, 39- jewish, 40- owned, 41- factories, 42- for, 43- food, 44- only, 45- while, 46- jews, 47- live, 48- happily, 49- ever, 50- after";"hatespeech targeting Jewish";"https://app.prolific.co/submissions/complete?cc=91442ADD"
"26923450_gab";"HateXplain";"currently listening to not any of that nigger rap shit";"1- currently, 2- listening, 3- to, 4- not, 5- any, 6- of, 7- that, 8- nigger, 9- rap, 10- shit";"hatespeech targeting African";"https://app.prolific.co/submissions/complete?cc=91442ADD"
"16955432_gab";"HateXplain";"not surprising when the white majority has had marxist propaganda shoved down their throats by kikes for decades from all angles pedowood talmudvision print media all jew owned and pushing poz <number> <number> public school systems and higher academia infested with commie jews dictating the curriculum";"1- not, 2- surprising, 3- when, 4- the, 5- white, 6- majority, 7- has, 8- had, 9- marxist, 10- propaganda, 11- shoved, 12- down, 13- their, 14- throats, 15- by, 16- kikes, 17- for, 18- decades, 19- from, 20- all, 21- angles, 22- pedowood, 23- talmudvision, 24- print, 25- media, 26- all, 27- jew, 28- owned, 29- and, 30- pushing, 31- poz, 32- <number>, 33- <number>, 34- public, 35- school, 36- systems, 37- and, 38- higher, 39- academia, 40- infested, 41- with, 42- commie, 43- jews, 44- dictating, 45- the, 46- curriculum";"hatespeech targeting Jewish";"https://app.prolific.co/submissions/complete?cc=91442ADD"
"22073556_gab";"HateXplain";"figures a fat coon liberal";"1- figures, 2- a, 3- fat, 4- coon, 5- liberal";"hatespeech targeting African";"https://app.prolific.co/submissions/complete?cc=91442ADD"
"17023288_gab";"HateXplain";"oh and fyi any jew alive at the time he said that did not kill your jeepnut unless they invented time travel are jews time travelers";"1- oh, 2- and, 3- fyi, 4- any, 5- jew, 6- alive, 7- at, 8- the, 9- time, 10- he, 11- said, 12- that, 13- did, 14- not, 15- kill, 16- your, 17- jeepnut, 18- unless, 19- they, 20- invented, 21- time, 22- travel, 23- are, 24- jews, 25- time, 26- travelers";"offensive targeting Jewish";"https://app.prolific.co/submissions/complete?cc=91442ADD"
"17826383_gab";"HateXplain";"monday is a holiday for a nigger who was a communist and liked to have sex with very young girls he is honored what about washington and lincoln they used to have holidays but now its lumped together as presidents day cuz their white";"1- monday, 2- is, 3- a, 4- holiday, 5- for, 6- a, 7- nigger, 8- who, 9- was, 10- a, 11- communist, 12- and, 13- liked, 14- to, 15- have, 16- sex, 17- with, 18- very, 19- young, 20- girls, 21- he, 22- is, 23- honored, 24- what, 25- about, 26- washington, 27- and, 28- lincoln, 29- they, 30- used, 31- to, 32- have, 33- holidays, 34- but, 35- now, 36- its, 37- lumped, 38- together, 39- as, 40- presidents, 41- day, 42- cuz, 43- their, 44- white";"hatespeech targeting African";"https://app.prolific.co/submissions/complete?cc=91442ADD"
"17033926_gab";"HateXplain";"fuck congress he should be dictator the jews would run scared shitless to mexico";"1- fuck, 2- congress, 3- he, 4- should, 5- be, 6- dictator, 7- the, 8- jews, 9- would, 10- run, 11- scared, 12- shitless, 13- to, 14- mexico";"hatespeech targeting Jewish";"https://app.prolific.co/submissions/complete?cc=91442ADD"
"13232517_gab";"HateXplain";"fire every nigger in the nfl if need be who gives a fuck";"1- fire, 2- every, 3- nigger, 4- in, 5- the, 6- nfl, 7- if, 8- need, 9- be, 10- who, 11- gives, 12- a, 13- fuck";"hatespeech targeting African";"https://app.prolific.co/submissions/complete?cc=91442ADD"
"17083445_gab";"HateXplain";"not exactly an anti pitbull goy but chimping out and calling someone a kike over it is fucking retarded wignats are fragile and emotional spergs";"1- not, 2- exactly, 3- an, 4- anti, 5- pitbull, 6- goy, 7- but, 8- chimping, 9- out, 10- and, 11- calling, 12- someone, 13- a, 14- kike, 15- over, 16- it, 17- is, 18- fucking, 19- retarded, 20- wignats, 21- are, 22- fragile, 23- and, 24- emotional, 25- spergs";"offensive targeting Jewish";"https://app.prolific.co/submissions/complete?cc=91442ADD"
"17280044_gab";"HateXplain";"niglets find taste of shit disgusting more to come as this story develops mpc status updates";"1- niglets, 2- find, 3- taste, 4- of, 5- shit, 6- disgusting, 7- more, 8- to, 9- come, 10- as, 11- this, 12- story, 13- develops, 14- mpc, 15- status, 16- updates";"hatespeech targeting African";"https://app.prolific.co/submissions/complete?cc=91442ADD"
"attention_24";"attention check sentences (HateXplain targeting)";"singaporeans have huge cocks";"1- singaporeans, 2- have, 3- huge, 4- cocks";"offensive";"https://app.prolific.co/submissions/complete?cc=91442ADD"