"ID";"dataset";"text";"tokens";"label";"redirectUrl"
"6951192_gab";"HateXplain";"i had to remove a pro war for israel reposter from my feed it was getting ridiculous all the nonsense that was being reposted these people are not retarded of course they are paid to post propaganda for the military industrial complex using sock puppet accounts or they are just jews";"1- i, 2- had, 3- to, 4- remove, 5- a, 6- pro, 7- war, 8- for, 9- israel, 10- reposter, 11- from, 12- my, 13- feed, 14- it, 15- was, 16- getting, 17- ridiculous, 18- all, 19- the, 20- nonsense, 21- that, 22- was, 23- being, 24- reposted, 25- these, 26- people, 27- are, 28- not, 29- retarded, 30- of, 31- course, 32- they, 33- are, 34- paid, 35- to, 36- post, 37- propaganda, 38- for, 39- the, 40- military, 41- industrial, 42- complex, 43- using, 44- sock, 45- puppet, 46- accounts, 47- or, 48- they, 49- are, 50- just, 51- jews";"offensive targeting Jewish";"https://app.prolific.co/submissions/complete?cc=91442ADD"
"10305130_gab";"HateXplain";"and your stupid nigger ass is still posting unsecured links to known criminal censors and band of disgusting fatties imgur imgoat com the only legit img host on the net by <user> on voat co";"1- and, 2- your, 3- stupid, 4- nigger, 5- ass, 6- is, 7- still, 8- posting, 9- unsecured, 10- links, 11- to, 12- known, 13- criminal, 14- censors, 15- and, 16- band, 17- of, 18- disgusting, 19- fatties, 20- imgur, 21- imgoat, 22- com, 23- the, 24- only, 25- legit, 26- img, 27- host, 28- on, 29- the, 30- net, 31- by, 32- <user>, 33- on, 34- voat, 35- co";"hatespeech targeting African";"https://app.prolific.co/submissions/complete?cc=91442ADD"
"7247063_gab";"HateXplain";"please can you enlighten me as to why chabad jews think they are superior are we all not gods children <number> is a very important number yes its not just your religious number i would welcome conversation with you to try and understand your attitude towards goyem life";"1- please, 2- can, 3- you, 4- enlighten, 5- me, 6- as, 7- to, 8- why, 9- chabad, 10- jews, 11- think, 12- they, 13- are, 14- superior, 15- are, 16- we, 17- all, 18- not, 19- gods, 20- children, 21- <number>, 22- is, 23- a, 24- very, 25- important, 26- number, 27- yes, 28- its, 29- not, 30- just, 31- your, 32- religious, 33- number, 34- i, 35- would, 36- welcome, 37- conversation, 38- with, 39- you, 40- to, 41- try, 42- and, 43- understand, 44- your, 45- attitude, 46- towards, 47- goyem, 48- life";"offensive targeting Jewish";"https://app.prolific.co/submissions/complete?cc=91442ADD"
"3918728_gab";"HateXplain";"<user> every nigger must pay back his welfare and entitlements";"1- <user>, 2- every, 3- nigger, 4- must, 5- pay, 6- back, 7- his, 8- welfare, 9- and, 10- entitlements";"hatespeech targeting African";"https://app.prolific.co/submissions/complete?cc=91442ADD"
"7481526_gab";"HateXplain";"i live there we do not want people jaunting over to vote and make us the same kind of hellhole they came from especially not if soros the nazi jewhunter is involved";"1- i, 2- live, 3- there, 4- we, 5- do, 6- not, 7- want, 8- people, 9- jaunting, 10- over, 11- to, 12- vote, 13- and, 14- make, 15- us, 16- the, 17- same, 18- kind, 19- of, 20- hellhole, 21- they, 22- came, 23- from, 24- especially, 25- not, 26- if, 27- soros, 28- the, 29- nazi, 30- jewhunter, 31- is, 32- involved";"offensive targeting Jewish";"https://app.prolific.co/submissions/complete?cc=91442ADD"
"23269504_gab";"HateXplain";"worthless niggersthere are too many white girls turning into nigger lovers";"1- worthless, 2- niggersthere, 3- are, 4- too, 5- many, 6- white, 7- girls, 8- turning, 9- into, 10- nigger, 11- lovers";"hatespeech targeting African";"https://app.prolific.co/submissions/complete?cc=91442ADD"
"7538981_gab";"HateXplain";"really had to bite my tongue tonight at my bible study we are going over the readings and gospel for sunday and i am just like let me tell you bout them jews mane dual covenant is a lie and philosemites need to be stopped";"1- really, 2- had, 3- to, 4- bite, 5- my, 6- tongue, 7- tonight, 8- at, 9- my, 10- bible, 11- study, 12- we, 13- are, 14- going, 15- over, 16- the, 17- readings, 18- and, 19- gospel, 20- for, 21- sunday, 22- and, 23- i, 24- am, 25- just, 26- like, 27- let, 28- me, 29- tell, 30- you, 31- bout, 32- them, 33- jews, 34- mane, 35- dual, 36- covenant, 37- is, 38- a, 39- lie, 40- and, 41- philosemites, 42- need, 43- to, 44- be, 45- stopped";"offensive targeting Jewish";"https://app.prolific.co/submissions/complete?cc=91442ADD"
"18143800_gab";"HateXplain";"my last three accounts of twitter has been fucked by saying word nigger if you wanna die in twitter just say nigger word to someone lol fuck all niggers";"1- my, 2- last, 3- three, 4- accounts, 5- of, 6- twitter, 7- has, 8- been, 9- fucked, 10- by, 11- saying, 12- word, 13- nigger, 14- if, 15- you, 16- wanna, 17- die, 18- in, 19- twitter, 20- just, 21- say, 22- nigger, 23- word, 24- to, 25- someone, 26- lol, 27- fuck, 28- all, 29- niggers";"hatespeech targeting African";"https://app.prolific.co/submissions/complete?cc=91442ADD"
"7756856_gab";"HateXplain";"that germans are to blame for the bloodshed of ww2 is the fabric of the matrix if you break that you find a parallel universe free of jews";"1- that, 2- germans, 3- are, 4- to, 5- blame, 6- for, 7- the, 8- bloodshed, 9- of, 10- ww2, 11- is, 12- the, 13- fabric, 14- of, 15- the, 16- matrix, 17- if, 18- you, 19- break, 20- that, 21- you, 22- find, 23- a, 24- parallel, 25- universe, 26- free, 27- of, 28- jews";"hatespeech targeting Jewish";"https://app.prolific.co/submissions/complete?cc=91442ADD"
"18827367_gab";"HateXplain";"what does your crystal ball tell you about listening to nigger music";"1- what, 2- does, 3- your, 4- crystal, 5- ball, 6- tell, 7- you, 8- about, 9- listening, 10- to, 11- nigger, 12- music";"hatespeech targeting African";"https://app.prolific.co/submissions/complete?cc=91442ADD"
"8173716_gab";"HateXplain";"you cant blame jews for everything that where you wrong kiddo";"1- you, 2- cant, 3- blame, 4- jews, 5- for, 6- everything, 7- that, 8- where, 9- you, 10- wrong, 11- kiddo";"offensive targeting Jewish";"https://app.prolific.co/submissions/complete?cc=91442ADD"
"21376810_gab";"HateXplain";"exactly if a low iq nigger from africa who can not read can understand islam i think i can understand kill the kuffar nothing subtle lost on me";"1- exactly, 2- if, 3- a, 4- low, 5- iq, 6- nigger, 7- from, 8- africa, 9- who, 10- can, 11- not, 12- read, 13- can, 14- understand, 15- islam, 16- i, 17- think, 18- i, 19- can, 20- understand, 21- kill, 22- the, 23- kuffar, 24- nothing, 25- subtle, 26- lost, 27- on, 28- me";"hatespeech targeting African";"https://app.prolific.co/submissions/complete?cc=91442ADD"
"8413358_gab";"HateXplain";"meh more likely it the digital version of rent seeking racist kike slumlords son do not rent to white men white men insist that the plumbing works and do not rent to your brother he deserves better than a ghetto";"1- meh, 2- more, 3- likely, 4- it, 5- the, 6- digital, 7- version, 8- of, 9- rent, 10- seeking, 11- racist, 12- kike, 13- slumlords, 14- son, 15- do, 16- not, 17- rent, 18- to, 19- white, 20- men, 21- white, 22- men, 23- insist, 24- that, 25- the, 26- plumbing, 27- works, 28- and, 29- do, 30- not, 31- rent, 32- to, 33- your, 34- brother, 35- he, 36- deserves, 37- better, 38- than, 39- a, 40- ghetto";"hatespeech targeting Jewish";"https://app.prolific.co/submissions/complete?cc=91442ADD"
"22590028_gab";"HateXplain";"i thought we all voted on woodchipper feet first for the cucks not cats leave the cats alone you want to kill something find a jew nigger muslim or wetback do something that benefits civilization";"1- i, 2- thought, 3- we, 4- all, 5- voted, 6- on, 7- woodchipper, 8- feet, 9- first, 10- for, 11- the, 12- cucks, 13- not, 14- cats, 15- leave, 16- the, 17- cats, 18- alone, 19- you, 20- want, 21- to, 22- kill, 23- something, 24- find, 25- a, 26- jew, 27- nigger, 28- muslim, 29- or, 30- wetback, 31- do, 32- something, 33- that, 34- benefits, 35- civilization";"hatespeech targeting African";"https://app.prolific.co/submissions/complete?cc=91442ADD"
"9199297_gab";"HateXplain";"america has slowly begun to acknowledge yeah only after decades of kike brainwashing they always leave that essential element unmentioned";"1- america, 2- has, 3- slowly, 4- begun, 5- to, 6- acknowledge, 7- yeah, 8- only, 9- after, 10- decades, 11- of, 12- kike, 13- brainwashing, 14- they, 15- always, 16- leave, 17- that, 18- essential, 19- element, 20- unmentioned";"hatespeech targeting Jewish";"https://app.prolific.co/submissions/complete?cc=91442ADD"
"17725589_gab";"HateXplain";"did you see a sign outside my house that said dead nigger storage";"1- did, 2- you, 3- see, 4- a, 5- sign, 6- outside, 7- my, 8- house, 9- that, 10- said, 11- dead, 12- nigger, 13- storage";"hatespeech targeting African";"https://app.prolific.co/submissions/complete?cc=91442ADD"
"9597791_gab";"HateXplain";"yeah it was much more difficult to me because i had active blinders on i d absorbed a lot of propaganda that ashkenazis were gentle musician artist nobilids raped by nazi holocaust literally from my mother milk plus my family has zero contact with actual talmudic kikes so i was jew blind";"1- yeah, 2- it, 3- was, 4- much, 5- more, 6- difficult, 7- to, 8- me, 9- because, 10- i, 11- had, 12- active, 13- blinders, 14- on, 15- i, 16- d, 17- absorbed, 18- a, 19- lot, 20- of, 21- propaganda, 22- that, 23- ashkenazis, 24- were, 25- gentle, 26- musician, 27- artist, 28- nobilids, 29- raped, 30- by, 31- nazi, 32- holocaust, 33- literally, 34- from, 35- my, 36- mother, 37- milk, 38- plus, 39- my, 40- family, 41- has, 42- zero, 43- contact, 44- with, 45- actual, 46- talmudic, 47- kikes, 48- so, 49- i, 50- was, 51- jew, 52- blind";"hatespeech targeting Jewish";"https://app.prolific.co/submissions/complete?cc=91442ADD"
"12594244_gab";"HateXplain";"some stupid nigger comedian was on tmz today my wife watches it everyday he was defending the kneelers of course his defense was moronic comedians can not do comedy";"1- some, 2- stupid, 3- nigger, 4- comedian, 5- was, 6- on, 7- tmz, 8- today, 9- my, 10- wife, 11- watches, 12- it, 13- everyday, 14- he, 15- was, 16- defending, 17- the, 18- kneelers, 19- of, 20- course, 21- his, 22- defense, 23- was, 24- moronic, 25- comedians, 26- can, 27- not, 28- do, 29- comedy";"offensive targeting African";"https://app.prolific.co/submissions/complete?cc=91442ADD"
"9723726_gab";"HateXplain";"jews white people need to be diluted so that cock sucking fucking jews can run the world they know that caucasians cannot be tamed";"1- jews, 2- white, 3- people, 4- need, 5- to, 6- be, 7- diluted, 8- so, 9- that, 10- cock, 11- sucking, 12- fucking, 13- jews, 14- can, 15- run, 16- the, 17- world, 18- they, 19- know, 20- that, 21- caucasians, 22- cannot, 23- be, 24- tamed";"offensive targeting Jewish";"https://app.prolific.co/submissions/complete?cc=91442ADD"
"24768135_gab";"HateXplain";"tired of rape and welfare this nigger decided to get a job since his kind never invented the wheel look what came out";"1- tired, 2- of, 3- rape, 4- and, 5- welfare, 6- this, 7- nigger, 8- decided, 9- to, 10- get, 11- a, 12- job, 13- since, 14- his, 15- kind, 16- never, 17- invented, 18- the, 19- wheel, 20- look, 21- what, 22- came, 23- out";"hatespeech targeting African";"https://app.prolific.co/submissions/complete?cc=91442ADD"
"9725665_gab";"HateXplain";"stop kissing jews ass like a bitch and make america great finally deletethejew";"1- stop, 2- kissing, 3- jews, 4- ass, 5- like, 6- a, 7- bitch, 8- and, 9- make, 10- america, 11- great, 12- finally, 13- deletethejew";"hatespeech targeting Jewish";"https://app.prolific.co/submissions/complete?cc=91442ADD"
"27799380_gab";"HateXplain";"mr markle and cunt harry both nigger lovers";"1- mr, 2- markle, 3- and, 4- cunt, 5- harry, 6- both, 7- nigger, 8- lovers";"hatespeech targeting African";"https://app.prolific.co/submissions/complete?cc=91442ADD"
"9752822_gab";"HateXplain";"how did the jews came to be god chosen because jews kept stealing all property from the arabs then wrote that the lord told them so also known as communism by religious self entitlement";"1- how, 2- did, 3- the, 4- jews, 5- came, 6- to, 7- be, 8- god, 9- chosen, 10- because, 11- jews, 12- kept, 13- stealing, 14- all, 15- property, 16- from, 17- the, 18- arabs, 19- then, 20- wrote, 21- that, 22- the, 23- lord, 24- told, 25- them, 26- so, 27- also, 28- known, 29- as, 30- communism, 31- by, 32- religious, 33- self, 34- entitlement";"offensive targeting Jewish";"https://app.prolific.co/submissions/complete?cc=91442ADD"
"10573579_gab";"HateXplain";"you gotta be real rural for <percent> white even as far out as i am there some color but they are the ones who can afford decent houses with large plots of land not the ones gangbanging and shitting out feral niglets";"1- you, 2- gotta, 3- be, 4- real, 5- rural, 6- for, 7- <percent>, 8- white, 9- even, 10- as, 11- far, 12- out, 13- as, 14- i, 15- am, 16- there, 17- some, 18- color, 19- but, 20- they, 21- are, 22- the, 23- ones, 24- who, 25- can, 26- afford, 27- decent, 28- houses, 29- with, 30- large, 31- plots, 32- of, 33- land, 34- not, 35- the, 36- ones, 37- gangbanging, 38- and, 39- shitting, 40- out, 41- feral, 42- niglets";"hatespeech targeting African";"https://app.prolific.co/submissions/complete?cc=91442ADD"
"9844694_gab";"HateXplain";"this is pretty much the conclusion of the frankfurt school they said oh shit every time we jews stand out in white countries for the shitty things we do the whites notice and holocaust us only solution is to end white countries";"1- this, 2- is, 3- pretty, 4- much, 5- the, 6- conclusion, 7- of, 8- the, 9- frankfurt, 10- school, 11- they, 12- said, 13- oh, 14- shit, 15- every, 16- time, 17- we, 18- jews, 19- stand, 20- out, 21- in, 22- white, 23- countries, 24- for, 25- the, 26- shitty, 27- things, 28- we, 29- do, 30- the, 31- whites, 32- notice, 33- and, 34- holocaust, 35- us, 36- only, 37- solution, 38- is, 39- to, 40- end, 41- white, 42- countries";"hatespeech targeting Jewish";"https://app.prolific.co/submissions/complete?cc=91442ADD"
"23639002_gab";"HateXplain";"racist nigger plays the race card again he the biggest crybaby piece of shit alive makes sharpton and jackson look good";"1- racist, 2- nigger, 3- plays, 4- the, 5- race, 6- card, 7- again, 8- he, 9- the, 10- biggest, 11- crybaby, 12- piece, 13- of, 14- shit, 15- alive, 16- makes, 17- sharpton, 18- and, 19- jackson, 20- look, 21- good";"hatespeech targeting African";"https://app.prolific.co/submissions/complete?cc=91442ADD"
"9877889_gab";"HateXplain";"just because there socialist in the brand name doesnt mean that it has anything to do with communism when jews are involved whether it capitalism or communism they seek to remove your right of ownership and turn you into cattle national socialism instead was a manifestation of white ideals";"1- just, 2- because, 3- there, 4- socialist, 5- in, 6- the, 7- brand, 8- name, 9- doesnt, 10- mean, 11- that, 12- it, 13- has, 14- anything, 15- to, 16- do, 17- with, 18- communism, 19- when, 20- jews, 21- are, 22- involved, 23- whether, 24- it, 25- capitalism, 26- or, 27- communism, 28- they, 29- seek, 30- to, 31- remove, 32- your, 33- right, 34- of, 35- ownership, 36- and, 37- turn, 38- you, 39- into, 40- cattle, 41- national, 42- socialism, 43- instead, 44- was, 45- a, 46- manifestation, 47- of, 48- white, 49- ideals";"offensive targeting Jewish";"https://app.prolific.co/submissions/complete?cc=91442ADD"
"23564987_gab";"HateXplain";"cars awesome band music back then was great not like all this nigger trash the jews have pasted all over major music and television";"1- cars, 2- awesome, 3- band, 4- music, 5- back, 6- then, 7- was, 8- great, 9- not, 10- like, 11- all, 12- this, 13- nigger, 14- trash, 15- the, 16- jews, 17- have, 18- pasted, 19- all, 20- over, 21- major, 22- music, 23- and, 24- television";"hatespeech targeting African";"https://app.prolific.co/submissions/complete?cc=91442ADD"
"9981407_gab";"HateXplain";"<user> congrats on making the kike hate list whoohoo be careful out there brother";"1- <user>, 2- congrats, 3- on, 4- making, 5- the, 6- kike, 7- hate, 8- list, 9- whoohoo, 10- be, 11- careful, 12- out, 13- there, 14- brother";"hatespeech targeting Jewish";"https://app.prolific.co/submissions/complete?cc=91442ADD"
"attention_59";"attention check sentences (HateXplain targeting)";"i hate john he is a commie bastard";"1- i, 2- hate, 3- john, 4- he, 5- is, 6- a, 7- commie, 8- bastard";"offensive";"https://app.prolific.co/submissions/complete?cc=91442ADD"