ID;dataset;text;tokens;label;redirectUrl
13204376_gab;HateXplain;another shit thread bumped up by the gab faggot;1- another, 2- shit, 3- thread, 4- bumped, 5- up, 6- by, 7- the, 8- gab, 9- faggot;offensive targeting Homosexual;https://app.prolific.co/submissions/complete?cc=91442ADD
13246316_gab;HateXplain;welp another <number> day zuck cuck they really hate the word faggot over there at the hook of faces;1- welp, 2- another, 3- <number>, 4- day, 5- zuck, 6- cuck, 7- they, 8- really, 9- hate, 10- the, 11- word, 12- faggot, 13- over, 14- there, 15- at, 16- the, 17- hook, 18- of, 19- faces;offensive targeting Homosexual;https://app.prolific.co/submissions/complete?cc=91442ADD
13279118_gab;HateXplain;weak milquetoast faggots like you will never change america you are just another civic nationalist cuckold pussy too scared to even talk about race because you are such a chickenshit so scared like a woman of being called a wayciss or a white supwemasiss lol what a nutless coward;1- weak, 2- milquetoast, 3- faggots, 4- like, 5- you, 6- will, 7- never, 8- change, 9- america, 10- you, 11- are, 12- just, 13- another, 14- civic, 15- nationalist, 16- cuckold, 17- pussy, 18- too, 19- scared, 20- to, 21- even, 22- talk, 23- about, 24- race, 25- because, 26- you, 27- are, 28- such, 29- a, 30- chickenshit, 31- so, 32- scared, 33- like, 34- a, 35- woman, 36- of, 37- being, 38- called, 39- a, 40- wayciss, 41- or, 42- a, 43- white, 44- supwemasiss, 45- lol, 46- what, 47- a, 48- nutless, 49- coward;hatespeech targeting Homosexual;https://app.prolific.co/submissions/complete?cc=91442ADD
1328755_gab;HateXplain;if being gay so trendy acceptable why do so many celebs and politicans have fake marriages;1- if, 2- being, 3- gay, 4- so, 5- trendy, 6- acceptable, 7- why, 8- do, 9- so, 10- many, 11- celebs, 12- and, 13- politicans, 14- have, 15- fake, 16- marriages;offensive targeting Homosexual;https://app.prolific.co/submissions/complete?cc=91442ADD
13375840_gab;HateXplain;whats going on with that jesus campos guy and the vegas shooting all the live topics are gay;1- whats, 2- going, 3- on, 4- with, 5- that, 6- jesus, 7- campos, 8- guy, 9- and, 10- the, 11- vegas, 12- shooting, 13- all, 14- the, 15- live, 16- topics, 17- are, 18- gay;offensive targeting Homosexual;https://app.prolific.co/submissions/complete?cc=91442ADD
13430167_gab;HateXplain;this is a little known fact but most people on gab are actually faggots and they are compelled to announce a mute as if they are doing something other than handing you a trophy;1- this, 2- is, 3- a, 4- little, 5- known, 6- fact, 7- but, 8- most, 9- people, 10- on, 11- gab, 12- are, 13- actually, 14- faggots, 15- and, 16- they, 17- are, 18- compelled, 19- to, 20- announce, 21- a, 22- mute, 23- as, 24- if, 25- they, 26- are, 27- doing, 28- something, 29- other, 30- than, 31- handing, 32- you, 33- a, 34- trophy;offensive targeting Homosexual;https://app.prolific.co/submissions/complete?cc=91442ADD
13443541_gab;HateXplain;and a girl who exposed multiple vegas shooters was killed a couple days later these evil faggots kill everyone 😠 so freeing to use that word here 😄;1- and, 2- a, 3- girl, 4- who, 5- exposed, 6- multiple, 7- vegas, 8- shooters, 9- was, 10- killed, 11- a, 12- couple, 13- days, 14- later, 15- these, 16- evil, 17- faggots, 18- kill, 19- everyone, 20- 😠, 21- so, 22- freeing, 23- to, 24- use, 25- that, 26- word, 27- here, 28- 😄;offensive targeting Homosexual;https://app.prolific.co/submissions/complete?cc=91442ADD
13499824_gab;HateXplain;cucked fuckyelp sjw faggots;1- cucked, 2- fuckyelp, 3- sjw, 4- faggots;hatespeech targeting Homosexual;https://app.prolific.co/submissions/complete?cc=91442ADD
13535328_gab;HateXplain;no they did not you are a retarded faggot caseclosed;1- no, 2- they, 3- did, 4- not, 5- you, 6- are, 7- a, 8- retarded, 9- faggot, 10- caseclosed;offensive targeting Homosexual;https://app.prolific.co/submissions/complete?cc=91442ADD
13541266_gab;HateXplain;it honestly sad because most were molested as a child and told to be gay or they think that what normal from their traumatic experience;1- it, 2- honestly, 3- sad, 4- because, 5- most, 6- were, 7- molested, 8- as, 9- a, 10- child, 11- and, 12- told, 13- to, 14- be, 15- gay, 16- or, 17- they, 18- think, 19- that, 20- what, 21- normal, 22- from, 23- their, 24- traumatic, 25- experience;offensive targeting Homosexual;https://app.prolific.co/submissions/complete?cc=91442ADD
13632171_gab;HateXplain;you logo says faggot;1- you, 2- logo, 3- says, 4- faggot;offensive targeting Homosexual;https://app.prolific.co/submissions/complete?cc=91442ADD
13662277_gab;HateXplain;torba and utsav hand pick the topics to make eye candy for the con coin crypto group to look at one way or another those two faggots will get what coming to them for being liar pieces of shit;1- torba, 2- and, 3- utsav, 4- hand, 5- pick, 6- the, 7- topics, 8- to, 9- make, 10- eye, 11- candy, 12- for, 13- the, 14- con, 15- coin, 16- crypto, 17- group, 18- to, 19- look, 20- at, 21- one, 22- way, 23- or, 24- another, 25- those, 26- two, 27- faggots, 28- will, 29- get, 30- what, 31- coming, 32- to, 33- them, 34- for, 35- being, 36- liar, 37- pieces, 38- of, 39- shit;offensive targeting Homosexual;https://app.prolific.co/submissions/complete?cc=91442ADD
13740267_gab;HateXplain;you can say you want to kill the president on twitter but you can not call people cunts the absolute fucking state of gay social media kill jack dorsey how about that fucking nigger;1- you, 2- can, 3- say, 4- you, 5- want, 6- to, 7- kill, 8- the, 9- president, 10- on, 11- twitter, 12- but, 13- you, 14- can, 15- not, 16- call, 17- people, 18- cunts, 19- the, 20- absolute, 21- fucking, 22- state, 23- of, 24- gay, 25- social, 26- media, 27- kill, 28- jack, 29- dorsey, 30- how, 31- about, 32- that, 33- fucking, 34- nigger;hatespeech targeting Homosexual;https://app.prolific.co/submissions/complete?cc=91442ADD
13883384_gab;HateXplain;disney also made the shopkeeper gay in frozen look for when the shopkeeper says hi to his family who are in a sauna or something since eisner took over neo disney has been defiling children entertainment by pushing jewish cult marxist themes in movies and shows boycott;1- disney, 2- also, 3- made, 4- the, 5- shopkeeper, 6- gay, 7- in, 8- frozen, 9- look, 10- for, 11- when, 12- the, 13- shopkeeper, 14- says, 15- hi, 16- to, 17- his, 18- family, 19- who, 20- are, 21- in, 22- a, 23- sauna, 24- or, 25- something, 26- since, 27- eisner, 28- took, 29- over, 30- neo, 31- disney, 32- has, 33- been, 34- defiling, 35- children, 36- entertainment, 37- by, 38- pushing, 39- jewish, 40- cult, 41- marxist, 42- themes, 43- in, 44- movies, 45- and, 46- shows, 47- boycott;offensive targeting Homosexual;https://app.prolific.co/submissions/complete?cc=91442ADD
13922282_gab;HateXplain;this is why naxalt is bullshit the faggot mind of sheep uses the <number> as the rule to say there are no wolves yet when attacked it only <number> of wolves eating sheep;1- this, 2- is, 3- why, 4- naxalt, 5- is, 6- bullshit, 7- the, 8- faggot, 9- mind, 10- of, 11- sheep, 12- uses, 13- the, 14- <number>, 15- as, 16- the, 17- rule, 18- to, 19- say, 20- there, 21- are, 22- no, 23- wolves, 24- yet, 25- when, 26- attacked, 27- it, 28- only, 29- <number>, 30- of, 31- wolves, 32- eating, 33- sheep;offensive targeting Homosexual;https://app.prolific.co/submissions/complete?cc=91442ADD
13944828_gab;HateXplain;kevin spacey comes right out with it confessed he preyed on a teenage actor tries to immediately deflect by coming out sure i may have preyed on teenage boys but hey at least i am openly gay now a homosexual through and through;1- kevin, 2- spacey, 3- comes, 4- right, 5- out, 6- with, 7- it, 8- confessed, 9- he, 10- preyed, 11- on, 12- a, 13- teenage, 14- actor, 15- tries, 16- to, 17- immediately, 18- deflect, 19- by, 20- coming, 21- out, 22- sure, 23- i, 24- may, 25- have, 26- preyed, 27- on, 28- teenage, 29- boys, 30- but, 31- hey, 32- at, 33- least, 34- i, 35- am, 36- openly, 37- gay, 38- now, 39- a, 40- homosexual, 41- through, 42- and, 43- through;hatespeech targeting Homosexual;https://app.prolific.co/submissions/complete?cc=91442ADD
13946816_gab;HateXplain;the non apology apology respect for rapp as an actor not as a person talks about romantic relationships with men and women not sexual assault of a boy pederasty and homosexuality go hand in hand hiding behind socially accepted perversity to cover unacceptable pederasty;1- the, 2- non, 3- apology, 4- apology, 5- respect, 6- for, 7- rapp, 8- as, 9- an, 10- actor, 11- not, 12- as, 13- a, 14- person, 15- talks, 16- about, 17- romantic, 18- relationships, 19- with, 20- men, 21- and, 22- women, 23- not, 24- sexual, 25- assault, 26- of, 27- a, 28- boy, 29- pederasty, 30- and, 31- homosexuality, 32- go, 33- hand, 34- in, 35- hand, 36- hiding, 37- behind, 38- socially, 39- accepted, 40- perversity, 41- to, 42- cover, 43- unacceptable, 44- pederasty;hatespeech targeting Homosexual;https://app.prolific.co/submissions/complete?cc=91442ADD
13964687_gab;HateXplain;homosexual and hollywood communities redundant;1- homosexual, 2- and, 3- hollywood, 4- communities, 5- redundant;offensive targeting Homosexual;https://app.prolific.co/submissions/complete?cc=91442ADD
14022755_gab;HateXplain;insinuating that i am the retard whilst claiming to be in the alt right whilst shilling for jews and faggots nice whole new levels of retard have been achieved with this one;1- insinuating, 2- that, 3- i, 4- am, 5- the, 6- retard, 7- whilst, 8- claiming, 9- to, 10- be, 11- in, 12- the, 13- alt, 14- right, 15- whilst, 16- shilling, 17- for, 18- jews, 19- and, 20- faggots, 21- nice, 22- whole, 23- new, 24- levels, 25- of, 26- retard, 27- have, 28- been, 29- achieved, 30- with, 31- this, 32- one;offensive targeting Homosexual;https://app.prolific.co/submissions/complete?cc=91442ADD
14051252_gab;HateXplain;saying faggots are degenerate and speaking of their foul activities is the msm mindset what the fuck are you smoking the media bends over backwards to make excuses for their disgusting acts how do the acts of the others you are speaking of negate those of the faggots pray tell;1- saying, 2- faggots, 3- are, 4- degenerate, 5- and, 6- speaking, 7- of, 8- their, 9- foul, 10- activities, 11- is, 12- the, 13- msm, 14- mindset, 15- what, 16- the, 17- fuck, 18- are, 19- you, 20- smoking, 21- the, 22- media, 23- bends, 24- over, 25- backwards, 26- to, 27- make, 28- excuses, 29- for, 30- their, 31- disgusting, 32- acts, 33- how, 34- do, 35- the, 36- acts, 37- of, 38- the, 39- others, 40- you, 41- are, 42- speaking, 43- of, 44- negate, 45- those, 46- of, 47- the, 48- faggots, 49- pray, 50- tell;hatespeech targeting Homosexual;https://app.prolific.co/submissions/complete?cc=91442ADD
14174505_gab;HateXplain;a study has found that lesbian couples are twice as likely to divorce as heterosexual couples hardly surprising it not hard to walk out the door when there two locks and no key;1- a, 2- study, 3- has, 4- found, 5- that, 6- lesbian, 7- couples, 8- are, 9- twice, 10- as, 11- likely, 12- to, 13- divorce, 14- as, 15- heterosexual, 16- couples, 17- hardly, 18- surprising, 19- it, 20- not, 21- hard, 22- to, 23- walk, 24- out, 25- the, 26- door, 27- when, 28- there, 29- two, 30- locks, 31- and, 32- no, 33- key;offensive targeting Homosexual;https://app.prolific.co/submissions/complete?cc=91442ADD
14265205_gab;HateXplain;<user> <user> we will probably never really know the true depth of his faggot depravity and his scumbag pedophilia and i honestly do not want to know anymore about his demonic psychosis all homos are pedos some just hide it control it better than others;1- <user>, 2- <user>, 3- we, 4- will, 5- probably, 6- never, 7- really, 8- know, 9- the, 10- true, 11- depth, 12- of, 13- his, 14- faggot, 15- depravity, 16- and, 17- his, 18- scumbag, 19- pedophilia, 20- and, 21- i, 22- honestly, 23- do, 24- not, 25- want, 26- to, 27- know, 28- anymore, 29- about, 30- his, 31- demonic, 32- psychosis, 33- all, 34- homos, 35- are, 36- pedos, 37- some, 38- just, 39- hide, 40- it, 41- control, 42- it, 43- better, 44- than, 45- others;hatespeech targeting Homosexual;https://app.prolific.co/submissions/complete?cc=91442ADD
14265702_gab;HateXplain;<user> a no pedo bashing sign at some leftist march recently this is exactly how harmful and cruel the leftists are they are encouraging faggots and other deviants to act out their perversions whereas pedo bashing provides valuable free life lessons to the less fortunate;1- <user>, 2- a, 3- no, 4- pedo, 5- bashing, 6- sign, 7- at, 8- some, 9- leftist, 10- march, 11- recently, 12- this, 13- is, 14- exactly, 15- how, 16- harmful, 17- and, 18- cruel, 19- the, 20- leftists, 21- are, 22- they, 23- are, 24- encouraging, 25- faggots, 26- and, 27- other, 28- deviants, 29- to, 30- act, 31- out, 32- their, 33- perversions, 34- whereas, 35- pedo, 36- bashing, 37- provides, 38- valuable, 39- free, 40- life, 41- lessons, 42- to, 43- the, 44- less, 45- fortunate;hatespeech targeting Homosexual;https://app.prolific.co/submissions/complete?cc=91442ADD
14265749_gab;HateXplain;donald tump is gay with his son eric tump;1- donald, 2- tump, 3- is, 4- gay, 5- with, 6- his, 7- son, 8- eric, 9- tump;offensive targeting Homosexual;https://app.prolific.co/submissions/complete?cc=91442ADD
14272614_gab;HateXplain;<user> it really wonder that someone with the homosexual and gender confused people community that is not part of pro homofascism cause yes however the exception proves the rule;1- <user>, 2- it, 3- really, 4- wonder, 5- that, 6- someone, 7- with, 8- the, 9- homosexual, 10- and, 11- gender, 12- confused, 13- people, 14- community, 15- that, 16- is, 17- not, 18- part, 19- of, 20- pro, 21- homofascism, 22- cause, 23- yes, 24- however, 25- the, 26- exception, 27- proves, 28- the, 29- rule;offensive targeting Homosexual;https://app.prolific.co/submissions/complete?cc=91442ADD
14416339_gab;HateXplain;since the pro lgbt dirty deed doing democrats are smearing social conservative hero roymoore with preposterous underage sex allegations let redouble our determination to expose the facts on pederasts in the gay community jps homopedophilia chickenhawk sodomites;1- since, 2- the, 3- pro, 4- lgbt, 5- dirty, 6- deed, 7- doing, 8- democrats, 9- are, 10- smearing, 11- social, 12- conservative, 13- hero, 14- roymoore, 15- with, 16- preposterous, 17- underage, 18- sex, 19- allegations, 20- let, 21- redouble, 22- our, 23- determination, 24- to, 25- expose, 26- the, 27- facts, 28- on, 29- pederasts, 30- in, 31- the, 32- gay, 33- community, 34- jps, 35- homopedophilia, 36- chickenhawk, 37- sodomites;offensive targeting Homosexual;https://app.prolific.co/submissions/complete?cc=91442ADD
14524510_gab;HateXplain;prove it you can not because i did not and you are not shooting anybody you can not even see straight you will probably accidentally shoot yourself or your gay boyfriend homo;1- prove, 2- it, 3- you, 4- can, 5- not, 6- because, 7- i, 8- did, 9- not, 10- and, 11- you, 12- are, 13- not, 14- shooting, 15- anybody, 16- you, 17- can, 18- not, 19- even, 20- see, 21- straight, 22- you, 23- will, 24- probably, 25- accidentally, 26- shoot, 27- yourself, 28- or, 29- your, 30- gay, 31- boyfriend, 32- homo;offensive targeting Homosexual;https://app.prolific.co/submissions/complete?cc=91442ADD
14535850_gab;HateXplain;or just wait until you have been busted with a car full of teenage boys and alcohol and you are already the county second most famous homosexual pervert oh lookee here i just found a get out of jail free card;1- or, 2- just, 3- wait, 4- until, 5- you, 6- have, 7- been, 8- busted, 9- with, 10- a, 11- car, 12- full, 13- of, 14- teenage, 15- boys, 16- and, 17- alcohol, 18- and, 19- you, 20- are, 21- already, 22- the, 23- county, 24- second, 25- most, 26- famous, 27- homosexual, 28- pervert, 29- oh, 30- lookee, 31- here, 32- i, 33- just, 34- found, 35- a, 36- get, 37- out, 38- of, 39- jail, 40- free, 41- card;offensive targeting Homosexual;https://app.prolific.co/submissions/complete?cc=91442ADD
14745730_gab;HateXplain;so a few days ago the faggots of the yes vote for gay marriage in australia won and if they dont make a bill about supporting freedom of speech when it comes to that topic we are fucked;1- so, 2- a, 3- few, 4- days, 5- ago, 6- the, 7- faggots, 8- of, 9- the, 10- yes, 11- vote, 12- for, 13- gay, 14- marriage, 15- in, 16- australia, 17- won, 18- and, 19- if, 20- they, 21- dont, 22- make, 23- a, 24- bill, 25- about, 26- supporting, 27- freedom, 28- of, 29- speech, 30- when, 31- it, 32- comes, 33- to, 34- that, 35- topic, 36- we, 37- are, 38- fucked;offensive targeting Homosexual;https://app.prolific.co/submissions/complete?cc=91442ADD
attention_38;attention chack sentences (HateXplain targeting);that brown guys a raghead;1- that, 2- brown, 3- guys, 4- a, 5- raghead;offensive;https://app.prolific.co/submissions/complete?cc=91442ADD