"ID";"dataset";"text";"tokens";"label";"redirectUrl"
"18005714_gab";"HateXplain";"martin luther king jr was a gay nigger";"1- martin, 2- luther, 3- king, 4- jr, 5- was, 6- a, 7- gay, 8- nigger";"hatespeech targeting African";"https://app.prolific.co/submissions/complete?cc=91442ADD"
"15988874_gab";"HateXplain";"she a he and it a kike";"1- she, 2- a, 3- he, 4- and, 5- it, 6- a, 7- kike";"hatespeech targeting Jewish";"https://app.prolific.co/submissions/complete?cc=91442ADD"
"4090382_gab";"HateXplain";"why do muslim women suicide bomb to get an enormous eternally erect penis in heaven top saudi imam delivers throbbing theological thesis";"1- why, 2- do, 3- muslim, 4- women, 5- suicide, 6- bomb, 7- to, 8- get, 9- an, 10- enormous, 11- eternally, 12- erect, 13- penis, 14- in, 15- heaven, 16- top, 17- saudi, 18- imam, 19- delivers, 20- throbbing, 21- theological, 22- thesis";"offensive targeting Islam";"https://app.prolific.co/submissions/complete?cc=91442ADD"
"17200507_gab";"HateXplain";"you are a kike loving nigger who still uses your mom insults you should just do the world a favor and attach yourself to the end of a rope";"1- you, 2- are, 3- a, 4- kike, 5- loving, 6- nigger, 7- who, 8- still, 9- uses, 10- your, 11- mom, 12- insults, 13- you, 14- should, 15- just, 16- do, 17- the, 18- world, 19- a, 20- favor, 21- and, 22- attach, 23- yourself, 24- to, 25- the, 26- end, 27- of, 28- a, 29- rope";"hatespeech targeting African";"https://app.prolific.co/submissions/complete?cc=91442ADD"
"23888587_gab";"HateXplain";"its the jews tucker carlson the mother fucking jews that want war beyween the u.s. and russia say it you kike sucker";"1- its, 2- the, 3- jews, 4- tucker, 5- carlson, 6- the, 7- mother, 8- fucking, 9- jews, 10- that, 11- want, 12- war, 13- beyween, 14- the, 15- u.s., 16- and, 17- russia, 18- say, 19- it, 20- you, 21- kike, 22- sucker";"offensive targeting Jewish";"https://app.prolific.co/submissions/complete?cc=91442ADD"
"4095506_gab";"HateXplain";"<user> the muslim tribal war is not between tribes it is between sects of islam that of course cross tribal lines for pete sake i would estimate that <number> of all attacks are from sunni muslim against shias against sufis agnst all other sects it arabs who demand supremacy";"1- <user>, 2- the, 3- muslim, 4- tribal, 5- war, 6- is, 7- not, 8- between, 9- tribes, 10- it, 11- is, 12- between, 13- sects, 14- of, 15- islam, 16- that, 17- of, 18- course, 19- cross, 20- tribal, 21- lines, 22- for, 23- pete, 24- sake, 25- i, 26- would, 27- estimate, 28- that, 29- <number>, 30- of, 31- all, 32- attacks, 33- are, 34- from, 35- sunni, 36- muslim, 37- against, 38- shias, 39- against, 40- sufis, 41- agnst, 42- all, 43- other, 44- sects, 45- it, 46- arabs, 47- who, 48- demand, 49- supremacy";"offensive targeting Islam";"https://app.prolific.co/submissions/complete?cc=91442ADD"
"26716653_gab";"HateXplain";"starbucks actually closed in america for a whole day so staff could have racially friendly training you can just imagine the lecturer saying when a nigger comes in do not say how do you like your coffee black";"1- starbucks, 2- actually, 3- closed, 4- in, 5- america, 6- for, 7- a, 8- whole, 9- day, 10- so, 11- staff, 12- could, 13- have, 14- racially, 15- friendly, 16- training, 17- you, 18- can, 19- just, 20- imagine, 21- the, 22- lecturer, 23- saying, 24- when, 25- a, 26- nigger, 27- comes, 28- in, 29- do, 30- not, 31- say, 32- how, 33- do, 34- you, 35- like, 36- your, 37- coffee, 38- black";"hatespeech targeting African";"https://app.prolific.co/submissions/complete?cc=91442ADD"
"3942665_gab";"HateXplain";"<user> aslo worrying about putin that i remember something like he said that russia welcomes the jews fleeing from europe and russia still have a kike oblast";"1- <user>, 2- aslo, 3- worrying, 4- about, 5- putin, 6- that, 7- i, 8- remember, 9- something, 10- like, 11- he, 12- said, 13- that, 14- russia, 15- welcomes, 16- the, 17- jews, 18- fleeing, 19- from, 20- europe, 21- and, 22- russia, 23- still, 24- have, 25- a, 26- kike, 27- oblast";"hatespeech targeting Jewish";"https://app.prolific.co/submissions/complete?cc=91442ADD"
"4565612_gab";"HateXplain";"when liberals socialists march against the sort of gender based inequality islam foists on western societies do you think the world will stop spinning muslimban";"1- when, 2- liberals, 3- socialists, 4- march, 5- against, 6- the, 7- sort, 8- of, 9- gender, 10- based, 11- inequality, 12- islam, 13- foists, 14- on, 15- western, 16- societies, 17- do, 18- you, 19- think, 20- the, 21- world, 22- will, 23- stop, 24- spinning, 25- muslimban";"hatespeech targeting Islam";"https://app.prolific.co/submissions/complete?cc=91442ADD"
"12976797_gab";"HateXplain";"we need common sense nigger control";"1- we, 2- need, 3- common, 4- sense, 5- nigger, 6- control";"hatespeech targeting African";"https://app.prolific.co/submissions/complete?cc=91442ADD"
"26513396_gab";"HateXplain";"tommy kike robinson";"1- tommy, 2- kike, 3- robinson";"hatespeech targeting Jewish";"https://app.prolific.co/submissions/complete?cc=91442ADD"
"4612446_gab";"HateXplain";"the islamic and sharia controlled middle eastern countries bitch and complain about the u banning muslims really but they like to do it hmm what that word that sums this up starts with an h islam islamism muslims muslim banislam banmuslims maga gabfam americafirst trump";"1- the, 2- islamic, 3- and, 4- sharia, 5- controlled, 6- middle, 7- eastern, 8- countries, 9- bitch, 10- and, 11- complain, 12- about, 13- the, 14- u, 15- banning, 16- muslims, 17- really, 18- but, 19- they, 20- like, 21- to, 22- do, 23- it, 24- hmm, 25- what, 26- that, 27- word, 28- that, 29- sums, 30- this, 31- up, 32- starts, 33- with, 34- an, 35- h, 36- islam, 37- islamism, 38- muslims, 39- muslim, 40- banislam, 41- banmuslims, 42- maga, 43- gabfam, 44- americafirst, 45- trump";"offensive targeting Islam";"https://app.prolific.co/submissions/complete?cc=91442ADD"
"18827263_gab";"HateXplain";"it so nigger future blm member is what you sound like are you from houston this sounds like that nigger garbage from that shithole damn break that programming you are a jew tool";"1- it, 2- so, 3- nigger, 4- future, 5- blm, 6- member, 7- is, 8- what, 9- you, 10- sound, 11- like, 12- are, 13- you, 14- from, 15- houston, 16- this, 17- sounds, 18- like, 19- that, 20- nigger, 21- garbage, 22- from, 23- that, 24- shithole, 25- damn, 26- break, 27- that, 28- programming, 29- you, 30- are, 31- a, 32- jew, 33- tool";"hatespeech targeting African";"https://app.prolific.co/submissions/complete?cc=91442ADD"
"18971841_gab";"HateXplain";"ill tell you for sure that these cunts dont and neither do you im about <percent> sure youre a kike who is pretending to be kurdish so he can spread pro zionist opinions among kurds who israel relies on to disrupt muh shia crescent";"1- ill, 2- tell, 3- you, 4- for, 5- sure, 6- that, 7- these, 8- cunts, 9- dont, 10- and, 11- neither, 12- do, 13- you, 14- im, 15- about, 16- <percent>, 17- sure, 18- youre, 19- a, 20- kike, 21- who, 22- is, 23- pretending, 24- to, 25- be, 26- kurdish, 27- so, 28- he, 29- can, 30- spread, 31- pro, 32- zionist, 33- opinions, 34- among, 35- kurds, 36- who, 37- israel, 38- relies, 39- on, 40- to, 41- disrupt, 42- muh, 43- shia, 44- crescent";"hatespeech targeting Jewish";"https://app.prolific.co/submissions/complete?cc=91442ADD"
"4623527_gab";"HateXplain";"many more trudeau raghead enemas to come canucks many more chances for you to conspicuously display your tolerance vs trumpmerican xenophobic hate if you live that is";"1- many, 2- more, 3- trudeau, 4- raghead, 5- enemas, 6- to, 7- come, 8- canucks, 9- many, 10- more, 11- chances, 12- for, 13- you, 14- to, 15- conspicuously, 16- display, 17- your, 18- tolerance, 19- vs, 20- trumpmerican, 21- xenophobic, 22- hate, 23- if, 24- you, 25- live, 26- that, 27- is";"hatespeech targeting Islam";"https://app.prolific.co/submissions/complete?cc=91442ADD"
"18304251_gab";"HateXplain";"i can not hear what happening with the government shutdown cuz my gramma keeps screaming at the nigger announcer on fox 😑";"1- i, 2- can, 3- not, 4- hear, 5- what, 6- happening, 7- with, 8- the, 9- government, 10- shutdown, 11- cuz, 12- my, 13- gramma, 14- keeps, 15- screaming, 16- at, 17- the, 18- nigger, 19- announcer, 20- on, 21- fox, 22- 😑";"hatespeech targeting African";"https://app.prolific.co/submissions/complete?cc=91442ADD"
"25691687_gab";"HateXplain";"more incoherent rambling from a kike who lost the argument";"1- more, 2- incoherent, 3- rambling, 4- from, 5- a, 6- kike, 7- who, 8- lost, 9- the, 10- argument";"hatespeech targeting Jewish";"https://app.prolific.co/submissions/complete?cc=91442ADD"
"4731064_gab";"HateXplain";"the smarter white persians suffering the consequences their dumber fellows under islam ironically the average european white is being held down by their smarter fellows that are obsessed with virtue signaling and equality and their disdain for their own people";"1- the, 2- smarter, 3- white, 4- persians, 5- suffering, 6- the, 7- consequences, 8- their, 9- dumber, 10- fellows, 11- under, 12- islam, 13- ironically, 14- the, 15- average, 16- european, 17- white, 18- is, 19- being, 20- held, 21- down, 22- by, 23- their, 24- smarter, 25- fellows, 26- that, 27- are, 28- obsessed, 29- with, 30- virtue, 31- signaling, 32- and, 33- equality, 34- and, 35- their, 36- disdain, 37- for, 38- their, 39- own, 40- people";"offensive targeting Islam";"https://app.prolific.co/submissions/complete?cc=91442ADD"
"2183555_gab";"HateXplain";"testing are you allowed to say nigger on here";"1- testing, 2- are, 3- you, 4- allowed, 5- to, 6- say, 7- nigger, 8- on, 9- here";"hatespeech targeting African";"https://app.prolific.co/submissions/complete?cc=91442ADD"
"27716817_gab";"HateXplain";"wait are u telling us that unwanted zhid cruz from fl was nazi pedo rabi should teach this yid nazi a right way he should prepared oven";"1- wait, 2- are, 3- u, 4- telling, 5- us, 6- that, 7- unwanted, 8- zhid, 9- cruz, 10- from, 11- fl, 12- was, 13- nazi, 14- pedo, 15- rabi, 16- should, 17- teach, 18- this, 19- yid, 20- nazi, 21- a, 22- right, 23- way, 24- he, 25- should, 26- prepared, 27- oven";"hatespeech targeting Jewish";"https://app.prolific.co/submissions/complete?cc=91442ADD"
"4784292_gab";"HateXplain";"the left does not give a fuck about victims of muslim terror attacks or rapes they see them as bad pr their biggest concern is always that whites might criticize muslims after those attacks that why they are so rustled at kellyanne slip their only consistency is trying to genocide whites";"1- the, 2- left, 3- does, 4- not, 5- give, 6- a, 7- fuck, 8- about, 9- victims, 10- of, 11- muslim, 12- terror, 13- attacks, 14- or, 15- rapes, 16- they, 17- see, 18- them, 19- as, 20- bad, 21- pr, 22- their, 23- biggest, 24- concern, 25- is, 26- always, 27- that, 28- whites, 29- might, 30- criticize, 31- muslims, 32- after, 33- those, 34- attacks, 35- that, 36- why, 37- they, 38- are, 39- so, 40- rustled, 41- at, 42- kellyanne, 43- slip, 44- their, 45- only, 46- consistency, 47- is, 48- trying, 49- to, 50- genocide, 51- whites";"offensive targeting Islam";"https://app.prolific.co/submissions/complete?cc=91442ADD"
"21844534_gab";"HateXplain";"i d be depressed if i was a nigger";"1- i, 2- d, 3- be, 4- depressed, 5- if, 6- i, 7- was, 8- a, 9- nigger";"hatespeech targeting African";"https://app.prolific.co/submissions/complete?cc=91442ADD"
"25002103_gab";"HateXplain";"superman was written by a kike about his fantasy of smashing fascists kek just fyi";"1- superman, 2- was, 3- written, 4- by, 5- a, 6- kike, 7- about, 8- his, 9- fantasy, 10- of, 11- smashing, 12- fascists, 13- kek, 14- just, 15- fyi";"hatespeech targeting Jewish";"https://app.prolific.co/submissions/complete?cc=91442ADD"
"5139328_gab";"HateXplain";"that beavis butthead phuck should be boycotted saw a posted clip where he was bitchin about the ban and appeasing muzzrats and their g d guy is a libtard pos";"1- that, 2- beavis, 3- butthead, 4- phuck, 5- should, 6- be, 7- boycotted, 8- saw, 9- a, 10- posted, 11- clip, 12- where, 13- he, 14- was, 15- bitchin, 16- about, 17- the, 18- ban, 19- and, 20- appeasing, 21- muzzrats, 22- and, 23- their, 24- g, 25- d, 26- guy, 27- is, 28- a, 29- libtard, 30- pos";"offensive targeting Islam";"https://app.prolific.co/submissions/complete?cc=91442ADD"
"13948927_gab";"HateXplain";"cia nigger apologizes to pol for the poz";"1- cia, 2- nigger, 3- apologizes, 4- to, 5- pol, 6- for, 7- the, 8- poz";"hatespeech targeting African";"https://app.prolific.co/submissions/complete?cc=91442ADD"
"25644977_gab";"HateXplain";"gosh i guess the mental conditioning had a strong hold on me from my obsessive viewing of fox news as a teenager it took a traumatic event in <number> for me to finally see the kike hiding behind everything";"1- gosh, 2- i, 3- guess, 4- the, 5- mental, 6- conditioning, 7- had, 8- a, 9- strong, 10- hold, 11- on, 12- me, 13- from, 14- my, 15- obsessive, 16- viewing, 17- of, 18- fox, 19- news, 20- as, 21- a, 22- teenager, 23- it, 24- took, 25- a, 26- traumatic, 27- event, 28- in, 29- <number>, 30- for, 31- me, 32- to, 33- finally, 34- see, 35- the, 36- kike, 37- hiding, 38- behind, 39- everything";"hatespeech targeting Jewish";"https://app.prolific.co/submissions/complete?cc=91442ADD"
"5369354_gab";"HateXplain";"justintrudeau your another fool take in the muslim immigrants they will take over canada kill you your family they despise you read their history sharia law sex with animals child brides marryoff one of your girls justin";"1- justintrudeau, 2- your, 3- another, 4- fool, 5- take, 6- in, 7- the, 8- muslim, 9- immigrants, 10- they, 11- will, 12- take, 13- over, 14- canada, 15- kill, 16- you, 17- your, 18- family, 19- they, 20- despise, 21- you, 22- read, 23- their, 24- history, 25- sharia, 26- law, 27- sex, 28- with, 29- animals, 30- child, 31- brides, 32- marryoff, 33- one, 34- of, 35- your, 36- girls, 37- justin";"offensive targeting Islam";"https://app.prolific.co/submissions/complete?cc=91442ADD"
"1178994553510141952_twitter";"HateXplain";"big drunk lean no guns shootin this nigger";"1- big, 2- drunk, 3- lean, 4- no, 5- guns, 6- shootin, 7- this, 8- nigger";"hatespeech targeting African";"https://app.prolific.co/submissions/complete?cc=91442ADD"
"23810387_gab";"HateXplain";"you know the type greedy hook nose kike would send a country into famine if the shekels were right";"1- you, 2- know, 3- the, 4- type, 5- greedy, 6- hook, 7- nose, 8- kike, 9- would, 10- send, 11- a, 12- country, 13- into, 14- famine, 15- if, 16- the, 17- shekels, 18- were, 19- right";"hatespeech targeting Jewish";"https://app.prolific.co/submissions/complete?cc=91442ADD"
"attention_43";"attention check sentences (HateXplain targeting)";"whats up gayreek";"1- whats, 2- up, 3- gayreek";"offensive";"https://app.prolific.co/submissions/complete?cc=91442ADD"