"ID";"dataset";"text";"tokens";"label";"redirectUrl"
"13383879_gab";"HateXplain";"it what happens when jews and slut whores cum together";"1- it, 2- what, 3- happens, 4- when, 5- jews, 6- and, 7- slut, 8- whores, 9- cum, 10- together";"offensive targeting Jewish";"https://app.prolific.co/submissions/complete?cc=91442ADD"
"1178723245211734016_twitter";"HateXplain";"<user> according to police the suspect sean bell was also in violation of driving with six suspensions yep just another day on white trash collapsing long island";"1- <user>, 2- according, 3- to, 4- police, 5- the, 6- suspect, 7- sean, 8- bell, 9- was, 10- also, 11- in, 12- violation, 13- of, 14- driving, 15- with, 16- six, 17- suspensions, 18- yep, 19- just, 20- another, 21- day, 22- on, 23- white, 24- trash, 25- collapsing, 26- long, 27- island";"hatespeech targeting Caucasian";"https://app.prolific.co/submissions/complete?cc=91442ADD"
"15915973_gab";"HateXplain";"i am not the one aborting babies here your liberal white women are doing that";"1- i, 2- am, 3- not, 4- the, 5- one, 6- aborting, 7- babies, 8- here, 9- your, 10- liberal, 11- white, 12- women, 13- are, 14- doing, 15- that";"offensive targeting Caucasian";"https://app.prolific.co/submissions/complete?cc=91442ADD"
"1178819339631431680_twitter";"HateXplain";"bitches always worrying about me cough cough <user> dumb hoe";"1- bitches, 2- always, 3- worrying, 4- about, 5- me, 6- cough, 7- cough, 8- <user>, 9- dumb, 10- hoe";"offensive targeting Women";"https://app.prolific.co/submissions/complete?cc=91442ADD"
"1361461_gab";"HateXplain";"killary is such a bitch she should be behind bars";"1- killary, 2- is, 3- such, 4- a, 5- bitch, 6- she, 7- should, 8- be, 9- behind, 10- bars";"offensive targeting Women";"https://app.prolific.co/submissions/complete?cc=91442ADD"
"1236507239155822593_twitter";"HateXplain";"<user> <user> but you said you like guys that what gays do";"1- <user>, 2- <user>, 3- but, 4- you, 5- said, 6- you, 7- like, 8- guys, 9- that, 10- what, 11- gays, 12- do";"offensive targeting Homosexual";"https://app.prolific.co/submissions/complete?cc=91442ADD"
"17325666_gab";"HateXplain";"everytime i scroll past this cia nigger i want to vomit a kafkaesque boil covered faggot footsoldier for the greatest marxist ever";"1- everytime, 2- i, 3- scroll, 4- past, 5- this, 6- cia, 7- nigger, 8- i, 9- want, 10- to, 11- vomit, 12- a, 13- kafkaesque, 14- boil, 15- covered, 16- faggot, 17- footsoldier, 18- for, 19- the, 20- greatest, 21- marxist, 22- ever";"offensive targeting Homosexual";"https://app.prolific.co/submissions/complete?cc=91442ADD"
"1097003031344734215_twitter";"HateXplain";"<user> jihadi relax soon you will also sink in pain and anguish of your jihadi brothers being killed by indian armed forces";"1- <user>, 2- jihadi, 3- relax, 4- soon, 5- you, 6- will, 7- also, 8- sink, 9- in, 10- pain, 11- and, 12- anguish, 13- of, 14- your, 15- jihadi, 16- brothers, 17- being, 18- killed, 19- by, 20- indian, 21- armed, 22- forces";"hatespeech targeting Islam";"https://app.prolific.co/submissions/complete?cc=91442ADD"
"13318649_gab";"HateXplain";"how far will the muzrat appeasers go before everyone rises up and removes them and the muzzies with them";"1- how, 2- far, 3- will, 4- the, 5- muzrat, 6- appeasers, 7- go, 8- before, 9- everyone, 10- rises, 11- up, 12- and, 13- removes, 14- them, 15- and, 16- the, 17- muzzies, 18- with, 19- them";"offensive targeting Islam";"https://app.prolific.co/submissions/complete?cc=91442ADD"
"1179694233835495424_twitter";"HateXplain";"<user> <user> arabs are so fukin idiots";"1- <user>, 2- <user>, 3- arabs, 4- are, 5- so, 6- fukin, 7- idiots";"hatespeech targeting Arab";"https://app.prolific.co/submissions/complete?cc=91442ADD"
"14033204_gab";"HateXplain";"give me three raghead desert fuckers i can teach and whip those fuckers into americanism";"1- give, 2- me, 3- three, 4- raghead, 5- desert, 6- fuckers, 7- i, 8- can, 9- teach, 10- and, 11- whip, 12- those, 13- fuckers, 14- into, 15- americanism";"hatespeech targeting Arab";"https://app.prolific.co/submissions/complete?cc=91442ADD"
"1090690524141576193_twitter";"HateXplain";"<user> some people are just retarded like that";"1- <user>, 2- some, 3- people, 4- are, 5- just, 6- retarded, 7- like, 8- that";"offensive targeting Other";"https://app.prolific.co/submissions/complete?cc=91442ADD"
"13921028_gab";"HateXplain";"what raped <user> in the ass";"1- what, 2- raped, 3- <user>, 4- in, 5- the, 6- ass";"offensive targeting Other";"https://app.prolific.co/submissions/complete?cc=91442ADD"
"1078614497990983681_twitter";"HateXplain";"<user> so dickie durbin cares more for illegal aliens then about american children living on the streets typical libtard";"1- <user>, 2- so, 3- dickie, 4- durbin, 5- cares, 6- more, 7- for, 8- illegal, 9- aliens, 10- then, 11- about, 12- american, 13- children, 14- living, 15- on, 16- the, 17- streets, 18- typical, 19- libtard";"offensive targeting Refugee";"https://app.prolific.co/submissions/complete?cc=91442ADD"
"14399578_gab";"HateXplain";"how about americans raped and murdered by their illegalaliens let start there shall we they have a sworn duty to uphold the constitution and project the sovereignty of our nation not attract more illegalaliens instead of deporting <number> million and importing more muslim terrorists";"1- how, 2- about, 3- americans, 4- raped, 5- and, 6- murdered, 7- by, 8- their, 9- illegalaliens, 10- let, 11- start, 12- there, 13- shall, 14- we, 15- they, 16- have, 17- a, 18- sworn, 19- duty, 20- to, 21- uphold, 22- the, 23- constitution, 24- and, 25- project, 26- the, 27- sovereignty, 28- of, 29- our, 30- nation, 31- not, 32- attract, 33- more, 34- illegalaliens, 35- instead, 36- of, 37- deporting, 38- <number>, 39- million, 40- and, 41- importing, 42- more, 43- muslim, 44- terrorists";"hatespeech targeting Refugee";"https://app.prolific.co/submissions/complete?cc=91442ADD"
"1177915478674534401_twitter";"HateXplain";"<user> new look ching chong";"1- <user>, 2- new, 3- look, 4- ching, 5- chong";"hatespeech targeting Asian";"https://app.prolific.co/submissions/complete?cc=91442ADD"
"10503699_gab";"HateXplain";"why i am just shocked acording to british msm they are surely asians not peace loving muzrats";"1- why, 2- i, 3- am, 4- just, 5- shocked, 6- acording, 7- to, 8- british, 9- msm, 10- they, 11- are, 12- surely, 13- asians, 14- not, 15- peace, 16- loving, 17- muzrats";"hatespeech targeting Asian";"https://app.prolific.co/submissions/complete?cc=91442ADD"
"1215677411121074176_twitter";"HateXplain";"<user> hey hey hey i went to cy fair and my vietnamese is better the problem is that she ’ white washed af lmao";"1- <user>, 2- hey, 3- hey, 4- hey, 5- i, 6- went, 7- to, 8- cy, 9- fair, 10- and, 11- my, 12- vietnamese, 13- is, 14- better, 15- the, 16- problem, 17- is, 18- that, 19- she, 20- ’, 21- white, 22- washed, 23- af, 24- lmao";"offensive targeting Asian";"https://app.prolific.co/submissions/complete?cc=91442ADD"
"15646177_gab";"HateXplain";"incredible how asians have been turning to shitlib ideologies they are traditionally bulwarks of confucian law order disgusting they should be executed";"1- incredible, 2- how, 3- asians, 4- have, 5- been, 6- turning, 7- to, 8- shitlib, 9- ideologies, 10- they, 11- are, 12- traditionally, 13- bulwarks, 14- of, 15- confucian, 16- law, 17- order, 18- disgusting, 19- they, 20- should, 21- be, 22- executed";"hatespeech targeting Asian";"https://app.prolific.co/submissions/complete?cc=91442ADD"
"1178582515457708032_twitter";"HateXplain";"lh wtf i am weak this girl retarded lmfao";"1- lh, 2- wtf, 3- i, 4- am, 5- weak, 6- this, 7- girl, 8- retarded, 9- lmfao";"offensive targeting Disability";"https://app.prolific.co/submissions/complete?cc=91442ADD"
"25160519_gab";"HateXplain";"all these pro white christians should be deported to africa where they belong who would come out against that these subversive pieces of shit take advantage of white civilization while opening the gates for niggers we need standards that the bottom line and these nigger level iqs are dead weight";"1- all, 2- these, 3- pro, 4- white, 5- christians, 6- should, 7- be, 8- deported, 9- to, 10- africa, 11- where, 12- they, 13- belong, 14- who, 15- would, 16- come, 17- out, 18- against, 19- that, 20- these, 21- subversive, 22- pieces, 23- of, 24- shit, 25- take, 26- advantage, 27- of, 28- white, 29- civilization, 30- while, 31- opening, 32- the, 33- gates, 34- for, 35- niggers, 36- we, 37- need, 38- standards, 39- that, 40- the, 41- bottom, 42- line, 43- and, 44- these, 45- nigger, 46- level, 47- iqs, 48- are, 49- dead, 50- weight";"hatespeech targeting African";"https://app.prolific.co/submissions/complete?cc=91442ADD"
"1088243265210671104_twitter";"HateXplain";"you niggas is fake asl that ’ why you don ’ t see none round me";"1- you, 2- niggas, 3- is, 4- fake, 5- asl, 6- that, 7- ’, 8- why, 9- you, 10- don, 11- ’, 12- t, 13- see, 14- none, 15- round, 16- me";"hatespeech targeting African";"https://app.prolific.co/submissions/complete?cc=91442ADD"
"12724363_gab";"HateXplain";"you know what i roughly gather from them banning me for saying that i gather the hidden message that i am supposed to be fucking blacks and arabs jesus christ another time i was kicked off for saying i do not do crack it a ghetto drug";"1- you, 2- know, 3- what, 4- i, 5- roughly, 6- gather, 7- from, 8- them, 9- banning, 10- me, 11- for, 12- saying, 13- that, 14- i, 15- gather, 16- the, 17- hidden, 18- message, 19- that, 20- i, 21- am, 22- supposed, 23- to, 24- be, 25- fucking, 26- blacks, 27- and, 28- arabs, 29- jesus, 30- christ, 31- another, 32- time, 33- i, 34- was, 35- kicked, 36- off, 37- for, 38- saying, 39- i, 40- do, 41- not, 42- do, 43- crack, 44- it, 45- a, 46- ghetto, 47- drug";"hatespeech targeting African";"https://app.prolific.co/submissions/complete?cc=91442ADD"
"1177999714064711686_twitter";"HateXplain";"<user> <user> donate it to jews";"1- <user>, 2- <user>, 3- donate, 4- it, 5- to, 6- jews";"offensive targeting Jewish";"https://app.prolific.co/submissions/complete?cc=91442ADD"
"13395977_gab";"HateXplain";"i must ve been lucky back in my days of chasing poon as i found jewish women to be very easy as long as i pretended to have money";"1- i, 2- must, 3- ve, 4- been, 5- lucky, 6- back, 7- in, 8- my, 9- days, 10- of, 11- chasing, 12- poon, 13- as, 14- i, 15- found, 16- jewish, 17- women, 18- to, 19- be, 20- very, 21- easy, 22- as, 23- long, 24- as, 25- i, 26- pretended, 27- to, 28- have, 29- money";"offensive targeting Jewish";"https://app.prolific.co/submissions/complete?cc=91442ADD"
"1178829267708321792_twitter";"HateXplain";"<user> i wonder how many of the white trash people who voted for still believes in you";"1- <user>, 2- i, 3- wonder, 4- how, 5- many, 6- of, 7- the, 8- white, 9- trash, 10- people, 11- who, 12- voted, 13- for, 14- still, 15- believes, 16- in, 17- you";"hatespeech targeting Caucasian";"https://app.prolific.co/submissions/complete?cc=91442ADD"
"16051332_gab";"HateXplain";"white pill of the day";"1- white, 2- pill, 3- of, 4- the, 5- day";"offensive targeting Caucasian";"https://app.prolific.co/submissions/complete?cc=91442ADD"
"1179099146432724992_twitter";"HateXplain";"<user> happy bday slut whatchu on for the day";"1- <user>, 2- happy, 3- bday, 4- slut, 5- whatchu, 6- on, 7- for, 8- the, 9- day";"offensive targeting Women";"https://app.prolific.co/submissions/complete?cc=91442ADD"
"14315157_gab";"HateXplain";"there are occasionally very good women leaders i will give you that however it the exception not the rule";"1- there, 2- are, 3- occasionally, 4- very, 5- good, 6- women, 7- leaders, 8- i, 9- will, 10- give, 11- you, 12- that, 13- however, 14- it, 15- the, 16- exception, 17- not, 18- the, 19- rule";"offensive targeting Women";"https://app.prolific.co/submissions/complete?cc=91442ADD"
"attention_37";"attention check sentences (HateXplain targeting)";"no rag head i wont get out of your bloody shop ill leave when i wan na leave";"1- no, 2- rag, 3- head, 4- i, 5- wont, 6- get, 7- out, 8- of, 9- your, 10- bloody, 11- shop, 12- ill, 13- leave, 14- when, 15- i, 16- wan, 17- na, 18- leave";"offensive";"https://app.prolific.co/submissions/complete?cc=91442ADD"