ID;dataset;text;tokens;label;redirectUrl
13379446_gab;HateXplain;the great muslim purge is coming assimilation is not what they have in mind they are starting to show their asses liberals cry about a ban when the ban starts the purge will start also some will enjoy the roundup;1- the, 2- great, 3- muslim, 4- purge, 5- is, 6- coming, 7- assimilation, 8- is, 9- not, 10- what, 11- they, 12- have, 13- in, 14- mind, 15- they, 16- are, 17- starting, 18- to, 19- show, 20- their, 21- asses, 22- liberals, 23- cry, 24- about, 25- a, 26- ban, 27- when, 28- the, 29- ban, 30- starts, 31- the, 32- purge, 33- will, 34- start, 35- also, 36- some, 37- will, 38- enjoy, 39- the, 40- roundup;hatespeech targeting Islam;https://app.prolific.co/submissions/complete?cc=91442ADD
1181640449062297600_twitter;HateXplain;i can ’ t believe some arabs sexualize wearing pants inside the house around the family embarrassing amp disgusting;1- i, 2- can, 3- ’, 4- t, 5- believe, 6- some, 7- arabs, 8- sexualize, 9- wearing, 10- pants, 11- inside, 12- the, 13- house, 14- around, 15- the, 16- family, 17- embarrassing, 18- amp, 19- disgusting;offensive targeting Arab;https://app.prolific.co/submissions/complete?cc=91442ADD
14258917_gab;HateXplain;really apart from tunnelling what have the arabs provided the world with;1- really, 2- apart, 3- from, 4- tunnelling, 5- what, 6- have, 7- the, 8- arabs, 9- provided, 10- the, 11- world, 12- with;offensive targeting Arab;https://app.prolific.co/submissions/complete?cc=91442ADD
1091439421331656705_twitter;HateXplain;<user> <user> they do not want to upset the ghetto dwellers by sounding too intelligent;1- <user>, 2- <user>, 3- they, 4- do, 5- not, 6- want, 7- to, 8- upset, 9- the, 10- ghetto, 11- dwellers, 12- by, 13- sounding, 14- too, 15- intelligent;offensive targeting Other;https://app.prolific.co/submissions/complete?cc=91442ADD
13974964_gab;HateXplain;he has to be retarded to keep coming around every day for this kind of punishment 😂;1- he, 2- has, 3- to, 4- be, 5- retarded, 6- to, 7- keep, 8- coming, 9- around, 10- every, 11- day, 12- for, 13- this, 14- kind, 15- of, 16- punishment, 17- 😂;offensive targeting Other;https://app.prolific.co/submissions/complete?cc=91442ADD
1078648690162786304_twitter;HateXplain;just your daily reminder <user> they are not undocumented immigrants they are i l l e g a l;1- just, 2- your, 3- daily, 4- reminder, 5- <user>, 6- they, 7- are, 8- not, 9- undocumented, 10- immigrants, 11- they, 12- are, 13- i, 14- l, 15- l, 16- e, 17- g, 18- a, 19- l;offensive targeting Refugee;https://app.prolific.co/submissions/complete?cc=91442ADD
14699497_gab;HateXplain;that fucked up she should have suicided bombed the migrant ghetto abode instead;1- that, 2- fucked, 3- up, 4- she, 5- should, 6- have, 7- suicided, 8- bombed, 9- the, 10- migrant, 11- ghetto, 12- abode, 13- instead;hatespeech targeting Refugee;https://app.prolific.co/submissions/complete?cc=91442ADD
1178901621130043393_twitter;HateXplain;what kind of chinaman speak french i mean gotdam;1- what, 2- kind, 3- of, 4- chinaman, 5- speak, 6- french, 7- i, 8- mean, 9- gotdam;offensive targeting Asian;https://app.prolific.co/submissions/complete?cc=91442ADD
10562645_gab;HateXplain;so we absorb korean refugees after we annihilate nk seems to be the norm lately trump news cuckville;1- so, 2- we, 3- absorb, 4- korean, 5- refugees, 6- after, 7- we, 8- annihilate, 9- nk, 10- seems, 11- to, 12- be, 13- the, 14- norm, 15- lately, 16- trump, 17- news, 18- cuckville;offensive targeting Asian;https://app.prolific.co/submissions/complete?cc=91442ADD
1216836100188180480_twitter;HateXplain;no asians no women on my profile thank u 💞;1- no, 2- asians, 3- no, 4- women, 5- on, 6- my, 7- profile, 8- thank, 9- u, 10- 💞;offensive targeting Asian;https://app.prolific.co/submissions/complete?cc=91442ADD
15804672_gab;HateXplain;no aid no contracting to build stuff for them and blockading the east asians from stepping into the breach or giving them the run down on why it better long term to take this approach for both our peoples the populations will collapse due to environmental stressers and perhaps political turmoil;1- no, 2- aid, 3- no, 4- contracting, 5- to, 6- build, 7- stuff, 8- for, 9- them, 10- and, 11- blockading, 12- the, 13- east, 14- asians, 15- from, 16- stepping, 17- into, 18- the, 19- breach, 20- or, 21- giving, 22- them, 23- the, 24- run, 25- down, 26- on, 27- why, 28- it, 29- better, 30- long, 31- term, 32- to, 33- take, 34- this, 35- approach, 36- for, 37- both, 38- our, 39- peoples, 40- the, 41- populations, 42- will, 43- collapse, 44- due, 45- to, 46- environmental, 47- stressers, 48- and, 49- perhaps, 50- political, 51- turmoil;offensive targeting Asian;https://app.prolific.co/submissions/complete?cc=91442ADD
1178575580662521857_twitter;HateXplain;utrash trump god ur memes are so retarded these emojis;1- utrash, 2- trump, 3- god, 4- ur, 5- memes, 6- are, 7- so, 8- retarded, 9- these, 10- emojis;offensive targeting Disability;https://app.prolific.co/submissions/complete?cc=91442ADD
23463421_gab;HateXplain;nd only <percent> nigger but jewish culture should be taken into account here thanks jews;1- nd, 2- only, 3- <percent>, 4- nigger, 5- but, 6- jewish, 7- culture, 8- should, 9- be, 10- taken, 11- into, 12- account, 13- here, 14- thanks, 15- jews;hatespeech targeting African;https://app.prolific.co/submissions/complete?cc=91442ADD
1095011898762936320_twitter;HateXplain;<user> your plan you ain t gonna solve anything stupid negro so just go get a job love your master plan compared to mine;1- <user>, 2- your, 3- plan, 4- you, 5- ain, 6- t, 7- gonna, 8- solve, 9- anything, 10- stupid, 11- negro, 12- so, 13- just, 14- go, 15- get, 16- a, 17- job, 18- love, 19- your, 20- master, 21- plan, 22- compared, 23- to, 24- mine;offensive targeting African;https://app.prolific.co/submissions/complete?cc=91442ADD
12730363_gab;HateXplain;ghetto is something the individual allows to take root in them etiquette social skills and determination can propel you out of said ghetto individuals like dr carson and prince are exemplary examples welfare has reduced black population tools of the establishment;1- ghetto, 2- is, 3- something, 4- the, 5- individual, 6- allows, 7- to, 8- take, 9- root, 10- in, 11- them, 12- etiquette, 13- social, 14- skills, 15- and, 16- determination, 17- can, 18- propel, 19- you, 20- out, 21- of, 22- said, 23- ghetto, 24- individuals, 25- like, 26- dr, 27- carson, 28- and, 29- prince, 30- are, 31- exemplary, 32- examples, 33- welfare, 34- has, 35- reduced, 36- black, 37- population, 38- tools, 39- of, 40- the, 41- establishment;offensive targeting African;https://app.prolific.co/submissions/complete?cc=91442ADD
1205190699001536518_twitter;HateXplain;<user> i liked kill the jews with thumbs up better;1- <user>, 2- i, 3- liked, 4- kill, 5- the, 6- jews, 7- with, 8- thumbs, 9- up, 10- better;hatespeech targeting Jewish;https://app.prolific.co/submissions/complete?cc=91442ADD
13489643_gab;HateXplain;so holocaust denial is now a crime in germany and the jews at aipac are now pushing for american laws that make it illegal to boycott israel then i say it is open season on jews once again fuck their shapeshifting perfidious seditious tribal destructive ways jewishfilth;1- so, 2- holocaust, 3- denial, 4- is, 5- now, 6- a, 7- crime, 8- in, 9- germany, 10- and, 11- the, 12- jews, 13- at, 14- aipac, 15- are, 16- now, 17- pushing, 18- for, 19- american, 20- laws, 21- that, 22- make, 23- it, 24- illegal, 25- to, 26- boycott, 27- israel, 28- then, 29- i, 30- say, 31- it, 32- is, 33- open, 34- season, 35- on, 36- jews, 37- once, 38- again, 39- fuck, 40- their, 41- shapeshifting, 42- perfidious, 43- seditious, 44- tribal, 45- destructive, 46- ways, 47- jewishfilth;hatespeech targeting Jewish;https://app.prolific.co/submissions/complete?cc=91442ADD
1178853216844304384_twitter;HateXplain;these nasty crazy dumb lying white sluts have obviously fucked up my mother and sisters mind with their drugs and lies;1- these, 2- nasty, 3- crazy, 4- dumb, 5- lying, 6- white, 7- sluts, 8- have, 9- obviously, 10- fucked, 11- up, 12- my, 13- mother, 14- and, 15- sisters, 16- mind, 17- with, 18- their, 19- drugs, 20- and, 21- lies;offensive targeting Caucasian;https://app.prolific.co/submissions/complete?cc=91442ADD
16149560_gab;HateXplain;why do not white people go to college as much it def helps;1- why, 2- do, 3- not, 4- white, 5- people, 6- go, 7- to, 8- college, 9- as, 10- much, 11- it, 12- def, 13- helps;offensive targeting Caucasian;https://app.prolific.co/submissions/complete?cc=91442ADD
1116946053478125571_twitter;HateXplain;then hoes stole my choreo and still managed to make it look bad and lose with it lmfao;1- then, 2- hoes, 3- stole, 4- my, 5- choreo, 6- and, 7- still, 8- managed, 9- to, 10- make, 11- it, 12- look, 13- bad, 14- and, 15- lose, 16- with, 17- it, 18- lmfao;offensive targeting Women;https://app.prolific.co/submissions/complete?cc=91442ADD
14319689_gab;HateXplain;this whole world has went to shit with all this marxist bs twitter shadowbanned me last yr and i am off for the next day because i called michelle aka michael obama a ghetto bitch;1- this, 2- whole, 3- world, 4- has, 5- went, 6- to, 7- shit, 8- with, 9- all, 10- this, 11- marxist, 12- bs, 13- twitter, 14- shadowbanned, 15- me, 16- last, 17- yr, 18- and, 19- i, 20- am, 21- off, 22- for, 23- the, 24- next, 25- day, 26- because, 27- i, 28- called, 29- michelle, 30- aka, 31- michael, 32- obama, 33- a, 34- ghetto, 35- bitch;hatespeech targeting Women;https://app.prolific.co/submissions/complete?cc=91442ADD
1099288281106337792_twitter;HateXplain;<user> islamophobic you for real and how is islam a race you half wit;1- <user>, 2- islamophobic, 3- you, 4- for, 5- real, 6- and, 7- how, 8- is, 9- islam, 10- a, 11- race, 12- you, 13- half, 14- wit;offensive targeting Islam;https://app.prolific.co/submissions/complete?cc=91442ADD
13396700_gab;HateXplain;fuck muslimes and fuck islame go back to your own shithole country if you want sharia crap;1- fuck, 2- muslimes, 3- and, 4- fuck, 5- islame, 6- go, 7- back, 8- to, 9- your, 10- own, 11- shithole, 12- country, 13- if, 14- you, 15- want, 16- sharia, 17- crap;hatespeech targeting Islam;https://app.prolific.co/submissions/complete?cc=91442ADD
1198222005511675905_twitter;HateXplain;am not trying to be racist some of them mmg rude especially arabs mabuk tu takyah cerita la dah mabuk blh pulak drive 🤦 ‍ ♂ ️;1- am, 2- not, 3- trying, 4- to, 5- be, 6- racist, 7- some, 8- of, 9- them, 10- mmg, 11- rude, 12- especially, 13- arabs, 14- mabuk, 15- tu, 16- takyah, 17- cerita, 18- la, 19- dah, 20- mabuk, 21- blh, 22- pulak, 23- drive, 24- 🤦, 25- ♂;offensive targeting Arab;https://app.prolific.co/submissions/complete?cc=91442ADD
14308705_gab;HateXplain;hey goyims my name is abraham and i just talked to god and what did he say to you that the land of the arabs belongs to me;1- hey, 2- goyims, 3- my, 4- name, 5- is, 6- abraham, 7- and, 8- i, 9- just, 10- talked, 11- to, 12- god, 13- and, 14- what, 15- did, 16- he, 17- say, 18- to, 19- you, 20- that, 21- the, 22- land, 23- of, 24- the, 25- arabs, 26- belongs, 27- to, 28- me;offensive targeting Arab;https://app.prolific.co/submissions/complete?cc=91442ADD
1091863937673580545_twitter;HateXplain;right ngl lads lets censor the shit before stick up they ass bitches run rampant;1- right, 2- ngl, 3- lads, 4- lets, 5- censor, 6- the, 7- shit, 8- before, 9- stick, 10- up, 11- they, 12- ass, 13- bitches, 14- run, 15- rampant;offensive targeting Other;https://app.prolific.co/submissions/complete?cc=91442ADD
13990600_gab;HateXplain;people in my ghetto ass school used to wear shirts like these like xl sized;1- people, 2- in, 3- my, 4- ghetto, 5- ass, 6- school, 7- used, 8- to, 9- wear, 10- shirts, 11- like, 12- these, 13- like, 14- xl, 15- sized;offensive targeting Other;https://app.prolific.co/submissions/complete?cc=91442ADD
1079795475560218626_twitter;HateXplain;<user> <user> treat the immigrants as drug traffickers they will soon have a change of mind 👍;1- <user>, 2- <user>, 3- treat, 4- the, 5- immigrants, 6- as, 7- drug, 8- traffickers, 9- they, 10- will, 11- soon, 12- have, 13- a, 14- change, 15- of, 16- mind, 17- 👍;offensive targeting Refugee;https://app.prolific.co/submissions/complete?cc=91442ADD
15120652_gab;HateXplain;refugees today are cowards;1- refugees, 2- today, 3- are, 4- cowards;offensive targeting Refugee;https://app.prolific.co/submissions/complete?cc=91442ADD
attention_20;attention check sentences (HateXplain targeting);my country philippines is kickass so back off you damn spanard;1- my, 2- country, 3- philippines, 4- is, 5- kickass, 6- so, 7- back, 8- off, 9- you, 10- damn, 11- spanard;offensive;https://app.prolific.co/submissions/complete?cc=91442ADD