"ID";"dataset";"text";"tokens";"label";"redirectUrl"
"16292469_gab";"HateXplain";"it cause they thought you mean lynch as in lynching a bunch of niggers";"1- it, 2- cause, 3- they, 4- thought, 5- you, 6- mean, 7- lynch, 8- as, 9- in, 10- lynching, 11- a, 12- bunch, 13- of, 14- niggers";"hatespeech targeting African";"https://app.prolific.co/submissions/complete?cc=91442ADD"
"16319730_gab";"HateXplain";"the majority of christians are niggers and spics fail";"1- the, 2- majority, 3- of, 4- christians, 5- are, 6- niggers, 7- and, 8- spics, 9- fail";"hatespeech targeting African";"https://app.prolific.co/submissions/complete?cc=91442ADD"
"16378304_gab";"HateXplain";"i am white and i am supreme not a union worker self built and self sufficient now my turn are you a kike a nigger or a nigger kike also known as a shvartza kike let me know";"1- i, 2- am, 3- white, 4- and, 5- i, 6- am, 7- supreme, 8- not, 9- a, 10- union, 11- worker, 12- self, 13- built, 14- and, 15- self, 16- sufficient, 17- now, 18- my, 19- turn, 20- are, 21- you, 22- a, 23- kike, 24- a, 25- nigger, 26- or, 27- a, 28- nigger, 29- kike, 30- also, 31- known, 32- as, 33- a, 34- shvartza, 35- kike, 36- let, 37- me, 38- know";"hatespeech targeting African";"https://app.prolific.co/submissions/complete?cc=91442ADD"
"16393544_gab";"HateXplain";"i have never said this before <user> but i really do hope you get raped by a pack of niggers";"1- i, 2- have, 3- never, 4- said, 5- this, 6- before, 7- <user>, 8- but, 9- i, 10- really, 11- do, 12- hope, 13- you, 14- get, 15- raped, 16- by, 17- a, 18- pack, 19- of, 20- niggers";"hatespeech targeting African";"https://app.prolific.co/submissions/complete?cc=91442ADD"
"16413215_gab";"HateXplain";"of course they were not actually opposed to niggers either <number> scowled because they were supposed to when nazis said it but <number> rofled at the dead nigger storage scene in pulp fiction because nothing is real everything is artifice everything is fake";"1- of, 2- course, 3- they, 4- were, 5- not, 6- actually, 7- opposed, 8- to, 9- niggers, 10- either, 11- <number>, 12- scowled, 13- because, 14- they, 15- were, 16- supposed, 17- to, 18- when, 19- nazis, 20- said, 21- it, 22- but, 23- <number>, 24- rofled, 25- at, 26- the, 27- dead, 28- nigger, 29- storage, 30- scene, 31- in, 32- pulp, 33- fiction, 34- because, 35- nothing, 36- is, 37- real, 38- everything, 39- is, 40- artifice, 41- everything, 42- is, 43- fake";"offensive targeting African";"https://app.prolific.co/submissions/complete?cc=91442ADD"
"16432304_gab";"HateXplain";"will i get in trouble for saying nigger or towelhead here";"1- will, 2- i, 3- get, 4- in, 5- trouble, 6- for, 7- saying, 8- nigger, 9- or, 10- towelhead, 11- here";"hatespeech targeting African";"https://app.prolific.co/submissions/complete?cc=91442ADD"
"16456044_gab";"HateXplain";"letting ghetto dwellers work an election in alabama is akin to hiring a fox to count baby chicks did you really expect the final numbers to ad up judgeroymoore fail";"1- letting, 2- ghetto, 3- dwellers, 4- work, 5- an, 6- election, 7- in, 8- alabama, 9- is, 10- akin, 11- to, 12- hiring, 13- a, 14- fox, 15- to, 16- count, 17- baby, 18- chicks, 19- did, 20- you, 21- really, 22- expect, 23- the, 24- final, 25- numbers, 26- to, 27- ad, 28- up, 29- judgeroymoore, 30- fail";"offensive targeting African";"https://app.prolific.co/submissions/complete?cc=91442ADD"
"16473339_gab";"HateXplain";"raping and murdering niggers recieve their reward from the honorable men of the town <number>";"1- raping, 2- and, 3- murdering, 4- niggers, 5- recieve, 6- their, 7- reward, 8- from, 9- the, 10- honorable, 11- men, 12- of, 13- the, 14- town, 15- <number>";"hatespeech targeting African";"https://app.prolific.co/submissions/complete?cc=91442ADD"
"16502013_gab";"HateXplain";"real niggers would be way worse pit bulls are only prone to violence they do not steal all of your stuff and butt rape you like actual niggers do when it comes to pit bulls i just think they need some stricter regulations on their ownership";"1- real, 2- niggers, 3- would, 4- be, 5- way, 6- worse, 7- pit, 8- bulls, 9- are, 10- only, 11- prone, 12- to, 13- violence, 14- they, 15- do, 16- not, 17- steal, 18- all, 19- of, 20- your, 21- stuff, 22- and, 23- butt, 24- rape, 25- you, 26- like, 27- actual, 28- niggers, 29- do, 30- when, 31- it, 32- comes, 33- to, 34- pit, 35- bulls, 36- i, 37- just, 38- think, 39- they, 40- need, 41- some, 42- stricter, 43- regulations, 44- on, 45- their, 46- ownership";"hatespeech targeting African";"https://app.prolific.co/submissions/complete?cc=91442ADD"
"16508274_gab";"HateXplain";"seeing niglets playing niggerball in the middle of the street is just part and parcel of living in a multiracial society";"1- seeing, 2- niglets, 3- playing, 4- niggerball, 5- in, 6- the, 7- middle, 8- of, 9- the, 10- street, 11- is, 12- just, 13- part, 14- and, 15- parcel, 16- of, 17- living, 18- in, 19- a, 20- multiracial, 21- society";"hatespeech targeting African";"https://app.prolific.co/submissions/complete?cc=91442ADD"
"16537620_gab";"HateXplain";"sad but true in my state pitbull owners are usually in the ghetto or barrio i e black hispanic gangbangers or out in the boondocks trailer parks doped up white trash tweakers juggalos crim bikers pitbull ownership is highly correlated with having a felony record and or drug habit";"1- sad, 2- but, 3- true, 4- in, 5- my, 6- state, 7- pitbull, 8- owners, 9- are, 10- usually, 11- in, 12- the, 13- ghetto, 14- or, 15- barrio, 16- i, 17- e, 18- black, 19- hispanic, 20- gangbangers, 21- or, 22- out, 23- in, 24- the, 25- boondocks, 26- trailer, 27- parks, 28- doped, 29- up, 30- white, 31- trash, 32- tweakers, 33- juggalos, 34- crim, 35- bikers, 36- pitbull, 37- ownership, 38- is, 39- highly, 40- correlated, 41- with, 42- having, 43- a, 44- felony, 45- record, 46- and, 47- or, 48- drug, 49- habit";"offensive targeting African";"https://app.prolific.co/submissions/complete?cc=91442ADD"
"16577448_gab";"HateXplain";"at it root it is a muh dick and gibs me dat ideology no wonder it is so popular among blacks even though they have no idea how much the arabs hate them and still trade them into slavery";"1- at, 2- it, 3- root, 4- it, 5- is, 6- a, 7- muh, 8- dick, 9- and, 10- gibs, 11- me, 12- dat, 13- ideology, 14- no, 15- wonder, 16- it, 17- is, 18- so, 19- popular, 20- among, 21- blacks, 22- even, 23- though, 24- they, 25- have, 26- no, 27- idea, 28- how, 29- much, 30- the, 31- arabs, 32- hate, 33- them, 34- and, 35- still, 36- trade, 37- them, 38- into, 39- slavery";"offensive targeting African";"https://app.prolific.co/submissions/complete?cc=91442ADD"
"16622003_gab";"HateXplain";"problem is the jews have infinity niggers at their disposal theyve got niggers sand niggers and beaners enough to keep whites busy until you and i are dead";"1- problem, 2- is, 3- the, 4- jews, 5- have, 6- infinity, 7- niggers, 8- at, 9- their, 10- disposal, 11- theyve, 12- got, 13- niggers, 14- sand, 15- niggers, 16- and, 17- beaners, 18- enough, 19- to, 20- keep, 21- whites, 22- busy, 23- until, 24- you, 25- and, 26- i, 27- are, 28- dead";"hatespeech targeting African";"https://app.prolific.co/submissions/complete?cc=91442ADD"
"16622786_gab";"HateXplain";"why do u care how much somebody else taxes are it all winds up wasted on feeding niggers anyways 🙄";"1- why, 2- do, 3- u, 4- care, 5- how, 6- much, 7- somebody, 8- else, 9- taxes, 10- are, 11- it, 12- all, 13- winds, 14- up, 15- wasted, 16- on, 17- feeding, 18- niggers, 19- anyways, 20- 🙄";"hatespeech targeting African";"https://app.prolific.co/submissions/complete?cc=91442ADD"
"16625438_gab";"HateXplain";"interestingly i saw an article bemoaning the fact that the smarter a white person is the more likely he is to be racist so i am sure our average iq is higher than that of our race generally so we have a higher proportion of super smart as well";"1- interestingly, 2- i, 3- saw, 4- an, 5- article, 6- bemoaning, 7- the, 8- fact, 9- that, 10- the, 11- smarter, 12- a, 13- white, 14- person, 15- is, 16- the, 17- more, 18- likely, 19- he, 20- is, 21- to, 22- be, 23- racist, 24- so, 25- i, 26- am, 27- sure, 28- our, 29- average, 30- iq, 31- is, 32- higher, 33- than, 34- that, 35- of, 36- our, 37- race, 38- generally, 39- so, 40- we, 41- have, 42- a, 43- higher, 44- proportion, 45- of, 46- super, 47- smart, 48- as, 49- well";"offensive targeting African";"https://app.prolific.co/submissions/complete?cc=91442ADD"
"16640961_gab";"HateXplain";"the homosexual hiv problem is now the black people problem lack of morals in the black male result is that women who have sex with black men are <number> times more likely to get the hiv virus the cdc director hides the epidemic to keep from being racist";"1- the, 2- homosexual, 3- hiv, 4- problem, 5- is, 6- now, 7- the, 8- black, 9- people, 10- problem, 11- lack, 12- of, 13- morals, 14- in, 15- the, 16- black, 17- male, 18- result, 19- is, 20- that, 21- women, 22- who, 23- have, 24- sex, 25- with, 26- black, 27- men, 28- are, 29- <number>, 30- times, 31- more, 32- likely, 33- to, 34- get, 35- the, 36- hiv, 37- virus, 38- the, 39- cdc, 40- director, 41- hides, 42- the, 43- epidemic, 44- to, 45- keep, 46- from, 47- being, 48- racist";"hatespeech targeting African";"https://app.prolific.co/submissions/complete?cc=91442ADD"
"16654518_gab";"HateXplain";"what is wrong with slut talk and fas as negro talk that belongs on the plantation";"1- what, 2- is, 3- wrong, 4- with, 5- slut, 6- talk, 7- and, 8- fas, 9- as, 10- negro, 11- talk, 12- that, 13- belongs, 14- on, 15- the, 16- plantation";"hatespeech targeting African";"https://app.prolific.co/submissions/complete?cc=91442ADD"
"16668372_gab";"HateXplain";"if segregation is the reason that blacks are so poor and commit so much crime why are all the worst ghettos in the north 🤔";"1- if, 2- segregation, 3- is, 4- the, 5- reason, 6- that, 7- blacks, 8- are, 9- so, 10- poor, 11- and, 12- commit, 13- so, 14- much, 15- crime, 16- why, 17- are, 18- all, 19- the, 20- worst, 21- ghettos, 22- in, 23- the, 24- north, 25- 🤔";"offensive targeting African";"https://app.prolific.co/submissions/complete?cc=91442ADD"
"16700033_gab";"HateXplain";"choke on a thousand nigger cocks you piece of shit zionist kike whore";"1- choke, 2- on, 3- a, 4- thousand, 5- nigger, 6- cocks, 7- you, 8- piece, 9- of, 10- shit, 11- zionist, 12- kike, 13- whore";"hatespeech targeting African";"https://app.prolific.co/submissions/complete?cc=91442ADD"
"16791442_gab";"HateXplain";"niggers gonna nig";"1- niggers, 2- gonna, 3- nig";"hatespeech targeting African";"https://app.prolific.co/submissions/complete?cc=91442ADD"
"16802976_gab";"HateXplain";"doubt you are even white but if you marry a niggress nothing of value would be lost i mean you can not even form good arguments your black kids will probably be smarter than you too";"1- doubt, 2- you, 3- are, 4- even, 5- white, 6- but, 7- if, 8- you, 9- marry, 10- a, 11- niggress, 12- nothing, 13- of, 14- value, 15- would, 16- be, 17- lost, 18- i, 19- mean, 20- you, 21- can, 22- not, 23- even, 24- form, 25- good, 26- arguments, 27- your, 28- black, 29- kids, 30- will, 31- probably, 32- be, 33- smarter, 34- than, 35- you, 36- too";"hatespeech targeting African";"https://app.prolific.co/submissions/complete?cc=91442ADD"
"16823274_gab";"HateXplain";"nigger porch monkey tree fruit neggra niggress ol black joe";"1- nigger, 2- porch, 3- monkey, 4- tree, 5- fruit, 6- neggra, 7- niggress, 8- ol, 9- black, 10- joe";"hatespeech targeting African";"https://app.prolific.co/submissions/complete?cc=91442ADD"
"16829008_gab";"HateXplain";"i would love to shoot a nigger in the head while jabbing an ice pick into a kikes eyesocket";"1- i, 2- would, 3- love, 4- to, 5- shoot, 6- a, 7- nigger, 8- in, 9- the, 10- head, 11- while, 12- jabbing, 13- an, 14- ice, 15- pick, 16- into, 17- a, 18- kikes, 19- eyesocket";"hatespeech targeting African";"https://app.prolific.co/submissions/complete?cc=91442ADD"
"16830069_gab";"HateXplain";"men of color do not care to meet white parents they do not care what you think when they take your daughter to live in the ghetto or take her to a muslim colony you are white people and they hate your guts";"1- men, 2- of, 3- color, 4- do, 5- not, 6- care, 7- to, 8- meet, 9- white, 10- parents, 11- they, 12- do, 13- not, 14- care, 15- what, 16- you, 17- think, 18- when, 19- they, 20- take, 21- your, 22- daughter, 23- to, 24- live, 25- in, 26- the, 27- ghetto, 28- or, 29- take, 30- her, 31- to, 32- a, 33- muslim, 34- colony, 35- you, 36- are, 37- white, 38- people, 39- and, 40- they, 41- hate, 42- your, 43- guts";"offensive targeting African";"https://app.prolific.co/submissions/complete?cc=91442ADD"
"16831187_gab";"HateXplain";"the jew programming is not silent on the matter though is it according to them white people keep money and jobs out of the hands of blacks who are forced to become dindus and chimp out with retard level violence if only we gave them reparations they would be superintelligent space explorers";"1- the, 2- jew, 3- programming, 4- is, 5- not, 6- silent, 7- on, 8- the, 9- matter, 10- though, 11- is, 12- it, 13- according, 14- to, 15- them, 16- white, 17- people, 18- keep, 19- money, 20- and, 21- jobs, 22- out, 23- of, 24- the, 25- hands, 26- of, 27- blacks, 28- who, 29- are, 30- forced, 31- to, 32- become, 33- dindus, 34- and, 35- chimp, 36- out, 37- with, 38- retard, 39- level, 40- violence, 41- if, 42- only, 43- we, 44- gave, 45- them, 46- reparations, 47- they, 48- would, 49- be, 50- superintelligent, 51- space, 52- explorers";"offensive targeting African";"https://app.prolific.co/submissions/complete?cc=91442ADD"
"16865539_gab";"HateXplain";"for all you white people time to wake the fk up white people freed the blacks and gave them a future in the <number> the democrats stepped in with pres johnson and bought them back into slavery with welfare by destroying the family no father needed and urban ghettos were born";"1- for, 2- all, 3- you, 4- white, 5- people, 6- time, 7- to, 8- wake, 9- the, 10- fk, 11- up, 12- white, 13- people, 14- freed, 15- the, 16- blacks, 17- and, 18- gave, 19- them, 20- a, 21- future, 22- in, 23- the, 24- <number>, 25- the, 26- democrats, 27- stepped, 28- in, 29- with, 30- pres, 31- johnson, 32- and, 33- bought, 34- them, 35- back, 36- into, 37- slavery, 38- with, 39- welfare, 40- by, 41- destroying, 42- the, 43- family, 44- no, 45- father, 46- needed, 47- and, 48- urban, 49- ghettos, 50- were, 51- born";"offensive targeting African";"https://app.prolific.co/submissions/complete?cc=91442ADD"
"16875338_gab";"HateXplain";"pretty good <number> million citizens and most of us have guns i have my collectors licence and go shooting almost every weekend you know why having a license to get a gun is good because niggers can not get them hows that nigger problem going";"1- pretty, 2- good, 3- <number>, 4- million, 5- citizens, 6- and, 7- most, 8- of, 9- us, 10- have, 11- guns, 12- i, 13- have, 14- my, 15- collectors, 16- licence, 17- and, 18- go, 19- shooting, 20- almost, 21- every, 22- weekend, 23- you, 24- know, 25- why, 26- having, 27- a, 28- license, 29- to, 30- get, 31- a, 32- gun, 33- is, 34- good, 35- because, 36- niggers, 37- can, 38- not, 39- get, 40- them, 41- hows, 42- that, 43- nigger, 44- problem, 45- going";"hatespeech targeting African";"https://app.prolific.co/submissions/complete?cc=91442ADD"
"16881866_gab";"HateXplain";"my guess is he a boomer that believes america is some sorta proposition nation but seriously i doubt bill or tom would argue how blacks could be successful too but only if they were oppressed like the jew oh";"1- my, 2- guess, 3- is, 4- he, 5- a, 6- boomer, 7- that, 8- believes, 9- america, 10- is, 11- some, 12- sorta, 13- proposition, 14- nation, 15- but, 16- seriously, 17- i, 18- doubt, 19- bill, 20- or, 21- tom, 22- would, 23- argue, 24- how, 25- blacks, 26- could, 27- be, 28- successful, 29- too, 30- but, 31- only, 32- if, 33- they, 34- were, 35- oppressed, 36- like, 37- the, 38- jew, 39- oh";"offensive targeting African";"https://app.prolific.co/submissions/complete?cc=91442ADD"
"16887943_gab";"HateXplain";"in general black people are capable of civilized behavior you are right that ghetto culture is an expectation not an absolute it can be changed i am a race realist but also see whole truth in <number> black crime rates were much lower than today";"1- in, 2- general, 3- black, 4- people, 5- are, 6- capable, 7- of, 8- civilized, 9- behavior, 10- you, 11- are, 12- right, 13- that, 14- ghetto, 15- culture, 16- is, 17- an, 18- expectation, 19- not, 20- an, 21- absolute, 22- it, 23- can, 24- be, 25- changed, 26- i, 27- am, 28- a, 29- race, 30- realist, 31- but, 32- also, 33- see, 34- whole, 35- truth, 36- in, 37- <number>, 38- black, 39- crime, 40- rates, 41- were, 42- much, 43- lower, 44- than, 45- today";"offensive targeting African";"https://app.prolific.co/submissions/complete?cc=91442ADD"
"attention_51";"attention check sentences (HateXplain targeting)";"of course we call them crackers theyre tan on the outside yet white on the inside";"1- of, 2- course, 3- we, 4- call, 5- them, 6- crackers, 7- theyre, 8- tan, 9- on, 10- the, 11- outside, 12- yet, 13- white, 14- on, 15- the, 16- inside";"offensive";"https://app.prolific.co/submissions/complete?cc=91442ADD"