ID;dataset;text;tokens;label;redirectUrl
1238901859563298822_twitter;HateXplain;if u think im cute u gay cus my boyfriend bought my bundles lmao;1- if, 2- u, 3- think, 4- im, 5- cute, 6- u, 7- gay, 8- cus, 9- my, 10- boyfriend, 11- bought, 12- my, 13- bundles, 14- lmao;offensive targeting Homosexual;https://app.prolific.co/submissions/complete?cc=91442ADD
1239243007473455106_twitter;HateXplain;<user> he him lesbians are usually women who have internalized misogyny or trans men with internalized transphobia;1- <user>, 2- he, 3- him, 4- lesbians, 5- are, 6- usually, 7- women, 8- who, 9- have, 10- internalized, 11- misogyny, 12- or, 13- trans, 14- men, 15- with, 16- internalized, 17- transphobia;offensive targeting Homosexual;https://app.prolific.co/submissions/complete?cc=91442ADD
12414572_gab;HateXplain;would some canadian patriot please maroon this faggot on an ice floe before he totally destroys your country;1- would, 2- some, 3- canadian, 4- patriot, 5- please, 6- maroon, 7- this, 8- faggot, 9- on, 10- an, 11- ice, 12- floe, 13- before, 14- he, 15- totally, 16- destroys, 17- your, 18- country;offensive targeting Homosexual;https://app.prolific.co/submissions/complete?cc=91442ADD
1243011853867012097_twitter;HateXplain;i need a new gay hashtag i got cute pictures to post dammit;1- i, 2- need, 3- a, 4- new, 5- gay, 6- hashtag, 7- i, 8- got, 9- cute, 10- pictures, 11- to, 12- post, 13- dammit;offensive targeting Homosexual;https://app.prolific.co/submissions/complete?cc=91442ADD
12453277_gab;HateXplain;ds does not remove posts like weevs because weevs post is not illegal it removes jidf faggots telling people to kill cops n shit;1- ds, 2- does, 3- not, 4- remove, 5- posts, 6- like, 7- weevs, 8- because, 9- weevs, 10- post, 11- is, 12- not, 13- illegal, 14- it, 15- removes, 16- jidf, 17- faggots, 18- telling, 19- people, 20- to, 21- kill, 22- cops, 23- n, 24- shit;offensive targeting Homosexual;https://app.prolific.co/submissions/complete?cc=91442ADD
1245820712130162689_twitter;HateXplain;<user> <user> attacking me for my appearance doesn ’ t work when i got hoes in the inbox sending titties faggot;1- <user>, 2- <user>, 3- attacking, 4- me, 5- for, 6- my, 7- appearance, 8- doesn, 9- ’, 10- t, 11- work, 12- when, 13- i, 14- got, 15- hoes, 16- in, 17- the, 18- inbox, 19- sending, 20- titties, 21- faggot;offensive targeting Homosexual;https://app.prolific.co/submissions/complete?cc=91442ADD
1246127173171384320_twitter;HateXplain;gama3a aslun homosexuals should get murdered begad ya3ne yaaaa3 ezay keda uf bakarahom;1- gama3a, 2- aslun, 3- homosexuals, 4- should, 5- get, 6- murdered, 7- begad, 8- ya3ne, 9- yaaaa3, 10- ezay, 11- keda, 12- uf, 13- bakarahom;hatespeech targeting Homosexual;https://app.prolific.co/submissions/complete?cc=91442ADD
1251746189948616706_twitter;HateXplain;<user> nigga u gay 😭 😂;1- <user>, 2- nigga, 3- u, 4- gay, 5- 😭, 6- 😂;offensive targeting Homosexual;https://app.prolific.co/submissions/complete?cc=91442ADD
1252054366447636485_twitter;HateXplain;<user> but i have nobody to be gay for;1- <user>, 2- but, 3- i, 4- have, 5- nobody, 6- to, 7- be, 8- gay, 9- for;offensive targeting Homosexual;https://app.prolific.co/submissions/complete?cc=91442ADD
1253845170690326532_twitter;HateXplain;<user> spray water on me if gay;1- <user>, 2- spray, 3- water, 4- on, 5- me, 6- if, 7- gay;offensive targeting Homosexual;https://app.prolific.co/submissions/complete?cc=91442ADD
1255677976647274497_twitter;HateXplain;i refuse to become homosexual but sometimes i really fucking hate these african american hood rat nigger bitches 🐐 goat;1- i, 2- refuse, 3- to, 4- become, 5- homosexual, 6- but, 7- sometimes, 8- i, 9- really, 10- fucking, 11- hate, 12- these, 13- african, 14- american, 15- hood, 16- rat, 17- nigger, 18- bitches, 19- 🐐, 20- goat;hatespeech targeting Homosexual;https://app.prolific.co/submissions/complete?cc=91442ADD
1256299337644150785_twitter;HateXplain;<user> nope the gays do;1- <user>, 2- nope, 3- the, 4- gays, 5- do;offensive targeting Homosexual;https://app.prolific.co/submissions/complete?cc=91442ADD
1262402393108393984_twitter;HateXplain;i bet you just dislike sonicfox because he gay no i dislike him because he black;1- i, 2- bet, 3- you, 4- just, 5- dislike, 6- sonicfox, 7- because, 8- he, 9- gay, 10- no, 11- i, 12- dislike, 13- him, 14- because, 15- he, 16- black;offensive targeting Homosexual;https://app.prolific.co/submissions/complete?cc=91442ADD
1263316123019345925_twitter;HateXplain;<user> yo not gay its wit da bois;1- <user>, 2- yo, 3- not, 4- gay, 5- its, 6- wit, 7- da, 8- bois;offensive targeting Homosexual;https://app.prolific.co/submissions/complete?cc=91442ADD
1263335735580430336_twitter;HateXplain;ur mom gay;1- ur, 2- mom, 3- gay;offensive targeting Homosexual;https://app.prolific.co/submissions/complete?cc=91442ADD
1266125501376200705_twitter;HateXplain;<user> the person who runs the page is some yt gay kid r we even surprised 🗿;1- <user>, 2- the, 3- person, 4- who, 5- runs, 6- the, 7- page, 8- is, 9- some, 10- yt, 11- gay, 12- kid, 13- r, 14- we, 15- even, 16- surprised, 17- 🗿;offensive targeting Homosexual;https://app.prolific.co/submissions/complete?cc=91442ADD
12661692_gab;HateXplain;gope still does not get it worthless windbags despite getting multiple fuck yous from america you retarded think it no big deal fuck off mccockbreath ryan and all the other fags;1- gope, 2- still, 3- does, 4- not, 5- get, 6- it, 7- worthless, 8- windbags, 9- despite, 10- getting, 11- multiple, 12- fuck, 13- yous, 14- from, 15- america, 16- you, 17- retarded, 18- think, 19- it, 20- no, 21- big, 22- deal, 23- fuck, 24- off, 25- mccockbreath, 26- ryan, 27- and, 28- all, 29- the, 30- other, 31- fags;offensive targeting Homosexual;https://app.prolific.co/submissions/complete?cc=91442ADD
12666909_gab;HateXplain;damn he a homo too not surprising israel is full of queers;1- damn, 2- he, 3- a, 4- homo, 5- too, 6- not, 7- surprising, 8- israel, 9- is, 10- full, 11- of, 12- queers;offensive targeting Homosexual;https://app.prolific.co/submissions/complete?cc=91442ADD
12687141_gab;HateXplain;as i said <number> years ago all blm will convert to islam then the moslem faggot obama will supply them with the <number> billion hollow point rounds his dhs has hidden then the war starts;1- as, 2- i, 3- said, 4- <number>, 5- years, 6- ago, 7- all, 8- blm, 9- will, 10- convert, 11- to, 12- islam, 13- then, 14- the, 15- moslem, 16- faggot, 17- obama, 18- will, 19- supply, 20- them, 21- with, 22- the, 23- <number>, 24- billion, 25- hollow, 26- point, 27- rounds, 28- his, 29- dhs, 30- has, 31- hidden, 32- then, 33- the, 34- war, 35- starts;hatespeech targeting Homosexual;https://app.prolific.co/submissions/complete?cc=91442ADD
12711894_gab;HateXplain;jew faggot milo is king of the alt right great it not the alt right anymore;1- jew, 2- faggot, 3- milo, 4- is, 5- king, 6- of, 7- the, 8- alt, 9- right, 10- great, 11- it, 12- not, 13- the, 14- alt, 15- right, 16- anymore;hatespeech targeting Homosexual;https://app.prolific.co/submissions/complete?cc=91442ADD
1271316699170529286_twitter;HateXplain;<user> whatchu are <user> is a self hating homosexual who has to pay for your homosexual desires;1- <user>, 2- whatchu, 3- are, 4- <user>, 5- is, 6- a, 7- self, 8- hating, 9- homosexual, 10- who, 11- has, 12- to, 13- pay, 14- for, 15- your, 16- homosexual, 17- desires;offensive targeting Homosexual;https://app.prolific.co/submissions/complete?cc=91442ADD
1272737659190943744_twitter;HateXplain;u wanna be a gay sad faggot or u wanna be dope and sweet;1- u, 2- wanna, 3- be, 4- a, 5- gay, 6- sad, 7- faggot, 8- or, 9- u, 10- wanna, 11- be, 12- dope, 13- and, 14- sweet;offensive targeting Homosexual;https://app.prolific.co/submissions/complete?cc=91442ADD
1274548011960590337_twitter;HateXplain;<user> homo we go lesbians;1- <user>, 2- homo, 3- we, 4- go, 5- lesbians;offensive targeting Homosexual;https://app.prolific.co/submissions/complete?cc=91442ADD
1274751272093126656_twitter;HateXplain;<user> lmao lemme go find a stick so i can pay some faggots to fuck you like a faggot faggot;1- <user>, 2- lmao, 3- lemme, 4- go, 5- find, 6- a, 7- stick, 8- so, 9- i, 10- can, 11- pay, 12- some, 13- faggots, 14- to, 15- fuck, 16- you, 17- like, 18- a, 19- faggot, 20- faggot;hatespeech targeting Homosexual;https://app.prolific.co/submissions/complete?cc=91442ADD
1275798392694808576_twitter;HateXplain;<user> why would a stud suck a strap that ’ gay as hell lmao;1- <user>, 2- why, 3- would, 4- a, 5- stud, 6- suck, 7- a, 8- strap, 9- that, 10- ’, 11- gay, 12- as, 13- hell, 14- lmao;offensive targeting Homosexual;https://app.prolific.co/submissions/complete?cc=91442ADD
1275939432005111808_twitter;HateXplain;if you wanna listen to gay music for gay people listen to icp there is so much homoerotism in some of their songs;1- if, 2- you, 3- wanna, 4- listen, 5- to, 6- gay, 7- music, 8- for, 9- gay, 10- people, 11- listen, 12- to, 13- icp, 14- there, 15- is, 16- so, 17- much, 18- homoerotism, 19- in, 20- some, 21- of, 22- their, 23- songs;offensive targeting Homosexual;https://app.prolific.co/submissions/complete?cc=91442ADD
12830433_gab;HateXplain;there studies that show that homo relationships and interracial relationships have higher levels of domestic violence so i have got my fingers crossed that milo mandingo is going to be the nigger faggot version of oj simpson;1- there, 2- studies, 3- that, 4- show, 5- that, 6- homo, 7- relationships, 8- and, 9- interracial, 10- relationships, 11- have, 12- higher, 13- levels, 14- of, 15- domestic, 16- violence, 17- so, 18- i, 19- have, 20- got, 21- my, 22- fingers, 23- crossed, 24- that, 25- milo, 26- mandingo, 27- is, 28- going, 29- to, 30- be, 31- the, 32- nigger, 33- faggot, 34- version, 35- of, 36- oj, 37- simpson;hatespeech targeting Homosexual;https://app.prolific.co/submissions/complete?cc=91442ADD
12845333_gab;HateXplain;well they do line to brag about their involvement in gay rights and they practically own tv;1- well, 2- they, 3- do, 4- line, 5- to, 6- brag, 7- about, 8- their, 9- involvement, 10- in, 11- gay, 12- rights, 13- and, 14- they, 15- practically, 16- own, 17- tv;offensive targeting Homosexual;https://app.prolific.co/submissions/complete?cc=91442ADD
12848829_gab;HateXplain;you love people by telling them to truth and helping them avoid hell faggots need to hear that they should stop being faggots;1- you, 2- love, 3- people, 4- by, 5- telling, 6- them, 7- to, 8- truth, 9- and, 10- helping, 11- them, 12- avoid, 13- hell, 14- faggots, 15- need, 16- to, 17- hear, 18- that, 19- they, 20- should, 21- stop, 22- being, 23- faggots;hatespeech targeting Homosexual;https://app.prolific.co/submissions/complete?cc=91442ADD
attention_41;attention chack sentences (HateXplain targeting);dude look at that diaper head over there at the pump;1- dude, 2- look, 3- at, 4- that, 5- diaper, 6- head, 7- over, 8- there, 9- at, 10- the, 11- pump;offensive;https://app.prolific.co/submissions/complete?cc=91442ADD