"ID";"dataset";"text";"tokens";"label";"redirectUrl"
"25628690_gab";"HateXplain";"neo and hank please beware of these kike lovers mark them just as you would make the jew satans messenger in the flesh";"1- neo, 2- and, 3- hank, 4- please, 5- beware, 6- of, 7- these, 8- kike, 9- lovers, 10- mark, 11- them, 12- just, 13- as, 14- you, 15- would, 16- make, 17- the, 18- jew, 19- satans, 20- messenger, 21- in, 22- the, 23- flesh";"hatespeech targeting Jewish";"https://app.prolific.co/submissions/complete?cc=91442ADD"
"25905718_gab";"HateXplain";"defending muslims being in europe saying that islam isnt the greatest threat to the white race pick one kys for having the reading comprehension of a goat";"1- defending, 2- muslims, 3- being, 4- in, 5- europe, 6- saying, 7- that, 8- islam, 9- isnt, 10- the, 11- greatest, 12- threat, 13- to, 14- the, 15- white, 16- race, 17- pick, 18- one, 19- kys, 20- for, 21- having, 22- the, 23- reading, 24- comprehension, 25- of, 26- a, 27- goat";"offensive targeting Islam";"https://app.prolific.co/submissions/complete?cc=91442ADD"
"16018169_gab";"HateXplain";"i would just stab nigger one on one its fair fight now 😉 if he try something 🤗 🤗";"1- i, 2- would, 3- just, 4- stab, 5- nigger, 6- one, 7- on, 8- one, 9- its, 10- fair, 11- fight, 12- now, 13- 😉, 14- if, 15- he, 16- try, 17- something, 18- 🤗, 19- 🤗";"hatespeech targeting African";"https://app.prolific.co/submissions/complete?cc=91442ADD"
"11531871_gab";"HateXplain";"<user> we are not all in this tohether you fucking kike shill your people are going to get the gassing you habe been been beging for for the last <number> years you christ killing heeb you";"1- <user>, 2- we, 3- are, 4- not, 5- all, 6- in, 7- this, 8- tohether, 9- you, 10- fucking, 11- kike, 12- shill, 13- your, 14- people, 15- are, 16- going, 17- to, 18- get, 19- the, 20- gassing, 21- you, 22- habe, 23- been, 24- been, 25- beging, 26- for, 27- for, 28- the, 29- last, 30- <number>, 31- years, 32- you, 33- christ, 34- killing, 35- heeb, 36- you";"hatespeech targeting Jewish";"https://app.prolific.co/submissions/complete?cc=91442ADD"
"25945236_gab";"HateXplain";"there can be no world peace until the last muslim has been removed from the earth";"1- there, 2- can, 3- be, 4- no, 5- world, 6- peace, 7- until, 8- the, 9- last, 10- muslim, 11- has, 12- been, 13- removed, 14- from, 15- the, 16- earth";"hatespeech targeting Islam";"https://app.prolific.co/submissions/complete?cc=91442ADD"
"15924714_gab";"HateXplain";"ebonics williams a stupid leftoid niggerette on fox news should not be on fox news even though fox news is no longer fair and balanced nor conservative sheriff clarke a black man with a brain had to put up with niggerette bullshit";"1- ebonics, 2- williams, 3- a, 4- stupid, 5- leftoid, 6- niggerette, 7- on, 8- fox, 9- news, 10- should, 11- not, 12- be, 13- on, 14- fox, 15- news, 16- even, 17- though, 18- fox, 19- news, 20- is, 21- no, 22- longer, 23- fair, 24- and, 25- balanced, 26- nor, 27- conservative, 28- sheriff, 29- clarke, 30- a, 31- black, 32- man, 33- with, 34- a, 35- brain, 36- had, 37- to, 38- put, 39- up, 40- with, 41- niggerette, 42- bullshit";"hatespeech targeting African";"https://app.prolific.co/submissions/complete?cc=91442ADD"
"13484608_gab";"HateXplain";"stone i will never understand how u pick kikes out of a crowed on gab but your damn good at it <user> and that other hypnotized feminist are two kike trolls you called it bud";"1- stone, 2- i, 3- will, 4- never, 5- understand, 6- how, 7- u, 8- pick, 9- kikes, 10- out, 11- of, 12- a, 13- crowed, 14- on, 15- gab, 16- but, 17- your, 18- damn, 19- good, 20- at, 21- it, 22- <user>, 23- and, 24- that, 25- other, 26- hypnotized, 27- feminist, 28- are, 29- two, 30- kike, 31- trolls, 32- you, 33- called, 34- it, 35- bud";"hatespeech targeting Jewish";"https://app.prolific.co/submissions/complete?cc=91442ADD"
"25953044_gab";"HateXplain";"to stop islam is not the only goal we should have but we should also be creating advantages for those who do not try and control by violence and intimidation";"1- to, 2- stop, 3- islam, 4- is, 5- not, 6- the, 7- only, 8- goal, 9- we, 10- should, 11- have, 12- but, 13- we, 14- should, 15- also, 16- be, 17- creating, 18- advantages, 19- for, 20- those, 21- who, 22- do, 23- not, 24- try, 25- and, 26- control, 27- by, 28- violence, 29- and, 30- intimidation";"offensive targeting Islam";"https://app.prolific.co/submissions/complete?cc=91442ADD"
"23497268_gab";"HateXplain";"nigger nigger chicken dinner";"1- nigger, 2- nigger, 3- chicken, 4- dinner";"hatespeech targeting African";"https://app.prolific.co/submissions/complete?cc=91442ADD"
"12043182_gab";"HateXplain";"the founding fathers was white the constitution was written for white americans because america was founded by whites build by white for whites you need a history lesson dumb fuck usa is a white hoemland fuckoff kike puppet";"1- the, 2- founding, 3- fathers, 4- was, 5- white, 6- the, 7- constitution, 8- was, 9- written, 10- for, 11- white, 12- americans, 13- because, 14- america, 15- was, 16- founded, 17- by, 18- whites, 19- build, 20- by, 21- white, 22- for, 23- whites, 24- you, 25- need, 26- a, 27- history, 28- lesson, 29- dumb, 30- fuck, 31- usa, 32- is, 33- a, 34- white, 35- hoemland, 36- fuckoff, 37- kike, 38- puppet";"hatespeech targeting Jewish";"https://app.prolific.co/submissions/complete?cc=91442ADD"
"26137273_gab";"HateXplain";"ffs everthing is offensive to muslimes";"1- ffs, 2- everthing, 3- is, 4- offensive, 5- to, 6- muslimes";"offensive targeting Islam";"https://app.prolific.co/submissions/complete?cc=91442ADD"
"14419126_gab";"HateXplain";"country singers are all a bunch of cucks country music does not even sound like country anymore and a bunch of them seem like nigger lovers";"1- country, 2- singers, 3- are, 4- all, 5- a, 6- bunch, 7- of, 8- cucks, 9- country, 10- music, 11- does, 12- not, 13- even, 14- sound, 15- like, 16- country, 17- anymore, 18- and, 19- a, 20- bunch, 21- of, 22- them, 23- seem, 24- like, 25- nigger, 26- lovers";"hatespeech targeting African";"https://app.prolific.co/submissions/complete?cc=91442ADD"
"9294761_gab";"HateXplain";"i have learned so many things from listening to mr bond songs for example there a surprisingly large number of words that rhyme with kike";"1- i, 2- have, 3- learned, 4- so, 5- many, 6- things, 7- from, 8- listening, 9- to, 10- mr, 11- bond, 12- songs, 13- for, 14- example, 15- there, 16- a, 17- surprisingly, 18- large, 19- number, 20- of, 21- words, 22- that, 23- rhyme, 24- with, 25- kike";"hatespeech targeting Jewish";"https://app.prolific.co/submissions/complete?cc=91442ADD"
"26256291_gab";"HateXplain";"we must secure their rights not to be gang raped by muslime trash";"1- we, 2- must, 3- secure, 4- their, 5- rights, 6- not, 7- to, 8- be, 9- gang, 10- raped, 11- by, 12- muslime, 13- trash";"hatespeech targeting Islam";"https://app.prolific.co/submissions/complete?cc=91442ADD"
"13370491_gab";"HateXplain";"taserface ahahahahahahahahahahahaha almost as hilarious as having a nigger for president amirite";"1- taserface, 2- ahahahahahahahahahahahaha, 3- almost, 4- as, 5- hilarious, 6- as, 7- having, 8- a, 9- nigger, 10- for, 11- president, 12- amirite";"hatespeech targeting African";"https://app.prolific.co/submissions/complete?cc=91442ADD"
"19713958_gab";"HateXplain";"they must destroy the kike he is only a zionist jew puppet destroy israel send all kikes to madagascar asap alt right";"1- they, 2- must, 3- destroy, 4- the, 5- kike, 6- he, 7- is, 8- only, 9- a, 10- zionist, 11- jew, 12- puppet, 13- destroy, 14- israel, 15- send, 16- all, 17- kikes, 18- to, 19- madagascar, 20- asap, 21- alt, 22- right";"hatespeech targeting Jewish";"https://app.prolific.co/submissions/complete?cc=91442ADD"
"26335597_gab";"HateXplain";"tommyrobinson tommyarrested free tommy tommy is innocent its the f****ng <censored> muslim paedophiles that are guilty";"1- tommyrobinson, 2- tommyarrested, 3- free, 4- tommy, 5- tommy, 6- is, 7- innocent, 8- its, 9- the, 10- f****ng, 11- <censored>, 12- muslim, 13- paedophiles, 14- that, 15- are, 16- guilty";"hatespeech targeting Islam";"https://app.prolific.co/submissions/complete?cc=91442ADD"
"12326179_gab";"HateXplain";"you are a anti white non white basterdised cultural marxist psychopath no name brand we are white pedigree and dont need fups like yourself in the white race we dont want you there is no place for you in a white society please kill yourself and i am not your friend nigger";"1- you, 2- are, 3- a, 4- anti, 5- white, 6- non, 7- white, 8- basterdised, 9- cultural, 10- marxist, 11- psychopath, 12- no, 13- name, 14- brand, 15- we, 16- are, 17- white, 18- pedigree, 19- and, 20- dont, 21- need, 22- fups, 23- like, 24- yourself, 25- in, 26- the, 27- white, 28- race, 29- we, 30- dont, 31- want, 32- you, 33- there, 34- is, 35- no, 36- place, 37- for, 38- you, 39- in, 40- a, 41- white, 42- society, 43- please, 44- kill, 45- yourself, 46- and, 47- i, 48- am, 49- not, 50- your, 51- friend, 52- nigger";"hatespeech targeting African";"https://app.prolific.co/submissions/complete?cc=91442ADD"
"25621523_gab";"HateXplain";"buddhists shit on kike filth religions so do most of the world we will kill kikes christfags hajjis as easy as stepping on ants";"1- buddhists, 2- shit, 3- on, 4- kike, 5- filth, 6- religions, 7- so, 8- do, 9- most, 10- of, 11- the, 12- world, 13- we, 14- will, 15- kill, 16- kikes, 17- christfags, 18- hajjis, 19- as, 20- easy, 21- as, 22- stepping, 23- on, 24- ants";"hatespeech targeting Jewish";"https://app.prolific.co/submissions/complete?cc=91442ADD"
"26356641_gab";"HateXplain";"<number> contempt of court standing outside reporting on muslim rape gangs this is insane";"1- <number>, 2- contempt, 3- of, 4- court, 5- standing, 6- outside, 7- reporting, 8- on, 9- muslim, 10- rape, 11- gangs, 12- this, 13- is, 14- insane";"offensive targeting Islam";"https://app.prolific.co/submissions/complete?cc=91442ADD"
"23121135_gab";"HateXplain";"true story sitting in the steamroom at my gym with a nigger today we had a conversation or at least tried i asked the nigger what he usually thinks about he said mostly sex and getting high and sometimes food";"1- true, 2- story, 3- sitting, 4- in, 5- the, 6- steamroom, 7- at, 8- my, 9- gym, 10- with, 11- a, 12- nigger, 13- today, 14- we, 15- had, 16- a, 17- conversation, 18- or, 19- at, 20- least, 21- tried, 22- i, 23- asked, 24- the, 25- nigger, 26- what, 27- he, 28- usually, 29- thinks, 30- about, 31- he, 32- said, 33- mostly, 34- sex, 35- and, 36- getting, 37- high, 38- and, 39- sometimes, 40- food";"offensive targeting African";"https://app.prolific.co/submissions/complete?cc=91442ADD"
"20615024_gab";"HateXplain";"breaking news kike sheriff pursued into mountains by nra forces lamborgini with broward county police insignia found in forest culvert";"1- breaking, 2- news, 3- kike, 4- sheriff, 5- pursued, 6- into, 7- mountains, 8- by, 9- nra, 10- forces, 11- lamborgini, 12- with, 13- broward, 14- county, 15- police, 16- insignia, 17- found, 18- in, 19- forest, 20- culvert";"hatespeech targeting Jewish";"https://app.prolific.co/submissions/complete?cc=91442ADD"
"26393824_gab";"HateXplain";"so tommy robinson is in jail and the muslims in the uk are raping women and children this is our future if we allow muslims to take our freedoms away look at this graphic";"1- so, 2- tommy, 3- robinson, 4- is, 5- in, 6- jail, 7- and, 8- the, 9- muslims, 10- in, 11- the, 12- uk, 13- are, 14- raping, 15- women, 16- and, 17- children, 18- this, 19- is, 20- our, 21- future, 22- if, 23- we, 24- allow, 25- muslims, 26- to, 27- take, 28- our, 29- freedoms, 30- away, 31- look, 32- at, 33- this, 34- graphic";"offensive targeting Islam";"https://app.prolific.co/submissions/complete?cc=91442ADD"
"13455893_gab";"HateXplain";"new rule in all competitive shows baking dancing or other let paki or nigger token win in order to win public support and hide our true racist feeling for coloureds british broadcasting rules and regulations <number>";"1- new, 2- rule, 3- in, 4- all, 5- competitive, 6- shows, 7- baking, 8- dancing, 9- or, 10- other, 11- let, 12- paki, 13- or, 14- nigger, 15- token, 16- win, 17- in, 18- order, 19- to, 20- win, 21- public, 22- support, 23- and, 24- hide, 25- our, 26- true, 27- racist, 28- feeling, 29- for, 30- coloureds, 31- british, 32- broadcasting, 33- rules, 34- and, 35- regulations, 36- <number>";"hatespeech targeting African";"https://app.prolific.co/submissions/complete?cc=91442ADD"
"10950260_gab";"HateXplain";"trump is a kike in sheeps clothing";"1- trump, 2- is, 3- a, 4- kike, 5- in, 6- sheeps, 7- clothing";"hatespeech targeting Jewish";"https://app.prolific.co/submissions/complete?cc=91442ADD"
"26410751_gab";"HateXplain";"yep it been going on a while if only people would listen to people like tommy like us but they do not they like to feel good and not think about the up to a million underage girls raped over the decades";"1- yep, 2- it, 3- been, 4- going, 5- on, 6- a, 7- while, 8- if, 9- only, 10- people, 11- would, 12- listen, 13- to, 14- people, 15- like, 16- tommy, 17- like, 18- us, 19- but, 20- they, 21- do, 22- not, 23- they, 24- like, 25- to, 26- feel, 27- good, 28- and, 29- not, 30- think, 31- about, 32- the, 33- up, 34- to, 35- a, 36- million, 37- underage, 38- girls, 39- raped, 40- over, 41- the, 42- decades";"offensive targeting Islam";"https://app.prolific.co/submissions/complete?cc=91442ADD"
"8643913_gab";"HateXplain";"that number nearly doubled for black on white rape in <number> whilst the white on black rape stat never changed but the <user> coons nor juden presse lugen presse would report these facts";"1- that, 2- number, 3- nearly, 4- doubled, 5- for, 6- black, 7- on, 8- white, 9- rape, 10- in, 11- <number>, 12- whilst, 13- the, 14- white, 15- on, 16- black, 17- rape, 18- stat, 19- never, 20- changed, 21- but, 22- the, 23- <user>, 24- coons, 25- nor, 26- juden, 27- presse, 28- lugen, 29- presse, 30- would, 31- report, 32- these, 33- facts";"hatespeech targeting African";"https://app.prolific.co/submissions/complete?cc=91442ADD"
"12013273_gab";"HateXplain";"sounds like something that needs a team of shark kike lawyers to sniff out";"1- sounds, 2- like, 3- something, 4- that, 5- needs, 6- a, 7- team, 8- of, 9- shark, 10- kike, 11- lawyers, 12- to, 13- sniff, 14- out";"hatespeech targeting Jewish";"https://app.prolific.co/submissions/complete?cc=91442ADD"
"26443311_gab";"HateXplain";"i should post pics of muslim women sucking christian cock lol";"1- i, 2- should, 3- post, 4- pics, 5- of, 6- muslim, 7- women, 8- sucking, 9- christian, 10- cock, 11- lol";"offensive targeting Islam";"https://app.prolific.co/submissions/complete?cc=91442ADD"
"attention_45";"attention check sentences (HateXplain targeting)";"ok person from turgay";"1- ok, 2- person, 3- from, 4- turgay";"offensive";"https://app.prolific.co/submissions/complete?cc=91442ADD"