"ID";"dataset";"text";"tokens";"label";"redirectUrl"
"27435738_gab";"HateXplain";"he gave you a brillo pad that you all spend a fortune on to get rid of so you can look like white women";"1- he, 2- gave, 3- you, 4- a, 5- brillo, 6- pad, 7- that, 8- you, 9- all, 10- spend, 11- a, 12- fortune, 13- on, 14- to, 15- get, 16- rid, 17- of, 18- so, 19- you, 20- can, 21- look, 22- like, 23- white, 24- women";"offensive targeting Caucasian";"https://app.prolific.co/submissions/complete?cc=91442ADD"
"1171243558528942080_twitter";"HateXplain";"<user> this dumb bitch killed <number> rabbits in her failed raid this is who you guys praise you guys are the problem not the farmers";"1- <user>, 2- this, 3- dumb, 4- bitch, 5- killed, 6- <number>, 7- rabbits, 8- in, 9- her, 10- failed, 11- raid, 12- this, 13- is, 14- who, 15- you, 16- guys, 17- praise, 18- you, 19- guys, 20- are, 21- the, 22- problem, 23- not, 24- the, 25- farmers";"offensive targeting Women";"https://app.prolific.co/submissions/complete?cc=91442ADD"
"16068141_gab";"HateXplain";"lmaoo wow i rest my case cunt does not give a shit about violence or aborted fetuses just wanted to start beef with me and show people how retarded she is she knows fully well many healthy white babies get aborted simply as birth control you despicable vile demon";"1- lmaoo, 2- wow, 3- i, 4- rest, 5- my, 6- case, 7- cunt, 8- does, 9- not, 10- give, 11- a, 12- shit, 13- about, 14- violence, 15- or, 16- aborted, 17- fetuses, 18- just, 19- wanted, 20- to, 21- start, 22- beef, 23- with, 24- me, 25- and, 26- show, 27- people, 28- how, 29- retarded, 30- she, 31- is, 32- she, 33- knows, 34- fully, 35- well, 36- many, 37- healthy, 38- white, 39- babies, 40- get, 41- aborted, 42- simply, 43- as, 44- birth, 45- control, 46- you, 47- despicable, 48- vile, 49- demon";"offensive targeting Women";"https://app.prolific.co/submissions/complete?cc=91442ADD"
"1125719191066173441_twitter";"HateXplain";"<user> <user> war is hell wake up you muslim moron";"1- <user>, 2- <user>, 3- war, 4- is, 5- hell, 6- wake, 7- up, 8- you, 9- muslim, 10- moron";"offensive targeting Islam";"https://app.prolific.co/submissions/complete?cc=91442ADD"
"14791361_gab";"HateXplain";"that is defeatist thinking and would not work anyways the muslim state would just spread even further french should fight and kill all the muslims non whites while they still can deportation would be significantly harder and would cost way more white lives than killing non whites on sight";"1- that, 2- is, 3- defeatist, 4- thinking, 5- and, 6- would, 7- not, 8- work, 9- anyways, 10- the, 11- muslim, 12- state, 13- would, 14- just, 15- spread, 16- even, 17- further, 18- french, 19- should, 20- fight, 21- and, 22- kill, 23- all, 24- the, 25- muslims, 26- non, 27- whites, 28- while, 29- they, 30- still, 31- can, 32- deportation, 33- would, 34- be, 35- significantly, 36- harder, 37- and, 38- would, 39- cost, 40- way, 41- more, 42- white, 43- lives, 44- than, 45- killing, 46- non, 47- whites, 48- on, 49- sight";"hatespeech targeting Islam";"https://app.prolific.co/submissions/complete?cc=91442ADD"
"1118063663536070656_twitter";"HateXplain";"is it me or are bin men the most retarded people on earth";"1- is, 2- it, 3- me, 4- or, 5- are, 6- bin, 7- men, 8- the, 9- most, 10- retarded, 11- people, 12- on, 13- earth";"offensive targeting Other";"https://app.prolific.co/submissions/complete?cc=91442ADD"
"15865022_gab";"HateXplain";"the alt right is <number> <number> e celeb faggots and about <number> fanboys the rest of the movement is actually just people that are fed up with anything establishment we should be declaring ourselves the alt establishment but we are lazy and not centralized and varied thus unpredictable uncontrollable";"1- the, 2- alt, 3- right, 4- is, 5- <number>, 6- <number>, 7- e, 8- celeb, 9- faggots, 10- and, 11- about, 12- <number>, 13- fanboys, 14- the, 15- rest, 16- of, 17- the, 18- movement, 19- is, 20- actually, 21- just, 22- people, 23- that, 24- are, 25- fed, 26- up, 27- with, 28- anything, 29- establishment, 30- we, 31- should, 32- be, 33- declaring, 34- ourselves, 35- the, 36- alt, 37- establishment, 38- but, 39- we, 40- are, 41- lazy, 42- and, 43- not, 44- centralized, 45- and, 46- varied, 47- thus, 48- unpredictable, 49- uncontrollable";"offensive targeting Other";"https://app.prolific.co/submissions/complete?cc=91442ADD"
"1100483062150955009_twitter";"HateXplain";"<user> if you do not see the difference between illegal immigrants and babies you do not belong in government";"1- <user>, 2- if, 3- you, 4- do, 5- not, 6- see, 7- the, 8- difference, 9- between, 10- illegal, 11- immigrants, 12- and, 13- babies, 14- you, 15- do, 16- not, 17- belong, 18- in, 19- government";"offensive targeting Refugee";"https://app.prolific.co/submissions/complete?cc=91442ADD"
"17887382_gab";"HateXplain";"my wife comes from a shithole country she has been saying this for more than <number> years she says we have to move to a whiter city because the illegals and refugees are turning our city into a 3 rd world shithole";"1- my, 2- wife, 3- comes, 4- from, 5- a, 6- shithole, 7- country, 8- she, 9- has, 10- been, 11- saying, 12- this, 13- for, 14- more, 15- than, 16- <number>, 17- years, 18- she, 19- says, 20- we, 21- have, 22- to, 23- move, 24- to, 25- a, 26- whiter, 27- city, 28- because, 29- the, 30- illegals, 31- and, 32- refugees, 33- are, 34- turning, 35- our, 36- city, 37- into, 38- a, 39- 3, 40- rd, 41- world, 42- shithole";"offensive targeting Refugee";"https://app.prolific.co/submissions/complete?cc=91442ADD"
"1168657069639176192_twitter";"HateXplain";"<user> 😂 😂 i ’ m with the negros alabama state";"1- <user>, 2- 😂, 3- 😂, 4- i, 5- ’, 6- m, 7- with, 8- the, 9- negros, 10- alabama, 11- state";"offensive targeting African";"https://app.prolific.co/submissions/complete?cc=91442ADD"
"13298026_gab";"HateXplain";"the black race cultured by violence is tone deaf on rape which happens to blacks everyday";"1- the, 2- black, 3- race, 4- cultured, 5- by, 6- violence, 7- is, 8- tone, 9- deaf, 10- on, 11- rape, 12- which, 13- happens, 14- to, 15- blacks, 16- everyday";"hatespeech targeting African";"https://app.prolific.co/submissions/complete?cc=91442ADD"
"1178763041468403713_twitter";"HateXplain";"i hate you cringy ass white people";"1- i, 2- hate, 3- you, 4- cringy, 5- ass, 6- white, 7- people";"offensive targeting Caucasian";"https://app.prolific.co/submissions/complete?cc=91442ADD"
"27984542_gab";"HateXplain";"norwegians just as retarded as the rest of w europe importing murdering raping incestious pedophiles to a once beautiful country have caucasians no brain these days";"1- norwegians, 2- just, 3- as, 4- retarded, 5- as, 6- the, 7- rest, 8- of, 9- w, 10- europe, 11- importing, 12- murdering, 13- raping, 14- incestious, 15- pedophiles, 16- to, 17- a, 18- once, 19- beautiful, 20- country, 21- have, 22- caucasians, 23- no, 24- brain, 25- these, 26- days";"hatespeech targeting Caucasian";"https://app.prolific.co/submissions/complete?cc=91442ADD"
"1082830050314076162_twitter";"HateXplain";"niggas be acting like bitches over some bitches";"1- niggas, 2- be, 3- acting, 4- like, 5- bitches, 6- over, 7- some, 8- bitches";"offensive targeting Women";"https://app.prolific.co/submissions/complete?cc=91442ADD"
"16125285_gab";"HateXplain";"if i was her i would do my godly duty and accidentally knee that bitch in the jaw claiming reflex as an involuntary response to uninvited stimuli";"1- if, 2- i, 3- was, 4- her, 5- i, 6- would, 7- do, 8- my, 9- godly, 10- duty, 11- and, 12- accidentally, 13- knee, 14- that, 15- bitch, 16- in, 17- the, 18- jaw, 19- claiming, 20- reflex, 21- as, 22- an, 23- involuntary, 24- response, 25- to, 26- uninvited, 27- stimuli";"offensive targeting Women";"https://app.prolific.co/submissions/complete?cc=91442ADD"
"1125925458565111810_twitter";"HateXplain";"<user> how many of the top ten muslim countries population are on the terrorist ban";"1- <user>, 2- how, 3- many, 4- of, 5- the, 6- top, 7- ten, 8- muslim, 9- countries, 10- population, 11- are, 12- on, 13- the, 14- terrorist, 15- ban";"offensive targeting Islam";"https://app.prolific.co/submissions/complete?cc=91442ADD"
"1482573_gab";"HateXplain";"<user> well not really islam does not care for ridicule nor reason you beat islam like you would a pack of wolves just do not be a bitch and act tougher than they are problem solved oh and do not invade their hunting grounds if you can help it";"1- <user>, 2- well, 3- not, 4- really, 5- islam, 6- does, 7- not, 8- care, 9- for, 10- ridicule, 11- nor, 12- reason, 13- you, 14- beat, 15- islam, 16- like, 17- you, 18- would, 19- a, 20- pack, 21- of, 22- wolves, 23- just, 24- do, 25- not, 26- be, 27- a, 28- bitch, 29- and, 30- act, 31- tougher, 32- than, 33- they, 34- are, 35- problem, 36- solved, 37- oh, 38- and, 39- do, 40- not, 41- invade, 42- their, 43- hunting, 44- grounds, 45- if, 46- you, 47- can, 48- help, 49- it";"offensive targeting Islam";"https://app.prolific.co/submissions/complete?cc=91442ADD"
"1118168965736431621_twitter";"HateXplain";"just cause we no longer fuck w each other don ’ t mean i hate you but don ’ t try to be dry ass petty with me";"1- just, 2- cause, 3- we, 4- no, 5- longer, 6- fuck, 7- w, 8- each, 9- other, 10- don, 11- ’, 12- t, 13- mean, 14- i, 15- hate, 16- you, 17- but, 18- don, 19- ’, 20- t, 21- try, 22- to, 23- be, 24- dry, 25- ass, 26- petty, 27- with, 28- me";"offensive targeting Other";"https://app.prolific.co/submissions/complete?cc=91442ADD"
"15914684_gab";"HateXplain";"lemme get this straight the holocaust was a hoax because hitler who most famously known for hating jews was backed by jews you all have to be fucking retarded to believe this shit";"1- lemme, 2- get, 3- this, 4- straight, 5- the, 6- holocaust, 7- was, 8- a, 9- hoax, 10- because, 11- hitler, 12- who, 13- most, 14- famously, 15- known, 16- for, 17- hating, 18- jews, 19- was, 20- backed, 21- by, 22- jews, 23- you, 24- all, 25- have, 26- to, 27- be, 28- fucking, 29- retarded, 30- to, 31- believe, 32- this, 33- shit";"offensive targeting Other";"https://app.prolific.co/submissions/complete?cc=91442ADD"
"1103459843585789952_twitter";"HateXplain";"<user> immigrants welcome criminal illegal aliens should be deported and maybe we can save the <number> billion a year we waste on them";"1- <user>, 2- immigrants, 3- welcome, 4- criminal, 5- illegal, 6- aliens, 7- should, 8- be, 9- deported, 10- and, 11- maybe, 12- we, 13- can, 14- save, 15- the, 16- <number>, 17- billion, 18- a, 19- year, 20- we, 21- waste, 22- on, 23- them";"offensive targeting Refugee";"https://app.prolific.co/submissions/complete?cc=91442ADD"
"18069994_gab";"HateXplain";"fuck a bunch of amnesty every last one of these illegal immigrants need to be rounded up like a herd of cattle and sent back to whatever shithole of a country they came from";"1- fuck, 2- a, 3- bunch, 4- of, 5- amnesty, 6- every, 7- last, 8- one, 9- of, 10- these, 11- illegal, 12- immigrants, 13- need, 14- to, 15- be, 16- rounded, 17- up, 18- like, 19- a, 20- herd, 21- of, 22- cattle, 23- and, 24- sent, 25- back, 26- to, 27- whatever, 28- shithole, 29- of, 30- a, 31- country, 32- they, 33- came, 34- from";"hatespeech targeting Refugee";"https://app.prolific.co/submissions/complete?cc=91442ADD"
"1169443635869487105_twitter";"HateXplain";"<user> lol not me i don ’ t deal with bms not outside children ’ ss i leave that ghetto mess for everybody else 😂 😂 😂";"1- <user>, 2- lol, 3- not, 4- me, 5- i, 6- don, 7- ’, 8- t, 9- deal, 10- with, 11- bms, 12- not, 13- outside, 14- children, 15- ’, 16- ss, 17- i, 18- leave, 19- that, 20- ghetto, 21- mess, 22- for, 23- everybody, 24- else, 25- 😂, 26- 😂, 27- 😂";"offensive targeting African";"https://app.prolific.co/submissions/complete?cc=91442ADD"
"13328036_gab";"HateXplain";"danish pm giving us the gift of infinity niggers and arabs";"1- danish, 2- pm, 3- giving, 4- us, 5- the, 6- gift, 7- of, 8- infinity, 9- niggers, 10- and, 11- arabs";"hatespeech targeting African";"https://app.prolific.co/submissions/complete?cc=91442ADD"
"1179100409836781570_twitter";"HateXplain";"<user> <user> no he is a gun stock piling redneck my family is weird";"1- <user>, 2- <user>, 3- no, 4- he, 5- is, 6- a, 7- gun, 8- stock, 9- piling, 10- redneck, 11- my, 12- family, 13- is, 14- weird";"offensive targeting Caucasian";"https://app.prolific.co/submissions/complete?cc=91442ADD"
"3412998_gab";"HateXplain";"<user> whitegenocide means much more than eliminating people of white skin pigment it also means the destruction of the culture of freedom moral clarity what there is of it and human progress only whites in principle advance those ideas";"1- <user>, 2- whitegenocide, 3- means, 4- much, 5- more, 6- than, 7- eliminating, 8- people, 9- of, 10- white, 11- skin, 12- pigment, 13- it, 14- also, 15- means, 16- the, 17- destruction, 18- of, 19- the, 20- culture, 21- of, 22- freedom, 23- moral, 24- clarity, 25- what, 26- there, 27- is, 28- of, 29- it, 30- and, 31- human, 32- progress, 33- only, 34- whites, 35- in, 36- principle, 37- advance, 38- those, 39- ideas";"offensive targeting Caucasian";"https://app.prolific.co/submissions/complete?cc=91442ADD"
"1179073593508077568_twitter";"HateXplain";"<user> she is a dumb bitch who the fuck blows cigarette smoke in their child face or holds them like a damn toy i fucking hate mothers who do not do right by their kids";"1- <user>, 2- she, 3- is, 4- a, 5- dumb, 6- bitch, 7- who, 8- the, 9- fuck, 10- blows, 11- cigarette, 12- smoke, 13- in, 14- their, 15- child, 16- face, 17- or, 18- holds, 19- them, 20- like, 21- a, 22- damn, 23- toy, 24- i, 25- fucking, 26- hate, 27- mothers, 28- who, 29- do, 30- not, 31- do, 32- right, 33- by, 34- their, 35- kids";"hatespeech targeting Women";"https://app.prolific.co/submissions/complete?cc=91442ADD"
"16166955_gab";"HateXplain";"wow you are so alpha abusing women on the internet parroting anglin troll articles you just dgaf what these bitches <number> something married women opposing feminism on youtube say so so alpha now go finish your homework before your mom gets angry";"1- wow, 2- you, 3- are, 4- so, 5- alpha, 6- abusing, 7- women, 8- on, 9- the, 10- internet, 11- parroting, 12- anglin, 13- troll, 14- articles, 15- you, 16- just, 17- dgaf, 18- what, 19- these, 20- bitches, 21- <number>, 22- something, 23- married, 24- women, 25- opposing, 26- feminism, 27- on, 28- youtube, 29- say, 30- so, 31- so, 32- alpha, 33- now, 34- go, 35- finish, 36- your, 37- homework, 38- before, 39- your, 40- mom, 41- gets, 42- angry";"offensive targeting Women";"https://app.prolific.co/submissions/complete?cc=91442ADD"
"1126072045283024896_twitter";"HateXplain";"<user> you will be killed one day by our muslims inshaallah";"1- <user>, 2- you, 3- will, 4- be, 5- killed, 6- one, 7- day, 8- by, 9- our, 10- muslims, 11- inshaallah";"hatespeech targeting Islam";"https://app.prolific.co/submissions/complete?cc=91442ADD"
"14849769_gab";"HateXplain";"i live with muslimes lovers";"1- i, 2- live, 3- with, 4- muslimes, 5- lovers";"hatespeech targeting Islam";"https://app.prolific.co/submissions/complete?cc=91442ADD"
"attention_12";"attention check sentences (HateXplain targeting)";"shut up stupid refugee";"1- shut, 2- up, 3- stupid, 4- refugee";"offensive";"https://app.prolific.co/submissions/complete?cc=91442ADD"