"ID";"dataset";"text";"tokens";"label";"redirectUrl"
"7025450_gab";"HateXplain";"i am starting to think trump is our hitler and if you actually know what i mean when i say that you are smart if you think im saying he literally hitler you are retarded and cant make out what i am saying";"1- i, 2- am, 3- starting, 4- to, 5- think, 6- trump, 7- is, 8- our, 9- hitler, 10- and, 11- if, 12- you, 13- actually, 14- know, 15- what, 16- i, 17- mean, 18- when, 19- i, 20- say, 21- that, 22- you, 23- are, 24- smart, 25- if, 26- you, 27- think, 28- im, 29- saying, 30- he, 31- literally, 32- hitler, 33- you, 34- are, 35- retarded, 36- and, 37- cant, 38- make, 39- out, 40- what, 41- i, 42- am, 43- saying";"offensive targeting Other";"https://app.prolific.co/submissions/complete?cc=91442ADD"
"11133060_gab";"HateXplain";"lol seriously you think an employed person can say nigger lol i meant white person btw get real go ask all the nigger guys on south park";"1- lol, 2- seriously, 3- you, 4- think, 5- an, 6- employed, 7- person, 8- can, 9- say, 10- nigger, 11- lol, 12- i, 13- meant, 14- white, 15- person, 16- btw, 17- get, 18- real, 19- go, 20- ask, 21- all, 22- the, 23- nigger, 24- guys, 25- on, 26- south, 27- park";"hatespeech targeting African";"https://app.prolific.co/submissions/complete?cc=91442ADD"
"21214738_gab";"HateXplain";"i probably ended up another kike list somewhere lolz yeah no doubt plus jews like to keep tabs on us nazis idk why it not as though we are coming for them to put them in the ovens yet";"1- i, 2- probably, 3- ended, 4- up, 5- another, 6- kike, 7- list, 8- somewhere, 9- lolz, 10- yeah, 11- no, 12- doubt, 13- plus, 14- jews, 15- like, 16- to, 17- keep, 18- tabs, 19- on, 20- us, 21- nazis, 22- idk, 23- why, 24- it, 25- not, 26- as, 27- though, 28- we, 29- are, 30- coming, 31- for, 32- them, 33- to, 34- put, 35- them, 36- in, 37- the, 38- ovens, 39- yet";"hatespeech targeting Jewish";"https://app.prolific.co/submissions/complete?cc=91442ADD"
"10912897_gab";"HateXplain";"why is there a muzzie on project runway of course she forces her model into a hijab";"1- why, 2- is, 3- there, 4- a, 5- muzzie, 6- on, 7- project, 8- runway, 9- of, 10- course, 11- she, 12- forces, 13- her, 14- model, 15- into, 16- a, 17- hijab";"hatespeech targeting Islam";"https://app.prolific.co/submissions/complete?cc=91442ADD"
"19986210_gab";"HateXplain";"the christ cuck sand nigger messiah cries out in pain as he shoots himself in the foot with his sand nigger religion lmao";"1- the, 2- christ, 3- cuck, 4- sand, 5- nigger, 6- messiah, 7- cries, 8- out, 9- in, 10- pain, 11- as, 12- he, 13- shoots, 14- himself, 15- in, 16- the, 17- foot, 18- with, 19- his, 20- sand, 21- nigger, 22- religion, 23- lmao";"hatespeech targeting Arab";"https://app.prolific.co/submissions/complete?cc=91442ADD"
"7384217_gab";"HateXplain";"the modern libtard political speech they do not agree with is considered violence but actual political violence they do agree with is considered speech";"1- the, 2- modern, 3- libtard, 4- political, 5- speech, 6- they, 7- do, 8- not, 9- agree, 10- with, 11- is, 12- considered, 13- violence, 14- but, 15- actual, 16- political, 17- violence, 18- they, 19- do, 20- agree, 21- with, 22- is, 23- considered, 24- speech";"offensive targeting Other";"https://app.prolific.co/submissions/complete?cc=91442ADD"
"16900165_gab";"HateXplain";"as a white male i am not allowed to call a nigger a nigger even though a nigger is allowed to act like a nigger and call me anything he she it wants to what stupid coward pc assholes whites have become";"1- as, 2- a, 3- white, 4- male, 5- i, 6- am, 7- not, 8- allowed, 9- to, 10- call, 11- a, 12- nigger, 13- a, 14- nigger, 15- even, 16- though, 17- a, 18- nigger, 19- is, 20- allowed, 21- to, 22- act, 23- like, 24- a, 25- nigger, 26- and, 27- call, 28- me, 29- anything, 30- he, 31- she, 32- it, 33- wants, 34- to, 35- what, 36- stupid, 37- coward, 38- pc, 39- assholes, 40- whites, 41- have, 42- become";"hatespeech targeting African";"https://app.prolific.co/submissions/complete?cc=91442ADD"
"13375491_gab";"HateXplain";"aryan goddess taylor anti kike forcefield";"1- aryan, 2- goddess, 3- taylor, 4- anti, 5- kike, 6- forcefield";"hatespeech targeting Jewish";"https://app.prolific.co/submissions/complete?cc=91442ADD"
"25043036_gab";"HateXplain";"the white helmets are a bunch of muzzie terrorist";"1- the, 2- white, 3- helmets, 4- are, 5- a, 6- bunch, 7- of, 8- muzzie, 9- terrorist";"hatespeech targeting Islam";"https://app.prolific.co/submissions/complete?cc=91442ADD"
"20027761_gab";"HateXplain";"viva la resistance deport all sand niggers from france and beyond";"1- viva, 2- la, 3- resistance, 4- deport, 5- all, 6- sand, 7- niggers, 8- from, 9- france, 10- and, 11- beyond";"hatespeech targeting Arab";"https://app.prolific.co/submissions/complete?cc=91442ADD"
"7454691_gab";"HateXplain";"tomi lahren is a retarded cunt";"1- tomi, 2- lahren, 3- is, 4- a, 5- retarded, 6- cunt";"hatespeech targeting Other";"https://app.prolific.co/submissions/complete?cc=91442ADD"
"8089543_gab";"HateXplain";"they would be cracking nigger skulls and navy skulls";"1- they, 2- would, 3- be, 4- cracking, 5- nigger, 6- skulls, 7- and, 8- navy, 9- skulls";"hatespeech targeting African";"https://app.prolific.co/submissions/complete?cc=91442ADD"
"20049808_gab";"HateXplain";"lets not as far as im concerned youre a kike working in tel aviv using kike circular non argument tactics to make the far right look silly as an effort to make sure no one effectively opposes white genocide";"1- lets, 2- not, 3- as, 4- far, 5- as, 6- im, 7- concerned, 8- youre, 9- a, 10- kike, 11- working, 12- in, 13- tel, 14- aviv, 15- using, 16- kike, 17- circular, 18- non, 19- argument, 20- tactics, 21- to, 22- make, 23- the, 24- far, 25- right, 26- look, 27- silly, 28- as, 29- an, 30- effort, 31- to, 32- make, 33- sure, 34- no, 35- one, 36- effectively, 37- opposes, 38- white, 39- genocide";"hatespeech targeting Jewish";"https://app.prolific.co/submissions/complete?cc=91442ADD"
"15381075_gab";"HateXplain";"labour mp sadiq khan are always the first to have a go at president trump are always the last one to condemn moslem terrorist attack carried out by devout moslem";"1- labour, 2- mp, 3- sadiq, 4- khan, 5- are, 6- always, 7- the, 8- first, 9- to, 10- have, 11- a, 12- go, 13- at, 14- president, 15- trump, 16- are, 17- always, 18- the, 19- last, 20- one, 21- to, 22- condemn, 23- moslem, 24- terrorist, 25- attack, 26- carried, 27- out, 28- by, 29- devout, 30- moslem";"offensive targeting Islam";"https://app.prolific.co/submissions/complete?cc=91442ADD"
"2004278_gab";"HateXplain";"<user> man that sucks well at least it too cold for spearchunkers there what about the sand swoogys aka arabs";"1- <user>, 2- man, 3- that, 4- sucks, 5- well, 6- at, 7- least, 8- it, 9- too, 10- cold, 11- for, 12- spearchunkers, 13- there, 14- what, 15- about, 16- the, 17- sand, 18- swoogys, 19- aka, 20- arabs";"hatespeech targeting Arab";"https://app.prolific.co/submissions/complete?cc=91442ADD"
"8131624_gab";"HateXplain";"again it only white libtards who care about this whiteprivilege nonsense the rest of the world does not give a f*ck <censored>";"1- again, 2- it, 3- only, 4- white, 5- libtards, 6- who, 7- care, 8- about, 9- this, 10- whiteprivilege, 11- nonsense, 12- the, 13- rest, 14- of, 15- the, 16- world, 17- does, 18- not, 19- give, 20- a, 21- f*ck, 22- <censored>";"offensive targeting Other";"https://app.prolific.co/submissions/complete?cc=91442ADD"
"3525836_gab";"HateXplain";"watching <number> minutes and the lawlessness of nigger hood rats the chicago police dept have given up result <percent> increase in homicides";"1- watching, 2- <number>, 3- minutes, 4- and, 5- the, 6- lawlessness, 7- of, 8- nigger, 9- hood, 10- rats, 11- the, 12- chicago, 13- police, 14- dept, 15- have, 16- given, 17- up, 18- result, 19- <percent>, 20- increase, 21- in, 22- homicides";"hatespeech targeting African";"https://app.prolific.co/submissions/complete?cc=91442ADD"
"19513796_gab";"HateXplain";"other than ted bundy i have never heard of a violent criminal voting republican republicans should be doing everything in their power to keep felons from voting and if kike judges make that impossible keeping felons in prison imo republicans advocating for muh prison reform is political suicide";"1- other, 2- than, 3- ted, 4- bundy, 5- i, 6- have, 7- never, 8- heard, 9- of, 10- a, 11- violent, 12- criminal, 13- voting, 14- republican, 15- republicans, 16- should, 17- be, 18- doing, 19- everything, 20- in, 21- their, 22- power, 23- to, 24- keep, 25- felons, 26- from, 27- voting, 28- and, 29- if, 30- kike, 31- judges, 32- make, 33- that, 34- impossible, 35- keeping, 36- felons, 37- in, 38- prison, 39- imo, 40- republicans, 41- advocating, 42- for, 43- muh, 44- prison, 45- reform, 46- is, 47- political, 48- suicide";"hatespeech targeting Jewish";"https://app.prolific.co/submissions/complete?cc=91442ADD"
"27704094_gab";"HateXplain";"hey ladies have you been fitted for your berka sill think your mussie neighbors are nice";"1- hey, 2- ladies, 3- have, 4- you, 5- been, 6- fitted, 7- for, 8- your, 9- berka, 10- sill, 11- think, 12- your, 13- mussie, 14- neighbors, 15- are, 16- nice";"hatespeech targeting Islam";"https://app.prolific.co/submissions/complete?cc=91442ADD"
"20185913_gab";"HateXplain";"and the pitifultruth is that when german women got to good to have german families the damned ragheads come in and rape them";"1- and, 2- the, 3- pitifultruth, 4- is, 5- that, 6- when, 7- german, 8- women, 9- got, 10- to, 11- good, 12- to, 13- have, 14- german, 15- families, 16- the, 17- damned, 18- ragheads, 19- come, 20- in, 21- and, 22- rape, 23- them";"hatespeech targeting Arab";"https://app.prolific.co/submissions/complete?cc=91442ADD"
"8524204_gab";"HateXplain";"great way to get rid of a retarded child";"1- great, 2- way, 3- to, 4- get, 5- rid, 6- of, 7- a, 8- retarded, 9- child";"offensive targeting Other";"https://app.prolific.co/submissions/complete?cc=91442ADD"
"27822098_gab";"HateXplain";"sad story to be sure on a side note some guys should not ever wear tank tops how does any take that spaghetti armed guy serious dress like a white man that nigger shit unless you are in the gym";"1- sad, 2- story, 3- to, 4- be, 5- sure, 6- on, 7- a, 8- side, 9- note, 10- some, 11- guys, 12- should, 13- not, 14- ever, 15- wear, 16- tank, 17- tops, 18- how, 19- does, 20- any, 21- take, 22- that, 23- spaghetti, 24- armed, 25- guy, 26- serious, 27- dress, 28- like, 29- a, 30- white, 31- man, 32- that, 33- nigger, 34- shit, 35- unless, 36- you, 37- are, 38- in, 39- the, 40- gym";"hatespeech targeting African";"https://app.prolific.co/submissions/complete?cc=91442ADD"
"15824604_gab";"HateXplain";"did not you have to leave for work hours ago you shit tier kike lol tell your hooknosed bosses to send someone better before your shift ends";"1- did, 2- not, 3- you, 4- have, 5- to, 6- leave, 7- for, 8- work, 9- hours, 10- ago, 11- you, 12- shit, 13- tier, 14- kike, 15- lol, 16- tell, 17- your, 18- hooknosed, 19- bosses, 20- to, 21- send, 22- someone, 23- better, 24- before, 25- your, 26- shift, 27- ends";"hatespeech targeting Jewish";"https://app.prolific.co/submissions/complete?cc=91442ADD"
"20606833_gab";"HateXplain";"the police were still are more concerned about policing the internet for hate speech from people like us if they arrested all moslem potential terrorists in the uk that they know of they would worry that we have been proved right that moslems do not belong here";"1- the, 2- police, 3- were, 4- still, 5- are, 6- more, 7- concerned, 8- about, 9- policing, 10- the, 11- internet, 12- for, 13- hate, 14- speech, 15- from, 16- people, 17- like, 18- us, 19- if, 20- they, 21- arrested, 22- all, 23- moslem, 24- potential, 25- terrorists, 26- in, 27- the, 28- uk, 29- that, 30- they, 31- know, 32- of, 33- they, 34- would, 35- worry, 36- that, 37- we, 38- have, 39- been, 40- proved, 41- right, 42- that, 43- moslems, 44- do, 45- not, 46- belong, 47- here";"hatespeech targeting Islam";"https://app.prolific.co/submissions/complete?cc=91442ADD"
"20209541_gab";"HateXplain";"proof sand niggers have modernized look at this nice selfie";"1- proof, 2- sand, 3- niggers, 4- have, 5- modernized, 6- look, 7- at, 8- this, 9- nice, 10- selfie";"hatespeech targeting Arab";"https://app.prolific.co/submissions/complete?cc=91442ADD"
"8527409_gab";"HateXplain";"jfc no one and i mean no one is as retarded as you jizzwizard ded";"1- jfc, 2- no, 3- one, 4- and, 5- i, 6- mean, 7- no, 8- one, 9- is, 10- as, 11- retarded, 12- as, 13- you, 14- jizzwizard, 15- ded";"offensive targeting Other";"https://app.prolific.co/submissions/complete?cc=91442ADD"
"25691008_gab";"HateXplain";"had like <number> followers when gab was cool now its like what the fuck am i doin here nigger";"1- had, 2- like, 3- <number>, 4- followers, 5- when, 6- gab, 7- was, 8- cool, 9- now, 10- its, 11- like, 12- what, 13- the, 14- fuck, 15- am, 16- i, 17- doin, 18- here, 19- nigger";"offensive targeting African";"https://app.prolific.co/submissions/complete?cc=91442ADD"
"25138131_gab";"HateXplain";"you do not need to shut up i like when you talk exposes you as the kike loving shill that you are";"1- you, 2- do, 3- not, 4- need, 5- to, 6- shut, 7- up, 8- i, 9- like, 10- when, 11- you, 12- talk, 13- exposes, 14- you, 15- as, 16- the, 17- kike, 18- loving, 19- shill, 20- that, 21- you, 22- are";"hatespeech targeting Jewish";"https://app.prolific.co/submissions/complete?cc=91442ADD"
"9511617_gab";"HateXplain";"fearless leader trump supporters agree on many things the main one is mussie ohell and crooked ohellary suck lockthemup";"1- fearless, 2- leader, 3- trump, 4- supporters, 5- agree, 6- on, 7- many, 8- things, 9- the, 10- main, 11- one, 12- is, 13- mussie, 14- ohell, 15- and, 16- crooked, 17- ohellary, 18- suck, 19- lockthemup";"hatespeech targeting Islam";"https://app.prolific.co/submissions/complete?cc=91442ADD"
"attention_7";"attention check sentences (HateXplain targeting)";"that person drives like a ukrainian i hate those people";"1- that, 2- person, 3- drives, 4- like, 5- a, 6- ukrainian, 7- i, 8- hate, 9- those, 10- people";"offensive";"https://app.prolific.co/submissions/complete?cc=91442ADD"