"ID";"dataset";"text";"tokens";"label";"redirectUrl"
"20710352_gab";"HateXplain";"nigger looks like a praying mantis";"1- nigger, 2- looks, 3- like, 4- a, 5- praying, 6- mantis";"hatespeech targeting African";"https://app.prolific.co/submissions/complete?cc=91442ADD"
"19509084_gab";"HateXplain";"in other jwo news trump plans to meet with kissinger yesterday that kike kissinger said he wants to nuke n korea";"1- in, 2- other, 3- jwo, 4- news, 5- trump, 6- plans, 7- to, 8- meet, 9- with, 10- kissinger, 11- yesterday, 12- that, 13- kike, 14- kissinger, 15- said, 16- he, 17- wants, 18- to, 19- nuke, 20- n, 21- korea";"hatespeech targeting Jewish";"https://app.prolific.co/submissions/complete?cc=91442ADD"
"25610991_gab";"HateXplain";"works great on muzzies too";"1- works, 2- great, 3- on, 4- muzzies, 5- too";"offensive targeting Islam";"https://app.prolific.co/submissions/complete?cc=91442ADD"
"26563758_gab";"HateXplain";"you traded the flh for the ninja do not be offended but i call sport bikes nigger killers";"1- you, 2- traded, 3- the, 4- flh, 5- for, 6- the, 7- ninja, 8- do, 9- not, 10- be, 11- offended, 12- but, 13- i, 14- call, 15- sport, 16- bikes, 17- nigger, 18- killers";"hatespeech targeting African";"https://app.prolific.co/submissions/complete?cc=91442ADD"
"15989475_gab";"HateXplain";"vox believes kristol foreign policy goals will always take precedence and he will move the goalposts as suits him vox is a dumpster fire but they got this part right other lefty kikes like tomasky see trump as an existential threat to kike hegemony and do not care about the details";"1- vox, 2- believes, 3- kristol, 4- foreign, 5- policy, 6- goals, 7- will, 8- always, 9- take, 10- precedence, 11- and, 12- he, 13- will, 14- move, 15- the, 16- goalposts, 17- as, 18- suits, 19- him, 20- vox, 21- is, 22- a, 23- dumpster, 24- fire, 25- but, 26- they, 27- got, 28- this, 29- part, 30- right, 31- other, 32- lefty, 33- kikes, 34- like, 35- tomasky, 36- see, 37- trump, 38- as, 39- an, 40- existential, 41- threat, 42- to, 43- kike, 44- hegemony, 45- and, 46- do, 47- not, 48- care, 49- about, 50- the, 51- details";"hatespeech targeting Jewish";"https://app.prolific.co/submissions/complete?cc=91442ADD"
"18613773_gab";"HateXplain";"it not safe for muzzies lee lee deus vult";"1- it, 2- not, 3- safe, 4- for, 5- muzzies, 6- lee, 7- lee, 8- deus, 9- vult";"hatespeech targeting Islam";"https://app.prolific.co/submissions/complete?cc=91442ADD"
"22648954_gab";"HateXplain";"after the nonwhites were purged which of course included jews america made its cities great again some cities chose to add a tomorrowland so that they could always look positively toward the future tomorrowlands were put where the nigger ghettos brown towns used to be alt right fan fic";"1- after, 2- the, 3- nonwhites, 4- were, 5- purged, 6- which, 7- of, 8- course, 9- included, 10- jews, 11- america, 12- made, 13- its, 14- cities, 15- great, 16- again, 17- some, 18- cities, 19- chose, 20- to, 21- add, 22- a, 23- tomorrowland, 24- so, 25- that, 26- they, 27- could, 28- always, 29- look, 30- positively, 31- toward, 32- the, 33- future, 34- tomorrowlands, 35- were, 36- put, 37- where, 38- the, 39- nigger, 40- ghettos, 41- brown, 42- towns, 43- used, 44- to, 45- be, 46- alt, 47- right, 48- fan, 49- fic";"hatespeech targeting African";"https://app.prolific.co/submissions/complete?cc=91442ADD"
"13286906_gab";"HateXplain";"did not this sick kike adopt a young asian girl for the sole purpose of fucking her i have heard something like that years ago remember that it got hushed up by the media real quick like 🤔";"1- did, 2- not, 3- this, 4- sick, 5- kike, 6- adopt, 7- a, 8- young, 9- asian, 10- girl, 11- for, 12- the, 13- sole, 14- purpose, 15- of, 16- fucking, 17- her, 18- i, 19- have, 20- heard, 21- something, 22- like, 23- that, 24- years, 25- ago, 26- remember, 27- that, 28- it, 29- got, 30- hushed, 31- up, 32- by, 33- the, 34- media, 35- real, 36- quick, 37- like, 38- 🤔";"hatespeech targeting Jewish";"https://app.prolific.co/submissions/complete?cc=91442ADD"
"16188507_gab";"HateXplain";"i think it time for another hindu kush only thing the muzzies ever did that was worth a shit was genocide about <number> mil of <user> coethnics i have been in some valleys full of skulls up there beautiful";"1- i, 2- think, 3- it, 4- time, 5- for, 6- another, 7- hindu, 8- kush, 9- only, 10- thing, 11- the, 12- muzzies, 13- ever, 14- did, 15- that, 16- was, 17- worth, 18- a, 19- shit, 20- was, 21- genocide, 22- about, 23- <number>, 24- mil, 25- of, 26- <user>, 27- coethnics, 28- i, 29- have, 30- been, 31- in, 32- some, 33- valleys, 34- full, 35- of, 36- skulls, 37- up, 38- there, 39- beautiful";"hatespeech targeting Islam";"https://app.prolific.co/submissions/complete?cc=91442ADD"
"11352243_gab";"HateXplain";"if they are going to have a nigger mayor then at least elect a high voodoo priest";"1- if, 2- they, 3- are, 4- going, 5- to, 6- have, 7- a, 8- nigger, 9- mayor, 10- then, 11- at, 12- least, 13- elect, 14- a, 15- high, 16- voodoo, 17- priest";"hatespeech targeting African";"https://app.prolific.co/submissions/complete?cc=91442ADD"
"14102861_gab";"HateXplain";"you are replying to torbas post in defence of a kike that calls people goys you seem to of forgot jews killed jesus the first problem is people like you jews are next you will be gassed first";"1- you, 2- are, 3- replying, 4- to, 5- torbas, 6- post, 7- in, 8- defence, 9- of, 10- a, 11- kike, 12- that, 13- calls, 14- people, 15- goys, 16- you, 17- seem, 18- to, 19- of, 20- forgot, 21- jews, 22- killed, 23- jesus, 24- the, 25- first, 26- problem, 27- is, 28- people, 29- like, 30- you, 31- jews, 32- are, 33- next, 34- you, 35- will, 36- be, 37- gassed, 38- first";"hatespeech targeting Jewish";"https://app.prolific.co/submissions/complete?cc=91442ADD"
"26444713_gab";"HateXplain";"you string up a muzzie uk mayor by the neck and the coyotes will back off guaranteed";"1- you, 2- string, 3- up, 4- a, 5- muzzie, 6- uk, 7- mayor, 8- by, 9- the, 10- neck, 11- and, 12- the, 13- coyotes, 14- will, 15- back, 16- off, 17- guaranteed";"hatespeech targeting Islam";"https://app.prolific.co/submissions/complete?cc=91442ADD"
"25200066_gab";"HateXplain";"assmador can not go outside now that bad optics as for cantwell he probably got other things on his mind than what a sasquatch that pretends to be a nigger is doing";"1- assmador, 2- can, 3- not, 4- go, 5- outside, 6- now, 7- that, 8- bad, 9- optics, 10- as, 11- for, 12- cantwell, 13- he, 14- probably, 15- got, 16- other, 17- things, 18- on, 19- his, 20- mind, 21- than, 22- what, 23- a, 24- sasquatch, 25- that, 26- pretends, 27- to, 28- be, 29- a, 30- nigger, 31- is, 32- doing";"hatespeech targeting African";"https://app.prolific.co/submissions/complete?cc=91442ADD"
"18593688_gab";"HateXplain";"some other kike company will buy them out so yeah";"1- some, 2- other, 3- kike, 4- company, 5- will, 6- buy, 7- them, 8- out, 9- so, 10- yeah";"hatespeech targeting Jewish";"https://app.prolific.co/submissions/complete?cc=91442ADD"
"13362221_gab";"HateXplain";"so who is the biggest dhimmi moslem cock sucker sharia may who thinks sharia is beneficial to the uk or amber rudd y useless who will not ban political wing of moslem terrorists hezbollah but will give brits 1 5 yrs jail for looking at a far right website";"1- so, 2- who, 3- is, 4- the, 5- biggest, 6- dhimmi, 7- moslem, 8- cock, 9- sucker, 10- sharia, 11- may, 12- who, 13- thinks, 14- sharia, 15- is, 16- beneficial, 17- to, 18- the, 19- uk, 20- or, 21- amber, 22- rudd, 23- y, 24- useless, 25- who, 26- will, 27- not, 28- ban, 29- political, 30- wing, 31- of, 32- moslem, 33- terrorists, 34- hezbollah, 35- but, 36- will, 37- give, 38- brits, 39- 1, 40- 5, 41- yrs, 42- jail, 43- for, 44- looking, 45- at, 46- a, 47- far, 48- right, 49- website";"hatespeech targeting Islam";"https://app.prolific.co/submissions/complete?cc=91442ADD"
"22987236_gab";"HateXplain";"you dumb nigger <user>";"1- you, 2- dumb, 3- nigger, 4- <user>";"hatespeech targeting African";"https://app.prolific.co/submissions/complete?cc=91442ADD"
"12451124_gab";"HateXplain";"well that really complicated i guess when we have a stable domain i do not know when that will be iceland is trying to kike us right now";"1- well, 2- that, 3- really, 4- complicated, 5- i, 6- guess, 7- when, 8- we, 9- have, 10- a, 11- stable, 12- domain, 13- i, 14- do, 15- not, 16- know, 17- when, 18- that, 19- will, 20- be, 21- iceland, 22- is, 23- trying, 24- to, 25- kike, 26- us, 27- right, 28- now";"hatespeech targeting Jewish";"https://app.prolific.co/submissions/complete?cc=91442ADD"
"13533955_gab";"HateXplain";"white nationalism is not a threat to america it a viable remedy for the societal atrophy of liberalism white nationalism is a viable solution to stopping future moslem terror rape attacks paying off national debt functional healthcare good schools nationally winning drug war high crime";"1- white, 2- nationalism, 3- is, 4- not, 5- a, 6- threat, 7- to, 8- america, 9- it, 10- a, 11- viable, 12- remedy, 13- for, 14- the, 15- societal, 16- atrophy, 17- of, 18- liberalism, 19- white, 20- nationalism, 21- is, 22- a, 23- viable, 24- solution, 25- to, 26- stopping, 27- future, 28- moslem, 29- terror, 30- rape, 31- attacks, 32- paying, 33- off, 34- national, 35- debt, 36- functional, 37- healthcare, 38- good, 39- schools, 40- nationally, 41- winning, 42- drug, 43- war, 44- high, 45- crime";"hatespeech targeting Islam";"https://app.prolific.co/submissions/complete?cc=91442ADD"
"13770224_gab";"HateXplain";"i wonder when it ll finally come out that tony has niglet grandkids or gay sons";"1- i, 2- wonder, 3- when, 4- it, 5- ll, 6- finally, 7- come, 8- out, 9- that, 10- tony, 11- has, 12- niglet, 13- grandkids, 14- or, 15- gay, 16- sons";"hatespeech targeting African";"https://app.prolific.co/submissions/complete?cc=91442ADD"
"27470117_gab";"HateXplain";"road worn kikess on wrong side of <number> needs validation badly posts shitposter dms in transparent humblebrag remains divorced with no meaningful prospects will likely die surrounded by cats many such cases";"1- road, 2- worn, 3- kikess, 4- on, 5- wrong, 6- side, 7- of, 8- <number>, 9- needs, 10- validation, 11- badly, 12- posts, 13- shitposter, 14- dms, 15- in, 16- transparent, 17- humblebrag, 18- remains, 19- divorced, 20- with, 21- no, 22- meaningful, 23- prospects, 24- will, 25- likely, 26- die, 27- surrounded, 28- by, 29- cats, 30- many, 31- such, 32- cases";"hatespeech targeting Jewish";"https://app.prolific.co/submissions/complete?cc=91442ADD"
"11474597_gab";"HateXplain";"where do we send complaints when muzrat eunuchs like darrenb are allowed to make complaints against normal people";"1- where, 2- do, 3- we, 4- send, 5- complaints, 6- when, 7- muzrat, 8- eunuchs, 9- like, 10- darrenb, 11- are, 12- allowed, 13- to, 14- make, 15- complaints, 16- against, 17- normal, 18- people";"hatespeech targeting Islam";"https://app.prolific.co/submissions/complete?cc=91442ADD"
"7875367_gab";"HateXplain";"he should have bitched slapped that nigger that told him he was an embarrassment to the country those so called journalists are the embarrassment to the country";"1- he, 2- should, 3- have, 4- bitched, 5- slapped, 6- that, 7- nigger, 8- that, 9- told, 10- him, 11- he, 12- was, 13- an, 14- embarrassment, 15- to, 16- the, 17- country, 18- those, 19- so, 20- called, 21- journalists, 22- are, 23- the, 24- embarrassment, 25- to, 26- the, 27- country";"hatespeech targeting African";"https://app.prolific.co/submissions/complete?cc=91442ADD"
"27162115_gab";"HateXplain";"anthony bourdain was a kike that advocated for white genocide good riddance";"1- anthony, 2- bourdain, 3- was, 4- a, 5- kike, 6- that, 7- advocated, 8- for, 9- white, 10- genocide, 11- good, 12- riddance";"hatespeech targeting Jewish";"https://app.prolific.co/submissions/complete?cc=91442ADD"
"15764784_gab";"HateXplain";"if the aussies cared as much about saving their country as they do about trying to beat england at rugby every muzzie in australia would be back in pakistan egypt and saudi by now";"1- if, 2- the, 3- aussies, 4- cared, 5- as, 6- much, 7- about, 8- saving, 9- their, 10- country, 11- as, 12- they, 13- do, 14- about, 15- trying, 16- to, 17- beat, 18- england, 19- at, 20- rugby, 21- every, 22- muzzie, 23- in, 24- australia, 25- would, 26- be, 27- back, 28- in, 29- pakistan, 30- egypt, 31- and, 32- saudi, 33- by, 34- now";"offensive targeting Islam";"https://app.prolific.co/submissions/complete?cc=91442ADD"
"22353992_gab";"HateXplain";"a nigger bich smells like a baboons ass google it";"1- a, 2- nigger, 3- bich, 4- smells, 5- like, 6- a, 7- baboons, 8- ass, 9- google, 10- it";"hatespeech targeting African";"https://app.prolific.co/submissions/complete?cc=91442ADD"
"25935069_gab";"HateXplain";"the worship the kike on a stick shit i can put up with but fuck this";"1- the, 2- worship, 3- the, 4- kike, 5- on, 6- a, 7- stick, 8- shit, 9- i, 10- can, 11- put, 12- up, 13- with, 14- but, 15- fuck, 16- this";"hatespeech targeting Jewish";"https://app.prolific.co/submissions/complete?cc=91442ADD"
"26325611_gab";"HateXplain";"being different is a crime according to the left and i would assume there muzzie friends follow the same retarded narrative individual autonomy is going extinct brace yourselves political correctness";"1- being, 2- different, 3- is, 4- a, 5- crime, 6- according, 7- to, 8- the, 9- left, 10- and, 11- i, 12- would, 13- assume, 14- there, 15- muzzie, 16- friends, 17- follow, 18- the, 19- same, 20- retarded, 21- narrative, 22- individual, 23- autonomy, 24- is, 25- going, 26- extinct, 27- brace, 28- yourselves, 29- political, 30- correctness";"offensive targeting Islam";"https://app.prolific.co/submissions/complete?cc=91442ADD"
"23022045_gab";"HateXplain";"it not okay to be a nigger";"1- it, 2- not, 3- okay, 4- to, 5- be, 6- a, 7- nigger";"hatespeech targeting African";"https://app.prolific.co/submissions/complete?cc=91442ADD"
"23500303_gab";"HateXplain";"more kike propaganda";"1- more, 2- kike, 3- propaganda";"hatespeech targeting Jewish";"https://app.prolific.co/submissions/complete?cc=91442ADD"
"attention_21";"attention check sentences (HateXplain targeting)";"that polish guy kicked you irish ass";"1- that, 2- polish, 3- guy, 4- kicked, 5- you, 6- irish, 7- ass";"offensive";"https://app.prolific.co/submissions/complete?cc=91442ADD"