ID;dataset;text;tokens;label;redirectUrl
24485999_gab;HateXplain;lol david hogg fbi false flag specialist father alright david you failed as punishment you are a full on faggot now here your new boyfriend from our fbi assets department now queer it up for the camera;1- lol, 2- david, 3- hogg, 4- fbi, 5- false, 6- flag, 7- specialist, 8- father, 9- alright, 10- david, 11- you, 12- failed, 13- as, 14- punishment, 15- you, 16- are, 17- a, 18- full, 19- on, 20- faggot, 21- now, 22- here, 23- your, 24- new, 25- boyfriend, 26- from, 27- our, 28- fbi, 29- assets, 30- department, 31- now, 32- queer, 33- it, 34- up, 35- for, 36- the, 37- camera;hatespeech targeting Homosexual;https://app.prolific.co/submissions/complete?cc=91442ADD
1179078745715597315_twitter;HateXplain;the reality is you not finna learn which type of bitch you donating to until after you done spent on her;1- the, 2- reality, 3- is, 4- you, 5- not, 6- finna, 7- learn, 8- which, 9- type, 10- of, 11- bitch, 12- you, 13- donating, 14- to, 15- until, 16- after, 17- you, 18- done, 19- spent, 20- on, 21- her;offensive targeting Women;https://app.prolific.co/submissions/complete?cc=91442ADD
24784044_gab;HateXplain;actually you are just a retarded faggot;1- actually, 2- you, 3- are, 4- just, 5- a, 6- retarded, 7- faggot;hatespeech targeting Homosexual;https://app.prolific.co/submissions/complete?cc=91442ADD
1083171064023150592_twitter;HateXplain;a bunch of hoes on they knees;1- a, 2- bunch, 3- of, 4- hoes, 5- on, 6- they, 7- knees;offensive targeting Women;https://app.prolific.co/submissions/complete?cc=91442ADD
24795931_gab;HateXplain;let them take the faggots;1- let, 2- them, 3- take, 4- the, 5- faggots;hatespeech targeting Homosexual;https://app.prolific.co/submissions/complete?cc=91442ADD
1178912372162842624_twitter;HateXplain;did this girl on unbelievable get raped or not like damn bitchh make up your mind;1- did, 2- this, 3- girl, 4- on, 5- unbelievable, 6- get, 7- raped, 8- or, 9- not, 10- like, 11- damn, 12- bitchh, 13- make, 14- up, 15- your, 16- mind;offensive targeting Women;https://app.prolific.co/submissions/complete?cc=91442ADD
24844974_gab;HateXplain;fuck cobra kai and fuck that homosexual known as daniel i am for the real cobra the late 8 0 cobra not the gay remake of cobra cobra and destro baroness;1- fuck, 2- cobra, 3- kai, 4- and, 5- fuck, 6- that, 7- homosexual, 8- known, 9- as, 10- daniel, 11- i, 12- am, 13- for, 14- the, 15- real, 16- cobra, 17- the, 18- late, 19- 8, 20- 0, 21- cobra, 22- not, 23- the, 24- gay, 25- remake, 26- of, 27- cobra, 28- cobra, 29- and, 30- destro, 31- baroness;offensive targeting Homosexual;https://app.prolific.co/submissions/complete?cc=91442ADD
1179020157051650049_twitter;HateXplain;how much you wanna bet these hoes who have historically been vocally adamant about being race last immediately use slavery as a defense against remy ma saying if you want money for being raped you are a prostitute;1- how, 2- much, 3- you, 4- wanna, 5- bet, 6- these, 7- hoes, 8- who, 9- have, 10- historically, 11- been, 12- vocally, 13- adamant, 14- about, 15- being, 16- race, 17- last, 18- immediately, 19- use, 20- slavery, 21- as, 22- a, 23- defense, 24- against, 25- remy, 26- ma, 27- saying, 28- if, 29- you, 30- want, 31- money, 32- for, 33- being, 34- raped, 35- you, 36- are, 37- a, 38- prostitute;offensive targeting Women;https://app.prolific.co/submissions/complete?cc=91442ADD
24868909_gab;HateXplain;ben is a dumb kike but he sure is god at burning sjw faggots so he is a predictable winner for fag to fag confronts;1- ben, 2- is, 3- a, 4- dumb, 5- kike, 6- but, 7- he, 8- sure, 9- is, 10- god, 11- at, 12- burning, 13- sjw, 14- faggots, 15- so, 16- he, 17- is, 18- a, 19- predictable, 20- winner, 21- for, 22- fag, 23- to, 24- fag, 25- confronts;offensive targeting Homosexual;https://app.prolific.co/submissions/complete?cc=91442ADD
1084834432710656003_twitter;HateXplain;really sick of dudes actin like bitches;1- really, 2- sick, 3- of, 4- dudes, 5- actin, 6- like, 7- bitches;offensive targeting Women;https://app.prolific.co/submissions/complete?cc=91442ADD
24907034_gab;HateXplain;good might slow down their breeding by homosexual muslims who hate women;1- good, 2- might, 3- slow, 4- down, 5- their, 6- breeding, 7- by, 8- homosexual, 9- muslims, 10- who, 11- hate, 12- women;hatespeech targeting Homosexual;https://app.prolific.co/submissions/complete?cc=91442ADD
1178802717734690821_twitter;HateXplain;<user> it do not matter bitch you still selling pussy trash ass how;1- <user>, 2- it, 3- do, 4- not, 5- matter, 6- bitch, 7- you, 8- still, 9- selling, 10- pussy, 11- trash, 12- ass, 13- how;offensive targeting Women;https://app.prolific.co/submissions/complete?cc=91442ADD
24912161_gab;HateXplain;what the hell look at the nazi faggot go at it;1- what, 2- the, 3- hell, 4- look, 5- at, 6- the, 7- nazi, 8- faggot, 9- go, 10- at, 11- it;hatespeech targeting Homosexual;https://app.prolific.co/submissions/complete?cc=91442ADD
1119030161184149504_twitter;HateXplain;i can not love a bitch trust no thot never bring a pig to yo spot dolce gabanna on my flip flops;1- i, 2- can, 3- not, 4- love, 5- a, 6- bitch, 7- trust, 8- no, 9- thot, 10- never, 11- bring, 12- a, 13- pig, 14- to, 15- yo, 16- spot, 17- dolce, 18- gabanna, 19- on, 20- my, 21- flip, 22- flops;offensive targeting Women;https://app.prolific.co/submissions/complete?cc=91442ADD
24921789_gab;HateXplain;plenty of faggots to talk to;1- plenty, 2- of, 3- faggots, 4- to, 5- talk, 6- to;hatespeech targeting Homosexual;https://app.prolific.co/submissions/complete?cc=91442ADD
1174186731006042114_twitter;HateXplain;made that hoe in <number> hits;1- made, 2- that, 3- hoe, 4- in, 5- <number>, 6- hits;offensive targeting Women;https://app.prolific.co/submissions/complete?cc=91442ADD
24924637_gab;HateXplain;says the homo that can not resist spreading he legs on and over everything;1- says, 2- the, 3- homo, 4- that, 5- can, 6- not, 7- resist, 8- spreading, 9- he, 10- legs, 11- on, 12- and, 13- over, 14- everything;offensive targeting Homosexual;https://app.prolific.co/submissions/complete?cc=91442ADD
1179080158340407297_twitter;HateXplain;never trust a hoe it me i am the hoe i trusted myself 🤡;1- never, 2- trust, 3- a, 4- hoe, 5- it, 6- me, 7- i, 8- am, 9- the, 10- hoe, 11- i, 12- trusted, 13- myself, 14- 🤡;offensive targeting Women;https://app.prolific.co/submissions/complete?cc=91442ADD
24935273_gab;HateXplain;oh now you are using my lines they do not work on me nazi faggot lol;1- oh, 2- now, 3- you, 4- are, 5- using, 6- my, 7- lines, 8- they, 9- do, 10- not, 11- work, 12- on, 13- me, 14- nazi, 15- faggot, 16- lol;offensive targeting Homosexual;https://app.prolific.co/submissions/complete?cc=91442ADD
1104924368725934081_twitter;HateXplain;its always fat bitches saying they look like a snack no sweetheart you look like a ball of grease dont fucking me;1- its, 2- always, 3- fat, 4- bitches, 5- saying, 6- they, 7- look, 8- like, 9- a, 10- snack, 11- no, 12- sweetheart, 13- you, 14- look, 15- like, 16- a, 17- ball, 18- of, 19- grease, 20- dont, 21- fucking, 22- me;offensive targeting Women;https://app.prolific.co/submissions/complete?cc=91442ADD
24957895_gab;HateXplain;sorry nazi faggot if you want me gone you will have to mute me until then bendover bitch lol;1- sorry, 2- nazi, 3- faggot, 4- if, 5- you, 6- want, 7- me, 8- gone, 9- you, 10- will, 11- have, 12- to, 13- mute, 14- me, 15- until, 16- then, 17- bendover, 18- bitch, 19- lol;hatespeech targeting Homosexual;https://app.prolific.co/submissions/complete?cc=91442ADD
1160702387574706176_twitter;HateXplain;bitches be having their own place but no furniture;1- bitches, 2- be, 3- having, 4- their, 5- own, 6- place, 7- but, 8- no, 9- furniture;offensive targeting Women;https://app.prolific.co/submissions/complete?cc=91442ADD
24998360_gab;HateXplain;nigger and a chimp walk into a gay bar iran has nukes istandwithisrael;1- nigger, 2- and, 3- a, 4- chimp, 5- walk, 6- into, 7- a, 8- gay, 9- bar, 10- iran, 11- has, 12- nukes, 13- istandwithisrael;hatespeech targeting Homosexual;https://app.prolific.co/submissions/complete?cc=91442ADD
1084541070480789504_twitter;HateXplain;drag and drop these groupie bitches in da trash bin;1- drag, 2- and, 3- drop, 4- these, 5- groupie, 6- bitches, 7- in, 8- da, 9- trash, 10- bin;offensive targeting Women;https://app.prolific.co/submissions/complete?cc=91442ADD
25016547_gab;HateXplain;a one man army of <user> ‍ then stop larping you are a faggot who talks shit about one of our guys who is getting locked up for <number> years as a political prisoner;1- a, 2- one, 3- man, 4- army, 5- of, 6- <user>, 7- then, 8- stop, 9- larping, 10- you, 11- are, 12- a, 13- faggot, 14- who, 15- talks, 16- shit, 17- about, 18- one, 19- of, 20- our, 21- guys, 22- who, 23- is, 24- getting, 25- locked, 26- up, 27- for, 28- <number>, 29- years, 30- as, 31- a, 32- political, 33- prisoner;offensive targeting Homosexual;https://app.prolific.co/submissions/complete?cc=91442ADD
1082490684970582018_twitter;HateXplain;i fuck with myself heavy can not trust no hoe;1- i, 2- fuck, 3- with, 4- myself, 5- heavy, 6- can, 7- not, 8- trust, 9- no, 10- hoe;offensive targeting Women;https://app.prolific.co/submissions/complete?cc=91442ADD
25250350_gab;HateXplain;that fat fucking dyke pos should indeed be prosecuted and campaign finance violations should be the least of it get her on public indecency charges whatever they can come up with;1- that, 2- fat, 3- fucking, 4- dyke, 5- pos, 6- should, 7- indeed, 8- be, 9- prosecuted, 10- and, 11- campaign, 12- finance, 13- violations, 14- should, 15- be, 16- the, 17- least, 18- of, 19- it, 20- get, 21- her, 22- on, 23- public, 24- indecency, 25- charges, 26- whatever, 27- they, 28- can, 29- come, 30- up, 31- with;hatespeech targeting Homosexual;https://app.prolific.co/submissions/complete?cc=91442ADD
1163114640848621569_twitter;HateXplain;bitches be si press to go to the club but be sitting looking dumb as shit 😂 bitch go home;1- bitches, 2- be, 3- si, 4- press, 5- to, 6- go, 7- to, 8- the, 9- club, 10- but, 11- be, 12- sitting, 13- looking, 14- dumb, 15- as, 16- shit, 17- 😂, 18- bitch, 19- go, 20- home;offensive targeting Women;https://app.prolific.co/submissions/complete?cc=91442ADD
25303274_gab;HateXplain;always fun to laugh at the niggers kikes faggots dykes and other low lifes they deserve what they get;1- always, 2- fun, 3- to, 4- laugh, 5- at, 6- the, 7- niggers, 8- kikes, 9- faggots, 10- dykes, 11- and, 12- other, 13- low, 14- lifes, 15- they, 16- deserve, 17- what, 18- they, 19- get;hatespeech targeting Homosexual;https://app.prolific.co/submissions/complete?cc=91442ADD
attention_56;attention check sentences (HateXplain targeting);go back to france you antiamerican commie socialist traitor;1- go, 2- back, 3- to, 4- france, 5- you, 6- antiamerican, 7- commie, 8- socialist, 9- traitor;offensive;https://app.prolific.co/submissions/complete?cc=91442ADD