ID;dataset;text;tokens;label;redirectUrl
25630649_gab;HateXplain;snow nigger albino chimping out;1- snow, 2- nigger, 3- albino, 4- chimping, 5- out;offensive targeting Caucasian;https://app.prolific.co/submissions/complete?cc=91442ADD
1178194517368938499_twitter;HateXplain;watching this anal rape episode pretty funny but the one thing that annoys me about an otherwise fine episode is the use of sam jackson and charlie murphy as the voice of the wiggers i think it done to give ppl license to laugh at white people dropping n bombs freely;1- watching, 2- this, 3- anal, 4- rape, 5- episode, 6- pretty, 7- funny, 8- but, 9- the, 10- one, 11- thing, 12- that, 13- annoys, 14- me, 15- about, 16- an, 17- otherwise, 18- fine, 19- episode, 20- is, 21- the, 22- use, 23- of, 24- sam, 25- jackson, 26- and, 27- charlie, 28- murphy, 29- as, 30- the, 31- voice, 32- of, 33- the, 34- wiggers, 35- i, 36- think, 37- it, 38- done, 39- to, 40- give, 41- ppl, 42- license, 43- to, 44- laugh, 45- at, 46- white, 47- people, 48- dropping, 49- n, 50- bombs, 51- freely;offensive targeting Caucasian;https://app.prolific.co/submissions/complete?cc=91442ADD
12705077_gab;HateXplain;congratulations welcome to the white honky cracker club;1- congratulations, 2- welcome, 3- to, 4- the, 5- white, 6- honky, 7- cracker, 8- club;hatespeech targeting Caucasian;https://app.prolific.co/submissions/complete?cc=91442ADD
1178270987797848064_twitter;HateXplain;<user> marrying a white devil just did not change your color and you will still be black when she divorces 🤷 🏽 ‍ ♀️;1- <user>, 2- marrying, 3- a, 4- white, 5- devil, 6- just, 7- did, 8- not, 9- change, 10- your, 11- color, 12- and, 13- you, 14- will, 15- still, 16- be, 17- black, 18- when, 19- she, 20- divorces, 21- 🤷, 22- 🏽, 23- ♀️;hatespeech targeting Caucasian;https://app.prolific.co/submissions/complete?cc=91442ADD
21889545_gab;HateXplain;this sappy little white nigger is about as creepy as they come;1- this, 2- sappy, 3- little, 4- white, 5- nigger, 6- is, 7- about, 8- as, 9- creepy, 10- as, 11- they, 12- come;hatespeech targeting Caucasian;https://app.prolific.co/submissions/complete?cc=91442ADD
1179091423087316992_twitter;HateXplain;the white devil knows no meaning of the word chil 🤣 🤣 🤣 🤣;1- the, 2- white, 3- devil, 4- knows, 5- no, 6- meaning, 7- of, 8- the, 9- word, 10- chil, 11- 🤣, 12- 🤣, 13- 🤣, 14- 🤣;hatespeech targeting Caucasian;https://app.prolific.co/submissions/complete?cc=91442ADD
10801417_gab;HateXplain;after white people are thoroughly minoritized in the us every white ghetto will have a robert e lee boulevard running through it;1- after, 2- white, 3- people, 4- are, 5- thoroughly, 6- minoritized, 7- in, 8- the, 9- us, 10- every, 11- white, 12- ghetto, 13- will, 14- have, 15- a, 16- robert, 17- e, 18- lee, 19- boulevard, 20- running, 21- through, 22- it;offensive targeting Caucasian;https://app.prolific.co/submissions/complete?cc=91442ADD
1095829695776653312_twitter;HateXplain;<user> <user> mariah carey can you not read white bitch v;1- <user>, 2- <user>, 3- mariah, 4- carey, 5- can, 6- you, 7- not, 8- read, 9- white, 10- bitch, 11- v;offensive targeting Caucasian;https://app.prolific.co/submissions/complete?cc=91442ADD
12329154_gab;HateXplain;wow this guy is seriously retarded he considers racist socialism to be hate speech when practiced by black people but it ok if it done by white people this is so dumb i am tempted to say this thing is subhuman and witnout any valid claims to rights;1- wow, 2- this, 3- guy, 4- is, 5- seriously, 6- retarded, 7- he, 8- considers, 9- racist, 10- socialism, 11- to, 12- be, 13- hate, 14- speech, 15- when, 16- practiced, 17- by, 18- black, 19- people, 20- but, 21- it, 22- ok, 23- if, 24- it, 25- done, 26- by, 27- white, 28- people, 29- this, 30- is, 31- so, 32- dumb, 33- i, 34- am, 35- tempted, 36- to, 37- say, 38- this, 39- thing, 40- is, 41- subhuman, 42- and, 43- witnout, 44- any, 45- valid, 46- claims, 47- to, 48- rights;offensive targeting Caucasian;https://app.prolific.co/submissions/complete?cc=91442ADD
1236632774678904833_twitter;HateXplain;oh no white gun boy on facebook living in his girlfriend ’ grandma ’ house rent free has another opinion about bernie;1- oh, 2- no, 3- white, 4- gun, 5- boy, 6- on, 7- facebook, 8- living, 9- in, 10- his, 11- girlfriend, 12- ’, 13- grandma, 14- ’, 15- house, 16- rent, 17- free, 18- has, 19- another, 20- opinion, 21- about, 22- bernie;offensive targeting Caucasian;https://app.prolific.co/submissions/complete?cc=91442ADD
12727769_gab;HateXplain;psa do not i repeat not trust your lily white ass cheeks to spray on sunscreens;1- psa, 2- do, 3- not, 4- i, 5- repeat, 6- not, 7- trust, 8- your, 9- lily, 10- white, 11- ass, 12- cheeks, 13- to, 14- spray, 15- on, 16- sunscreens;offensive targeting Caucasian;https://app.prolific.co/submissions/complete?cc=91442ADD
1185218477478465536_twitter;HateXplain;it high time we hindus should think that these filthy muslims should be allowed to live here or not kamleshtiwari ypg yourprophetisgay;1- it, 2- high, 3- time, 4- we, 5- hindus, 6- should, 7- think, 8- that, 9- these, 10- filthy, 11- muslims, 12- should, 13- be, 14- allowed, 15- to, 16- live, 17- here, 18- or, 19- not, 20- kamleshtiwari, 21- ypg, 22- yourprophetisgay;hatespeech targeting Hindu;https://app.prolific.co/submissions/complete?cc=91442ADD
23615794_gab;HateXplain;<user> this ugly kike cunt keeps showing up on my timeline;1- <user>, 2- this, 3- ugly, 4- kike, 5- cunt, 6- keeps, 7- showing, 8- up, 9- on, 10- my, 11- timeline;hatespeech targeting Women;https://app.prolific.co/submissions/complete?cc=91442ADD
1178876725767364608_twitter;HateXplain;titty job prolly the most foo shit a bitch could do;1- titty, 2- job, 3- prolly, 4- the, 5- most, 6- foo, 7- shit, 8- a, 9- bitch, 10- could, 11- do;offensive targeting Women;https://app.prolific.co/submissions/complete?cc=91442ADD
20492081_gab;HateXplain;god dam these nigger biches ugly ass fuck;1- god, 2- dam, 3- these, 4- nigger, 5- biches, 6- ugly, 7- ass, 8- fuck;hatespeech targeting Women;https://app.prolific.co/submissions/complete?cc=91442ADD
1188868820854808581_twitter;HateXplain;lool it bare gyal clown i see that get no gyal 😂 they just sad cus they get no bitches but do the most to get em 😭 try harder;1- lool, 2- it, 3- bare, 4- gyal, 5- clown, 6- i, 7- see, 8- that, 9- get, 10- no, 11- gyal, 12- 😂, 13- they, 14- just, 15- sad, 16- cus, 17- they, 18- get, 19- no, 20- bitches, 21- but, 22- do, 23- the, 24- most, 25- to, 26- get, 27- em, 28- 😭, 29- try, 30- harder;offensive targeting Women;https://app.prolific.co/submissions/complete?cc=91442ADD
6367052_gab;HateXplain;check out the mussie bitch walking by on the phone what she doing reporting the carnage back to obama;1- check, 2- out, 3- the, 4- mussie, 5- bitch, 6- walking, 7- by, 8- on, 9- the, 10- phone, 11- what, 12- she, 13- doing, 14- reporting, 15- the, 16- carnage, 17- back, 18- to, 19- obama;hatespeech targeting Women;https://app.prolific.co/submissions/complete?cc=91442ADD
1178283475495014400_twitter;HateXplain;bitches love saying he will never leave me alone you are not special bitch a nigga will never close a door that leads to pussy;1- bitches, 2- love, 3- saying, 4- he, 5- will, 6- never, 7- leave, 8- me, 9- alone, 10- you, 11- are, 12- not, 13- special, 14- bitch, 15- a, 16- nigga, 17- will, 18- never, 19- close, 20- a, 21- door, 22- that, 23- leads, 24- to, 25- pussy;offensive targeting Women;https://app.prolific.co/submissions/complete?cc=91442ADD
8423955_gab;HateXplain;kathy griffin is the ultimate liberal attack somebody and suffer consequences and she is the victim cunt needs to have some dick forced up he dyke ass barron trumps;1- kathy, 2- griffin, 3- is, 4- the, 5- ultimate, 6- liberal, 7- attack, 8- somebody, 9- and, 10- suffer, 11- consequences, 12- and, 13- she, 14- is, 15- the, 16- victim, 17- cunt, 18- needs, 19- to, 20- have, 21- some, 22- dick, 23- forced, 24- up, 25- he, 26- dyke, 27- ass, 28- barron, 29- trumps;hatespeech targeting Women;https://app.prolific.co/submissions/complete?cc=91442ADD
1084979035522899969_twitter;HateXplain;bitch you could love me you cross me tho ima show you tho bitch ass boy;1- bitch, 2- you, 3- could, 4- love, 5- me, 6- you, 7- cross, 8- me, 9- tho, 10- ima, 11- show, 12- you, 13- tho, 14- bitch, 15- ass, 16- boy;offensive targeting Women;https://app.prolific.co/submissions/complete?cc=91442ADD
10777127_gab;HateXplain;fuck that nasty bitch with a moslem dick;1- fuck, 2- that, 3- nasty, 4- bitch, 5- with, 6- a, 7- moslem, 8- dick;hatespeech targeting Women;https://app.prolific.co/submissions/complete?cc=91442ADD
1170844361438969856_twitter;HateXplain;get a check and see now these hoes react;1- get, 2- a, 3- check, 4- and, 5- see, 6- now, 7- these, 8- hoes, 9- react;offensive targeting Women;https://app.prolific.co/submissions/complete?cc=91442ADD
24281913_gab;HateXplain;kate brown is a kike whore oregon was a nice state now its cess pit this bitch should pushed down the stairs when everyone is looking;1- kate, 2- brown, 3- is, 4- a, 5- kike, 6- whore, 7- oregon, 8- was, 9- a, 10- nice, 11- state, 12- now, 13- its, 14- cess, 15- pit, 16- this, 17- bitch, 18- should, 19- pushed, 20- down, 21- the, 22- stairs, 23- when, 24- everyone, 25- is, 26- looking;hatespeech targeting Women;https://app.prolific.co/submissions/complete?cc=91442ADD
1117155139545128965_twitter;HateXplain;throw some weave on dat bitch just bought a pack of yak;1- throw, 2- some, 3- weave, 4- on, 5- dat, 6- bitch, 7- just, 8- bought, 9- a, 10- pack, 11- of, 12- yak;offensive targeting Women;https://app.prolific.co/submissions/complete?cc=91442ADD
15231597_gab;HateXplain;fuck the nigger bitches;1- fuck, 2- the, 3- nigger, 4- bitches;hatespeech targeting Women;https://app.prolific.co/submissions/complete?cc=91442ADD
1086836550153973760_twitter;HateXplain;compliments from women are more appreciated by me than a man compliment bitches be mean so if she says you cute you cute hun;1- compliments, 2- from, 3- women, 4- are, 5- more, 6- appreciated, 7- by, 8- me, 9- than, 10- a, 11- man, 12- compliment, 13- bitches, 14- be, 15- mean, 16- so, 17- if, 18- she, 19- says, 20- you, 21- cute, 22- you, 23- cute, 24- hun;offensive targeting Women;https://app.prolific.co/submissions/complete?cc=91442ADD
6988129_gab;HateXplain;they should tie this bitch down and let everyone of those girls stab her to death welcome to hell you muzzy cunt;1- they, 2- should, 3- tie, 4- this, 5- bitch, 6- down, 7- and, 8- let, 9- everyone, 10- of, 11- those, 12- girls, 13- stab, 14- her, 15- to, 16- death, 17- welcome, 18- to, 19- hell, 20- you, 21- muzzy, 22- cunt;hatespeech targeting Women;https://app.prolific.co/submissions/complete?cc=91442ADD
1170391405992300544_twitter;HateXplain;can not believe bitches really be out here watching the absolute pile of trash that is gl*e <censored> it me i am bitches;1- can, 2- not, 3- believe, 4- bitches, 5- really, 6- be, 7- out, 8- here, 9- watching, 10- the, 11- absolute, 12- pile, 13- of, 14- trash, 15- that, 16- is, 17- gl*e, 18- <censored>, 19- it, 20- me, 21- i, 22- am, 23- bitches;offensive targeting Women;https://app.prolific.co/submissions/complete?cc=91442ADD
12771315_gab;HateXplain;fugly lezbian jews like this are why im cool with domestic violence with the kind of attitude and birdbrain this jew broad has im willng to bet anything that either a male or butch dyke husband is gonna wind up punching her til she shits out her bones 🙄;1- fugly, 2- lezbian, 3- jews, 4- like, 5- this, 6- are, 7- why, 8- im, 9- cool, 10- with, 11- domestic, 12- violence, 13- with, 14- the, 15- kind, 16- of, 17- attitude, 18- and, 19- birdbrain, 20- this, 21- jew, 22- broad, 23- has, 24- im, 25- willng, 26- to, 27- bet, 28- anything, 29- that, 30- either, 31- a, 32- male, 33- or, 34- butch, 35- dyke, 36- husband, 37- is, 38- gonna, 39- wind, 40- up, 41- punching, 42- her, 43- til, 44- she, 45- shits, 46- out, 47- her, 48- bones, 49- 🙄;hatespeech targeting Women;https://app.prolific.co/submissions/complete?cc=91442ADD
attention_48;attention check sentences (HateXplain targeting);that nicca gone crazy;1- that, 2- nicca, 3- gone, 4- crazy;offensive;https://app.prolific.co/submissions/complete?cc=91442ADD