"ID";"dataset";"text";"tokens";"label";"redirectUrl"
"19866116_gab";"HateXplain";"fucking yid everytime";"1- fucking, 2- yid, 3- everytime";"hatespeech targeting Jewish";"https://app.prolific.co/submissions/complete?cc=91442ADD"
"8533874_gab";"HateXplain";"fuck ramadan fuck moslems death 💀 be upon you you filthy stinking retarded fucks you stupid fucks wash your nasty balls fungus infested feet before you pray but never brush or floss your rotten teeth you smell like you have been eating shit sandwiches";"1- fuck, 2- ramadan, 3- fuck, 4- moslems, 5- death, 6- 💀, 7- be, 8- upon, 9- you, 10- you, 11- filthy, 12- stinking, 13- retarded, 14- fucks, 15- you, 16- stupid, 17- fucks, 18- wash, 19- your, 20- nasty, 21- balls, 22- fungus, 23- infested, 24- feet, 25- before, 26- you, 27- pray, 28- but, 29- never, 30- brush, 31- or, 32- floss, 33- your, 34- rotten, 35- teeth, 36- you, 37- smell, 38- like, 39- you, 40- have, 41- been, 42- eating, 43- shit, 44- sandwiches";"hatespeech targeting Islam";"https://app.prolific.co/submissions/complete?cc=91442ADD"
"25084697_gab";"HateXplain";"hackney south not quite so nigger these days more turk turds sorry kurds but hackney north with diane abacus is black in the main";"1- hackney, 2- south, 3- not, 4- quite, 5- so, 6- nigger, 7- these, 8- days, 9- more, 10- turk, 11- turds, 12- sorry, 13- kurds, 14- but, 15- hackney, 16- north, 17- with, 18- diane, 19- abacus, 20- is, 21- black, 22- in, 23- the, 24- main";"hatespeech targeting African";"https://app.prolific.co/submissions/complete?cc=91442ADD"
"15848435_gab";"HateXplain";"what a f*cking <censored> kike dirty trick white nationalism is normal and healthy for european societies and countries i can hardly wait till their filthy slimy rat kike blood flows thick in the streets";"1- what, 2- a, 3- f*cking, 4- <censored>, 5- kike, 6- dirty, 7- trick, 8- white, 9- nationalism, 10- is, 11- normal, 12- and, 13- healthy, 14- for, 15- european, 16- societies, 17- and, 18- countries, 19- i, 20- can, 21- hardly, 22- wait, 23- till, 24- their, 25- filthy, 26- slimy, 27- rat, 28- kike, 29- blood, 30- flows, 31- thick, 32- in, 33- the, 34- streets";"hatespeech targeting Jewish";"https://app.prolific.co/submissions/complete?cc=91442ADD"
"8544506_gab";"HateXplain";"love brigitte gabriel completely destroys the mainstream media pro islam message and the liberals elites lies about islam and muslims being peaceful";"1- love, 2- brigitte, 3- gabriel, 4- completely, 5- destroys, 6- the, 7- mainstream, 8- media, 9- pro, 10- islam, 11- message, 12- and, 13- the, 14- liberals, 15- elites, 16- lies, 17- about, 18- islam, 19- and, 20- muslims, 21- being, 22- peaceful";"offensive targeting Islam";"https://app.prolific.co/submissions/complete?cc=91442ADD"
"4120088_gab";"HateXplain";"<user> the nigger taboo can be broken easily it just requires someone in the public to stand up to it trump has to not back down on this though he gotta remember we have got his back approval will take a hit at first then rise again";"1- <user>, 2- the, 3- nigger, 4- taboo, 5- can, 6- be, 7- broken, 8- easily, 9- it, 10- just, 11- requires, 12- someone, 13- in, 14- the, 15- public, 16- to, 17- stand, 18- up, 19- to, 20- it, 21- trump, 22- has, 23- to, 24- not, 25- back, 26- down, 27- on, 28- this, 29- though, 30- he, 31- gotta, 32- remember, 33- we, 34- have, 35- got, 36- his, 37- back, 38- approval, 39- will, 40- take, 41- a, 42- hit, 43- at, 44- first, 45- then, 46- rise, 47- again";"hatespeech targeting African";"https://app.prolific.co/submissions/complete?cc=91442ADD"
"13532804_gab";"HateXplain";"join the army andrew torba serve your country and not jew masters you faggot defend free speech with your life not your wallet kike loving piece of fuck";"1- join, 2- the, 3- army, 4- andrew, 5- torba, 6- serve, 7- your, 8- country, 9- and, 10- not, 11- jew, 12- masters, 13- you, 14- faggot, 15- defend, 16- free, 17- speech, 18- with, 19- your, 20- life, 21- not, 22- your, 23- wallet, 24- kike, 25- loving, 26- piece, 27- of, 28- fuck";"hatespeech targeting Jewish";"https://app.prolific.co/submissions/complete?cc=91442ADD"
"8544614_gab";"HateXplain";"liberal elites are silencing its citizens to promote its globalist agenda and to make islam dominant in germany the people must reject that and vote liberals outta office quickly or face losing germany history and culture";"1- liberal, 2- elites, 3- are, 4- silencing, 5- its, 6- citizens, 7- to, 8- promote, 9- its, 10- globalist, 11- agenda, 12- and, 13- to, 14- make, 15- islam, 16- dominant, 17- in, 18- germany, 19- the, 20- people, 21- must, 22- reject, 23- that, 24- and, 25- vote, 26- liberals, 27- outta, 28- office, 29- quickly, 30- or, 31- face, 32- losing, 33- germany, 34- history, 35- and, 36- culture";"offensive targeting Islam";"https://app.prolific.co/submissions/complete?cc=91442ADD"
"18666383_gab";"HateXplain";"shut up hapa nigger";"1- shut, 2- up, 3- hapa, 4- nigger";"hatespeech targeting African";"https://app.prolific.co/submissions/complete?cc=91442ADD"
"17245071_gab";"HateXplain";"gas this kike";"1- gas, 2- this, 3- kike";"hatespeech targeting Jewish";"https://app.prolific.co/submissions/complete?cc=91442ADD"
"8577246_gab";"HateXplain";"as a muslim child i never knew whether to be happy or sad when my mother would tell me clean up your room it looks like a bomb has gone off in there";"1- as, 2- a, 3- muslim, 4- child, 5- i, 6- never, 7- knew, 8- whether, 9- to, 10- be, 11- happy, 12- or, 13- sad, 14- when, 15- my, 16- mother, 17- would, 18- tell, 19- me, 20- clean, 21- up, 22- your, 23- room, 24- it, 25- looks, 26- like, 27- a, 28- bomb, 29- has, 30- gone, 31- off, 32- in, 33- there";"offensive targeting Islam";"https://app.prolific.co/submissions/complete?cc=91442ADD"
"17929633_gab";"HateXplain";"naked nigger attacking white not h m in south africa bart train station in san francisco";"1- naked, 2- nigger, 3- attacking, 4- white, 5- not, 6- h, 7- m, 8- in, 9- south, 10- africa, 11- bart, 12- train, 13- station, 14- in, 15- san, 16- francisco";"hatespeech targeting African";"https://app.prolific.co/submissions/complete?cc=91442ADD"
"22331692_gab";"HateXplain";"imagine unironically believing the high iq kike meme";"1- imagine, 2- unironically, 3- believing, 4- the, 5- high, 6- iq, 7- kike, 8- meme";"hatespeech targeting Jewish";"https://app.prolific.co/submissions/complete?cc=91442ADD"
"8666025_gab";"HateXplain";"you are acting like our argument is this is bad do not treat women that way my argument is you are immitating islam stop immitating islam traditional roles are fine islam is not burkas are completely undesirable to men in fact the concept of burkas is retarded no one wants them";"1- you, 2- are, 3- acting, 4- like, 5- our, 6- argument, 7- is, 8- this, 9- is, 10- bad, 11- do, 12- not, 13- treat, 14- women, 15- that, 16- way, 17- my, 18- argument, 19- is, 20- you, 21- are, 22- immitating, 23- islam, 24- stop, 25- immitating, 26- islam, 27- traditional, 28- roles, 29- are, 30- fine, 31- islam, 32- is, 33- not, 34- burkas, 35- are, 36- completely, 37- undesirable, 38- to, 39- men, 40- in, 41- fact, 42- the, 43- concept, 44- of, 45- burkas, 46- is, 47- retarded, 48- no, 49- one, 50- wants, 51- them";"offensive targeting Islam";"https://app.prolific.co/submissions/complete?cc=91442ADD"
"22446944_gab";"HateXplain";"a nigger will never respect jesus a nigger will never respect anything if jesus was black he would respect jesus but because jesus was white even an educated nigger will never respect anyone white";"1- a, 2- nigger, 3- will, 4- never, 5- respect, 6- jesus, 7- a, 8- nigger, 9- will, 10- never, 11- respect, 12- anything, 13- if, 14- jesus, 15- was, 16- black, 17- he, 18- would, 19- respect, 20- jesus, 21- but, 22- because, 23- jesus, 24- was, 25- white, 26- even, 27- an, 28- educated, 29- nigger, 30- will, 31- never, 32- respect, 33- anyone, 34- white";"hatespeech targeting African";"https://app.prolific.co/submissions/complete?cc=91442ADD"
"19747235_gab";"HateXplain";"any site run by kikes is just anti white kike bullshit";"1- any, 2- site, 3- run, 4- by, 5- kikes, 6- is, 7- just, 8- anti, 9- white, 10- kike, 11- bullshit";"hatespeech targeting Jewish";"https://app.prolific.co/submissions/complete?cc=91442ADD"
"8738595_gab";"HateXplain";"anyone that says this is normal or it just their religion is your enemy and should be treated as such muslims treat their children and women worse than garbage by rape molestation murder child marriages beatings acid attacks and fgm under sharia this could be your children islam";"1- anyone, 2- that, 3- says, 4- this, 5- is, 6- normal, 7- or, 8- it, 9- just, 10- their, 11- religion, 12- is, 13- your, 14- enemy, 15- and, 16- should, 17- be, 18- treated, 19- as, 20- such, 21- muslims, 22- treat, 23- their, 24- children, 25- and, 26- women, 27- worse, 28- than, 29- garbage, 30- by, 31- rape, 32- molestation, 33- murder, 34- child, 35- marriages, 36- beatings, 37- acid, 38- attacks, 39- and, 40- fgm, 41- under, 42- sharia, 43- this, 44- could, 45- be, 46- your, 47- children, 48- islam";"offensive targeting Islam";"https://app.prolific.co/submissions/complete?cc=91442ADD"
"18494335_gab";"HateXplain";"as kids we use to joke that the best sight was to see a nigger swimming back across the rio grande with a spic under each arm";"1- as, 2- kids, 3- we, 4- use, 5- to, 6- joke, 7- that, 8- the, 9- best, 10- sight, 11- was, 12- to, 13- see, 14- a, 15- nigger, 16- swimming, 17- back, 18- across, 19- the, 20- rio, 21- grande, 22- with, 23- a, 24- spic, 25- under, 26- each, 27- arm";"hatespeech targeting African";"https://app.prolific.co/submissions/complete?cc=91442ADD"
"16147501_gab";"HateXplain";"you are either fucking retarded or a kike which is it the is the most dishonest or dumbest comment ever communist are the opposite of christians";"1- you, 2- are, 3- either, 4- fucking, 5- retarded, 6- or, 7- a, 8- kike, 9- which, 10- is, 11- it, 12- the, 13- is, 14- the, 15- most, 16- dishonest, 17- or, 18- dumbest, 19- comment, 20- ever, 21- communist, 22- are, 23- the, 24- opposite, 25- of, 26- christians";"hatespeech targeting Jewish";"https://app.prolific.co/submissions/complete?cc=91442ADD"
"8750267_gab";"HateXplain";"nat geo trying to blame radical islam on anything but islam and the show is less than a minute in";"1- nat, 2- geo, 3- trying, 4- to, 5- blame, 6- radical, 7- islam, 8- on, 9- anything, 10- but, 11- islam, 12- and, 13- the, 14- show, 15- is, 16- less, 17- than, 18- a, 19- minute, 20- in";"offensive targeting Islam";"https://app.prolific.co/submissions/complete?cc=91442ADD"
"17847403_gab";"HateXplain";"i will keep my bigotry right here thanks you people niggers and jews and i can not think of anything worse than nigger jews double whammy of wtf";"1- i, 2- will, 3- keep, 4- my, 5- bigotry, 6- right, 7- here, 8- thanks, 9- you, 10- people, 11- niggers, 12- and, 13- jews, 14- and, 15- i, 16- can, 17- not, 18- think, 19- of, 20- anything, 21- worse, 22- than, 23- nigger, 24- jews, 25- double, 26- whammy, 27- of, 28- wtf";"hatespeech targeting African";"https://app.prolific.co/submissions/complete?cc=91442ADD"
"16752837_gab";"HateXplain";"luke o brien models himself as the perfect bugman the drivel he puts out is vapid snark supporting the status quo while attacking things he too moronic to understand this is a man who has spent decades climbing the ladder of anti white organizations by religiously scrubbing kike scrotum sad";"1- luke, 2- o, 3- brien, 4- models, 5- himself, 6- as, 7- the, 8- perfect, 9- bugman, 10- the, 11- drivel, 12- he, 13- puts, 14- out, 15- is, 16- vapid, 17- snark, 18- supporting, 19- the, 20- status, 21- quo, 22- while, 23- attacking, 24- things, 25- he, 26- too, 27- moronic, 28- to, 29- understand, 30- this, 31- is, 32- a, 33- man, 34- who, 35- has, 36- spent, 37- decades, 38- climbing, 39- the, 40- ladder, 41- of, 42- anti, 43- white, 44- organizations, 45- by, 46- religiously, 47- scrubbing, 48- kike, 49- scrotum, 50- sad";"hatespeech targeting Jewish";"https://app.prolific.co/submissions/complete?cc=91442ADD"
"9005457_gab";"HateXplain";"i will bet this is true that it was not terrorism and only an accident abetted by muslims standing in a road way i will also bet the state will ignore that and play up this incident as anti muslim violence to further suppress the native britons";"1- i, 2- will, 3- bet, 4- this, 5- is, 6- true, 7- that, 8- it, 9- was, 10- not, 11- terrorism, 12- and, 13- only, 14- an, 15- accident, 16- abetted, 17- by, 18- muslims, 19- standing, 20- in, 21- a, 22- road, 23- way, 24- i, 25- will, 26- also, 27- bet, 28- the, 29- state, 30- will, 31- ignore, 32- that, 33- and, 34- play, 35- up, 36- this, 37- incident, 38- as, 39- anti, 40- muslim, 41- violence, 42- to, 43- further, 44- suppress, 45- the, 46- native, 47- britons";"offensive targeting Islam";"https://app.prolific.co/submissions/complete?cc=91442ADD"
"24643552_gab";"HateXplain";"um lazy stupid nigger savages";"1- um, 2- lazy, 3- stupid, 4- nigger, 5- savages";"hatespeech targeting African";"https://app.prolific.co/submissions/complete?cc=91442ADD"
"13462408_gab";"HateXplain";"white people who have enough racial sense to avoid black areas for the obvious reasons still run around and act as though they can blindly trust jews to not lie to them and kike them over smdh";"1- white, 2- people, 3- who, 4- have, 5- enough, 6- racial, 7- sense, 8- to, 9- avoid, 10- black, 11- areas, 12- for, 13- the, 14- obvious, 15- reasons, 16- still, 17- run, 18- around, 19- and, 20- act, 21- as, 22- though, 23- they, 24- can, 25- blindly, 26- trust, 27- jews, 28- to, 29- not, 30- lie, 31- to, 32- them, 33- and, 34- kike, 35- them, 36- over, 37- smdh";"hatespeech targeting Jewish";"https://app.prolific.co/submissions/complete?cc=91442ADD"
"9006147_gab";"HateXplain";"agreed and the ones all ready here must go and take their dumbass american wives with them idk how many american women are marrying muslims but in the the uk it the cool thing to marry the muslim charmer boys to avoid the party scene";"1- agreed, 2- and, 3- the, 4- ones, 5- all, 6- ready, 7- here, 8- must, 9- go, 10- and, 11- take, 12- their, 13- dumbass, 14- american, 15- wives, 16- with, 17- them, 18- idk, 19- how, 20- many, 21- american, 22- women, 23- are, 24- marrying, 25- muslims, 26- but, 27- in, 28- the, 29- the, 30- uk, 31- it, 32- the, 33- cool, 34- thing, 35- to, 36- marry, 37- the, 38- muslim, 39- charmer, 40- boys, 41- to, 42- avoid, 43- the, 44- party, 45- scene";"offensive targeting Islam";"https://app.prolific.co/submissions/complete?cc=91442ADD"
"25932103_gab";"HateXplain";"kill yourself nigger fucker";"1- kill, 2- yourself, 3- nigger, 4- fucker";"hatespeech targeting African";"https://app.prolific.co/submissions/complete?cc=91442ADD"
"14931858_gab";"HateXplain";"there once was a kike named schlomo who was a flaming pederast homo he lived for cum and cock in his bum coz the talmud said it was a go go";"1- there, 2- once, 3- was, 4- a, 5- kike, 6- named, 7- schlomo, 8- who, 9- was, 10- a, 11- flaming, 12- pederast, 13- homo, 14- he, 15- lived, 16- for, 17- cum, 18- and, 19- cock, 20- in, 21- his, 22- bum, 23- coz, 24- the, 25- talmud, 26- said, 27- it, 28- was, 29- a, 30- go, 31- go";"hatespeech targeting Jewish";"https://app.prolific.co/submissions/complete?cc=91442ADD"
"9013738_gab";"HateXplain";"i feel that islamophobia is better than raped murdered children fightbackordie";"1- i, 2- feel, 3- that, 4- islamophobia, 5- is, 6- better, 7- than, 8- raped, 9- murdered, 10- children, 11- fightbackordie";"hatespeech targeting Islam";"https://app.prolific.co/submissions/complete?cc=91442ADD"
"attention_9";"attention check sentences (HateXplain targeting)";"arabs are ignorant terrorists";"1- arabs, 2- are, 3- ignorant, 4- terrorists";"offensive";"https://app.prolific.co/submissions/complete?cc=91442ADD"