"ID";"dataset";"text";"tokens";"label";"redirectUrl"
"12876429_gab";"HateXplain";"moslem ban gun ban";"1- moslem, 2- ban, 3- gun, 4- ban";"offensive targeting Islam";"https://app.prolific.co/submissions/complete?cc=91442ADD"
"21592349_gab";"HateXplain";"i hope all those goat raping sand nigger muslims attack the royal wedding and fuck shit up maybe then those corrupt u.k. pieces of shit will wake the fuck up and deport the goat rapers";"1- i, 2- hope, 3- all, 4- those, 5- goat, 6- raping, 7- sand, 8- nigger, 9- muslims, 10- attack, 11- the, 12- royal, 13- wedding, 14- and, 15- fuck, 16- shit, 17- up, 18- maybe, 19- then, 20- those, 21- corrupt, 22- u.k., 23- pieces, 24- of, 25- shit, 26- will, 27- wake, 28- the, 29- fuck, 30- up, 31- and, 32- deport, 33- the, 34- goat, 35- rapers";"hatespeech targeting Arab";"https://app.prolific.co/submissions/complete?cc=91442ADD"
"26411273_gab";"HateXplain";"white genocide sometimes it subtle saw this at home depot today personally i think the nigger stink would be enough to keep the bugs away";"1- white, 2- genocide, 3- sometimes, 4- it, 5- subtle, 6- saw, 7- this, 8- at, 9- home, 10- depot, 11- today, 12- personally, 13- i, 14- think, 15- the, 16- nigger, 17- stink, 18- would, 19- be, 20- enough, 21- to, 22- keep, 23- the, 24- bugs, 25- away";"hatespeech targeting African";"https://app.prolific.co/submissions/complete?cc=91442ADD"
"12729501_gab";"HateXplain";"aa the direct appeal to the most base human desires is a cheap kike trick and it the reason that people call jews the devil and satan";"1- aa, 2- the, 3- direct, 4- appeal, 5- to, 6- the, 7- most, 8- base, 9- human, 10- desires, 11- is, 12- a, 13- cheap, 14- kike, 15- trick, 16- and, 17- it, 18- the, 19- reason, 20- that, 21- people, 22- call, 23- jews, 24- the, 25- devil, 26- and, 27- satan";"hatespeech targeting Jewish";"https://app.prolific.co/submissions/complete?cc=91442ADD"
"12715983_gab";"HateXplain";"but who directed the influx of muzzies i n the first place how are they able to defeat the mccarran walters act at the gate behind the curtain are the ones that seek plausible deniability and you just gave it to them cut off the head";"1- but, 2- who, 3- directed, 4- the, 5- influx, 6- of, 7- muzzies, 8- i, 9- n, 10- the, 11- first, 12- place, 13- how, 14- are, 15- they, 16- able, 17- to, 18- defeat, 19- the, 20- mccarran, 21- walters, 22- act, 23- at, 24- the, 25- gate, 26- behind, 27- the, 28- curtain, 29- are, 30- the, 31- ones, 32- that, 33- seek, 34- plausible, 35- deniability, 36- and, 37- you, 38- just, 39- gave, 40- it, 41- to, 42- them, 43- cut, 44- off, 45- the, 46- head";"offensive targeting Islam";"https://app.prolific.co/submissions/complete?cc=91442ADD"
"21678073_gab";"HateXplain";"dear british cops stop licking sand nigger bung holes start protecting people if you traitorous cucks wont do anything for little white girls gang raped by what would you do for a puff attacked by sand niggers";"1- dear, 2- british, 3- cops, 4- stop, 5- licking, 6- sand, 7- nigger, 8- bung, 9- holes, 10- start, 11- protecting, 12- people, 13- if, 14- you, 15- traitorous, 16- cucks, 17- wont, 18- do, 19- anything, 20- for, 21- little, 22- white, 23- girls, 24- gang, 25- raped, 26- by, 27- what, 28- would, 29- you, 30- do, 31- for, 32- a, 33- puff, 34- attacked, 35- by, 36- sand, 37- niggers";"hatespeech targeting Arab";"https://app.prolific.co/submissions/complete?cc=91442ADD"
"9849295_gab";"HateXplain";"i am totally sure she dindunuffin grandpa i mean in this day and age it literally tyrannical to ask that your woman show a little bit of public decency not fuck random niggers behind your back and care if her child is actually yours all the signs were there though";"1- i, 2- am, 3- totally, 4- sure, 5- she, 6- dindunuffin, 7- grandpa, 8- i, 9- mean, 10- in, 11- this, 12- day, 13- and, 14- age, 15- it, 16- literally, 17- tyrannical, 18- to, 19- ask, 20- that, 21- your, 22- woman, 23- show, 24- a, 25- little, 26- bit, 27- of, 28- public, 29- decency, 30- not, 31- fuck, 32- random, 33- niggers, 34- behind, 35- your, 36- back, 37- and, 38- care, 39- if, 40- her, 41- child, 42- is, 43- actually, 44- yours, 45- all, 46- the, 47- signs, 48- were, 49- there, 50- though";"hatespeech targeting African";"https://app.prolific.co/submissions/complete?cc=91442ADD"
"18903937_gab";"HateXplain";"zecharia sitchin is what happens when an autistic kike finally goes batshit crazy";"1- zecharia, 2- sitchin, 3- is, 4- what, 5- happens, 6- when, 7- an, 8- autistic, 9- kike, 10- finally, 11- goes, 12- batshit, 13- crazy";"hatespeech targeting Jewish";"https://app.prolific.co/submissions/complete?cc=91442ADD"
"8968572_gab";"HateXplain";"nobody else would find these women attractive but the muzzies routinely fuck sheep and goats an ugly old woman is a treat to them";"1- nobody, 2- else, 3- would, 4- find, 5- these, 6- women, 7- attractive, 8- but, 9- the, 10- muzzies, 11- routinely, 12- fuck, 13- sheep, 14- and, 15- goats, 16- an, 17- ugly, 18- old, 19- woman, 20- is, 21- a, 22- treat, 23- to, 24- them";"hatespeech targeting Islam";"https://app.prolific.co/submissions/complete?cc=91442ADD"
"21692203_gab";"HateXplain";"islam is a religion full of paedophiles and thick as shit sand niggers";"1- islam, 2- is, 3- a, 4- religion, 5- full, 6- of, 7- paedophiles, 8- and, 9- thick, 10- as, 11- shit, 12- sand, 13- niggers";"hatespeech targeting Arab";"https://app.prolific.co/submissions/complete?cc=91442ADD"
"19028846_gab";"HateXplain";"louis gutirerrez another dumb nigger in a suit";"1- louis, 2- gutirerrez, 3- another, 4- dumb, 5- nigger, 6- in, 7- a, 8- suit";"hatespeech targeting African";"https://app.prolific.co/submissions/complete?cc=91442ADD"
"18823962_gab";"HateXplain";"why can not i hold all this projection i could say the same exact thing considering i gave you actual data and all you did was go no race isn t fucking real i said so go back to your oven you filthy kike";"1- why, 2- can, 3- not, 4- i, 5- hold, 6- all, 7- this, 8- projection, 9- i, 10- could, 11- say, 12- the, 13- same, 14- exact, 15- thing, 16- considering, 17- i, 18- gave, 19- you, 20- actual, 21- data, 22- and, 23- all, 24- you, 25- did, 26- was, 27- go, 28- no, 29- race, 30- isn, 31- t, 32- fucking, 33- real, 34- i, 35- said, 36- so, 37- go, 38- back, 39- to, 40- your, 41- oven, 42- you, 43- filthy, 44- kike";"hatespeech targeting Jewish";"https://app.prolific.co/submissions/complete?cc=91442ADD"
"13922516_gab";"HateXplain";"next time you see a mooslim toss bacon at it";"1- next, 2- time, 3- you, 4- see, 5- a, 6- mooslim, 7- toss, 8- bacon, 9- at, 10- it";"hatespeech targeting Islam";"https://app.prolific.co/submissions/complete?cc=91442ADD"
"21757892_gab";"HateXplain";"fuck that towelhead terrorist ship him to syria and drop him off a building fucking cuck";"1- fuck, 2- that, 3- towelhead, 4- terrorist, 5- ship, 6- him, 7- to, 8- syria, 9- and, 10- drop, 11- him, 12- off, 13- a, 14- building, 15- fucking, 16- cuck";"hatespeech targeting Arab";"https://app.prolific.co/submissions/complete?cc=91442ADD"
"17632209_gab";"HateXplain";"nigger has expressed no personal christian experiences attended a madrassa wears a moslem wedding ring praises the shahada call to pray ports a moslem name registered by stepdad as moslem indonesian many photos of him in moslem rituals garb admitted moslem faith on tv";"1- nigger, 2- has, 3- expressed, 4- no, 5- personal, 6- christian, 7- experiences, 8- attended, 9- a, 10- madrassa, 11- wears, 12- a, 13- moslem, 14- wedding, 15- ring, 16- praises, 17- the, 18- shahada, 19- call, 20- to, 21- pray, 22- ports, 23- a, 24- moslem, 25- name, 26- registered, 27- by, 28- stepdad, 29- as, 30- moslem, 31- indonesian, 32- many, 33- photos, 34- of, 35- him, 36- in, 37- moslem, 38- rituals, 39- garb, 40- admitted, 41- moslem, 42- faith, 43- on, 44- tv";"hatespeech targeting African";"https://app.prolific.co/submissions/complete?cc=91442ADD"
"12009892_gab";"HateXplain";"the only kike here is you";"1- the, 2- only, 3- kike, 4- here, 5- is, 6- you";"hatespeech targeting Jewish";"https://app.prolific.co/submissions/complete?cc=91442ADD"
"13626338_gab";"HateXplain";"ya know in facistbook there r private sites which are not private they all have been infiltrated by fb corruptness stealing any bit of your intellectual properties same as tittler if you put dowm corrupt demonicrats moeslimes whatever";"1- ya, 2- know, 3- in, 4- facistbook, 5- there, 6- r, 7- private, 8- sites, 9- which, 10- are, 11- not, 12- private, 13- they, 14- all, 15- have, 16- been, 17- infiltrated, 18- by, 19- fb, 20- corruptness, 21- stealing, 22- any, 23- bit, 24- of, 25- your, 26- intellectual, 27- properties, 28- same, 29- as, 30- tittler, 31- if, 32- you, 33- put, 34- dowm, 35- corrupt, 36- demonicrats, 37- moeslimes, 38- whatever";"hatespeech targeting Islam";"https://app.prolific.co/submissions/complete?cc=91442ADD"
"2181605_gab";"HateXplain";"if syria is in trouble and the people are fleeing then why are we receiving refugees from somalia africa basically every where as well as syria makes no sense it just a fucking lie from gog aka obamanation to bring in his army to irradiate us asshole";"1- if, 2- syria, 3- is, 4- in, 5- trouble, 6- and, 7- the, 8- people, 9- are, 10- fleeing, 11- then, 12- why, 13- are, 14- we, 15- receiving, 16- refugees, 17- from, 18- somalia, 19- africa, 20- basically, 21- every, 22- where, 23- as, 24- well, 25- as, 26- syria, 27- makes, 28- no, 29- sense, 30- it, 31- just, 32- a, 33- fucking, 34- lie, 35- from, 36- gog, 37- aka, 38- obamanation, 39- to, 40- bring, 41- in, 42- his, 43- army, 44- to, 45- irradiate, 46- us, 47- asshole";"offensive targeting Arab";"https://app.prolific.co/submissions/complete?cc=91442ADD"
"12047569_gab";"HateXplain";"well we finally know what race the shooter was in plano tx nigger spencer hight who shoots mudshark wife after she files for divorce nog shoots <number> people dead at a cowboys watch party last sunday b4 is shot to death by officer mudshark";"1- well, 2- we, 3- finally, 4- know, 5- what, 6- race, 7- the, 8- shooter, 9- was, 10- in, 11- plano, 12- tx, 13- nigger, 14- spencer, 15- hight, 16- who, 17- shoots, 18- mudshark, 19- wife, 20- after, 21- she, 22- files, 23- for, 24- divorce, 25- nog, 26- shoots, 27- <number>, 28- people, 29- dead, 30- at, 31- a, 32- cowboys, 33- watch, 34- party, 35- last, 36- sunday, 37- b4, 38- is, 39- shot, 40- to, 41- death, 42- by, 43- officer, 44- mudshark";"hatespeech targeting African";"https://app.prolific.co/submissions/complete?cc=91442ADD"
"26428645_gab";"HateXplain";"can someone please find out if this judge is one of them looks like a crypto faggot kike to me";"1- can, 2- someone, 3- please, 4- find, 5- out, 6- if, 7- this, 8- judge, 9- is, 10- one, 11- of, 12- them, 13- looks, 14- like, 15- a, 16- crypto, 17- faggot, 18- kike, 19- to, 20- me";"hatespeech targeting Jewish";"https://app.prolific.co/submissions/complete?cc=91442ADD"
"14017693_gab";"HateXplain";"any normal nation would ever want muzzie biodegradable trash in";"1- any, 2- normal, 3- nation, 4- would, 5- ever, 6- want, 7- muzzie, 8- biodegradable, 9- trash, 10- in";"offensive targeting Islam";"https://app.prolific.co/submissions/complete?cc=91442ADD"
"21917123_gab";"HateXplain";"if you are born in a stable it does not make you a horse that fucking sand nigger was not american";"1- if, 2- you, 3- are, 4- born, 5- in, 6- a, 7- stable, 8- it, 9- does, 10- not, 11- make, 12- you, 13- a, 14- horse, 15- that, 16- fucking, 17- sand, 18- nigger, 19- was, 20- not, 21- american";"offensive targeting Arab";"https://app.prolific.co/submissions/complete?cc=91442ADD"
"27897423_gab";"HateXplain";"may the last nigger die of a heart attack after stabbing the last cop to death niggers and cops two enemies of white men";"1- may, 2- the, 3- last, 4- nigger, 5- die, 6- of, 7- a, 8- heart, 9- attack, 10- after, 11- stabbing, 12- the, 13- last, 14- cop, 15- to, 16- death, 17- niggers, 18- and, 19- cops, 20- two, 21- enemies, 22- of, 23- white, 24- men";"hatespeech targeting African";"https://app.prolific.co/submissions/complete?cc=91442ADD"
"27394474_gab";"HateXplain";"solve the kike problem and solve the muslamic problem without having to exterminate <number> billion savages that were confined to their desert shitholes for over two centuries prior to the christ killers facilitating their entry to white nations <user>";"1- solve, 2- the, 3- kike, 4- problem, 5- and, 6- solve, 7- the, 8- muslamic, 9- problem, 10- without, 11- having, 12- to, 13- exterminate, 14- <number>, 15- billion, 16- savages, 17- that, 18- were, 19- confined, 20- to, 21- their, 22- desert, 23- shitholes, 24- for, 25- over, 26- two, 27- centuries, 28- prior, 29- to, 30- the, 31- christ, 32- killers, 33- facilitating, 34- their, 35- entry, 36- to, 37- white, 38- nations, 39- <user>";"hatespeech targeting Jewish";"https://app.prolific.co/submissions/complete?cc=91442ADD"
"7646036_gab";"HateXplain";"macron is a butt fucker who will be thrown off the eiffel tower by his moslem overlords";"1- macron, 2- is, 3- a, 4- butt, 5- fucker, 6- who, 7- will, 8- be, 9- thrown, 10- off, 11- the, 12- eiffel, 13- tower, 14- by, 15- his, 16- moslem, 17- overlords";"offensive targeting Islam";"https://app.prolific.co/submissions/complete?cc=91442ADD"
"22090868_gab";"HateXplain";"i would support hezbollah if only they would support palestine turning a blind eye on their fellow arabs makes them complicit imo";"1- i, 2- would, 3- support, 4- hezbollah, 5- if, 6- only, 7- they, 8- would, 9- support, 10- palestine, 11- turning, 12- a, 13- blind, 14- eye, 15- on, 16- their, 17- fellow, 18- arabs, 19- makes, 20- them, 21- complicit, 22- imo";"offensive targeting Arab";"https://app.prolific.co/submissions/complete?cc=91442ADD"
"13600554_gab";"HateXplain";"weinstein amazon vox gq the left is eating itself right now the deathmatch du jour is lecherous kikes versus cat ladies we need to meme a race war between nigs and beaners for <number>";"1- weinstein, 2- amazon, 3- vox, 4- gq, 5- the, 6- left, 7- is, 8- eating, 9- itself, 10- right, 11- now, 12- the, 13- deathmatch, 14- du, 15- jour, 16- is, 17- lecherous, 18- kikes, 19- versus, 20- cat, 21- ladies, 22- we, 23- need, 24- to, 25- meme, 26- a, 27- race, 28- war, 29- between, 30- nigs, 31- and, 32- beaners, 33- for, 34- <number>";"hatespeech targeting African";"https://app.prolific.co/submissions/complete?cc=91442ADD"
"16647204_gab";"HateXplain";"what about the child raping kike that was their advertising front man i cannot imagine that good for business";"1- what, 2- about, 3- the, 4- child, 5- raping, 6- kike, 7- that, 8- was, 9- their, 10- advertising, 11- front, 12- man, 13- i, 14- cannot, 15- imagine, 16- that, 17- good, 18- for, 19- business";"hatespeech targeting Jewish";"https://app.prolific.co/submissions/complete?cc=91442ADD"
"2432948_gab";"HateXplain";"<user> explicit terrorist imagery that means no more exposing what muzzies are doing";"1- <user>, 2- explicit, 3- terrorist, 4- imagery, 5- that, 6- means, 7- no, 8- more, 9- exposing, 10- what, 11- muzzies, 12- are, 13- doing";"hatespeech targeting Islam";"https://app.prolific.co/submissions/complete?cc=91442ADD"
"attention_57";"attention check sentences (HateXplain targeting)";"fucking commies";"1- fucking, 2- commies";"offensive";"https://app.prolific.co/submissions/complete?cc=91442ADD"