"ID";"dataset";"text";"tokens";"label";"redirectUrl"
"22401639_gab";"HateXplain";"oshitma is a ghetto nigger";"1- oshitma, 2- is, 3- a, 4- ghetto, 5- nigger";"hatespeech targeting African";"https://app.prolific.co/submissions/complete?cc=91442ADD"
"22466421_gab";"HateXplain";"well maybe if you are a <number> albino nigger it just too difficult";"1- well, 2- maybe, 3- if, 4- you, 5- are, 6- a, 7- <number>, 8- albino, 9- nigger, 10- it, 11- just, 12- too, 13- difficult";"offensive targeting African";"https://app.prolific.co/submissions/complete?cc=91442ADD"
"22574078_gab";"HateXplain";"stop blaming niggers and women for what is obviously being caused by russian hackers";"1- stop, 2- blaming, 3- niggers, 4- and, 5- women, 6- for, 7- what, 8- is, 9- obviously, 10- being, 11- caused, 12- by, 13- russian, 14- hackers";"hatespeech targeting African";"https://app.prolific.co/submissions/complete?cc=91442ADD"
"22590929_gab";"HateXplain";"well ocrapma was and is a ghetto knuckle dragging nig ger";"1- well, 2- ocrapma, 3- was, 4- and, 5- is, 6- a, 7- ghetto, 8- knuckle, 9- dragging, 10- nig, 11- ger";"offensive targeting African";"https://app.prolific.co/submissions/complete?cc=91442ADD"
"22608640_gab";"HateXplain";"weev is a kike and ricky is a soy nigger";"1- weev, 2- is, 3- a, 4- kike, 5- and, 6- ricky, 7- is, 8- a, 9- soy, 10- nigger";"hatespeech targeting African";"https://app.prolific.co/submissions/complete?cc=91442ADD"
"22672128_gab";"HateXplain";"i am not surprised thousands of <number> iq sand niggers lack the intelligence to understand what a malthusian trap is i look forward to the days when egyptian arabs have to resort to slaughtering millions of niggers just so they have enough fresh water to drink";"1- i, 2- am, 3- not, 4- surprised, 5- thousands, 6- of, 7- <number>, 8- iq, 9- sand, 10- niggers, 11- lack, 12- the, 13- intelligence, 14- to, 15- understand, 16- what, 17- a, 18- malthusian, 19- trap, 20- is, 21- i, 22- look, 23- forward, 24- to, 25- the, 26- days, 27- when, 28- egyptian, 29- arabs, 30- have, 31- to, 32- resort, 33- to, 34- slaughtering, 35- millions, 36- of, 37- niggers, 38- just, 39- so, 40- they, 41- have, 42- enough, 43- fresh, 44- water, 45- to, 46- drink";"hatespeech targeting African";"https://app.prolific.co/submissions/complete?cc=91442ADD"
"22701793_gab";"HateXplain";"racist pieces of shit more black kids are killed in the ghetto by other black kids so how is there never protests when an innocent little kid dies from stray bullets going through their house huh they wont because it smashes blms narrative and the truth is racist";"1- racist, 2- pieces, 3- of, 4- shit, 5- more, 6- black, 7- kids, 8- are, 9- killed, 10- in, 11- the, 12- ghetto, 13- by, 14- other, 15- black, 16- kids, 17- so, 18- how, 19- is, 20- there, 21- never, 22- protests, 23- when, 24- an, 25- innocent, 26- little, 27- kid, 28- dies, 29- from, 30- stray, 31- bullets, 32- going, 33- through, 34- their, 35- house, 36- huh, 37- they, 38- wont, 39- because, 40- it, 41- smashes, 42- blms, 43- narrative, 44- and, 45- the, 46- truth, 47- is, 48- racist";"offensive targeting African";"https://app.prolific.co/submissions/complete?cc=91442ADD"
"22807481_gab";"HateXplain";"it does not have to be perfect and eventually it gets easier keep scrapping white people try to have perfection and erase every bit of bias and what could be called racism the commies and blax just say shit they don t care it is a war not a math problem";"1- it, 2- does, 3- not, 4- have, 5- to, 6- be, 7- perfect, 8- and, 9- eventually, 10- it, 11- gets, 12- easier, 13- keep, 14- scrapping, 15- white, 16- people, 17- try, 18- to, 19- have, 20- perfection, 21- and, 22- erase, 23- every, 24- bit, 25- of, 26- bias, 27- and, 28- what, 29- could, 30- be, 31- called, 32- racism, 33- the, 34- commies, 35- and, 36- blax, 37- just, 38- say, 39- shit, 40- they, 41- don, 42- t, 43- care, 44- it, 45- is, 46- a, 47- war, 48- not, 49- a, 50- math, 51- problem";"offensive targeting African";"https://app.prolific.co/submissions/complete?cc=91442ADD"
"22853314_gab";"HateXplain";"just how many niggers has david duke defeated in a knife fight did heimbach show you all the bullet holes that niggers have put in him and have many times has spencer been ass raped by a nigger and no you can not count the times money was exchanged beforehand mpcstatusupdates";"1- just, 2- how, 3- many, 4- niggers, 5- has, 6- david, 7- duke, 8- defeated, 9- in, 10- a, 11- knife, 12- fight, 13- did, 14- heimbach, 15- show, 16- you, 17- all, 18- the, 19- bullet, 20- holes, 21- that, 22- niggers, 23- have, 24- put, 25- in, 26- him, 27- and, 28- have, 29- many, 30- times, 31- has, 32- spencer, 33- been, 34- ass, 35- raped, 36- by, 37- a, 38- nigger, 39- and, 40- no, 41- you, 42- can, 43- not, 44- count, 45- the, 46- times, 47- money, 48- was, 49- exchanged, 50- beforehand, 51- mpcstatusupdates";"hatespeech targeting African";"https://app.prolific.co/submissions/complete?cc=91442ADD"
"22877427_gab";"HateXplain";"so the blacks are into islamism abuse of the islam for their own political agenda i heard someone say niggers and the muslims are sandniggers is that family";"1- so, 2- the, 3- blacks, 4- are, 5- into, 6- islamism, 7- abuse, 8- of, 9- the, 10- islam, 11- for, 12- their, 13- own, 14- political, 15- agenda, 16- i, 17- heard, 18- someone, 19- say, 20- niggers, 21- and, 22- the, 23- muslims, 24- are, 25- sandniggers, 26- is, 27- that, 28- family";"hatespeech targeting African";"https://app.prolific.co/submissions/complete?cc=91442ADD"
"22894345_gab";"HateXplain";"i used to think that nigger babies were the ugliest things known to mankind then i decided to take a look at kikes and my opinion has since changed";"1- i, 2- used, 3- to, 4- think, 5- that, 6- nigger, 7- babies, 8- were, 9- the, 10- ugliest, 11- things, 12- known, 13- to, 14- mankind, 15- then, 16- i, 17- decided, 18- to, 19- take, 20- a, 21- look, 22- at, 23- kikes, 24- and, 25- my, 26- opinion, 27- has, 28- since, 29- changed";"hatespeech targeting African";"https://app.prolific.co/submissions/complete?cc=91442ADD"
"22948700_gab";"HateXplain";"if they tried to get into yoir house you wouldkill them its your right to defend ok let em in let your wife get raped yes that is showing love boot out ngos and pro rapeefugee people and why is soros not dead";"1- if, 2- they, 3- tried, 4- to, 5- get, 6- into, 7- yoir, 8- house, 9- you, 10- wouldkill, 11- them, 12- its, 13- your, 14- right, 15- to, 16- defend, 17- ok, 18- let, 19- em, 20- in, 21- let, 22- your, 23- wife, 24- get, 25- raped, 26- yes, 27- that, 28- is, 29- showing, 30- love, 31- boot, 32- out, 33- ngos, 34- and, 35- pro, 36- rapeefugee, 37- people, 38- and, 39- why, 40- is, 41- soros, 42- not, 43- dead";"hatespeech targeting African";"https://app.prolific.co/submissions/complete?cc=91442ADD"
"22962233_gab";"HateXplain";"nope negro the jews main sponsored group her negro comrades would not have to turn in their assault rifles because they did not get them legally in the first place";"1- nope, 2- negro, 3- the, 4- jews, 5- main, 6- sponsored, 7- group, 8- her, 9- negro, 10- comrades, 11- would, 12- not, 13- have, 14- to, 15- turn, 16- in, 17- their, 18- assault, 19- rifles, 20- because, 21- they, 22- did, 23- not, 24- get, 25- them, 26- legally, 27- in, 28- the, 29- first, 30- place";"hatespeech targeting African";"https://app.prolific.co/submissions/complete?cc=91442ADD"
"22982472_gab";"HateXplain";"but black women are humans lmao";"1- but, 2- black, 3- women, 4- are, 5- humans, 6- lmao";"offensive targeting African";"https://app.prolific.co/submissions/complete?cc=91442ADD"
"23131218_gab";"HateXplain";"good for him every time i hear of migrants killed in whichever way it lifts my spirits in the same way as every black or sand nigger murdered by knife or gun crime";"1- good, 2- for, 3- him, 4- every, 5- time, 6- i, 7- hear, 8- of, 9- migrants, 10- killed, 11- in, 12- whichever, 13- way, 14- it, 15- lifts, 16- my, 17- spirits, 18- in, 19- the, 20- same, 21- way, 22- as, 23- every, 24- black, 25- or, 26- sand, 27- nigger, 28- murdered, 29- by, 30- knife, 31- or, 32- gun, 33- crime";"hatespeech targeting African";"https://app.prolific.co/submissions/complete?cc=91442ADD"
"23153961_gab";"HateXplain";"christianity turned whites into lugubrious losers that why even white kids prefer nigger music because niggers do not sound beaten down white christians always do";"1- christianity, 2- turned, 3- whites, 4- into, 5- lugubrious, 6- losers, 7- that, 8- why, 9- even, 10- white, 11- kids, 12- prefer, 13- nigger, 14- music, 15- because, 16- niggers, 17- do, 18- not, 19- sound, 20- beaten, 21- down, 22- white, 23- christians, 24- always, 25- do";"hatespeech targeting African";"https://app.prolific.co/submissions/complete?cc=91442ADD"
"23348141_gab";"HateXplain";"i love how niggers say affirmative action only works for white women and gay white men or everyone else except niggers this is why they will never advance beyond worthless in life i hope they all die from aids today i d be so happy";"1- i, 2- love, 3- how, 4- niggers, 5- say, 6- affirmative, 7- action, 8- only, 9- works, 10- for, 11- white, 12- women, 13- and, 14- gay, 15- white, 16- men, 17- or, 18- everyone, 19- else, 20- except, 21- niggers, 22- this, 23- is, 24- why, 25- they, 26- will, 27- never, 28- advance, 29- beyond, 30- worthless, 31- in, 32- life, 33- i, 34- hope, 35- they, 36- all, 37- die, 38- from, 39- aids, 40- today, 41- i, 42- d, 43- be, 44- so, 45- happy";"hatespeech targeting African";"https://app.prolific.co/submissions/complete?cc=91442ADD"
"23674212_gab";"HateXplain";"you are talking about low iq mentally retarded negros and whites that have quality arms and can shoot at range my money is on them prepare or perish";"1- you, 2- are, 3- talking, 4- about, 5- low, 6- iq, 7- mentally, 8- retarded, 9- negros, 10- and, 11- whites, 12- that, 13- have, 14- quality, 15- arms, 16- and, 17- can, 18- shoot, 19- at, 20- range, 21- my, 22- money, 23- is, 24- on, 25- them, 26- prepare, 27- or, 28- perish";"hatespeech targeting African";"https://app.prolific.co/submissions/complete?cc=91442ADD"
"23760738_gab";"HateXplain";"hey mother fucker i never give up so you keep on being a dumb normie and keep on pushing your fucking retarded neocon cocksucking are you a glow in the dark cia nigger";"1- hey, 2- mother, 3- fucker, 4- i, 5- never, 6- give, 7- up, 8- so, 9- you, 10- keep, 11- on, 12- being, 13- a, 14- dumb, 15- normie, 16- and, 17- keep, 18- on, 19- pushing, 20- your, 21- fucking, 22- retarded, 23- neocon, 24- cocksucking, 25- are, 26- you, 27- a, 28- glow, 29- in, 30- the, 31- dark, 32- cia, 33- nigger";"hatespeech targeting African";"https://app.prolific.co/submissions/complete?cc=91442ADD"
"23834135_gab";"HateXplain";"obama was ghetto bigger so yes";"1- obama, 2- was, 3- ghetto, 4- bigger, 5- so, 6- yes";"offensive targeting African";"https://app.prolific.co/submissions/complete?cc=91442ADD"
"23923843_gab";"HateXplain";"we have female professors here who educate at about <number> the capacity of their male counterparts lower iq on average lazy indolent too weak and cucked to control packs of sand niggers and regular niggers what a pity";"1- we, 2- have, 3- female, 4- professors, 5- here, 6- who, 7- educate, 8- at, 9- about, 10- <number>, 11- the, 12- capacity, 13- of, 14- their, 15- male, 16- counterparts, 17- lower, 18- iq, 19- on, 20- average, 21- lazy, 22- indolent, 23- too, 24- weak, 25- and, 26- cucked, 27- to, 28- control, 29- packs, 30- of, 31- sand, 32- niggers, 33- and, 34- regular, 35- niggers, 36- what, 37- a, 38- pity";"hatespeech targeting African";"https://app.prolific.co/submissions/complete?cc=91442ADD"
"23959011_gab";"HateXplain";"but not by much it more of a statement on how dumb niggers are";"1- but, 2- not, 3- by, 4- much, 5- it, 6- more, 7- of, 8- a, 9- statement, 10- on, 11- how, 12- dumb, 13- niggers, 14- are";"hatespeech targeting African";"https://app.prolific.co/submissions/complete?cc=91442ADD"
"24036438_gab";"HateXplain";"you brainless nigger loving faggots chose the flag of sierra leone for the white movement shit does not get any funnier than that";"1- you, 2- brainless, 3- nigger, 4- loving, 5- faggots, 6- chose, 7- the, 8- flag, 9- of, 10- sierra, 11- leone, 12- for, 13- the, 14- white, 15- movement, 16- shit, 17- does, 18- not, 19- get, 20- any, 21- funnier, 22- than, 23- that";"hatespeech targeting African";"https://app.prolific.co/submissions/complete?cc=91442ADD"
"24039364_gab";"HateXplain";"i do not know why they make the carjacker a white guy tho it not realistic irl it would be a nigger or spic";"1- i, 2- do, 3- not, 4- know, 5- why, 6- they, 7- make, 8- the, 9- carjacker, 10- a, 11- white, 12- guy, 13- tho, 14- it, 15- not, 16- realistic, 17- irl, 18- it, 19- would, 20- be, 21- a, 22- nigger, 23- or, 24- spic";"hatespeech targeting African";"https://app.prolific.co/submissions/complete?cc=91442ADD"
"24122163_gab";"HateXplain";"trump should make it that you only need 5 x the paperwork to fire a niggerette as a white i managed to get a niggerette fired no it wasn t the one with a heplock in her leg that had already been thru the junky nurse program <user> ‍ <user> ‍ murse";"1- trump, 2- should, 3- make, 4- it, 5- that, 6- you, 7- only, 8- need, 9- 5, 10- x, 11- the, 12- paperwork, 13- to, 14- fire, 15- a, 16- niggerette, 17- as, 18- a, 19- white, 20- i, 21- managed, 22- to, 23- get, 24- a, 25- niggerette, 26- fired, 27- no, 28- it, 29- wasn, 30- t, 31- the, 32- one, 33- with, 34- a, 35- heplock, 36- in, 37- her, 38- leg, 39- that, 40- had, 41- already, 42- been, 43- thru, 44- the, 45- junky, 46- nurse, 47- program, 48- <user>, 49- ‍, 50- <user>, 51- ‍, 52- murse";"hatespeech targeting African";"https://app.prolific.co/submissions/complete?cc=91442ADD"
"24138735_gab";"HateXplain";"problem for you is that you do not understand statistics it the methodology of that research it wasn t to determine a physical trait it used non verbal testing to determine a mental trait and niggers on average are borderline retards and visual evidence confirms it get owned nigger";"1- problem, 2- for, 3- you, 4- is, 5- that, 6- you, 7- do, 8- not, 9- understand, 10- statistics, 11- it, 12- the, 13- methodology, 14- of, 15- that, 16- research, 17- it, 18- wasn, 19- t, 20- to, 21- determine, 22- a, 23- physical, 24- trait, 25- it, 26- used, 27- non, 28- verbal, 29- testing, 30- to, 31- determine, 32- a, 33- mental, 34- trait, 35- and, 36- niggers, 37- on, 38- average, 39- are, 40- borderline, 41- retards, 42- and, 43- visual, 44- evidence, 45- confirms, 46- it, 47- get, 48- owned, 49- nigger";"hatespeech targeting African";"https://app.prolific.co/submissions/complete?cc=91442ADD"
"24172961_gab";"HateXplain";"yep and who pushed the civil rights thing which made niggers far worse you got it the joos they are worse than niggers ever thought about being";"1- yep, 2- and, 3- who, 4- pushed, 5- the, 6- civil, 7- rights, 8- thing, 9- which, 10- made, 11- niggers, 12- far, 13- worse, 14- you, 15- got, 16- it, 17- the, 18- joos, 19- they, 20- are, 21- worse, 22- than, 23- niggers, 24- ever, 25- thought, 26- about, 27- being";"hatespeech targeting African";"https://app.prolific.co/submissions/complete?cc=91442ADD"
"24188360_gab";"HateXplain";"just give me a couple minits with this racist cocksucker in a ghetto alley a real fuckin pig parasite of black people true and factual carrion bastard";"1- just, 2- give, 3- me, 4- a, 5- couple, 6- minits, 7- with, 8- this, 9- racist, 10- cocksucker, 11- in, 12- a, 13- ghetto, 14- alley, 15- a, 16- real, 17- fuckin, 18- pig, 19- parasite, 20- of, 21- black, 22- people, 23- true, 24- and, 25- factual, 26- carrion, 27- bastard";"offensive targeting African";"https://app.prolific.co/submissions/complete?cc=91442ADD"
"24192391_gab";"HateXplain";"brown vs board of education what good did this do now we have blacks wanting separation go figure after they fucked up good white schools misanthrope";"1- brown, 2- vs, 3- board, 4- of, 5- education, 6- what, 7- good, 8- did, 9- this, 10- do, 11- now, 12- we, 13- have, 14- blacks, 15- wanting, 16- separation, 17- go, 18- figure, 19- after, 20- they, 21- fucked, 22- up, 23- good, 24- white, 25- schools, 26- misanthrope";"hatespeech targeting African";"https://app.prolific.co/submissions/complete?cc=91442ADD"
"attention_26";"attention check sentences (HateXplain targeting)";"your a welsh cum eating idiot";"1- your, 2- a, 3- welsh, 4- cum, 5- eating, 6- idiot";"offensive";"https://app.prolific.co/submissions/complete?cc=91442ADD"