ID;dataset;text;tokens;label;redirectUrl
11175158_gab;HateXplain;the type of individualism to which you refer is jewish inculcated special snowflake faggotry everyone group but retarded white cuckservatives practices identity politics collectivists will roll over the individual every time just admit you are too cowardly to stand up for your people;1- the, 2- type, 3- of, 4- individualism, 5- to, 6- which, 7- you, 8- refer, 9- is, 10- jewish, 11- inculcated, 12- special, 13- snowflake, 14- faggotry, 15- everyone, 16- group, 17- but, 18- retarded, 19- white, 20- cuckservatives, 21- practices, 22- identity, 23- politics, 24- collectivists, 25- will, 26- roll, 27- over, 28- the, 29- individual, 30- every, 31- time, 32- just, 33- admit, 34- you, 35- are, 36- too, 37- cowardly, 38- to, 39- stand, 40- up, 41- for, 42- your, 43- people;hatespeech targeting Homosexual;https://app.prolific.co/submissions/complete?cc=91442ADD
1119979940080783360_twitter;HateXplain;anyone else think homophobes deserve to be beaten w a pillowcase that contains numerous bars of soap;1- anyone, 2- else, 3- think, 4- homophobes, 5- deserve, 6- to, 7- be, 8- beaten, 9- w, 10- a, 11- pillowcase, 12- that, 13- contains, 14- numerous, 15- bars, 16- of, 17- soap;offensive targeting Homosexual;https://app.prolific.co/submissions/complete?cc=91442ADD
11200659_gab;HateXplain;i am sure you are totally the alpha faggot at the standard fuckparties;1- i, 2- am, 3- sure, 4- you, 5- are, 6- totally, 7- the, 8- alpha, 9- faggot, 10- at, 11- the, 12- standard, 13- fuckparties;offensive targeting Homosexual;https://app.prolific.co/submissions/complete?cc=91442ADD
1120078934329131009_twitter;HateXplain;<user> smoking a faggot;1- <user>, 2- smoking, 3- a, 4- faggot;offensive targeting Homosexual;https://app.prolific.co/submissions/complete?cc=91442ADD
1120281854748319755_twitter;HateXplain;family reunion soon im gonna end up reading some gay shit minsung au 🤙 🏻 🤙 🏻;1- family, 2- reunion, 3- soon, 4- im, 5- gonna, 6- end, 7- up, 8- reading, 9- some, 10- gay, 11- shit, 12- minsung, 13- au, 14- 🤙, 15- 🏻, 16- 🤙, 17- 🏻;offensive targeting Homosexual;https://app.prolific.co/submissions/complete?cc=91442ADD
11204999_gab;HateXplain;it <number> you can honor the lost cause if you are a crazed homosexual jew but i repeat myself thrice;1- it, 2- <number>, 3- you, 4- can, 5- honor, 6- the, 7- lost, 8- cause, 9- if, 10- you, 11- are, 12- a, 13- crazed, 14- homosexual, 15- jew, 16- but, 17- i, 18- repeat, 19- myself, 20- thrice;hatespeech targeting Homosexual;https://app.prolific.co/submissions/complete?cc=91442ADD
1121138432288468995_twitter;HateXplain;alright i ’ m going to change back my avi before people think i ’ m gay 😂;1- alright, 2- i, 3- ’, 4- m, 5- going, 6- to, 7- change, 8- back, 9- my, 10- avi, 11- before, 12- people, 13- think, 14- i, 15- ’, 16- m, 17- gay, 18- 😂;offensive targeting Homosexual;https://app.prolific.co/submissions/complete?cc=91442ADD
1121631476909346816_twitter;HateXplain;<user> aint he bisexual an lgbt king of gays even his mind;1- <user>, 2- aint, 3- he, 4- bisexual, 5- an, 6- lgbt, 7- king, 8- of, 9- gays, 10- even, 11- his, 12- mind;offensive targeting Homosexual;https://app.prolific.co/submissions/complete?cc=91442ADD
1121989408876482561_twitter;HateXplain;if pete gets elected i ’ m going to cut off my gay ear;1- if, 2- pete, 3- gets, 4- elected, 5- i, 6- ’, 7- m, 8- going, 9- to, 10- cut, 11- off, 12- my, 13- gay, 14- ear;offensive targeting Homosexual;https://app.prolific.co/submissions/complete?cc=91442ADD
1122469511460999169_twitter;HateXplain;<user> freudian manifestations of your latent homosexuality;1- <user>, 2- freudian, 3- manifestations, 4- of, 5- your, 6- latent, 7- homosexuality;offensive targeting Homosexual;https://app.prolific.co/submissions/complete?cc=91442ADD
1122685459396587520_twitter;HateXplain;<user> yeah and it was gay af;1- <user>, 2- yeah, 3- and, 4- it, 5- was, 6- gay, 7- af;offensive targeting Homosexual;https://app.prolific.co/submissions/complete?cc=91442ADD
11251506_gab;HateXplain;my sister is having an all lesbian moneynigger taternigger fight watching party is boxing a thing among girlfags or something;1- my, 2- sister, 3- is, 4- having, 5- an, 6- all, 7- lesbian, 8- moneynigger, 9- taternigger, 10- fight, 11- watching, 12- party, 13- is, 14- boxing, 15- a, 16- thing, 17- among, 18- girlfags, 19- or, 20- something;offensive targeting Homosexual;https://app.prolific.co/submissions/complete?cc=91442ADD
11265165_gab;HateXplain;yeah call me a kike because i called you out for being dumb and dishonest tell me that to my face faggot see what happens;1- yeah, 2- call, 3- me, 4- a, 5- kike, 6- because, 7- i, 8- called, 9- you, 10- out, 11- for, 12- being, 13- dumb, 14- and, 15- dishonest, 16- tell, 17- me, 18- that, 19- to, 20- my, 21- face, 22- faggot, 23- see, 24- what, 25- happens;offensive targeting Homosexual;https://app.prolific.co/submissions/complete?cc=91442ADD
11293781_gab;HateXplain;it occurred to me that joan rivers died two weeks after she made the obama is gay and michelle is a tranny comments i wonder 🤔;1- it, 2- occurred, 3- to, 4- me, 5- that, 6- joan, 7- rivers, 8- died, 9- two, 10- weeks, 11- after, 12- she, 13- made, 14- the, 15- obama, 16- is, 17- gay, 18- and, 19- michelle, 20- is, 21- a, 22- tranny, 23- comments, 24- i, 25- wonder, 26- 🤔;offensive targeting Homosexual;https://app.prolific.co/submissions/complete?cc=91442ADD
1146298963089379329_twitter;HateXplain;<user> fuck that gay ass bitch nigger;1- <user>, 2- fuck, 3- that, 4- gay, 5- ass, 6- bitch, 7- nigger;offensive targeting Homosexual;https://app.prolific.co/submissions/complete?cc=91442ADD
1146615_gab;HateXplain;<user> jesus is gay bt he the good kind of gay not like them fucking gay ponies;1- <user>, 2- jesus, 3- is, 4- gay, 5- bt, 6- he, 7- the, 8- good, 9- kind, 10- of, 11- gay, 12- not, 13- like, 14- them, 15- fucking, 16- gay, 17- ponies;hatespeech targeting Homosexual;https://app.prolific.co/submissions/complete?cc=91442ADD
11595806_gab;HateXplain;we have had the best labor day weekend today we handed out condoms at the gay pride parade and then i taught jamal and ubuntu all about recycling our own feces;1- we, 2- have, 3- had, 4- the, 5- best, 6- labor, 7- day, 8- weekend, 9- today, 10- we, 11- handed, 12- out, 13- condoms, 14- at, 15- the, 16- gay, 17- pride, 18- parade, 19- and, 20- then, 21- i, 22- taught, 23- jamal, 24- and, 25- ubuntu, 26- all, 27- about, 28- recycling, 29- our, 30- own, 31- feces;offensive targeting Homosexual;https://app.prolific.co/submissions/complete?cc=91442ADD
1159899505501855744_twitter;HateXplain;<user> going ✈ ️ to be a massive homo;1- <user>, 2- going, 3- ✈, 4- ️, 5- to, 6- be, 7- a, 8- massive, 9- homo;offensive targeting Homosexual;https://app.prolific.co/submissions/complete?cc=91442ADD
1160017189296050177_twitter;HateXplain;<user> hey thats gay;1- <user>, 2- hey, 3- thats, 4- gay;offensive targeting Homosexual;https://app.prolific.co/submissions/complete?cc=91442ADD
11629722_gab;HateXplain;you got schooled by a faggot lol;1- you, 2- got, 3- schooled, 4- by, 5- a, 6- faggot, 7- lol;hatespeech targeting Homosexual;https://app.prolific.co/submissions/complete?cc=91442ADD
1163512005027926016_twitter;HateXplain;<user> <user> these young homos need to be taught i s2 g;1- <user>, 2- <user>, 3- these, 4- young, 5- homos, 6- need, 7- to, 8- be, 9- taught, 10- i, 11- s2, 12- g;offensive targeting Homosexual;https://app.prolific.co/submissions/complete?cc=91442ADD
1163928201627865089_twitter;HateXplain;me quietly sitting in class with my friend and showing off my shoes to her look my friend your gay is showing;1- me, 2- quietly, 3- sitting, 4- in, 5- class, 6- with, 7- my, 8- friend, 9- and, 10- showing, 11- off, 12- my, 13- shoes, 14- to, 15- her, 16- look, 17- my, 18- friend, 19- your, 20- gay, 21- is, 22- showing;offensive targeting Homosexual;https://app.prolific.co/submissions/complete?cc=91442ADD
1166570743154585603_twitter;HateXplain;<user> <user> see a faggot;1- <user>, 2- <user>, 3- see, 4- a, 5- faggot;offensive targeting Homosexual;https://app.prolific.co/submissions/complete?cc=91442ADD
11684343_gab;HateXplain;married homosexual women stephens and sprinkle have officiated at least <number> weddings to various nature entities in nine countries wnd slipperyslopeproof;1- married, 2- homosexual, 3- women, 4- stephens, 5- and, 6- sprinkle, 7- have, 8- officiated, 9- at, 10- least, 11- <number>, 12- weddings, 13- to, 14- various, 15- nature, 16- entities, 17- in, 18- nine, 19- countries, 20- wnd, 21- slipperyslopeproof;offensive targeting Homosexual;https://app.prolific.co/submissions/complete?cc=91442ADD
11684884_gab;HateXplain;i am a lying faggot that moves the goal post;1- i, 2- am, 3- a, 4- lying, 5- faggot, 6- that, 7- moves, 8- the, 9- goal, 10- post;offensive targeting Homosexual;https://app.prolific.co/submissions/complete?cc=91442ADD
1171946213513416705_twitter;HateXplain;<user> has kevin been duping us with his homosexuality this whole time;1- <user>, 2- has, 3- kevin, 4- been, 5- duping, 6- us, 7- with, 8- his, 9- homosexuality, 10- this, 11- whole, 12- time;offensive targeting Homosexual;https://app.prolific.co/submissions/complete?cc=91442ADD
11744991_gab;HateXplain;that faggot is begging for a helicopter ride;1- that, 2- faggot, 3- is, 4- begging, 5- for, 6- a, 7- helicopter, 8- ride;hatespeech targeting Homosexual;https://app.prolific.co/submissions/complete?cc=91442ADD
11758726_gab;HateXplain;better call the anti defamation league you gay jew faggot;1- better, 2- call, 3- the, 4- anti, 5- defamation, 6- league, 7- you, 8- gay, 9- jew, 10- faggot;offensive targeting Homosexual;https://app.prolific.co/submissions/complete?cc=91442ADD
1176631691479322624_twitter;HateXplain;<user> that gay but do mine;1- <user>, 2- that, 3- gay, 4- but, 5- do, 6- mine;offensive targeting Homosexual;https://app.prolific.co/submissions/complete?cc=91442ADD
attention_23;attention chack sentences (HateXplain targeting);that serbian man can kick your scrawny polish ass;1- that, 2- serbian, 3- man, 4- can, 5- kick, 6- your, 7- scrawny, 8- polish, 9- ass;offensive;https://app.prolific.co/submissions/complete?cc=91442ADD