ID;dataset;text;tokens;label;redirectUrl
1179074562870386688_twitter;HateXplain;this fat faggot id such a child grow up porky;1- this, 2- fat, 3- faggot, 4- id, 5- such, 6- a, 7- child, 8- grow, 9- up, 10- porky;hatespeech targeting Homosexual;https://app.prolific.co/submissions/complete?cc=91442ADD
1178590539786133504_twitter;HateXplain;dykes literally look like this 😏 😏 at all times 😏 😏 their facial expressions jus do not change;1- dykes, 2- literally, 3- look, 4- like, 5- this, 6- 😏, 7- 😏, 8- at, 9- all, 10- times, 11- 😏, 12- 😏, 13- their, 14- facial, 15- expressions, 16- jus, 17- do, 18- not, 19- change;offensive targeting Homosexual;https://app.prolific.co/submissions/complete?cc=91442ADD
1179030328654143490_twitter;HateXplain;damn i d eat this girl up but girls be fake gay that the worst;1- damn, 2- i, 3- d, 4- eat, 5- this, 6- girl, 7- up, 8- but, 9- girls, 10- be, 11- fake, 12- gay, 13- that, 14- the, 15- worst;offensive targeting Homosexual;https://app.prolific.co/submissions/complete?cc=91442ADD
1178689835193819137_twitter;HateXplain;you are definitely a stud you just do not have that masculine aggression that dykes have honestly you are giving me major stem vibes you are just too much of a sweetheart to be a dyke oh how i love unsolicited opinions time to kms 🙃;1- you, 2- are, 3- definitely, 4- a, 5- stud, 6- you, 7- just, 8- do, 9- not, 10- have, 11- that, 12- masculine, 13- aggression, 14- that, 15- dykes, 16- have, 17- honestly, 18- you, 19- are, 20- giving, 21- me, 22- major, 23- stem, 24- vibes, 25- you, 26- are, 27- just, 28- too, 29- much, 30- of, 31- a, 32- sweetheart, 33- to, 34- be, 35- a, 36- dyke, 37- oh, 38- how, 39- i, 40- love, 41- unsolicited, 42- opinions, 43- time, 44- to, 45- kms, 46- 🙃;offensive targeting Homosexual;https://app.prolific.co/submissions/complete?cc=91442ADD
1178398958030209024_twitter;HateXplain;in my arms by alex g is a faggot anthem;1- in, 2- my, 3- arms, 4- by, 5- alex, 6- g, 7- is, 8- a, 9- faggot, 10- anthem;hatespeech targeting Homosexual;https://app.prolific.co/submissions/complete?cc=91442ADD
3695492_gab;HateXplain;<user> good one ricky wait till those diesel dykes get hold of her round little ass;1- <user>, 2- good, 3- one, 4- ricky, 5- wait, 6- till, 7- those, 8- diesel, 9- dykes, 10- get, 11- hold, 12- of, 13- her, 14- round, 15- little, 16- ass;offensive targeting Homosexual;https://app.prolific.co/submissions/complete?cc=91442ADD
1178692253906137089_twitter;HateXplain;there a bunch of faggots in my 1 st period communicating by whistling i wanna beat their asses;1- there, 2- a, 3- bunch, 4- of, 5- faggots, 6- in, 7- my, 8- 1, 9- st, 10- period, 11- communicating, 12- by, 13- whistling, 14- i, 15- wanna, 16- beat, 17- their, 18- asses;offensive targeting Homosexual;https://app.prolific.co/submissions/complete?cc=91442ADD
1178120616467161089_twitter;HateXplain;grown ass men doing women activities and lil faggot boys taking your daughter homecoming queen crown this what the fuck yall wanted;1- grown, 2- ass, 3- men, 4- doing, 5- women, 6- activities, 7- and, 8- lil, 9- faggot, 10- boys, 11- taking, 12- your, 13- daughter, 14- homecoming, 15- queen, 16- crown, 17- this, 18- what, 19- the, 20- fuck, 21- yall, 22- wanted;hatespeech targeting Homosexual;https://app.prolific.co/submissions/complete?cc=91442ADD
1178876047858814979_twitter;HateXplain;<user> is a faggot;1- <user>, 2- is, 3- a, 4- faggot;hatespeech targeting Homosexual;https://app.prolific.co/submissions/complete?cc=91442ADD
26905576_gab;HateXplain;but bakers can not turn down a couple shit stirring queers over a wedding cake;1- but, 2- bakers, 3- can, 4- not, 5- turn, 6- down, 7- a, 8- couple, 9- shit, 10- stirring, 11- queers, 12- over, 13- a, 14- wedding, 15- cake;hatespeech targeting Homosexual;https://app.prolific.co/submissions/complete?cc=91442ADD
1178501734290935811_twitter;HateXplain;if you are attracted to zendaya you are a lesbian hi dykes;1- if, 2- you, 3- are, 4- attracted, 5- to, 6- zendaya, 7- you, 8- are, 9- a, 10- lesbian, 11- hi, 12- dykes;offensive targeting Homosexual;https://app.prolific.co/submissions/complete?cc=91442ADD
1178724498297651200_twitter;HateXplain;shoutout to every cishet man who had a crush on me you all are faggots;1- shoutout, 2- to, 3- every, 4- cishet, 5- man, 6- who, 7- had, 8- a, 9- crush, 10- on, 11- me, 12- you, 13- all, 14- are, 15- faggots;offensive targeting Homosexual;https://app.prolific.co/submissions/complete?cc=91442ADD
1178746286364925952_twitter;HateXplain;i made her fuck her best friends like they was dykes;1- i, 2- made, 3- her, 4- fuck, 5- her, 6- best, 7- friends, 8- like, 9- they, 10- was, 11- dykes;offensive targeting Homosexual;https://app.prolific.co/submissions/complete?cc=91442ADD
19764078_gab;HateXplain;<user> get a fucking water proof and come and support ya mates you little fucking lesbian;1- <user>, 2- get, 3- a, 4- fucking, 5- water, 6- proof, 7- and, 8- come, 9- and, 10- support, 11- ya, 12- mates, 13- you, 14- little, 15- fucking, 16- lesbian;offensive targeting Homosexual;https://app.prolific.co/submissions/complete?cc=91442ADD
1179023688655618050_twitter;HateXplain;but you guys went and elected the biggest fucking faggot in america;1- but, 2- you, 3- guys, 4- went, 5- and, 6- elected, 7- the, 8- biggest, 9- fucking, 10- faggot, 11- in, 12- america;offensive targeting Homosexual;https://app.prolific.co/submissions/complete?cc=91442ADD
20994284_gab;HateXplain;ass in the air lodi take every inch of depravity your masters want to give you take it all ya lil faggot btw the 1 st amendment applies to everyone not just thin skinned boomer queers and leftists you do not like gab 🐸 gtfo;1- ass, 2- in, 3- the, 4- air, 5- lodi, 6- take, 7- every, 8- inch, 9- of, 10- depravity, 11- your, 12- masters, 13- want, 14- to, 15- give, 16- you, 17- take, 18- it, 19- all, 20- ya, 21- lil, 22- faggot, 23- btw, 24- the, 25- 1, 26- st, 27- amendment, 28- applies, 29- to, 30- everyone, 31- not, 32- just, 33- thin, 34- skinned, 35- boomer, 36- queers, 37- and, 38- leftists, 39- you, 40- do, 41- not, 42- like, 43- gab, 44- 🐸, 45- gtfo;hatespeech targeting Homosexual;https://app.prolific.co/submissions/complete?cc=91442ADD
24521375_gab;HateXplain;multiple instances where you counter signal cantwell for talking to the feds re antifa you civnat queers defend antifa by fighting their enemies and causing derision;1- multiple, 2- instances, 3- where, 4- you, 5- counter, 6- signal, 7- cantwell, 8- for, 9- talking, 10- to, 11- the, 12- feds, 13- re, 14- antifa, 15- you, 16- civnat, 17- queers, 18- defend, 19- antifa, 20- by, 21- fighting, 22- their, 23- enemies, 24- and, 25- causing, 26- derision;offensive targeting Homosexual;https://app.prolific.co/submissions/complete?cc=91442ADD
1178923296684941312_twitter;HateXplain;<user> go to bed faggot;1- <user>, 2- go, 3- to, 4- bed, 5- faggot;offensive targeting Homosexual;https://app.prolific.co/submissions/complete?cc=91442ADD
1177968322698190848_twitter;HateXplain;marina makes homosexual music but all her fans are faggots;1- marina, 2- makes, 3- homosexual, 4- music, 5- but, 6- all, 7- her, 8- fans, 9- are, 10- faggots;offensive targeting Homosexual;https://app.prolific.co/submissions/complete?cc=91442ADD
16171583_gab;HateXplain;now you see why god told his people to kill queers;1- now, 2- you, 3- see, 4- why, 5- god, 6- told, 7- his, 8- people, 9- to, 10- kill, 11- queers;hatespeech targeting Homosexual;https://app.prolific.co/submissions/complete?cc=91442ADD
1178276990559801344_twitter;HateXplain;edgy gg stans think being racist is ok i hate faggots;1- edgy, 2- gg, 3- stans, 4- think, 5- being, 6- racist, 7- is, 8- ok, 9- i, 10- hate, 11- faggots;hatespeech targeting Homosexual;https://app.prolific.co/submissions/complete?cc=91442ADD
1178645984206827521_twitter;HateXplain;imma do you faggots like the left the gods today;1- imma, 2- do, 3- you, 4- faggots, 5- like, 6- the, 7- left, 8- the, 9- gods, 10- today;offensive targeting Homosexual;https://app.prolific.co/submissions/complete?cc=91442ADD
25021872_gab;HateXplain;well any guy who does not like dyke porn is no doubt gay himself;1- well, 2- any, 3- guy, 4- who, 5- does, 6- not, 7- like, 8- dyke, 9- porn, 10- is, 11- no, 12- doubt, 13- gay, 14- himself;offensive targeting Homosexual;https://app.prolific.co/submissions/complete?cc=91442ADD
1178018319862923264_twitter;HateXplain;that really screams ash is a faggot;1- that, 2- really, 3- screams, 4- ash, 5- is, 6- a, 7- faggot;offensive targeting Homosexual;https://app.prolific.co/submissions/complete?cc=91442ADD
1177894200257462273_twitter;HateXplain;like pick a struggle faggot;1- like, 2- pick, 3- a, 4- struggle, 5- faggot;hatespeech targeting Homosexual;https://app.prolific.co/submissions/complete?cc=91442ADD
1178408717022191616_twitter;HateXplain;<user> <user> you guys are the biggest faggots of the west;1- <user>, 2- <user>, 3- you, 4- guys, 5- are, 6- the, 7- biggest, 8- faggots, 9- of, 10- the, 11- west;offensive targeting Homosexual;https://app.prolific.co/submissions/complete?cc=91442ADD
10146040_gab;HateXplain;no one is transgender it is a behavioral sin like so many queers and other sinners they seek acceptance for their sin lgbtq usa;1- no, 2- one, 3- is, 4- transgender, 5- it, 6- is, 7- a, 8- behavioral, 9- sin, 10- like, 11- so, 12- many, 13- queers, 14- and, 15- other, 16- sinners, 17- they, 18- seek, 19- acceptance, 20- for, 21- their, 22- sin, 23- lgbtq, 24- usa;hatespeech targeting Homosexual;https://app.prolific.co/submissions/complete?cc=91442ADD
1177927419740770304_twitter;HateXplain;happy birthday you fat dyke sharonda white 😂 😂 ❤️ ❤️ ❤️ ❤️;1- happy, 2- birthday, 3- you, 4- fat, 5- dyke, 6- sharonda, 7- white, 8- 😂, 9- 😂, 10- ❤️, 11- ❤️, 12- ❤️, 13- ❤️;hatespeech targeting Homosexual;https://app.prolific.co/submissions/complete?cc=91442ADD
1179096333413519360_twitter;HateXplain;sit down faggots;1- sit, 2- down, 3- faggots;offensive targeting Homosexual;https://app.prolific.co/submissions/complete?cc=91442ADD
attention_20;attention chack sentences (HateXplain targeting);my country philippines is kickass so back off you damn spanard;1- my, 2- country, 3- philippines, 4- is, 5- kickass, 6- so, 7- back, 8- off, 9- you, 10- damn, 11- spanard;offensive;https://app.prolific.co/submissions/complete?cc=91442ADD