"ID";"dataset";"text";"tokens";"label";"redirectUrl"
"27021277_gab";"HateXplain";"so why is it gay pride month and black history month do the gays have no history and the blacks have no pride or the other way around";"1- so, 2- why, 3- is, 4- it, 5- gay, 6- pride, 7- month, 8- and, 9- black, 10- history, 11- month, 12- do, 13- the, 14- gays, 15- have, 16- no, 17- history, 18- and, 19- the, 20- blacks, 21- have, 22- no, 23- pride, 24- or, 25- the, 26- other, 27- way, 28- around";"offensive targeting Homosexual";"https://app.prolific.co/submissions/complete?cc=91442ADD"
"1179007767492870144_twitter";"HateXplain";"came in to the pharmacy playing stone temple pilots too loud and was asked why i was playing angry music by my coworker bitch it not angry music but you the reason";"1- came, 2- in, 3- to, 4- the, 5- pharmacy, 6- playing, 7- stone, 8- temple, 9- pilots, 10- too, 11- loud, 12- and, 13- was, 14- asked, 15- why, 16- i, 17- was, 18- playing, 19- angry, 20- music, 21- by, 22- my, 23- coworker, 24- bitch, 25- it, 26- not, 27- angry, 28- music, 29- but, 30- you, 31- the, 32- reason";"offensive targeting Women";"https://app.prolific.co/submissions/complete?cc=91442ADD"
"27026482_gab";"HateXplain";"yeah ok thai fuck shack faggot google totally did not seize the fucking domain when weev transferred it to them ask him faggot";"1- yeah, 2- ok, 3- thai, 4- fuck, 5- shack, 6- faggot, 7- google, 8- totally, 9- did, 10- not, 11- seize, 12- the, 13- fucking, 14- domain, 15- when, 16- weev, 17- transferred, 18- it, 19- to, 20- them, 21- ask, 22- him, 23- faggot";"offensive targeting Homosexual";"https://app.prolific.co/submissions/complete?cc=91442ADD"
"1076763958453903360_twitter";"HateXplain";"the most disrespectful thing you can do is call your female another bitch name";"1- the, 2- most, 3- disrespectful, 4- thing, 5- you, 6- can, 7- do, 8- is, 9- call, 10- your, 11- female, 12- another, 13- bitch, 14- name";"offensive targeting Women";"https://app.prolific.co/submissions/complete?cc=91442ADD"
"27033411_gab";"HateXplain";"lol at edwin you are a faggot you lost bigly edwin duterte is a faggot and the philippines are a joke keep those call centers open for the white liberals though";"1- lol, 2- at, 3- edwin, 4- you, 5- are, 6- a, 7- faggot, 8- you, 9- lost, 10- bigly, 11- edwin, 12- duterte, 13- is, 14- a, 15- faggot, 16- and, 17- the, 18- philippines, 19- are, 20- a, 21- joke, 22- keep, 23- those, 24- call, 25- centers, 26- open, 27- for, 28- the, 29- white, 30- liberals, 31- though";"offensive targeting Homosexual";"https://app.prolific.co/submissions/complete?cc=91442ADD"
"1077880500214288385_twitter";"HateXplain";"if i was a guy i would straight up tell these hoes u fuckin or what";"1- if, 2- i, 3- was, 4- a, 5- guy, 6- i, 7- would, 8- straight, 9- up, 10- tell, 11- these, 12- hoes, 13- u, 14- fuckin, 15- or, 16- what";"offensive targeting Women";"https://app.prolific.co/submissions/complete?cc=91442ADD"
"27035202_gab";"HateXplain";"scroll down one of the faggots looks like a lumbersexual";"1- scroll, 2- down, 3- one, 4- of, 5- the, 6- faggots, 7- looks, 8- like, 9- a, 10- lumbersexual";"offensive targeting Homosexual";"https://app.prolific.co/submissions/complete?cc=91442ADD"
"1078177821728505856_twitter";"HateXplain";"give me your money bitch that ’ all i want from you";"1- give, 2- me, 3- your, 4- money, 5- bitch, 6- that, 7- ’, 8- all, 9- i, 10- want, 11- from, 12- you";"offensive targeting Women";"https://app.prolific.co/submissions/complete?cc=91442ADD"
"27075151_gab";"HateXplain";"i do like the ymca for working out but they have extreme homosexual leanings nearly all the men working there have the flames turned on high";"1- i, 2- do, 3- like, 4- the, 5- ymca, 6- for, 7- working, 8- out, 9- but, 10- they, 11- have, 12- extreme, 13- homosexual, 14- leanings, 15- nearly, 16- all, 17- the, 18- men, 19- working, 20- there, 21- have, 22- the, 23- flames, 24- turned, 25- on, 26- high";"offensive targeting Homosexual";"https://app.prolific.co/submissions/complete?cc=91442ADD"
"1078682709948620800_twitter";"HateXplain";"women love tellin she ’ half amp half i ’ ll tell you who is tho 😂 😭 😂 😭 😂";"1- women, 2- love, 3- tellin, 4- she, 5- ’, 6- half, 7- amp, 8- half, 9- i, 10- ’, 11- ll, 12- tell, 13- you, 14- who, 15- is, 16- tho, 17- 😂, 18- 😭, 19- 😂, 20- 😭, 21- 😂";"offensive targeting Women";"https://app.prolific.co/submissions/complete?cc=91442ADD"
"27132725_gab";"HateXplain";"kate spade has connection to clinton foundation and her gay husband likes paintings by the creepy pizzagate painter looks like their daughter in the painting why is her pinkie finger macabrely broken";"1- kate, 2- spade, 3- has, 4- connection, 5- to, 6- clinton, 7- foundation, 8- and, 9- her, 10- gay, 11- husband, 12- likes, 13- paintings, 14- by, 15- the, 16- creepy, 17- pizzagate, 18- painter, 19- looks, 20- like, 21- their, 22- daughter, 23- in, 24- the, 25- painting, 26- why, 27- is, 28- her, 29- pinkie, 30- finger, 31- macabrely, 32- broken";"offensive targeting Homosexual";"https://app.prolific.co/submissions/complete?cc=91442ADD"
"1080113975239630848_twitter";"HateXplain";"who ’ washing the hoe out their hair this morning";"1- who, 2- ’, 3- washing, 4- the, 5- hoe, 6- out, 7- their, 8- hair, 9- this, 10- morning";"offensive targeting Women";"https://app.prolific.co/submissions/complete?cc=91442ADD"
"27180730_gab";"HateXplain";"no you shitlib faggot i think the standard in virginia is at least <number> years i can not wait until we can start killing you faggots and your nigger pets and your race traitor pigs the day is nigh";"1- no, 2- you, 3- shitlib, 4- faggot, 5- i, 6- think, 7- the, 8- standard, 9- in, 10- virginia, 11- is, 12- at, 13- least, 14- <number>, 15- years, 16- i, 17- can, 18- not, 19- wait, 20- until, 21- we, 22- can, 23- start, 24- killing, 25- you, 26- faggots, 27- and, 28- your, 29- nigger, 30- pets, 31- and, 32- your, 33- race, 34- traitor, 35- pigs, 36- the, 37- day, 38- is, 39- nigh";"hatespeech targeting Homosexual";"https://app.prolific.co/submissions/complete?cc=91442ADD"
"1080283801589350402_twitter";"HateXplain";"<user> lol yo and my punk ass stay attracted to that shit in women";"1- <user>, 2- lol, 3- yo, 4- and, 5- my, 6- punk, 7- ass, 8- stay, 9- attracted, 10- to, 11- that, 12- shit, 13- in, 14- women";"offensive targeting Women";"https://app.prolific.co/submissions/complete?cc=91442ADD"
"27265236_gab";"HateXplain";"meek and mild c mon don call him what he is a faggot";"1- meek, 2- and, 3- mild, 4- c, 5- mon, 6- don, 7- call, 8- him, 9- what, 10- he, 11- is, 12- a, 13- faggot";"hatespeech targeting Homosexual";"https://app.prolific.co/submissions/complete?cc=91442ADD"
"1081817495005290496_twitter";"HateXplain";"does twitter just randomly go “ and now no more media for tonight go to bed you bitch ” or like";"1- does, 2- twitter, 3- just, 4- randomly, 5- go, 6- “, 7- and, 8- now, 9- no, 10- more, 11- media, 12- for, 13- tonight, 14- go, 15- to, 16- bed, 17- you, 18- bitch, 19- ”, 20- or, 21- like";"offensive targeting Women";"https://app.prolific.co/submissions/complete?cc=91442ADD"
"27275629_gab";"HateXplain";"on the one hand i had to mute <number> or <number> faggy nazi accounts and on the other hand i have to fight mosquitoes outside this morning not sure what the most annoying";"1- on, 2- the, 3- one, 4- hand, 5- i, 6- had, 7- to, 8- mute, 9- <number>, 10- or, 11- <number>, 12- faggy, 13- nazi, 14- accounts, 15- and, 16- on, 17- the, 18- other, 19- hand, 20- i, 21- have, 22- to, 23- fight, 24- mosquitoes, 25- outside, 26- this, 27- morning, 28- not, 29- sure, 30- what, 31- the, 32- most, 33- annoying";"offensive targeting Homosexual";"https://app.prolific.co/submissions/complete?cc=91442ADD"
"1084321272870420482_twitter";"HateXplain";"a beautiful girl leaving an empty stage is a fucking shame amp if you just sit back to watch that shit you are scum";"1- a, 2- beautiful, 3- girl, 4- leaving, 5- an, 6- empty, 7- stage, 8- is, 9- a, 10- fucking, 11- shame, 12- amp, 13- if, 14- you, 15- just, 16- sit, 17- back, 18- to, 19- watch, 20- that, 21- shit, 22- you, 23- are, 24- scum";"offensive targeting Women";"https://app.prolific.co/submissions/complete?cc=91442ADD"
"27283431_gab";"HateXplain";"are we sure trudeau is straight i mean being a faggot makes more since guess somebody is trying to out queer lindsey graham";"1- are, 2- we, 3- sure, 4- trudeau, 5- is, 6- straight, 7- i, 8- mean, 9- being, 10- a, 11- faggot, 12- makes, 13- more, 14- since, 15- guess, 16- somebody, 17- is, 18- trying, 19- to, 20- out, 21- queer, 22- lindsey, 23- graham";"offensive targeting Homosexual";"https://app.prolific.co/submissions/complete?cc=91442ADD"
"1084494975084228610_twitter";"HateXplain";"withoutwomenmenwould men would actually be able to be functioning human beings without being accused of misogyny by a feminazi";"1- withoutwomenmenwould, 2- men, 3- would, 4- actually, 5- be, 6- able, 7- to, 8- be, 9- functioning, 10- human, 11- beings, 12- without, 13- being, 14- accused, 15- of, 16- misogyny, 17- by, 18- a, 19- feminazi";"offensive targeting Women";"https://app.prolific.co/submissions/complete?cc=91442ADD"
"27287442_gab";"HateXplain";"srsly this and homo porn is all you got wtf is your diagnosis besides faggotry because this is some retard tier posting here";"1- srsly, 2- this, 3- and, 4- homo, 5- porn, 6- is, 7- all, 8- you, 9- got, 10- wtf, 11- is, 12- your, 13- diagnosis, 14- besides, 15- faggotry, 16- because, 17- this, 18- is, 19- some, 20- retard, 21- tier, 22- posting, 23- here";"hatespeech targeting Homosexual";"https://app.prolific.co/submissions/complete?cc=91442ADD"
"1087668158146715649_twitter";"HateXplain";"<user> this girl is retarded lmao if you ’ re lucky enough to have this then why would you act like that";"1- <user>, 2- this, 3- girl, 4- is, 5- retarded, 6- lmao, 7- if, 8- you, 9- ’, 10- re, 11- lucky, 12- enough, 13- to, 14- have, 15- this, 16- then, 17- why, 18- would, 19- you, 20- act, 21- like, 22- that";"offensive targeting Women";"https://app.prolific.co/submissions/complete?cc=91442ADD"
"27289289_gab";"HateXplain";"american neoconservatives canadian liberals and european leftists hate russia why because russia is white christian traditional and conservative russia is building orthodox churches rejects the homosexual agenda and opposes multiculturalism russia today is reminiscient of western europe <number> years ago russia is not cucked";"1- american, 2- neoconservatives, 3- canadian, 4- liberals, 5- and, 6- european, 7- leftists, 8- hate, 9- russia, 10- why, 11- because, 12- russia, 13- is, 14- white, 15- christian, 16- traditional, 17- and, 18- conservative, 19- russia, 20- is, 21- building, 22- orthodox, 23- churches, 24- rejects, 25- the, 26- homosexual, 27- agenda, 28- and, 29- opposes, 30- multiculturalism, 31- russia, 32- today, 33- is, 34- reminiscient, 35- of, 36- western, 37- europe, 38- <number>, 39- years, 40- ago, 41- russia, 42- is, 43- not, 44- cucked";"hatespeech targeting Homosexual";"https://app.prolific.co/submissions/complete?cc=91442ADD"
"1087903866312687616_twitter";"HateXplain";"<user> bitches get one upset stomach and swear they pregnant go fart";"1- <user>, 2- bitches, 3- get, 4- one, 5- upset, 6- stomach, 7- and, 8- swear, 9- they, 10- pregnant, 11- go, 12- fart";"offensive targeting Women";"https://app.prolific.co/submissions/complete?cc=91442ADD"
"27304789_gab";"HateXplain";"capitalism is gay";"1- capitalism, 2- is, 3- gay";"offensive targeting Homosexual";"https://app.prolific.co/submissions/complete?cc=91442ADD"
"1091151952107364353_twitter";"HateXplain";"any dirty wife sluts want to have some fun share pics and just do crazy shit";"1- any, 2- dirty, 3- wife, 4- sluts, 5- want, 6- to, 7- have, 8- some, 9- fun, 10- share, 11- pics, 12- and, 13- just, 14- do, 15- crazy, 16- shit";"offensive targeting Women";"https://app.prolific.co/submissions/complete?cc=91442ADD"
"27318602_gab";"HateXplain";"ha classic the dsa faggot was not having a good time";"1- ha, 2- classic, 3- the, 4- dsa, 5- faggot, 6- was, 7- not, 8- having, 9- a, 10- good, 11- time";"hatespeech targeting Homosexual";"https://app.prolific.co/submissions/complete?cc=91442ADD"
"1091578252760674305_twitter";"HateXplain";"crazy to be in a position where women get mad at you for not being a typical asshole";"1- crazy, 2- to, 3- be, 4- in, 5- a, 6- position, 7- where, 8- women, 9- get, 10- mad, 11- at, 12- you, 13- for, 14- not, 15- being, 16- a, 17- typical, 18- asshole";"offensive targeting Women";"https://app.prolific.co/submissions/complete?cc=91442ADD"
"27347238_gab";"HateXplain";"it probably does not since faggot kennedy limited the ruling to just that one baker and just to be pushing back against anti christian statements by the state regulators the one time kennedy was ready to do the right thing roberts was there to overrule him obamacare";"1- it, 2- probably, 3- does, 4- not, 5- since, 6- faggot, 7- kennedy, 8- limited, 9- the, 10- ruling, 11- to, 12- just, 13- that, 14- one, 15- baker, 16- and, 17- just, 18- to, 19- be, 20- pushing, 21- back, 22- against, 23- anti, 24- christian, 25- statements, 26- by, 27- the, 28- state, 29- regulators, 30- the, 31- one, 32- time, 33- kennedy, 34- was, 35- ready, 36- to, 37- do, 38- the, 39- right, 40- thing, 41- roberts, 42- was, 43- there, 44- to, 45- overrule, 46- him, 47- obamacare";"offensive targeting Homosexual";"https://app.prolific.co/submissions/complete?cc=91442ADD"
"attention_17";"attention check sentences (HateXplain targeting)";"yeah dude must be a fucking kenyan";"1- yeah, 2- dude, 3- must, 4- be, 5- a, 6- fucking, 7- kenyan";"offensive";"https://app.prolific.co/submissions/complete?cc=91442ADD"