"ID";"dataset";"text";"tokens";"label";"redirectUrl"
"14974801_gab";"HateXplain";"good idea to release that info just on general principals but do not kid yourself fam detroit ghetto ain t giving up on john conyers they will re elect that old dope for as long as he wants to run good to have conyers around as example of dem corruption for propaganda purposes tho";"1- good, 2- idea, 3- to, 4- release, 5- that, 6- info, 7- just, 8- on, 9- general, 10- principals, 11- but, 12- do, 13- not, 14- kid, 15- yourself, 16- fam, 17- detroit, 18- ghetto, 19- ain, 20- t, 21- giving, 22- up, 23- on, 24- john, 25- conyers, 26- they, 27- will, 28- re, 29- elect, 30- that, 31- old, 32- dope, 33- for, 34- as, 35- long, 36- as, 37- he, 38- wants, 39- to, 40- run, 41- good, 42- to, 43- have, 44- conyers, 45- around, 46- as, 47- example, 48- of, 49- dem, 50- corruption, 51- for, 52- propaganda, 53- purposes, 54- tho";"offensive targeting African";"https://app.prolific.co/submissions/complete?cc=91442ADD"
"15032419_gab";"HateXplain";"<user> there you are we baited the libtards few weeks back i have een suspended from twatter for calling minaj a ghetto whore";"1- <user>, 2- there, 3- you, 4- are, 5- we, 6- baited, 7- the, 8- libtards, 9- few, 10- weeks, 11- back, 12- i, 13- have, 14- een, 15- suspended, 16- from, 17- twatter, 18- for, 19- calling, 20- minaj, 21- a, 22- ghetto, 23- whore";"hatespeech targeting African";"https://app.prolific.co/submissions/complete?cc=91442ADD"
"15076509_gab";"HateXplain";"no democrats do not want them to assimilate as proven by their actions after the civil war right up to today where they make sure blacks are in ghettos like chicago and no where near them does obama live in the a black hood did not think so";"1- no, 2- democrats, 3- do, 4- not, 5- want, 6- them, 7- to, 8- assimilate, 9- as, 10- proven, 11- by, 12- their, 13- actions, 14- after, 15- the, 16- civil, 17- war, 18- right, 19- up, 20- to, 21- today, 22- where, 23- they, 24- make, 25- sure, 26- blacks, 27- are, 28- in, 29- ghettos, 30- like, 31- chicago, 32- and, 33- no, 34- where, 35- near, 36- them, 37- does, 38- obama, 39- live, 40- in, 41- the, 42- a, 43- black, 44- hood, 45- did, 46- not, 47- think, 48- so";"offensive targeting African";"https://app.prolific.co/submissions/complete?cc=91442ADD"
"15090039_gab";"HateXplain";"you can take affirmative action low iq hoodrats like maliaobama out of the ghetto but you can never take the ghetto out of the hoodrats";"1- you, 2- can, 3- take, 4- affirmative, 5- action, 6- low, 7- iq, 8- hoodrats, 9- like, 10- maliaobama, 11- out, 12- of, 13- the, 14- ghetto, 15- but, 16- you, 17- can, 18- never, 19- take, 20- the, 21- ghetto, 22- out, 23- of, 24- the, 25- hoodrats";"hatespeech targeting African";"https://app.prolific.co/submissions/complete?cc=91442ADD"
"15130993_gab";"HateXplain";"no way that another black guy murdering another white person that can not be i mean to say that is a hate crime would be racists or to even say over <number> plus percent black children do not have fathers and that a crime problem would be a hate crime would not it";"1- no, 2- way, 3- that, 4- another, 5- black, 6- guy, 7- murdering, 8- another, 9- white, 10- person, 11- that, 12- can, 13- not, 14- be, 15- i, 16- mean, 17- to, 18- say, 19- that, 20- is, 21- a, 22- hate, 23- crime, 24- would, 25- be, 26- racists, 27- or, 28- to, 29- even, 30- say, 31- over, 32- <number>, 33- plus, 34- percent, 35- black, 36- children, 37- do, 38- not, 39- have, 40- fathers, 41- and, 42- that, 43- a, 44- crime, 45- problem, 46- would, 47- be, 48- a, 49- hate, 50- crime, 51- would, 52- not, 53- it";"offensive targeting African";"https://app.prolific.co/submissions/complete?cc=91442ADD"
"15231723_gab";"HateXplain";"america has basically lost all of its european culture all we have now is ghetto pop music shitty jewish movies consumer culture of walmart and black friday sports culture of watching sweaty negros chase balls what kind of culture is that";"1- america, 2- has, 3- basically, 4- lost, 5- all, 6- of, 7- its, 8- european, 9- culture, 10- all, 11- we, 12- have, 13- now, 14- is, 15- ghetto, 16- pop, 17- music, 18- shitty, 19- jewish, 20- movies, 21- consumer, 22- culture, 23- of, 24- walmart, 25- and, 26- black, 27- friday, 28- sports, 29- culture, 30- of, 31- watching, 32- sweaty, 33- negros, 34- chase, 35- balls, 36- what, 37- kind, 38- of, 39- culture, 40- is, 41- that";"offensive targeting African";"https://app.prolific.co/submissions/complete?cc=91442ADD"
"15270428_gab";"HateXplain";"daily words of wisdom from our favorite chinaman weihan zhang on twitter my friends not listen eminem music criminality african culture learn nothing violent harm baby small pet dog classical music violin traditional chinese song please songsfordummies";"1- daily, 2- words, 3- of, 4- wisdom, 5- from, 6- our, 7- favorite, 8- chinaman, 9- weihan, 10- zhang, 11- on, 12- twitter, 13- my, 14- friends, 15- not, 16- listen, 17- eminem, 18- music, 19- criminality, 20- african, 21- culture, 22- learn, 23- nothing, 24- violent, 25- harm, 26- baby, 27- small, 28- pet, 29- dog, 30- classical, 31- music, 32- violin, 33- traditional, 34- chinese, 35- song, 36- please, 37- songsfordummies";"hatespeech targeting African";"https://app.prolific.co/submissions/complete?cc=91442ADD"
"15320864_gab";"HateXplain";"except you are wrong there as usual whoisshooting com among other sites evince the niggery in your kike narrative btw the majority of pedos are black too fbi gov ucrs crimes against children families";"1- except, 2- you, 3- are, 4- wrong, 5- there, 6- as, 7- usual, 8- whoisshooting, 9- com, 10- among, 11- other, 12- sites, 13- evince, 14- the, 15- niggery, 16- in, 17- your, 18- kike, 19- narrative, 20- btw, 21- the, 22- majority, 23- of, 24- pedos, 25- are, 26- black, 27- too, 28- fbi, 29- gov, 30- ucrs, 31- crimes, 32- against, 33- children, 34- families";"hatespeech targeting African";"https://app.prolific.co/submissions/complete?cc=91442ADD"
"15446164_gab";"HateXplain";"post is proof that negros are retards side note nas is one of the worst pop rappers in history really says a lot about you is it rough being a negro with no taste in music";"1- post, 2- is, 3- proof, 4- that, 5- negros, 6- are, 7- retards, 8- side, 9- note, 10- nas, 11- is, 12- one, 13- of, 14- the, 15- worst, 16- pop, 17- rappers, 18- in, 19- history, 20- really, 21- says, 22- a, 23- lot, 24- about, 25- you, 26- is, 27- it, 28- rough, 29- being, 30- a, 31- negro, 32- with, 33- no, 34- taste, 35- in, 36- music";"offensive targeting African";"https://app.prolific.co/submissions/complete?cc=91442ADD"
"15477682_gab";"HateXplain";"public service announcement god hates niggers and jews";"1- public, 2- service, 3- announcement, 4- god, 5- hates, 6- niggers, 7- and, 8- jews";"hatespeech targeting African";"https://app.prolific.co/submissions/complete?cc=91442ADD"
"15477833_gab";"HateXplain";"hey you fat stupid cunt i hear you are a fat stupid boomercunt that keeps niggers chained in the attic to fuck and white babies in the basement that you feed to your niggers you also fuck dogs";"1- hey, 2- you, 3- fat, 4- stupid, 5- cunt, 6- i, 7- hear, 8- you, 9- are, 10- a, 11- fat, 12- stupid, 13- boomercunt, 14- that, 15- keeps, 16- niggers, 17- chained, 18- in, 19- the, 20- attic, 21- to, 22- fuck, 23- and, 24- white, 25- babies, 26- in, 27- the, 28- basement, 29- that, 30- you, 31- feed, 32- to, 33- your, 34- niggers, 35- you, 36- also, 37- fuck, 38- dogs";"hatespeech targeting African";"https://app.prolific.co/submissions/complete?cc=91442ADD"
"15488008_gab";"HateXplain";"wrong you fat boomer whorekike threats are illegal naming a kike whore like yourself or pointing out your nigdick sucking stupidity are entirely legal you fucking moron and your kike heroes do not own ny slut";"1- wrong, 2- you, 3- fat, 4- boomer, 5- whorekike, 6- threats, 7- are, 8- illegal, 9- naming, 10- a, 11- kike, 12- whore, 13- like, 14- yourself, 15- or, 16- pointing, 17- out, 18- your, 19- nigdick, 20- sucking, 21- stupidity, 22- are, 23- entirely, 24- legal, 25- you, 26- fucking, 27- moron, 28- and, 29- your, 30- kike, 31- heroes, 32- do, 33- not, 34- own, 35- ny, 36- slut";"hatespeech targeting African";"https://app.prolific.co/submissions/complete?cc=91442ADD"
"15549789_gab";"HateXplain";"new gab category within a month of markle and her extended ghetto family moving in";"1- new, 2- gab, 3- category, 4- within, 5- a, 6- month, 7- of, 8- markle, 9- and, 10- her, 11- extended, 12- ghetto, 13- family, 14- moving, 15- in";"offensive targeting African";"https://app.prolific.co/submissions/complete?cc=91442ADD"
"15567503_gab";"HateXplain";"this is essentially exactly the same as a gang of junior high niggers cornering a couple 5 th grade white kids for lunch money this is succumbing to bullying and whining and the bullies will just come back for more tomorrow white america owes niggers nothing they already have not been gibben";"1- this, 2- is, 3- essentially, 4- exactly, 5- the, 6- same, 7- as, 8- a, 9- gang, 10- of, 11- junior, 12- high, 13- niggers, 14- cornering, 15- a, 16- couple, 17- 5, 18- th, 19- grade, 20- white, 21- kids, 22- for, 23- lunch, 24- money, 25- this, 26- is, 27- succumbing, 28- to, 29- bullying, 30- and, 31- whining, 32- and, 33- the, 34- bullies, 35- will, 36- just, 37- come, 38- back, 39- for, 40- more, 41- tomorrow, 42- white, 43- america, 44- owes, 45- niggers, 46- nothing, 47- they, 48- already, 49- have, 50- not, 51- been, 52- gibben";"hatespeech targeting African";"https://app.prolific.co/submissions/complete?cc=91442ADD"
"15581917_gab";"HateXplain";"niggabooms is great muhdikochets niggercrackers jiggaboomz nognoise babalampse predictors muhdikcrackers shitskin symphony niggerhoodgunshots negrogunshots";"1- niggabooms, 2- is, 3- great, 4- muhdikochets, 5- niggercrackers, 6- jiggaboomz, 7- nognoise, 8- babalampse, 9- predictors, 10- muhdikcrackers, 11- shitskin, 12- symphony, 13- niggerhoodgunshots, 14- negrogunshots";"hatespeech targeting African";"https://app.prolific.co/submissions/complete?cc=91442ADD"
"15593011_gab";"HateXplain";"yeah it is pretty entertaining having them online they say some fucking retarded shit e g wewuzkangz i think that why i only suggested that they be prevented from making purchases maybe we can just require a minimum iq that should do the trick";"1- yeah, 2- it, 3- is, 4- pretty, 5- entertaining, 6- having, 7- them, 8- online, 9- they, 10- say, 11- some, 12- fucking, 13- retarded, 14- shit, 15- e, 16- g, 17- wewuzkangz, 18- i, 19- think, 20- that, 21- why, 22- i, 23- only, 24- suggested, 25- that, 26- they, 27- be, 28- prevented, 29- from, 30- making, 31- purchases, 32- maybe, 33- we, 34- can, 35- just, 36- require, 37- a, 38- minimum, 39- iq, 40- that, 41- should, 42- do, 43- the, 44- trick";"hatespeech targeting African";"https://app.prolific.co/submissions/complete?cc=91442ADD"
"15731682_gab";"HateXplain";"besides i am irish white nigger spud nigger shamrock nigger leprechaun nigger potato nigger the nigger list towards the irish is long and creative we worked harder and treated worse than blacks and we dont cry a river over a word";"1- besides, 2- i, 3- am, 4- irish, 5- white, 6- nigger, 7- spud, 8- nigger, 9- shamrock, 10- nigger, 11- leprechaun, 12- nigger, 13- potato, 14- nigger, 15- the, 16- nigger, 17- list, 18- towards, 19- the, 20- irish, 21- is, 22- long, 23- and, 24- creative, 25- we, 26- worked, 27- harder, 28- and, 29- treated, 30- worse, 31- than, 32- blacks, 33- and, 34- we, 35- dont, 36- cry, 37- a, 38- river, 39- over, 40- a, 41- word";"hatespeech targeting African";"https://app.prolific.co/submissions/complete?cc=91442ADD"
"15823951_gab";"HateXplain";"that area of philly is huge ghetto the niggers ruined the best neighborhoods in philly on purpose no such thing as an upscale nigger neighborhood and never will be";"1- that, 2- area, 3- of, 4- philly, 5- is, 6- huge, 7- ghetto, 8- the, 9- niggers, 10- ruined, 11- the, 12- best, 13- neighborhoods, 14- in, 15- philly, 16- on, 17- purpose, 18- no, 19- such, 20- thing, 21- as, 22- an, 23- upscale, 24- nigger, 25- neighborhood, 26- and, 27- never, 28- will, 29- be";"hatespeech targeting African";"https://app.prolific.co/submissions/complete?cc=91442ADD"
"15878969_gab";"HateXplain";"blacks are totally sadistic animals who will happily kill you in the most horrible ways like the murder of mudshark jessica chambers below notice how often blacks are busted for torturing and killing little animals like dogs and cats i effin hate these ugly black bastards";"1- blacks, 2- are, 3- totally, 4- sadistic, 5- animals, 6- who, 7- will, 8- happily, 9- kill, 10- you, 11- in, 12- the, 13- most, 14- horrible, 15- ways, 16- like, 17- the, 18- murder, 19- of, 20- mudshark, 21- jessica, 22- chambers, 23- below, 24- notice, 25- how, 26- often, 27- blacks, 28- are, 29- busted, 30- for, 31- torturing, 32- and, 33- killing, 34- little, 35- animals, 36- like, 37- dogs, 38- and, 39- cats, 40- i, 41- effin, 42- hate, 43- these, 44- ugly, 45- black, 46- bastards";"hatespeech targeting African";"https://app.prolific.co/submissions/complete?cc=91442ADD"
"15887069_gab";"HateXplain";"william randolph hearst is the reason marijuana is illegal today he owned newspapers and timberland in n carolina decordecator came out around this time so he printed in his papers blacks and mexicans were smoking it and raping white women also was married to the president sister at the time";"1- william, 2- randolph, 3- hearst, 4- is, 5- the, 6- reason, 7- marijuana, 8- is, 9- illegal, 10- today, 11- he, 12- owned, 13- newspapers, 14- and, 15- timberland, 16- in, 17- n, 18- carolina, 19- decordecator, 20- came, 21- out, 22- around, 23- this, 24- time, 25- so, 26- he, 27- printed, 28- in, 29- his, 30- papers, 31- blacks, 32- and, 33- mexicans, 34- were, 35- smoking, 36- it, 37- and, 38- raping, 39- white, 40- women, 41- also, 42- was, 43- married, 44- to, 45- the, 46- president, 47- sister, 48- at, 49- the, 50- time";"hatespeech targeting African";"https://app.prolific.co/submissions/complete?cc=91442ADD"
"15891685_gab";"HateXplain";"i disagree blm want to destroy me and my family they hate all white people and believe they are a superior race";"1- i, 2- disagree, 3- blm, 4- want, 5- to, 6- destroy, 7- me, 8- and, 9- my, 10- family, 11- they, 12- hate, 13- all, 14- white, 15- people, 16- and, 17- believe, 18- they, 19- are, 20- a, 21- superior, 22- race";"hatespeech targeting African";"https://app.prolific.co/submissions/complete?cc=91442ADD"
"15971486_gab";"HateXplain";"it just a bunch of roided up monkeys jumping and running around why pay for it when you can go into any ghetto and see the same shit";"1- it, 2- just, 3- a, 4- bunch, 5- of, 6- roided, 7- up, 8- monkeys, 9- jumping, 10- and, 11- running, 12- around, 13- why, 14- pay, 15- for, 16- it, 17- when, 18- you, 19- can, 20- go, 21- into, 22- any, 23- ghetto, 24- and, 25- see, 26- the, 27- same, 28- shit";"offensive targeting African";"https://app.prolific.co/submissions/complete?cc=91442ADD"
"15977167_gab";"HateXplain";"diversity means getting shot by blacks raped by mexicans blown up by arabs and shitty customer service from indians";"1- diversity, 2- means, 3- getting, 4- shot, 5- by, 6- blacks, 7- raped, 8- by, 9- mexicans, 10- blown, 11- up, 12- by, 13- arabs, 14- and, 15- shitty, 16- customer, 17- service, 18- from, 19- indians";"hatespeech targeting African";"https://app.prolific.co/submissions/complete?cc=91442ADD"
"15980336_gab";"HateXplain";"fucking cheetahs have great athletic ability too who gives a fuck you can not build civilizations with basketballs i bring up asians because they are superior to blacks too niggers know whites are superior and that why they always come to white countries and try to fuck white women";"1- fucking, 2- cheetahs, 3- have, 4- great, 5- athletic, 6- ability, 7- too, 8- who, 9- gives, 10- a, 11- fuck, 12- you, 13- can, 14- not, 15- build, 16- civilizations, 17- with, 18- basketballs, 19- i, 20- bring, 21- up, 22- asians, 23- because, 24- they, 25- are, 26- superior, 27- to, 28- blacks, 29- too, 30- niggers, 31- know, 32- whites, 33- are, 34- superior, 35- and, 36- that, 37- why, 38- they, 39- always, 40- come, 41- to, 42- white, 43- countries, 44- and, 45- try, 46- to, 47- fuck, 48- white, 49- women";"hatespeech targeting African";"https://app.prolific.co/submissions/complete?cc=91442ADD"
"16080024_gab";"HateXplain";"see observe this is a gaslight even though you lost goyim niggers are still your best friends";"1- see, 2- observe, 3- this, 4- is, 5- a, 6- gaslight, 7- even, 8- though, 9- you, 10- lost, 11- goyim, 12- niggers, 13- are, 14- still, 15- your, 16- best, 17- friends";"offensive targeting African";"https://app.prolific.co/submissions/complete?cc=91442ADD"
"16085711_gab";"HateXplain";"hurr durr such savagery if our civilization dies out roaming negros rape women like the soviet army occupation of <number> at least we will not have given into savagery hurr durr victorian england was so patriarchal and savage hurr durr these brown matriarchal people are so civilized <user>";"1- hurr, 2- durr, 3- such, 4- savagery, 5- if, 6- our, 7- civilization, 8- dies, 9- out, 10- roaming, 11- negros, 12- rape, 13- women, 14- like, 15- the, 16- soviet, 17- army, 18- occupation, 19- of, 20- <number>, 21- at, 22- least, 23- we, 24- will, 25- not, 26- have, 27- given, 28- into, 29- savagery, 30- hurr, 31- durr, 32- victorian, 33- england, 34- was, 35- so, 36- patriarchal, 37- and, 38- savage, 39- hurr, 40- durr, 41- these, 42- brown, 43- matriarchal, 44- people, 45- are, 46- so, 47- civilized, 48- <user>";"hatespeech targeting African";"https://app.prolific.co/submissions/complete?cc=91442ADD"
"16144576_gab";"HateXplain";"the civil rights movement was nothing more than a communist push for special rights for non whites via jewish legal teams capitalizing off media influenced white guilt and misplaced altruism that would change the face of america into what it is today";"1- the, 2- civil, 3- rights, 4- movement, 5- was, 6- nothing, 7- more, 8- than, 9- a, 10- communist, 11- push, 12- for, 13- special, 14- rights, 15- for, 16- non, 17- whites, 18- via, 19- jewish, 20- legal, 21- teams, 22- capitalizing, 23- off, 24- media, 25- influenced, 26- white, 27- guilt, 28- and, 29- misplaced, 30- altruism, 31- that, 32- would, 33- change, 34- the, 35- face, 36- of, 37- america, 38- into, 39- what, 40- it, 41- is, 42- today";"hatespeech targeting African";"https://app.prolific.co/submissions/complete?cc=91442ADD"
"16163917_gab";"HateXplain";"what kind of ironic about this is that a lot of deep ghetto blacks have asiatic eyes anyone else notice the same thing";"1- what, 2- kind, 3- of, 4- ironic, 5- about, 6- this, 7- is, 8- that, 9- a, 10- lot, 11- of, 12- deep, 13- ghetto, 14- blacks, 15- have, 16- asiatic, 17- eyes, 18- anyone, 19- else, 20- notice, 21- the, 22- same, 23- thing";"offensive targeting African";"https://app.prolific.co/submissions/complete?cc=91442ADD"
"16270707_gab";"HateXplain";"stop making excuses for niggers niggers are always going to be niggers i do not argue with racists b c they are right you want to see some racist people go find a white neighborhood where the black invade to commit crimes";"1- stop, 2- making, 3- excuses, 4- for, 5- niggers, 6- niggers, 7- are, 8- always, 9- going, 10- to, 11- be, 12- niggers, 13- i, 14- do, 15- not, 16- argue, 17- with, 18- racists, 19- b, 20- c, 21- they, 22- are, 23- right, 24- you, 25- want, 26- to, 27- see, 28- some, 29- racist, 30- people, 31- go, 32- find, 33- a, 34- white, 35- neighborhood, 36- where, 37- the, 38- black, 39- invade, 40- to, 41- commit, 42- crimes";"hatespeech targeting African";"https://app.prolific.co/submissions/complete?cc=91442ADD"
"attention_31";"attention check sentences (HateXplain targeting)";"hehe so you are a turk eh mohamed jihad jihad hehehe";"1- hehe, 2- so, 3- you, 4- are, 5- a, 6- turk, 7- eh, 8- mohamed, 9- jihad, 10- jihad, 11- hehehe";"offensive";"https://app.prolific.co/submissions/complete?cc=91442ADD"