"ID";"dataset";"text";"tokens";"label";"redirectUrl"
"22547075_gab";"HateXplain";"i was a good boy told no tales told no lies never saw a chinaman doing up his flies";"1- i, 2- was, 3- a, 4- good, 5- boy, 6- told, 7- no, 8- tales, 9- told, 10- no, 11- lies, 12- never, 13- saw, 14- a, 15- chinaman, 16- doing, 17- up, 18- his, 19- flies";"offensive targeting Asian";"https://app.prolific.co/submissions/complete?cc=91442ADD"
"1179102208392126465_twitter";"HateXplain";"idk what it is but everytime i text people the laugh like they retarded 😂 😂";"1- idk, 2- what, 3- it, 4- is, 5- but, 6- everytime, 7- i, 8- text, 9- people, 10- the, 11- laugh, 12- like, 13- they, 14- retarded, 15- 😂, 16- 😂";"offensive targeting Disability";"https://app.prolific.co/submissions/complete?cc=91442ADD"
"25346039_gab";"HateXplain";"q what do a nigger and a medium domino pizza have in common a they both can not feed a family of <number> <user>";"1- q, 2- what, 3- do, 4- a, 5- nigger, 6- and, 7- a, 8- medium, 9- domino, 10- pizza, 11- have, 12- in, 13- common, 14- a, 15- they, 16- both, 17- can, 18- not, 19- feed, 20- a, 21- family, 22- of, 23- <number>, 24- <user>";"hatespeech targeting African";"https://app.prolific.co/submissions/complete?cc=91442ADD"
"1120656515143127040_twitter";"HateXplain";"<user> keep muslim away defend christian faith ban abortion welcome black american babies in the us";"1- <user>, 2- keep, 3- muslim, 4- away, 5- defend, 6- christian, 7- faith, 8- ban, 9- abortion, 10- welcome, 11- black, 12- american, 13- babies, 14- in, 15- the, 16- us";"offensive targeting African";"https://app.prolific.co/submissions/complete?cc=91442ADD"
"13157224_gab";"HateXplain";"the only negro i d shed a tear for";"1- the, 2- only, 3- negro, 4- i, 5- d, 6- shed, 7- a, 8- tear, 9- for";"offensive targeting African";"https://app.prolific.co/submissions/complete?cc=91442ADD"
"1272194772539772928_twitter";"HateXplain";"<user> the non whites will follow wherever we go until we go somewhere that we do not let wormtongue jews in with us and hold out ground";"1- <user>, 2- the, 3- non, 4- whites, 5- will, 6- follow, 7- wherever, 8- we, 9- go, 10- until, 11- we, 12- go, 13- somewhere, 14- that, 15- we, 16- do, 17- not, 18- let, 19- wormtongue, 20- jews, 21- in, 22- with, 23- us, 24- and, 25- hold, 26- out, 27- ground";"offensive targeting Jewish";"https://app.prolific.co/submissions/complete?cc=91442ADD"
"13979518_gab";"HateXplain";"p at least harvey weinstein only raped and assaulted the gentiles not angelina jolie or gwyneth paltrow so he still a good jew 😂";"1- p, 2- at, 3- least, 4- harvey, 5- weinstein, 6- only, 7- raped, 8- and, 9- assaulted, 10- the, 11- gentiles, 12- not, 13- angelina, 14- jolie, 15- or, 16- gwyneth, 17- paltrow, 18- so, 19- he, 20- still, 21- a, 22- good, 23- jew, 24- 😂";"hatespeech targeting Jewish";"https://app.prolific.co/submissions/complete?cc=91442ADD"
"1165966377515012097_twitter";"HateXplain";"tsurumarus a conservative evangelic baptist confederate redneck with sex toes on his right foot and missing half of his teeth";"1- tsurumarus, 2- a, 3- conservative, 4- evangelic, 5- baptist, 6- confederate, 7- redneck, 8- with, 9- sex, 10- toes, 11- on, 12- his, 13- right, 14- foot, 15- and, 16- missing, 17- half, 18- of, 19- his, 20- teeth";"offensive targeting Caucasian";"https://app.prolific.co/submissions/complete?cc=91442ADD"
"22124162_gab";"HateXplain";"human rights require that white people get tortured to death";"1- human, 2- rights, 3- require, 4- that, 5- white, 6- people, 7- get, 8- tortured, 9- to, 10- death";"hatespeech targeting Caucasian";"https://app.prolific.co/submissions/complete?cc=91442ADD"
"1117092728309813253_twitter";"HateXplain";"sad to say but i do not trust shit i know how bitches operate";"1- sad, 2- to, 3- say, 4- but, 5- i, 6- do, 7- not, 8- trust, 9- shit, 10- i, 11- know, 12- how, 13- bitches, 14- operate";"offensive targeting Women";"https://app.prolific.co/submissions/complete?cc=91442ADD"
"15362015_gab";"HateXplain";"the modern american woman hollywood edition women should feel empowered sucks a dick for a movie role women should feel empowered silent about underage girls and boys raped by hollywood execs omg he touched metoo tweeted from <number> million dollar mansion";"1- the, 2- modern, 3- american, 4- woman, 5- hollywood, 6- edition, 7- women, 8- should, 9- feel, 10- empowered, 11- sucks, 12- a, 13- dick, 14- for, 15- a, 16- movie, 17- role, 18- women, 19- should, 20- feel, 21- empowered, 22- silent, 23- about, 24- underage, 25- girls, 26- and, 27- boys, 28- raped, 29- by, 30- hollywood, 31- execs, 32- omg, 33- he, 34- touched, 35- metoo, 36- tweeted, 37- from, 38- <number>, 39- million, 40- dollar, 41- mansion";"offensive targeting Women";"https://app.prolific.co/submissions/complete?cc=91442ADD"
"1113068490741604352_twitter";"HateXplain";"<user> wow islam side by side w jews only <number> case in the entire world so what happened to all the jews in kolkata";"1- <user>, 2- wow, 3- islam, 4- side, 5- by, 6- side, 7- w, 8- jews, 9- only, 10- <number>, 11- case, 12- in, 13- the, 14- entire, 15- world, 16- so, 17- what, 18- happened, 19- to, 20- all, 21- the, 22- jews, 23- in, 24- kolkata";"offensive targeting Islam";"https://app.prolific.co/submissions/complete?cc=91442ADD"
"14061504_gab";"HateXplain";"and all it takes is <number> muslim terrorist to kill how many yesterday and <number> muslim terrorists killed <number> on <number> <number> i wonder how many <number> per year will kill and how many will not be democrats";"1- and, 2- all, 3- it, 4- takes, 5- is, 6- <number>, 7- muslim, 8- terrorist, 9- to, 10- kill, 11- how, 12- many, 13- yesterday, 14- and, 15- <number>, 16- muslim, 17- terrorists, 18- killed, 19- <number>, 20- on, 21- <number>, 22- <number>, 23- i, 24- wonder, 25- how, 26- many, 27- <number>, 28- per, 29- year, 30- will, 31- kill, 32- and, 33- how, 34- many, 35- will, 36- not, 37- be, 38- democrats";"hatespeech targeting Islam";"https://app.prolific.co/submissions/complete?cc=91442ADD"
"1266293386782228480_twitter";"HateXplain";"arabs wanna scream one umma but when shit hits the fan they mad quiet";"1- arabs, 2- wanna, 3- scream, 4- one, 5- umma, 6- but, 7- when, 8- shit, 9- hits, 10- the, 11- fan, 12- they, 13- mad, 14- quiet";"offensive targeting Arab";"https://app.prolific.co/submissions/complete?cc=91442ADD"
"15745855_gab";"HateXplain";"listen to me you fuck there is only one way you can say you are redpilled on women and that after you have created a family with one the sandnigger alien standards are those of a subhuman organism";"1- listen, 2- to, 3- me, 4- you, 5- fuck, 6- there, 7- is, 8- only, 9- one, 10- way, 11- you, 12- can, 13- say, 14- you, 15- are, 16- redpilled, 17- on, 18- women, 19- and, 20- that, 21- after, 22- you, 23- have, 24- created, 25- a, 26- family, 27- with, 28- one, 29- the, 30- sandnigger, 31- alien, 32- standards, 33- are, 34- those, 35- of, 36- a, 37- subhuman, 38- organism";"hatespeech targeting Arab";"https://app.prolific.co/submissions/complete?cc=91442ADD"
"1110662122072170496_twitter";"HateXplain";"<user> <user> i fucking hate this shit with a passion turkey are bastards for this";"1- <user>, 2- <user>, 3- i, 4- fucking, 5- hate, 6- this, 7- shit, 8- with, 9- a, 10- passion, 11- turkey, 12- are, 13- bastards, 14- for, 15- this";"offensive targeting Other";"https://app.prolific.co/submissions/complete?cc=91442ADD"
"1458687_gab";"HateXplain";"my retarded liberal friends are all in a panic lots of crying and gnashing of teeth over the trump win i love it gabfam";"1- my, 2- retarded, 3- liberal, 4- friends, 5- are, 6- all, 7- in, 8- a, 9- panic, 10- lots, 11- of, 12- crying, 13- and, 14- gnashing, 15- of, 16- teeth, 17- over, 18- the, 19- trump, 20- win, 21- i, 22- love, 23- it, 24- gabfam";"offensive targeting Other";"https://app.prolific.co/submissions/complete?cc=91442ADD"
"1089766334437707776_twitter";"HateXplain";"<user> so you are going to set free all of the immigrants whom ice has jailed cool get working on it lil marco";"1- <user>, 2- so, 3- you, 4- are, 5- going, 6- to, 7- set, 8- free, 9- all, 10- of, 11- the, 12- immigrants, 13- whom, 14- ice, 15- has, 16- jailed, 17- cool, 18- get, 19- working, 20- on, 21- it, 22- lil, 23- marco";"offensive targeting Refugee";"https://app.prolific.co/submissions/complete?cc=91442ADD"
"17312932_gab";"HateXplain";"voila only way you can save your country from being sucked dry as netanyahu said otherwise they will bring it down from within its all strategy really they bring down big countries by trojan horse thats why they sending all refugees to germany too its all a scam";"1- voila, 2- only, 3- way, 4- you, 5- can, 6- save, 7- your, 8- country, 9- from, 10- being, 11- sucked, 12- dry, 13- as, 14- netanyahu, 15- said, 16- otherwise, 17- they, 18- will, 19- bring, 20- it, 21- down, 22- from, 23- within, 24- its, 25- all, 26- strategy, 27- really, 28- they, 29- bring, 30- down, 31- big, 32- countries, 33- by, 34- trojan, 35- horse, 36- thats, 37- why, 38- they, 39- sending, 40- all, 41- refugees, 42- to, 43- germany, 44- too, 45- its, 46- all, 47- a, 48- scam";"offensive targeting Refugee";"https://app.prolific.co/submissions/complete?cc=91442ADD"
"1260073770837893121_twitter";"HateXplain";"<user> my mom said it doesn ’ t even matter bc at the end of the day “ most asians if you trace them far back enough have chinese blood ”";"1- <user>, 2- my, 3- mom, 4- said, 5- it, 6- doesn, 7- ’, 8- t, 9- even, 10- matter, 11- bc, 12- at, 13- the, 14- end, 15- of, 16- the, 17- day, 18- “, 19- most, 20- asians, 21- if, 22- you, 23- trace, 24- them, 25- far, 26- back, 27- enough, 28- have, 29- chinese, 30- blood, 31- ”";"offensive targeting Asian";"https://app.prolific.co/submissions/complete?cc=91442ADD"
"24235305_gab";"HateXplain";"based hot jew andrew mix with asians anglin";"1- based, 2- hot, 3- jew, 4- andrew, 5- mix, 6- with, 7- asians, 8- anglin";"offensive targeting Asian";"https://app.prolific.co/submissions/complete?cc=91442ADD"
"1178869929250054149_twitter";"HateXplain";"<number> sacks <number> fucking goddamn sacks are you fucking kidding me you fat retarded mongoloids better protect that goddamn soulless ginger jesus fucking christ <user> get your shit together";"1- <number>, 2- sacks, 3- <number>, 4- fucking, 5- goddamn, 6- sacks, 7- are, 8- you, 9- fucking, 10- kidding, 11- me, 12- you, 13- fat, 14- retarded, 15- mongoloids, 16- better, 17- protect, 18- that, 19- goddamn, 20- soulless, 21- ginger, 22- jesus, 23- fucking, 24- christ, 25- <user>, 26- get, 27- your, 28- shit, 29- together";"hatespeech targeting Disability";"https://app.prolific.co/submissions/complete?cc=91442ADD"
"15186957_gab";"HateXplain";"good riddance to bad nigger garbage";"1- good, 2- riddance, 3- to, 4- bad, 5- nigger, 6- garbage";"hatespeech targeting African";"https://app.prolific.co/submissions/complete?cc=91442ADD"
"1145906212640362497_twitter";"HateXplain";"<user> bottom <number> account on twitter how can u disrespect negro swan";"1- <user>, 2- bottom, 3- <number>, 4- account, 5- on, 6- twitter, 7- how, 8- can, 9- u, 10- disrespect, 11- negro, 12- swan";"hatespeech targeting African";"https://app.prolific.co/submissions/complete?cc=91442ADD"
"13170938_gab";"HateXplain";"fuck that ghetto bitch she attacked a mother with child by pouring a drink on her and then punching her she punked the mother out in front of her child and in public people who do not know how to behave civilized should not be out in public";"1- fuck, 2- that, 3- ghetto, 4- bitch, 5- she, 6- attacked, 7- a, 8- mother, 9- with, 10- child, 11- by, 12- pouring, 13- a, 14- drink, 15- on, 16- her, 17- and, 18- then, 19- punching, 20- her, 21- she, 22- punked, 23- the, 24- mother, 25- out, 26- in, 27- front, 28- of, 29- her, 30- child, 31- and, 32- in, 33- public, 34- people, 35- who, 36- do, 37- not, 38- know, 39- how, 40- to, 41- behave, 42- civilized, 43- should, 44- not, 45- be, 46- out, 47- in, 48- public";"offensive targeting African";"https://app.prolific.co/submissions/complete?cc=91442ADD"
"1178723030161334274_twitter";"HateXplain";"<user> od leave them white devils alone";"1- <user>, 2- od, 3- leave, 4- them, 5- white, 6- devils, 7- alone";"offensive targeting Caucasian";"https://app.prolific.co/submissions/complete?cc=91442ADD"
"22223010_gab";"HateXplain";"need a fat white bitch ay can i getcho numba come pay my rent ho";"1- need, 2- a, 3- fat, 4- white, 5- bitch, 6- ay, 7- can, 8- i, 9- getcho, 10- numba, 11- come, 12- pay, 13- my, 14- rent, 15- ho";"offensive targeting Caucasian";"https://app.prolific.co/submissions/complete?cc=91442ADD"
"1178453172853121024_twitter";"HateXplain";"seven bitches with me and ain t none of them mediocre from they head to they toes they so far from mediocre hadi yallah ananızı sikerim";"1- seven, 2- bitches, 3- with, 4- me, 5- and, 6- ain, 7- t, 8- none, 9- of, 10- them, 11- mediocre, 12- from, 13- they, 14- head, 15- to, 16- they, 17- toes, 18- they, 19- so, 20- far, 21- from, 22- mediocre, 23- hadi, 24- yallah, 25- ananızı, 26- sikerim";"offensive targeting Women";"https://app.prolific.co/submissions/complete?cc=91442ADD"
"15580989_gab";"HateXplain";"this is the real metoo help us daddywhiteman give us free stuff from unfair divorce settlements and unfair access to the kids to unfair application of the terms domestic violence or sexual harassment metoo i want a secure well paid job in the government without many men around metoo";"1- this, 2- is, 3- the, 4- real, 5- metoo, 6- help, 7- us, 8- daddywhiteman, 9- give, 10- us, 11- free, 12- stuff, 13- from, 14- unfair, 15- divorce, 16- settlements, 17- and, 18- unfair, 19- access, 20- to, 21- the, 22- kids, 23- to, 24- unfair, 25- application, 26- of, 27- the, 28- terms, 29- domestic, 30- violence, 31- or, 32- sexual, 33- harassment, 34- metoo, 35- i, 36- want, 37- a, 38- secure, 39- well, 40- paid, 41- job, 42- in, 43- the, 44- government, 45- without, 46- many, 47- men, 48- around, 49- metoo";"hatespeech targeting Women";"https://app.prolific.co/submissions/complete?cc=91442ADD"
"attention_47";"attention check sentences (HateXplain targeting)";"that nicca told me he wasnt gon na my money till next week";"1- that, 2- nicca, 3- told, 4- me, 5- he, 6- wasnt, 7- gon, 8- na, 9- my, 10- money, 11- till, 12- next, 13- week";"offensive";"https://app.prolific.co/submissions/complete?cc=91442ADD"