ID;dataset;text;tokens;label;redirectUrl
6180233_gab;HateXplain;no asians no jews the university will decline faster than rat up a drainpipe;1- no, 2- asians, 3- no, 4- jews, 5- the, 6- university, 7- will, 8- decline, 9- faster, 10- than, 11- rat, 12- up, 13- a, 14- drainpipe;hatespeech targeting Asian;https://app.prolific.co/submissions/complete?cc=91442ADD
23154870_gab;HateXplain;4 chan humour a mexican and a nigger arr in a car who is driving a cop;1- 4, 2- chan, 3- humour, 4- a, 5- mexican, 6- and, 7- a, 8- nigger, 9- arr, 10- in, 11- a, 12- car, 13- who, 14- is, 15- driving, 16- a, 17- cop;hatespeech targeting African;https://app.prolific.co/submissions/complete?cc=91442ADD
19932727_gab;HateXplain;refugees in white homelands are worth more then gold to israel ask trump and any kike truth fears no investigation they are low wage workers which will destroy america labor market but you still vote for this goyim;1- refugees, 2- in, 3- white, 4- homelands, 5- are, 6- worth, 7- more, 8- then, 9- gold, 10- to, 11- israel, 12- ask, 13- trump, 14- and, 15- any, 16- kike, 17- truth, 18- fears, 19- no, 20- investigation, 21- they, 22- are, 23- low, 24- wage, 25- workers, 26- which, 27- will, 28- destroy, 29- america, 30- labor, 31- market, 32- but, 33- you, 34- still, 35- vote, 36- for, 37- this, 38- goyim;hatespeech targeting Jewish;https://app.prolific.co/submissions/complete?cc=91442ADD
1159300974118363138_twitter;HateXplain;ion see how niggas be raping bitches they literally handing pussy out 😂 lbs;1- ion, 2- see, 3- how, 4- niggas, 5- be, 6- raping, 7- bitches, 8- they, 9- literally, 10- handing, 11- pussy, 12- out, 13- 😂, 14- lbs;offensive targeting Women;https://app.prolific.co/submissions/complete?cc=91442ADD
14436416_gab;HateXplain;khan can suck the shit off the syphilitic dicks of his moslem pedo brothers uk cops can lick up the mess never rotherham rochdale rape jihad sharia creep islamo facism white genocide christiangenocide never islam 14 words;1- khan, 2- can, 3- suck, 4- the, 5- shit, 6- off, 7- the, 8- syphilitic, 9- dicks, 10- of, 11- his, 12- moslem, 13- pedo, 14- brothers, 15- uk, 16- cops, 17- can, 18- lick, 19- up, 20- the, 21- mess, 22- never, 23- rotherham, 24- rochdale, 25- rape, 26- jihad, 27- sharia, 28- creep, 29- islamo, 30- facism, 31- white, 32- genocide, 33- christiangenocide, 34- never, 35- islam, 36- 14, 37- words;hatespeech targeting Islam;https://app.prolific.co/submissions/complete?cc=91442ADD
10009556_gab;HateXplain;why are people so offended by the word paki surely the word fucking that comes before is more offensive;1- why, 2- are, 3- people, 4- so, 5- offended, 6- by, 7- the, 8- word, 9- paki, 10- surely, 11- the, 12- word, 13- fucking, 14- that, 15- comes, 16- before, 17- is, 18- more, 19- offensive;offensive targeting Arab;https://app.prolific.co/submissions/complete?cc=91442ADD
21708332_gab;HateXplain;i wonder if they had to walk out in schools near the ghetto;1- i, 2- wonder, 3- if, 4- they, 5- had, 6- to, 7- walk, 8- out, 9- in, 10- schools, 11- near, 12- the, 13- ghetto;offensive targeting Other;https://app.prolific.co/submissions/complete?cc=91442ADD
25393018_gab;HateXplain;🌸 traci davis 🌸 ‏ soros money is helping california automatically list everyone in their database as eligible voters hm are not illegal immigrants c r on the govt database wethepeople desperately need travisallenforcagovernor to send them back to stop soros agenda;1- 🌸, 2- traci, 3- davis, 4- 🌸, 5- soros, 6- money, 7- is, 8- helping, 9- california, 10- automatically, 11- list, 12- everyone, 13- in, 14- their, 15- database, 16- as, 17- eligible, 18- voters, 19- hm, 20- are, 21- not, 22- illegal, 23- immigrants, 24- c, 25- r, 26- on, 27- the, 28- govt, 29- database, 30- wethepeople, 31- desperately, 32- need, 33- travisallenforcagovernor, 34- to, 35- send, 36- them, 37- back, 38- to, 39 stop, 40- soros, 41- agenda;offensive targeting Refugee;https://app.prolific.co/submissions/complete?cc=91442ADD
7884653_gab;HateXplain;also asians get more of a pass cause they are seen as less threatening cause they are good at math and have small umm hands;1- also, 2- asians, 3- get, 4- more, 5- of, 6- a, 7- pass, 8- cause, 9- they, 10- are, 11- seen, 12- as, 13- less, 14- threatening, 15- cause, 16- they, 17- are, 18- good, 19- at, 20- math, 21- and, 22- have, 23- small, 24- umm, 25- hands;offensive targeting Asian;https://app.prolific.co/submissions/complete?cc=91442ADD
14110630_gab;HateXplain;i am surprised twitter did not promote the nigger that did this what made twitter cuck to the right at the last minute the bitches;1- i, 2- am, 3- surprised, 4- twitter, 5- did, 6- not, 7- promote, 8- the, 9- nigger, 10- that, 11- did, 12- this, 13- what, 14- made, 15- twitter, 16- cuck, 17- to, 18- the, 19- right, 20- at, 21- the, 22- last, 23- minute, 24- the, 25- bitches;hatespeech targeting African;https://app.prolific.co/submissions/complete?cc=91442ADD
20126138_gab;HateXplain;you are the epitome of stupidity you could not beat the kike vermin alone last time so this time your goal is wait for it to fight the kike vermin alone again and lose again you have the strategic sense hitler did moron;1- you, 2- are, 3- the, 4- epitome, 5- of, 6- stupidity, 7- you, 8- could, 9- not, 10- beat, 11- the, 12- kike, 13- vermin, 14- alone, 15- last, 16- time, 17- so, 18- this, 19- time, 20- your, 21- goal, 22- is, 23- wait, 24- for, 25- it, 26- to, 27- fight, 28- the, 29- kike, 30- vermin, 31- alone, 32- again, 33- and, 34- lose, 35- again, 36- you, 37- have, 38- the, 39- strategic, 40- sense, 41- hitler, 42- did, 43- moron;hatespeech targeting Jewish;https://app.prolific.co/submissions/complete?cc=91442ADD
1162574708090515456_twitter;HateXplain;i got a shooter on my right just in case a bitch try <number> do me wrong;1- i, 2- got, 3- a, 4- shooter, 5- on, 6- my, 7- right, 8- just, 9- in, 10- case, 11- a, 12- bitch, 13- try, 14- <number>, 15- do, 16- me, 17- wrong;offensive targeting Women;https://app.prolific.co/submissions/complete?cc=91442ADD
19204201_gab;HateXplain;i discovered <number> quarters of whats fucked up about youtube muslimes muslimes everywhere;1- i, 2- discovered, 3- <number>, 4- quarters, 5- of, 6- whats, 7- fucked, 8- up, 9- about, 10- youtube, 11- muslimes, 12- muslimes, 13- everywhere;hatespeech targeting Islam;https://app.prolific.co/submissions/complete?cc=91442ADD
18481911_gab;HateXplain;lol you keep typing fuxc you dumb cunt you paki trash are way too dumb to even fix your auto correct;1- lol, 2- you, 3- keep, 4- typing, 5- fuxc, 6- you, 7- dumb, 8- cunt, 9- you, 10- paki, 11- trash, 12- are, 13- way, 14- too, 15- dumb, 16- to, 17- even, 18- fix, 19- your, 20- auto, 21- correct;hatespeech targeting Arab;https://app.prolific.co/submissions/complete?cc=91442ADD
21846776_gab;HateXplain;how did you deal with all the murderers racists sexists and absolute brainwashed retarded democrats and lefties on twitter and facebook;1- how, 2- did, 3- you, 4- deal, 5- with, 6- all, 7- the, 8- murderers, 9- racists, 10- sexists, 11- and, 12- absolute, 13- brainwashed, 14- retarded, 15- democrats, 16- and, 17- lefties, 18- on, 19- twitter, 20- and, 21- facebook;offensive targeting Other;https://app.prolific.co/submissions/complete?cc=91442ADD
25704249_gab;HateXplain;they do not mean to bring the fake refugees to their country u know it right they mean to build a wall around their border and shoot at everyone and at the same time helping other people to invade our countries;1- they, 2- do, 3- not, 4- mean, 5- to, 6- bring, 7- the, 8- fake, 9- refugees, 10- to, 11- their, 12- country, 13- u, 14- know, 15- it, 16- right, 17- they, 18- mean, 19- to, 20- build, 21- a, 22- wall, 23- around, 24- their, 25- border, 26- and, 27- shoot, 28- at, 29- everyone, 30- and, 31- at, 32- the, 33- same, 34- time, 35- helping, 36- other, 37- people, 38- to, 39- invade, 40- our, 41- countries;offensive targeting Refugee;https://app.prolific.co/submissions/complete?cc=91442ADD
9242741_gab;HateXplain;true although i never had to install extra security cause some asians moved into the neighborhood;1- true, 2- although, 3- i, 4- never, 5- had, 6- to, 7- install, 8- extra, 9- security, 10- cause, 11- some, 12- asians, 13- moved, 14- into, 15- the, 16- neighborhood;offensive targeting Asian;https://app.prolific.co/submissions/complete?cc=91442ADD
13104688_gab;HateXplain;we need nigger control;1- we, 2- need, 3- nigger, 4- control;hatespeech targeting African;https://app.prolific.co/submissions/complete?cc=91442ADD
20055328_gab;HateXplain;this yid parasitic bitch should be hanged on the 1 st tall tree that grows in the center of the city to all to see and learn that yids are beasts of the field and not allowed to exist with humans;1- this, 2- yid, 3- parasitic, 4- bitch, 5- should, 6- be, 7- hanged, 8- on, 9- the, 10- 1, 11- st, 12- tall, 13- tree, 14- that, 15- grows, 16- in, 17- the, 18- center, 19- of, 20- the, 21- city, 22- to, 23- all, 24- to, 25- see, 26- and, 27- learn, 28- that, 29- yids, 30- are, 31- beasts, 32- of, 33- the, 34- field, 35- and, 36- not, 37- allowed, 38- to, 39- exist, 40- with, 41- humans;hatespeech targeting Jewish;https://app.prolific.co/submissions/complete?cc=91442ADD
1178918762151460864_twitter;HateXplain;<user> <user> she wants be raped and that attention that she h as to to dress that way let her be prone to sex offenders and rapist;1- <user>, 2- <user>, 3- she, 4- wants, 5- be, 6- raped, 7- and, 8- that, 9- attention, 10- that, 11- she, 12- h, 13- as, 14- to, 15- to, 16- dress, 17- that, 18- way, 19- let, 20- her, 21- be, 22- prone, 23- to, 24- sex, 25- offenders, 26- and, 27- rapist;offensive targeting Women;https://app.prolific.co/submissions/complete?cc=91442ADD
26999037_gab;HateXplain;so the major reason that moslem commit murder etc is because that the only way their book says that entry into heaven is guaranteed and they have recently opened it up for women too which previously was forbidden;1- so, 2- the, 3- major, 4- reason, 5- that, 6- moslem, 7- commit, 8- murder, 9- etc, 10- is, 11- because, 12- that, 13- the, 14- only, 15- way, 16- their, 17- book, 18- says, 19- that, 20- entry, 21- into, 22- heaven, 23- is, 24- guaranteed, 25- and, 26- they, 27- have, 28- recently, 29- opened, 30- it, 31- up, 32- for, 33- women, 34- too, 35- which, 36- previously, 37- was, 38- forbidden;offensive targeting Islam;https://app.prolific.co/submissions/complete?cc=91442ADD
6563191_gab;HateXplain;now that article <number> has been triggered let us take a moment to think about the people that made it happen dirty stinking paki bastards;1- now, 2- that, 3- article, 4- <number>, 5- has, 6- been, 7- triggered, 8- let, 9- us, 10- take, 11- a, 12- moment, 13- to, 14- think, 15- about, 16- the, 17- people, 18- that, 19- made, 20- it, 21- happen, 22- dirty, 23- stinking, 24- paki, 25- bastards;hatespeech targeting Arab;https://app.prolific.co/submissions/complete?cc=91442ADD
22167958_gab;HateXplain;damn tfw total retard yet micro confirms ur suspicions called this weeks ago feelsgodopan jpg practice cancelled today shits about to get rough;1- damn, 2- tfw, 3- total, 4- retard, 5- yet, 6- micro, 7- confirms, 8- ur, 9- suspicions, 10- called, 11- this, 12- weeks, 13- ago, 14- feelsgodopan, 15- jpg, 16- practice, 17- cancelled, 18- today, 19- shits, 20- about, 21- to, 22- get, 23- rough;offensive targeting Other;https://app.prolific.co/submissions/complete?cc=91442ADD
25757191_gab;HateXplain;hawaii invites refugees to their island and the volcanos said fuck no lmao;1- hawaii, 2- invites, 3- refugees, 4- to, 5- their, 6- island, 7- and, 8- the, 9- volcanos, 10- said, 11- fuck, 12- no, 13- lmao;offensive targeting Refugee;https://app.prolific.co/submissions/complete?cc=91442ADD
9816222_gab;HateXplain;asians have a weird thing where they will read the protocols and then decide to teach their kids aggadata from the talmud;1- asians, 2- have, 3- a, 4- weird, 5- thing, 6- where, 7- they, 8- will, 9- read, 10- the, 11- protocols, 12- and, 13- then, 14- decide, 15- to, 16- teach, 17- their, 18- kids, 19- aggadata, 20- from, 21- the, 22- talmud;offensive targeting Asian;https://app.prolific.co/submissions/complete?cc=91442ADD
13120211_gab;HateXplain;two things racialists dont all grasp racialism does not stop at the racial border it applies within race too to individuals and other subgroups one can be as naive about government capacity as about nigger capacity;1- two, 2- things, 3- racialists, 4- dont, 5- all, 6- grasp, 7- racialism, 8- does, 9- not, 10- stop, 11- at, 12- the, 13- racial, 14- border, 15- it, 16- applies, 17- within, 18- race, 19- too, 20- to, 21- individuals, 22- and, 23- other, 24- subgroups, 25- one, 26- can, 27- be, 28- as, 29- naive, 30- about, 31- government, 32- capacity, 33- as, 34- about, 35- nigger, 36- capacity;offensive targeting African;https://app.prolific.co/submissions/complete?cc=91442ADD
16188142_gab;HateXplain;lol at <user> thinks he a dothead kike lol;1- lol, 2- at, 3- <user>, 4- thinks, 5- he, 6- a, 7- dothead, 8- kike, 9- lol;hatespeech targeting Jewish;https://app.prolific.co/submissions/complete?cc=91442ADD
1178828239185297409_twitter;HateXplain;in conclusion your moms a hoe;1- in, 2- conclusion, 3- your, 4- moms, 5- a, 6- hoe;offensive targeting Women;https://app.prolific.co/submissions/complete?cc=91442ADD
14832083_gab;HateXplain;good night family god bless remember every muscum wants us dead but god is our savior this ha all been foretold it just a matter of accepting we are at war yet we sit on screens love ya all again god bless;1- good, 2- night, 3- family, 4- god, 5- bless, 6- remember, 7- every, 8- muscum, 9- wants, 10- us, 11- dead, 12- but, 13- god, 14- is, 15- our, 16- savior, 17- this, 18- ha, 19- all, 20- been, 21- foretold, 22- it, 23- just, 24- a, 25- matter, 26- of, 27- accepting, 28- we, 29- are, 30- at, 31- war, 32- yet, 33- we, 34- sit, 35- on, 36- screens, 37- love, 38- ya, 39- all, 40- again, 41- god, 42- bless;hatespeech targeting Islam;https://app.prolific.co/submissions/complete?cc=91442ADD
attention_1;attention check sentences (HateXplain targeting);look at ukrainian yuri he has a huge penis;1- look, 2- at, 3- ukrainian, 4- yuri, 5- he, 6- has, 7- a, 8- huge, 9- penis;offensive;https://app.prolific.co/submissions/complete?cc=91442ADD