ID;dataset;text;tokens;label;redirectUrl
20317635_gab;HateXplain;fuck what this kike cunt has to say only thing she is good for is sticking a cock down her throat so she can not talk;1- fuck, 2- what, 3- this, 4- kike, 5- cunt, 6- has, 7- to, 8- say, 9- only, 10- thing, 11- she, 12- is, 13- good, 14- for, 15- is, 16- sticking, 17- a, 18- cock, 19- down, 20- her, 21- throat, 22- so, 23- she, 24- can, 25- not, 26- talk;hatespeech targeting Jewish;https://app.prolific.co/submissions/complete?cc=91442ADD
1179104012831993856_twitter;HateXplain;i just do not like you hoes when you a hoe you do anyything so no you not gone be around;1- i, 2- just, 3- do, 4- not, 5- like, 6- you, 7- hoes, 8- when, 9- you, 10- a, 11- hoe, 12- you, 13- do, 14- anyything, 15- so, 16- no, 17- you, 18- not, 19- gone, 20- be, 21- around;offensive targeting Women;https://app.prolific.co/submissions/complete?cc=91442ADD
9798597_gab;HateXplain;flushed with victory after normalizing trannies exposing children to drag queens queer leftie freaks are now cooking up rationales for why it okay to touch kids down there toddlers understand the concept of consent see this video proves it what are you some kind of ageist bigot;1- flushed, 2- with, 3- victory, 4- after, 5- normalizing, 6- trannies, 7- exposing, 8- children, 9- to, 10- drag, 11- queens, 12- queer, 13- leftie, 14- freaks, 15- are, 16- now, 17- cooking, 18- up, 19- rationales, 20- for, 21- why, 22- it, 23- okay, 24- to, 25- touch, 26- kids, 27- down, 28- there, 29- toddlers, 30- understand, 31- the, 32- concept, 33- of, 34- consent, 35- see, 36- this, 37- video, 38- proves, 39- it, 40- what, 41- are, 42- you, 43- some, 44- kind, 45- of, 46- ageist, 47- bigot;hatespeech targeting Homosexual;https://app.prolific.co/submissions/complete?cc=91442ADD
12290514_gab;HateXplain;france problems are not going to fix themselves and this attack was just the tip of the iceberg uncontrolled immigration has been an ongoing issue in france for over a decade the only longstanding solution would be to deport every last moslem back to their home countries mega;1- france, 2- problems, 3- are, 4- not, 5- going, 6- to, 7- fix, 8- themselves, 9- and, 10- this, 11- attack, 12- was, 13- just, 14- the, 15- tip, 16- of, 17- the, 18- iceberg, 19- uncontrolled, 20- immigration, 21- has, 22- been, 23- an, 24- ongoing, 25- issue, 26- in, 27- france, 28- for, 29- over, 30- a, 31- decade, 32- the, 33- only, 34- longstanding, 35- solution, 36- would, 37- be, 38- to, 39- deport, 40- every, 41- last, 42- moslem, 43- back, 44- to, 45- their, 46- home, 47- countries, 48- mega;offensive targeting Islam;https://app.prolific.co/submissions/complete?cc=91442ADD
13557607_gab;HateXplain;even on vacation a dune coon always keeps his whip hand strong;1- even, 2- on, 3- vacation, 4- a, 5- dune, 6- coon, 7- always, 8- keeps, 9- his, 10- whip, 11- hand, 12- strong;hatespeech targeting Arab;https://app.prolific.co/submissions/complete?cc=91442ADD
10665227_gab;HateXplain;idk about you but i think kimjongun is perhaps retarded no offense to retarded people northkorea;1- idk, 2- about, 3- you, 4- but, 5- i, 6- think, 7- kimjongun, 8- is, 9- perhaps, 10- retarded, 11- no, 12- offense, 13- to, 14- retarded, 15- people, 16- northkorea;offensive targeting Other;https://app.prolific.co/submissions/complete?cc=91442ADD
22944138_gab;HateXplain;there is not a single solitary syrian refugee anywhere because of the un;1- there, 2- is, 3- not, 4- a, 5- single, 6- solitary, 7- syrian, 8- refugee, 9- anywhere, 10- because, 11- of, 12- the, 13- un;offensive targeting Refugee;https://app.prolific.co/submissions/complete?cc=91442ADD
1188528732077613056_twitter;HateXplain;me and <user> are looking for <number> asians one under age for me the other <number> for badger be a baddie or you aint in 👎 🙅 ‍ ♂ ️ 💯;1- me, 2- and, 3- <user>, 4- are, 5- looking, 6- for, 7- <number>, 8- asians, 9- one, 10- under, 11- age, 12- for, 13- me, 14- the, 15- other, 16- <number>, 17- for, 18- badger, 19- be, 20- a, 21- baddie, 22- or, 23- you, 24- aint, 25- in, 26- 👎, 27- 🙅, 28- ♂, 29- 💯;offensive targeting Asian;https://app.prolific.co/submissions/complete?cc=91442ADD
18452027_gab;HateXplain;average white iq <number> average asian iq <number> average african iq <number> nigger they are of inferior stock as they would say in the old days why you would mix with a spic unless this is some kind of pillaging operation is beyond me;1- average, 2- white, 3- iq, 4- <number>, 5- average, 6- asian, 7- iq, 8- <number>, 9- average, 10- african, 11- iq, 12- <number>, 13- nigger, 14- they, 15- are, 16- of, 17- inferior, 18- stock, 19- as, 20- they, 21- would, 22- say, 23- in, 24- the, 25- old, 26- days, 27- why, 28- you, 29- would, 30- mix, 31- with, 32- a, 33- spic, 34- unless, 35- this, 36- is, 37- some, 38- kind, 39- of, 40- pillaging, 41- operation, 42- is, 43- beyond, 44- me;hatespeech targeting African;https://app.prolific.co/submissions/complete?cc=91442ADD
19206277_gab;HateXplain;the only rationale i can see for trump not firing prosecuting rosenstein is that now that little kike is in his pocket bad idea;1- the, 2- only, 3- rationale, 4- i, 5- can, 6- see, 7- for, 8- trump, 9- not, 10- firing, 11- prosecuting, 12- rosenstein, 13- is, 14- that, 15- now, 16- that, 17- little, 18- kike, 19- is, 20- in, 21- his, 22- pocket, 23- bad, 24- idea;hatespeech targeting Jewish;https://app.prolific.co/submissions/complete?cc=91442ADD
1179038601067130882_twitter;HateXplain;im just saying i can turn any bitch into a slut make that bitch do things she never done before so if she a nasty freak when she come home to you ya welcome son;1- im, 2- just, 3- saying, 4- i, 5- can, 6- turn, 7- any, 8- bitch, 9- into, 10- a, 11- slut, 12- make, 13- that, 14- bitch, 15- do, 16- things, 17- she, 18- never, 19- done, 20- before, 21- so, 22- if, 23- she, 24- a, 25- nasty, 26- freak, 27- when, 28- she, 29- come, 30- home, 31- to, 32- you, 33- ya, 34- welcome, 35- son;offensive targeting Women;https://app.prolific.co/submissions/complete?cc=91442ADD
21544944_gab;HateXplain;the muzrat trash call everyone a racist;1- the, 2- muzrat, 3- trash, 4- call, 5- everyone, 6- a, 7- racist;hatespeech targeting Islam;https://app.prolific.co/submissions/complete?cc=91442ADD
12857719_gab;HateXplain;different caliber rifles being fired shoddy aim isis listed vegas as a city they are targeting if it looks like a dune coon and acts like a dune coon update it looks more like antifa but the female suspect did reportedly visit the me just last year;1- different, 2- caliber, 3- rifles, 4- being, 5- fired, 6- shoddy, 7- aim, 8- isis, 9- listed, 10- vegas, 11- as, 12- a, 13- city, 14- they, 15- are, 16- targeting, 17- if, 18- it, 19- looks, 20- like, 21- a, 22- dune, 23- coon, 24- and, 25- acts, 26- like, 27- a, 28- dune, 29- coon, 30- update, 31- it, 32- looks, 33- more, 34- like, 35- antifa, 36- but, 37- the, 38- female, 39- suspect, 40- did, 41- reportedly, 42- visit, 43- the, 44- me, 45- just, 46- last, 47- year;hatespeech targeting Arab;https://app.prolific.co/submissions/complete?cc=91442ADD
10678202_gab;HateXplain;yup voluntarily associating with such folks is the most retarded marketing strategy i have ever seen;1- yup, 2- voluntarily, 3- associating, 4- with, 5- such, 6- folks, 7- is, 8- the, 9- most, 10- retarded, 11- marketing, 12- strategy, 13- i, 14- have, 15- ever, 16- seen;offensive targeting Other;https://app.prolific.co/submissions/complete?cc=91442ADD
23103890_gab;HateXplain;my tweet to potus moments ago sir <user> <user> these illegal aliens and their organizers continue to use the word refugee with hubris i think you need to look very closely at what the previous admin put on the books regarding the difference between refugee and illegal immigrant loophole trump;1- my, 2- tweet, 3- to, 4- potus, 5- moments, 6- ago, 7- sir, 8- <user>, 9- <user>, 10- these, 11- illegal, 12- aliens, 13- and, 14- their, 15- organizers, 16- continue, 17- to, 18- use, 19- the, 20- word, 21- refugee, 22- with, 23- hubris, 24- i, 25- think, 26- you, 27- need, 28- to, 29- look, 30- very, 31- closely, 32- at, 33- what, 34- the, 35- previous, 36- admin, 37- put, 38- on, 39- the, 40- books, 41- regarding, 42- the, 43- difference, 44- between, 45- refugee, 46- and, 47- illegal, 48- immigrant, 49- loophole, 50- trump;offensive targeting Refugee;https://app.prolific.co/submissions/complete?cc=91442ADD
1218589835155427328_twitter;HateXplain;<user> is that person dumb are asians not poc omg;1- <user>, 2- is, 3- that, 4- person, 5- dumb, 6- are, 7- asians, 8- not, 9- poc, 10- omg;offensive targeting Asian;https://app.prolific.co/submissions/complete?cc=91442ADD
1180865_gab;HateXplain;gab fam leaky weiner speak freely if you dont think nigger obama will pardon that crooked old lady you are kidding yourself classifiedinfomatters;1- gab, 2- fam, 3- leaky, 4- weiner, 5- speak, 6- freely, 7- if, 8- you, 9- dont, 10- think, 11- nigger, 12- obama, 13- will, 14- pardon, 15- that, 16- crooked, 17- old, 18- lady, 19- you, 20- are, 21- kidding, 22- yourself, 23- classifiedinfomatters;hatespeech targeting African;https://app.prolific.co/submissions/complete?cc=91442ADD
4321340_gab;HateXplain;<user> lets see what they will do to the smelly kike who composed that tweet and whose name is visible in the photo the world awaits his lynching with relish;1- <user>, 2- lets, 3- see, 4- what, 5- they, 6- will, 7- do, 8- to, 9- the, 10- smelly, 11- kike, 12- who, 13- composed, 14- that, 15- tweet, 16- and, 17- whose, 18- name, 19- is, 20- visible, 21- in, 22- the, 23- photo, 24- the, 25- world, 26- awaits, 27- his, 28- lynching, 29- with, 30- relish;hatespeech targeting Jewish;https://app.prolific.co/submissions/complete?cc=91442ADD
1178859191374618624_twitter;HateXplain;let it go if the hoe want hoe than let it go;1- let, 2- it, 3- go, 4- if, 5- the, 6- hoe, 7- want, 8- hoe, 9- than, 10- let, 11- it, 12- go;offensive targeting Women;https://app.prolific.co/submissions/complete?cc=91442ADD
4701852_gab;HateXplain;fanbloodytastic by time these leeches are held to account especially the muzzie scum taking <number> wives breeding kids like rabbits in order to increase welfare payments potus ur simply the best 👍 👏 👏 👏 👏;1- fanbloodytastic, 2- by, 3- time, 4- these, 5- leeches, 6- are, 7- held, 8- to, 9- account, 10- especially, 11- the, 12- muzzie, 13- scum, 14- taking, 15- <number>, 16- wives, 17- breeding, 18- kids, 19- like, 20- rabbits, 21- in, 22- order, 23- to, 24- increase, 25- welfare, 26- payments, 27- potus, 28- ur, 29- simply, 30- the, 31- best, 32- 👍, 33- 👏, 34- 👏, 35- 👏, 36- 👏;hatespeech targeting Islam;https://app.prolific.co/submissions/complete?cc=91442ADD
11174183_gab;HateXplain;just what we need a sandnigger goatfucker for governor ffs;1- just, 2- what, 3- we, 4- need, 5- a, 6- sandnigger, 7- goatfucker, 8- for, 9- governor, 10- ffs;hatespeech targeting Arab;https://app.prolific.co/submissions/complete?cc=91442ADD
10754706_gab;HateXplain;finally trump my man calling out both retarded sides;1- finally, 2- trump, 3- my, 4- man, 5- calling, 6- out, 7- both, 8- retarded, 9- sides;offensive targeting Other;https://app.prolific.co/submissions/complete?cc=91442ADD
23452245_gab;HateXplain;i am wondering if russia is willing to take american refugees yet i got a <number> iq and a desire to kill for my race gotta be worth something;1- i, 2- am, 3- wondering, 4- if, 5- russia, 6- is, 7- willing, 8- to, 9- take, 10- american, 11- refugees, 12- yet, 13- i, 14- got, 15- a, 16- <number>, 17- iq, 18- and, 19- a, 20- desire, 21- to, 22- kill, 23- for, 24- my, 25- race, 26- gotta, 27- be, 28- worth, 29- something;hatespeech targeting Refugee;https://app.prolific.co/submissions/complete?cc=91442ADD
1235732567950643202_twitter;HateXplain;all my friends and peers are being openly racist towards asians and this bitch is not having it;1- all, 2- my, 3- friends, 4- and, 5- peers, 6- are, 7- being, 8- openly, 9- racist, 10- towards, 11- asians, 12- and, 13- this, 14- bitch, 15- is, 16- not, 17- having, 18- it;offensive targeting Asian;https://app.prolific.co/submissions/complete?cc=91442ADD
15813856_gab;HateXplain;i got thrown out of some fancy hotel on hollywood blvd a few minutes ago because i told the valet nigger where he could put his feelings about my attitude all in all a successful evening although i am sure my wife will disagree when she gets home;1- i, 2- got, 3- thrown, 4- out, 5- of, 6- some, 7- fancy, 8- hotel, 9- on, 10- hollywood, 11- blvd, 12- a, 13- few, 14- minutes, 15- ago, 16- because, 17- i, 18- told, 19- the, 20- valet, 21- nigger, 22- where, 23- he, 24- could, 25- put, 26- his, 27- feelings, 28- about, 29- my, 30- attitude, 31- all, 32- in, 33- all, 34- a, 35- successful, 36- evening, 37- although, 38- i, 39- am, 40- sure, 41- my, 42- wife, 43- will, 44- disagree, 45- when, 46- she, 47- gets, 48- home;hatespeech targeting African;https://app.prolific.co/submissions/complete?cc=91442ADD
27652218_gab;HateXplain;i have found another degenerate who is pushing smut on gab not a joke he is actually promoting smut and porn <user> is a degenerate diversity kike hiding behind patriotism i am not so easily fooled;1- i, 2- have, 3- found, 4- another, 5- degenerate, 6- who, 7- is, 8- pushing, 9- smut, 10- on, 11- gab, 12- not, 13- a, 14- joke, 15- he, 16- is, 17- actually, 18- promoting, 19- smut, 20- and, 21- porn, 22- <user>, 23- is, 24- a, 25- degenerate, 26- diversity, 27- kike, 28- hiding, 29- behind, 30- patriotism, 31- i, 32- am, 33- not, 34- so, 35- easily, 36- fooled;hatespeech targeting Jewish;https://app.prolific.co/submissions/complete?cc=91442ADD
1121765912745586688_twitter;HateXplain;cut them hoes of quic;1- cut, 2- them, 3- hoes, 4- of, 5- quic;offensive targeting Women;https://app.prolific.co/submissions/complete?cc=91442ADD
15511986_gab;HateXplain;we need to change the priority of the refugee program we will take all white south afrikans pariotic britains frenchies germies swedes etc persecuted christians let the invaders finish their countries full of muzzrats liberals off;1- we, 2- need, 3- to, 4- change, 5- the, 6- priority, 7- of, 8- the, 9- refugee, 10- program, 11- we, 12- will, 13- take, 14- all, 15- white, 16- south, 17- afrikans, 18- pariotic, 19- britains, 20- frenchies, 21- germies, 22- swedes, 23- etc, 24- persecuted, 25- christians, 26- let, 27- the, 28- invaders, 29- finish, 30- their, 31- countries, 32- full, 33- of, 34- muzzrats, 35- liberals, 36- off;hatespeech targeting Islam;https://app.prolific.co/submissions/complete?cc=91442ADD
18425904_gab;HateXplain;thirteen year olds dont seig heil sand nigger in a vacuum lolololol;1- thirteen, 2- year, 3- olds, 4- dont, 5- seig, 6- heil, 7- sand, 8- nigger, 9- in, 10- a, 11- vacuum, 12- lolololol;hatespeech targeting Arab;https://app.prolific.co/submissions/complete?cc=91442ADD
attention_8;attention check sentences (HateXplain targeting);you afghans got tremendous dicksbut i dont believe it;1- you, 2- afghans, 3- got, 4- tremendous, 5- dicksbut, 6- i, 7- dont, 8- believe, 9- it;offensive;https://app.prolific.co/submissions/complete?cc=91442ADD