"ID";"dataset";"text";"tokens";"label";"redirectUrl"
"27296852_gab";"HateXplain";"i do not mean to be rude but i hope you get sentenced to death by lethal injection and then it gets commuted to life in prison so that you can get assraped by blacks in prison every day for <number> years and then you die hail victory";"1- i, 2- do, 3- not, 4- mean, 5- to, 6- be, 7- rude, 8- but, 9- i, 10- hope, 11- you, 12- get, 13- sentenced, 14- to, 15- death, 16- by, 17- lethal, 18- injection, 19- and, 20- then, 21- it, 22- gets, 23- commuted, 24- to, 25- life, 26- in, 27- prison, 28- so, 29- that, 30- you, 31- can, 32- get, 33- assraped, 34- by, 35- blacks, 36- in, 37- prison, 38- every, 39- day, 40- for, 41- <number>, 42- years, 43- and, 44- then, 45- you, 46- die, 47- hail, 48- victory";"hatespeech targeting African";"https://app.prolific.co/submissions/complete?cc=91442ADD"
"27365651_gab";"HateXplain";"i bet the nigger didnt have a green card";"1- i, 2- bet, 3- the, 4- nigger, 5- didnt, 6- have, 7- a, 8- green, 9- card";"hatespeech targeting African";"https://app.prolific.co/submissions/complete?cc=91442ADD"
"27431941_gab";"HateXplain";"i do not take the opinion of anybody with a nigger name seriously that alone tells me that his her mother probably do not know the father was ghetto trash";"1- i, 2- do, 3- not, 4- take, 5- the, 6- opinion, 7- of, 8- anybody, 9- with, 10- a, 11- nigger, 12- name, 13- seriously, 14- that, 15- alone, 16- tells, 17- me, 18- that, 19- his, 20- her, 21- mother, 22- probably, 23- do, 24- not, 25- know, 26- the, 27- father, 28- was, 29- ghetto, 30- trash";"offensive targeting African";"https://app.prolific.co/submissions/complete?cc=91442ADD"
"27454163_gab";"HateXplain";"lol the blacks in las vegas have seem to adopted our culture it seem i wonder if they will adopted our calm nature and no more ghetto culture we shall see stay tuned folks";"1- lol, 2- the, 3- blacks, 4- in, 5- las, 6- vegas, 7- have, 8- seem, 9- to, 10- adopted, 11- our, 12- culture, 13- it, 14- seem, 15- i, 16- wonder, 17- if, 18- they, 19- will, 20- adopted, 21- our, 22- calm, 23- nature, 24- and, 25- no, 26- more, 27- ghetto, 28- culture, 29- we, 30- shall, 31- see, 32- stay, 33- tuned, 34- folks";"hatespeech targeting African";"https://app.prolific.co/submissions/complete?cc=91442ADD"
"27518270_gab";"HateXplain";"the thought of ethnonationalism frightens the blaq man not just because he worried about violence being done to his ppl at the hands of whitey but also because he understands that despite his critiques of white solidarity blaqs are just as hostile towards one another he needs wypipo to blame";"1- the, 2- thought, 3- of, 4- ethnonationalism, 5- frightens, 6- the, 7- blaq, 8- man, 9- not, 10- just, 11- because, 12- he, 13- worried, 14- about, 15- violence, 16- being, 17- done, 18- to, 19- his, 20- ppl, 21- at, 22- the, 23- hands, 24- of, 25- whitey, 26- but, 27- also, 28- because, 29- he, 30- understands, 31- that, 32- despite, 33- his, 34- critiques, 35- of, 36- white, 37- solidarity, 38- blaqs, 39- are, 40- just, 41- as, 42- hostile, 43- towards, 44- one, 45- another, 46- he, 47- needs, 48- wypipo, 49- to, 50- blame";"offensive targeting African";"https://app.prolific.co/submissions/complete?cc=91442ADD"
"27617506_gab";"HateXplain";"the sales pitch claims brand new epic drama nothing epic was ever launched from either the ghetto or the jungles of darkie africa maybe they meant epidemic";"1- the, 2- sales, 3- pitch, 4- claims, 5- brand, 6- new, 7- epic, 8- drama, 9- nothing, 10- epic, 11- was, 12- ever, 13- launched, 14- from, 15- either, 16- the, 17- ghetto, 18- or, 19- the, 20- jungles, 21- of, 22- darkie, 23- africa, 24- maybe, 25- they, 26- meant, 27- epidemic";"hatespeech targeting African";"https://app.prolific.co/submissions/complete?cc=91442ADD"
"27654250_gab";"HateXplain";"the niggers love the smell of grandma depends";"1- the, 2- niggers, 3- love, 4- the, 5- smell, 6- of, 7- grandma, 8- depends";"hatespeech targeting African";"https://app.prolific.co/submissions/complete?cc=91442ADD"
"27845571_gab";"HateXplain";"i bet this negroid is in ghetto hell wishing he was alive to see all the publicity he finally getting now that he dead goodriddancefool";"1- i, 2- bet, 3- this, 4- negroid, 5- is, 6- in, 7- ghetto, 8- hell, 9- wishing, 10- he, 11- was, 12- alive, 13- to, 14- see, 15- all, 16- the, 17- publicity, 18- he, 19- finally, 20- getting, 21- now, 22- that, 23- he, 24- dead, 25- goodriddancefool";"hatespeech targeting African";"https://app.prolific.co/submissions/complete?cc=91442ADD"
"27848788_gab";"HateXplain";"curanis are nigger jews";"1- curanis, 2- are, 3- nigger, 4- jews";"hatespeech targeting African";"https://app.prolific.co/submissions/complete?cc=91442ADD"
"2869677_gab";"HateXplain";"trump cabinet consists mostly of billionaires military as opposed to ghetto thugs freeloaders islamic terrorist sympathizers maga";"1- trump, 2- cabinet, 3- consists, 4- mostly, 5- of, 6- billionaires, 7- military, 8- as, 9- opposed, 10- to, 11- ghetto, 12- thugs, 13- freeloaders, 14- islamic, 15- terrorist, 16- sympathizers, 17- maga";"offensive targeting African";"https://app.prolific.co/submissions/complete?cc=91442ADD"
"2984966_gab";"HateXplain";"<user> i hear the ghetto calling oops my bad that was your porch monkey momma";"1- <user>, 2- i, 3- hear, 4- the, 5- ghetto, 6- calling, 7- oops, 8- my, 9- bad, 10- that, 11- was, 12- your, 13- porch, 14- monkey, 15- momma";"hatespeech targeting African";"https://app.prolific.co/submissions/complete?cc=91442ADD"
"2994138_gab";"HateXplain";"all the desperation whining by democrats has backfired no one likes sore losers unless you are a freeloader illegal alien or ghetto thug maga speakfreely";"1- all, 2- the, 3- desperation, 4- whining, 5- by, 6- democrats, 7- has, 8- backfired, 9- no, 10- one, 11- likes, 12- sore, 13- losers, 14- unless, 15- you, 16- are, 17- a, 18- freeloader, 19- illegal, 20- alien, 21- or, 22- ghetto, 23- thug, 24- maga, 25- speakfreely";"offensive targeting African";"https://app.prolific.co/submissions/complete?cc=91442ADD"
"3187658_gab";"HateXplain";"<user> fucking kyke how is djt ruining the us when he is waiting for the lame duck negro who accomplished zero to go back to the ghetto";"1- <user>, 2- fucking, 3- kyke, 4- how, 5- is, 6- djt, 7- ruining, 8- the, 9- us, 10- when, 11- he, 12- is, 13- waiting, 14- for, 15- the, 16- lame, 17- duck, 18- negro, 19- who, 20- accomplished, 21- zero, 22- to, 23- go, 24- back, 25- to, 26- the, 27- ghetto";"hatespeech targeting African";"https://app.prolific.co/submissions/complete?cc=91442ADD"
"3318676_gab";"HateXplain";"this is the libertarian moment but it is not the one envisioned by reason magazine libertarians reserve the right to restrict access of those deemed to be undesirable i certainly do not want my black child interacting with ghetto negroes and thugs blackmiddleclassvalues";"1- this, 2- is, 3- the, 4- libertarian, 5- moment, 6- but, 7- it, 8- is, 9- not, 10- the, 11- one, 12- envisioned, 13- by, 14- reason, 15- magazine, 16- libertarians, 17- reserve, 18- the, 19- right, 20- to, 21- restrict, 22- access, 23- of, 24- those, 25- deemed, 26- to, 27- be, 28- undesirable, 29- i, 30- certainly, 31- do, 32- not, 33- want, 34- my, 35- black, 36- child, 37- interacting, 38- with, 39- ghetto, 40- negroes, 41- and, 42- thugs, 43- blackmiddleclassvalues";"hatespeech targeting African";"https://app.prolific.co/submissions/complete?cc=91442ADD"
"3346655_gab";"HateXplain";"maga speakfreely gabfam when will someone call american niggers out for being terrorists i bet if the nasty refugees had mall fights over christmas someone would have proposed a solution";"1- maga, 2- speakfreely, 3- gabfam, 4- when, 5- will, 6- someone, 7- call, 8- american, 9- niggers, 10- out, 11- for, 12- being, 13- terrorists, 14- i, 15- bet, 16- if, 17- the, 18- nasty, 19- refugees, 20- had, 21- mall, 22- fights, 23- over, 24- christmas, 25- someone, 26- would, 27- have, 28- proposed, 29- a, 30- solution";"hatespeech targeting African";"https://app.prolific.co/submissions/complete?cc=91442ADD"
"3679935_gab";"HateXplain";"if you think the blmkidnapping is isolated violence by outsiders you are dead wrong send cnn into the ghetto and watch what happens pricks";"1- if, 2- you, 3- think, 4- the, 5- blmkidnapping, 6- is, 7- isolated, 8- violence, 9- by, 10- outsiders, 11- you, 12- are, 13- dead, 14- wrong, 15- send, 16- cnn, 17- into, 18- the, 19- ghetto, 20- and, 21- watch, 22- what, 23- happens, 24- pricks";"offensive targeting African";"https://app.prolific.co/submissions/complete?cc=91442ADD"
"3826085_gab";"HateXplain";"you are arguing that white people willfully stop black people from succeeding do you even read your own posts why bother is built into the black ghetto culture you have to seek self betterment rather than teach grabbing from others dnc tells the black community they must grab <user>";"1- you, 2- are, 3- arguing, 4- that, 5- white, 6- people, 7- willfully, 8- stop, 9- black, 10- people, 11- from, 12- succeeding, 13- do, 14- you, 15- even, 16- read, 17- your, 18- own, 19- posts, 20- why, 21- bother, 22- is, 23- built, 24- into, 25- the, 26- black, 27- ghetto, 28- culture, 29- you, 30- have, 31- to, 32- seek, 33- self, 34- betterment, 35- rather, 36- than, 37- teach, 38- grabbing, 39- from, 40- others, 41- dnc, 42- tells, 43- the, 44- black, 45- community, 46- they, 47- must, 48- grab, 49- <user>";"offensive targeting African";"https://app.prolific.co/submissions/complete?cc=91442ADD"
"3826117_gab";"HateXplain";"black lives matter could literally kidnap torture and try and kill a helpless white retarded person and blm supporters would defend it oh wait a minute maga gabfam";"1- black, 2- lives, 3- matter, 4- could, 5- literally, 6- kidnap, 7- torture, 8- and, 9- try, 10- and, 11- kill, 12- a, 13- helpless, 14- white, 15- retarded, 16- person, 17- and, 18- blm, 19- supporters, 20- would, 21- defend, 22- it, 23- oh, 24- wait, 25- a, 26- minute, 27- maga, 28- gabfam";"hatespeech targeting African";"https://app.prolific.co/submissions/complete?cc=91442ADD"
"3894337_gab";"HateXplain";"<user> no they are using the worldwide jihading low iq arabs and blacks to blend out whites you are retarded";"1- <user>, 2- no, 3- they, 4- are, 5- using, 6- the, 7- worldwide, 8- jihading, 9- low, 10- iq, 11- arabs, 12- and, 13- blacks, 14- to, 15- blend, 16- out, 17- whites, 18- you, 19- are, 20- retarded";"offensive targeting African";"https://app.prolific.co/submissions/complete?cc=91442ADD"
"3978432_gab";"HateXplain";"<user> the only problem i see right now with this is the robot is white so even if you do grant it rights some ghetto niggas are going to come along and kidnap it because it white and mostly like supported donald j trump for president";"1- <user>, 2- the, 3- only, 4- problem, 5- i, 6- see, 7- right, 8- now, 9- with, 10- this, 11- is, 12- the, 13- robot, 14- is, 15- white, 16- so, 17- even, 18- if, 19- you, 20- do, 21- grant, 22- it, 23- rights, 24- some, 25- ghetto, 26- niggas, 27- are, 28- going, 29- to, 30- come, 31- along, 32- and, 33- kidnap, 34- it, 35- because, 36- it, 37- white, 38- and, 39- mostly, 40- like, 41- supported, 42- donald, 43- j, 44- trump, 45- for, 46- president";"offensive targeting African";"https://app.prolific.co/submissions/complete?cc=91442ADD"
"4025504_gab";"HateXplain";"<user> you do not consider anything presented to you as evidence let alone irrefutable evidence you just continue to diagree you shifted this argument from the jews pushing the muslims in to the holocaust to af diary you can not win so you shift are you black or a woman";"1- <user>, 2- you, 3- do, 4- not, 5- consider, 6- anything, 7- presented, 8- to, 9- you, 10- as, 11- evidence, 12- let, 13- alone, 14- irrefutable, 15- evidence, 16- you, 17- just, 18- continue, 19- to, 20- diagree, 21- you, 22- shifted, 23- this, 24- argument, 25- from, 26- the, 27- jews, 28- pushing, 29- the, 30- muslims, 31- in, 32- to, 33- the, 34- holocaust, 35- to, 36- af, 37- diary, 38- you, 39- can, 40- not, 41- win, 42- so, 43- you, 44- shift, 45- are, 46- you, 47- black, 48- or, 49- a, 50- woman";"offensive targeting African";"https://app.prolific.co/submissions/complete?cc=91442ADD"
"4205492_gab";"HateXplain";"snoop dogg says any black entertainers who perform at trump inauguration are uncle toms just more prove that blacks must act think talk like niggers or they have their ethnicity revoked by the ghetto trash who refuse to evolve";"1- snoop, 2- dogg, 3- says, 4- any, 5- black, 6- entertainers, 7- who, 8- perform, 9- at, 10- trump, 11- inauguration, 12- are, 13- uncle, 14- toms, 15- just, 16- more, 17- prove, 18- that, 19- blacks, 20- must, 21- act, 22- think, 23- talk, 24- like, 25- niggers, 26- or, 27- they, 28- have, 29- their, 30- ethnicity, 31- revoked, 32- by, 33- the, 34- ghetto, 35- trash, 36- who, 37- refuse, 38- to, 39- evolve";"hatespeech targeting African";"https://app.prolific.co/submissions/complete?cc=91442ADD"
"4225328_gab";"HateXplain";"<user> high standards that black bitch looks like harambe retarded cousin";"1- <user>, 2- high, 3- standards, 4- that, 5- black, 6- bitch, 7- looks, 8- like, 9- harambe, 10- retarded, 11- cousin";"hatespeech targeting African";"https://app.prolific.co/submissions/complete?cc=91442ADD"
"4234170_gab";"HateXplain";"john lewis is not a respectable civil rights icon he a degenerate blacktivist with a history of boycotting white presidents in an effort to energize his atlanta based ghetto constituency";"1- john, 2- lewis, 3- is, 4- not, 5- a, 6- respectable, 7- civil, 8- rights, 9- icon, 10- he, 11- a, 12- degenerate, 13- blacktivist, 14- with, 15- a, 16- history, 17- of, 18- boycotting, 19- white, 20- presidents, 21- in, 22- an, 23- effort, 24- to, 25- energize, 26- his, 27- atlanta, 28- based, 29- ghetto, 30- constituency";"offensive targeting African";"https://app.prolific.co/submissions/complete?cc=91442ADD"
"4814479_gab";"HateXplain";"in <number> nearly <number> of blacks were born in wedlock in <number> nearly <number> of blacks are born out of wedlock what changed in <number> years blacks became leftists blackpilled";"1- in, 2- <number>, 3- nearly, 4- <number>, 5- of, 6- blacks, 7- were, 8- born, 9- in, 10- wedlock, 11- in, 12- <number>, 13- nearly, 14- <number>, 15- of, 16- blacks, 17- are, 18- born, 19- out, 20- of, 21- wedlock, 22- what, 23- changed, 24- in, 25- <number>, 26- years, 27- blacks, 28- became, 29- leftists, 30- blackpilled";"offensive targeting African";"https://app.prolific.co/submissions/complete?cc=91442ADD"
"4819275_gab";"HateXplain";"it is already here the theory of germs and practice of cleaning one hands is unknown if not disdained among kikes muzzies niggers and muds";"1- it, 2- is, 3- already, 4- here, 5- the, 6- theory, 7- of, 8- germs, 9- and, 10- practice, 11- of, 12- cleaning, 13- one, 14- hands, 15- is, 16- unknown, 17- if, 18- not, 19- disdained, 20- among, 21- kikes, 22- muzzies, 23- niggers, 24- and, 25- muds";"hatespeech targeting African";"https://app.prolific.co/submissions/complete?cc=91442ADD"
"4841367_gab";"HateXplain";"look what they would get a nationally disgraced laughing stock who worked at a senior level she would fit right in with a liberal police department driving a black white around in the ghetto as a beat cop not lol";"1- look, 2- what, 3- they, 4- would, 5- get, 6- a, 7- nationally, 8- disgraced, 9- laughing, 10- stock, 11- who, 12- worked, 13- at, 14- a, 15- senior, 16- level, 17- she, 18- would, 19- fit, 20- right, 21- in, 22- with, 23- a, 24- liberal, 25- police, 26- department, 27- driving, 28- a, 29- black, 30- white, 31- around, 32- in, 33- the, 34- ghetto, 35- as, 36- a, 37- beat, 38- cop, 39- not, 40- lol";"offensive targeting African";"https://app.prolific.co/submissions/complete?cc=91442ADD"
"4873015_gab";"HateXplain";"hey nfl fox instead of segment promoting black football players how about a tribute to white women raped by black football players although due to time constraints that may be unrealistic";"1- hey, 2- nfl, 3- fox, 4- instead, 5- of, 6- segment, 7- promoting, 8- black, 9- football, 10- players, 11- how, 12- about, 13- a, 14- tribute, 15- to, 16- white, 17- women, 18- raped, 19- by, 20- black, 21- football, 22- players, 23- although, 24- due, 25- to, 26- time, 27- constraints, 28- that, 29- may, 30- be, 31- unrealistic";"offensive targeting African";"https://app.prolific.co/submissions/complete?cc=91442ADD"
"4917800_gab";"HateXplain";"ok let say ur all racist and shit and u just avoid black ppl like some racist fuckin nazi sure u dramatically lower ur odds of being the victim of brutal violence but is that really worth it";"1- ok, 2- let, 3- say, 4- ur, 5- all, 6- racist, 7- and, 8- shit, 9- and, 10- u, 11- just, 12- avoid, 13- black, 14- ppl, 15- like, 16- some, 17- racist, 18- fuckin, 19- nazi, 20- sure, 21- u, 22- dramatically, 23- lower, 24- ur, 25- odds, 26- of, 27- being, 28- the, 29- victim, 30- of, 31- brutal, 32- violence, 33- but, 34- is, 35- that, 36- really, 37- worth, 38- it";"hatespeech targeting African";"https://app.prolific.co/submissions/complete?cc=91442ADD"
"attention_44";"attention check sentences (HateXplain targeting)";"haha look at this person from turgay";"1- haha, 2- look, 3- at, 4- this, 5- person, 6- from, 7- turgay";"offensive";"https://app.prolific.co/submissions/complete?cc=91442ADD"