"ID";"dataset";"text";"tokens";"label";"redirectUrl"
"14075812_gab";"HateXplain";"there no such thing as radical islam it just islam rape mass murder are part parcel of daily moslem life it their culture it who they are";"1- there, 2- no, 3- such, 4- thing, 5- as, 6- radical, 7- islam, 8- it, 9- just, 10- islam, 11- rape, 12- mass, 13- murder, 14- are, 15- part, 16- parcel, 17- of, 18- daily, 19- moslem, 20- life, 21- it, 22- their, 23- culture, 24- it, 25- who, 26- they, 27- are";"hatespeech targeting Islam";"https://app.prolific.co/submissions/complete?cc=91442ADD"
"26629071_gab";"HateXplain";"the best thing about roseanne <number> kosher cuckservative fake right destroyed <number> everyone js reminded that everyone is quietly aware that blacks are apes <number> white normies once again have something they love ruined and taken from them by nigger bullshit nfl starbucks hero movies videogames sitcoms anti black rage builds";"1- the, 2- best, 3- thing, 4- about, 5- roseanne, 6- <number>, 7- kosher, 8- cuckservative, 9- fake, 10- right, 11- destroyed, 12- <number>, 13- everyone, 14- js, 15- reminded, 16- that, 17- everyone, 18- is, 19- quietly, 20- aware, 21- that, 22- blacks, 23- are, 24- apes, 25- <number>, 26- white, 27- normies, 28- once, 29- again, 30- have, 31- something, 32- they, 33- love, 34- ruined, 35- and, 36- taken, 37- from, 38- them, 39- by, 40- nigger, 41- bullshit, 42- nfl, 43- starbucks, 44- hero, 45- movies, 46- videogames, 47- sitcoms, 48- anti, 49- black, 50- rage, 51- builds";"hatespeech targeting African";"https://app.prolific.co/submissions/complete?cc=91442ADD"
"13102768_gab";"HateXplain";"in <number> there was <number> million white christian south africans now kike are gruesomly genociding those <number> million peacefull european white minority today <number> million left and still going strong alt right white brothers and sisters";"1- in, 2- <number>, 3- there, 4- was, 5- <number>, 6- million, 7- white, 8- christian, 9- south, 10- africans, 11- now, 12- kike, 13- are, 14- gruesomly, 15- genociding, 16- those, 17- <number>, 18- million, 19- peacefull, 20- european, 21- white, 22- minority, 23- today, 24- <number>, 25- million, 26- left, 27- and, 28- still, 29- going, 30- strong, 31- alt, 32- right, 33- white, 34- brothers, 35- and, 36- sisters";"hatespeech targeting Jewish";"https://app.prolific.co/submissions/complete?cc=91442ADD"
"26368898_gab";"HateXplain";"huma is a muzrat spy married to a congressman and advising killary";"1- huma, 2- is, 3- a, 4- muzrat, 5- spy, 6- married, 7- to, 8- a, 9- congressman, 10- and, 11- advising, 12- killary";"hatespeech targeting Islam";"https://app.prolific.co/submissions/complete?cc=91442ADD"
"3666528_gab";"HateXplain";"<user> the word nigger can be applied to whites as well we use it as derogatory word for anyone who is lazy welfare ridden and refuses to take responsibility for his family and others i do not understand why black men use the word towards each other";"1- <user>, 2- the, 3- word, 4- nigger, 5- can, 6- be, 7- applied, 8- to, 9- whites, 10- as, 11- well, 12- we, 13- use, 14- it, 15- as, 16- derogatory, 17- word, 18- for, 19- anyone, 20- who, 21- is, 22- lazy, 23- welfare, 24- ridden, 25- and, 26- refuses, 27- to, 28- take, 29- responsibility, 30- for, 31- his, 32- family, 33- and, 34- others, 35- i, 36- do, 37- not, 38- understand, 39- why, 40- black, 41- men, 42- use, 43- the, 44- word, 45- towards, 46- each, 47- other";"hatespeech targeting African";"https://app.prolific.co/submissions/complete?cc=91442ADD"
"23331498_gab";"HateXplain";"bump that fuck them cosmo queers of zion no way now am i gonna lose site of that";"1- bump, 2- that, 3- fuck, 4- them, 5- cosmo, 6- queers, 7- of, 8- zion, 9- no, 10- way, 11- now, 12- am, 13- i, 14- gonna, 15- lose, 16- site, 17- of, 18- that";"hatespeech targeting Jewish";"https://app.prolific.co/submissions/complete?cc=91442ADD"
"17343370_gab";"HateXplain";"go fuck your goat as your islamic pedophile blood brother btw yids are not a race either btw schizophrenia really hitting your incest brain no one said muzzies are a race";"1- go, 2- fuck, 3- your, 4- goat, 5- as, 6- your, 7- islamic, 8- pedophile, 9- blood, 10- brother, 11- btw, 12- yids, 13- are, 14- not, 15- a, 16- race, 17- either, 18- btw, 19- schizophrenia, 20- really, 21- hitting, 22- your, 23- incest, 24- brain, 25- no, 26- one, 27- said, 28- muzzies, 29- are, 30- a, 31- race";"hatespeech targeting Islam";"https://app.prolific.co/submissions/complete?cc=91442ADD"
"26061091_gab";"HateXplain";"rofl hawaii explodes california falls into the pacific hillary goes to jail the nigger swings and john mccain dies from a brain tumor that would be some breaking news lol";"1- rofl, 2- hawaii, 3- explodes, 4- california, 5- falls, 6- into, 7- the, 8- pacific, 9- hillary, 10- goes, 11- to, 12- jail, 13- the, 14- nigger, 15- swings, 16- and, 17- john, 18- mccain, 19- dies, 20- from, 21- a, 22- brain, 23- tumor, 24- that, 25- would, 26- be, 27- some, 28- breaking, 29- news, 30- lol";"hatespeech targeting African";"https://app.prolific.co/submissions/complete?cc=91442ADD"
"20872620_gab";"HateXplain";"strawman i said my allies you said all woke wimmenz do not use kike sophistry it gross";"1- strawman, 2- i, 3- said, 4- my, 5- allies, 6- you, 7- said, 8- all, 9- woke, 10- wimmenz, 11- do, 12- not, 13- use, 14- kike, 15- sophistry, 16- it, 17- gross";"hatespeech targeting Jewish";"https://app.prolific.co/submissions/complete?cc=91442ADD"
"22360274_gab";"HateXplain";"better do something quick muzzies do not breed like rabbits they breed like cockroaches";"1- better, 2- do, 3- something, 4- quick, 5- muzzies, 6- do, 7- not, 8- breed, 9- like, 10- rabbits, 11- they, 12- breed, 13- like, 14- cockroaches";"hatespeech targeting Islam";"https://app.prolific.co/submissions/complete?cc=91442ADD"
"11117787_gab";"HateXplain";"his negress wife removed all of the real historical portraits in the mayor mansion replaced them with vibrant diversity";"1- his, 2- negress, 3- wife, 4- removed, 5- all, 6- of, 7- the, 8- real, 9- historical, 10- portraits, 11- in, 12- the, 13- mayor, 14- mansion, 15- replaced, 16- them, 17- with, 18- vibrant, 19- diversity";"offensive targeting African";"https://app.prolific.co/submissions/complete?cc=91442ADD"
"24402010_gab";"HateXplain";"it feels good to say kike on social media";"1- it, 2- feels, 3- good, 4- to, 5- say, 6- kike, 7- on, 8- social, 9- media";"hatespeech targeting Jewish";"https://app.prolific.co/submissions/complete?cc=91442ADD"
"13363438_gab";"HateXplain";"still blocking on twitter sameed you are such a fucking muzrat pussy lololololol";"1- still, 2- blocking, 3- on, 4- twitter, 5- sameed, 6- you, 7- are, 8- such, 9- a, 10- fucking, 11- muzrat, 12- pussy, 13- lololololol";"hatespeech targeting Islam";"https://app.prolific.co/submissions/complete?cc=91442ADD"
"7541012_gab";"HateXplain";"bullshit they need a new st nigger to be oppressed summeer is cumming and there is going to be violence they need to blame whitey hurry get a scapegoat save the blax st trayvon and st mike brown are getting lonely sheeit";"1- bullshit, 2- they, 3- need, 4- a, 5- new, 6- st, 7- nigger, 8- to, 9- be, 10- oppressed, 11- summeer, 12- is, 13- cumming, 14- and, 15- there, 16- is, 17- going, 18- to, 19- be, 20- violence, 21- they, 22- need, 23- to, 24- blame, 25- whitey, 26- hurry, 27- get, 28- a, 29- scapegoat, 30- save, 31- the, 32- blax, 33- st, 34- trayvon, 35- and, 36- st, 37- mike, 38- brown, 39- are, 40- getting, 41- lonely, 42- sheeit";"offensive targeting African";"https://app.prolific.co/submissions/complete?cc=91442ADD"
"18624874_gab";"HateXplain";"you do not think it the fact that you sound like a whiny wheezy nasally libtard right now calling you a kike faggot does not make someone a nazi kikefag that an insult to real nazis";"1- you, 2- do, 3- not, 4- think, 5- it, 6- the, 7- fact, 8- that, 9- you, 10- sound, 11- like, 12- a, 13- whiny, 14- wheezy, 15- nasally, 16- libtard, 17- right, 18- now, 19- calling, 20- you, 21- a, 22- kike, 23- faggot, 24- does, 25- not, 26- make, 27- someone, 28- a, 29- nazi, 30- kikefag, 31- that, 32- an, 33- insult, 34- to, 35- real, 36- nazis";"hatespeech targeting Jewish";"https://app.prolific.co/submissions/complete?cc=91442ADD"
"13731092_gab";"HateXplain";"moslem syrian refugee studying at a uk uni politics no doubt we are paying wants to be a politician typical crooked parasite yeh to further the cause of moslems scum this is what multicul brings 1 st they are here cos workers needed then refugees then they are ruling us cleansing required";"1- moslem, 2- syrian, 3- refugee, 4- studying, 5- at, 6- a, 7- uk, 8- uni, 9- politics, 10- no, 11- doubt, 12- we, 13- are, 14- paying, 15- wants, 16- to, 17- be, 18- a, 19- politician, 20- typical, 21- crooked, 22- parasite, 23- yeh, 24- to, 25- further, 26- the, 27- cause, 28- of, 29- moslems, 30- scum, 31- this, 32- is, 33- what, 34- multicul, 35- brings, 36- 1, 37- st, 38- they, 39- are, 40- here, 41- cos, 42- workers, 43- needed, 44- then, 45- refugees, 46- then, 47- they, 48- are, 49- ruling, 50- us, 51- cleansing, 52- required";"hatespeech targeting Islam";"https://app.prolific.co/submissions/complete?cc=91442ADD"
"19975301_gab";"HateXplain";"no twitter just for nigger lovers";"1- no, 2- twitter, 3- just, 4- for, 5- nigger, 6- lovers";"hatespeech targeting African";"https://app.prolific.co/submissions/complete?cc=91442ADD"
"13064853_gab";"HateXplain";"how your physics <user> i am trying to put a discussion group together to discuss transcending kike science <user> how about it";"1- how, 2- your, 3- physics, 4- <user>, 5- i, 6- am, 7- trying, 8- to, 9- put, 10- a, 11- discussion, 12- group, 13- together, 14- to, 15- discuss, 16- transcending, 17- kike, 18- science, 19- <user>, 20- how, 21- about, 22- it";"hatespeech targeting Jewish";"https://app.prolific.co/submissions/complete?cc=91442ADD"
"21628603_gab";"HateXplain";"beware mr or ms goat there may be a mooslam sneaking up behind you";"1- beware, 2- mr, 3- or, 4- ms, 5- goat, 6- there, 7- may, 8- be, 9- a, 10- mooslam, 11- sneaking, 12- up, 13- behind, 14- you";"hatespeech targeting Islam";"https://app.prolific.co/submissions/complete?cc=91442ADD"
"17409574_gab";"HateXplain";"c nigger faggot";"1- c, 2- nigger, 3- faggot";"hatespeech targeting African";"https://app.prolific.co/submissions/complete?cc=91442ADD"
"16109606_gab";"HateXplain";"she churning out a steady stream of pure kike garbage";"1- she, 2- churning, 3- out, 4- a, 5- steady, 6- stream, 7- of, 8- pure, 9- kike, 10- garbage";"hatespeech targeting Jewish";"https://app.prolific.co/submissions/complete?cc=91442ADD"
"16534778_gab";"HateXplain";"now that fucking funny one of the muzzies biggest advocates and they want to flipping kill her peacefully i am sure";"1- now, 2- that, 3- fucking, 4- funny, 5- one, 6- of, 7- the, 8- muzzies, 9- biggest, 10- advocates, 11- and, 12- they, 13- want, 14- to, 15- flipping, 16- kill, 17- her, 18- peacefully, 19- i, 20- am, 21- sure";"hatespeech targeting Islam";"https://app.prolific.co/submissions/complete?cc=91442ADD"
"12123604_gab";"HateXplain";"stupid nigger nazi oh noes don t read the vox day blawg nothing to see there pay attention to us as we alienate every normal person we come in contact with stupid nigger nazis need to have their noses rubbed in the turds they leave on the carpets";"1- stupid, 2- nigger, 3- nazi, 4- oh, 5- noes, 6- don, 7- t, 8- read, 9- the, 10- vox, 11- day, 12- blawg, 13- nothing, 14- to, 15- see, 16- there, 17- pay, 18- attention, 19- to, 20- us, 21- as, 22- we, 23- alienate, 24- every, 25- normal, 26- person, 27- we, 28- come, 29- in, 30- contact, 31- with, 32- stupid, 33- nigger, 34- nazis, 35- need, 36- to, 37- have, 38- their, 39- noses, 40- rubbed, 41- in, 42- the, 43- turds, 44- they, 45- leave, 46- on, 47- the, 48- carpets";"hatespeech targeting African";"https://app.prolific.co/submissions/complete?cc=91442ADD"
"25331138_gab";"HateXplain";"yes world need another zhid holocaust this time not <number> million but <number> that infecting countries";"1- yes, 2- world, 3- need, 4- another, 5- zhid, 6- holocaust, 7- this, 8- time, 9- not, 10- <number>, 11- million, 12- but, 13- <number>, 14- that, 15- infecting, 16- countries";"hatespeech targeting Jewish";"https://app.prolific.co/submissions/complete?cc=91442ADD"
"19117364_gab";"HateXplain";"msm always lies about the muzrat terrorist attacks until after the initial outrage dies down";"1- msm, 2- always, 3- lies, 4- about, 5- the, 6- muzrat, 7- terrorist, 8- attacks, 9- until, 10- after, 11- the, 12- initial, 13- outrage, 14- dies, 15- down";"hatespeech targeting Islam";"https://app.prolific.co/submissions/complete?cc=91442ADD"
"16723301_gab";"HateXplain";"the fat nigger has tits on her back and pubes growing out of her hayid 🙈";"1- the, 2- fat, 3- nigger, 4- has, 5- tits, 6- on, 7- her, 8- back, 9- and, 10- pubes, 11- growing, 12- out, 13- of, 14- her, 15- hayid, 16- 🙈";"hatespeech targeting African";"https://app.prolific.co/submissions/complete?cc=91442ADD"
"17238224_gab";"HateXplain";"cnn kike does not like goyim with guns even members of the military in afghanistan";"1- cnn, 2- kike, 3- does, 4- not, 5- like, 6- goyim, 7- with, 8- guns, 9- even, 10- members, 11- of, 12- the, 13- military, 14- in, 15- afghanistan";"hatespeech targeting Jewish";"https://app.prolific.co/submissions/complete?cc=91442ADD"
"8163527_gab";"HateXplain";"seeing images of moslem refugees attacking the people of the country they fled to makes my blood boil we are not islam bitch";"1- seeing, 2- images, 3- of, 4- moslem, 5- refugees, 6- attacking, 7- the, 8- people, 9- of, 10- the, 11- country, 12- they, 13- fled, 14- to, 15- makes, 16- my, 17- blood, 18- boil, 19- we, 20- are, 21- not, 22- islam, 23- bitch";"hatespeech targeting Islam";"https://app.prolific.co/submissions/complete?cc=91442ADD"
"27211797_gab";"HateXplain";"another typical nigger";"1- another, 2- typical, 3- nigger";"hatespeech targeting African";"https://app.prolific.co/submissions/complete?cc=91442ADD"
"attention_4";"attention check sentences (HateXplain targeting)";"all americans are stupid stubborn obese arrogant and think theyre awesome because theyre from america";"1- all, 2- americans, 3- are, 4- stupid, 5- stubborn, 6- obese, 7- arrogant, 8- and, 9- think, 10- theyre, 11- awesome, 12- because, 13- theyre, 14- from, 15- america";"offensive";"https://app.prolific.co/submissions/complete?cc=91442ADD"