"ID";"dataset";"text";"tokens";"label";"redirectUrl"
"15057963_gab";"HateXplain";"if that supposed to be a threatening message i am not frightened i am not frightened by a human filth sewer rat named joe with a dutch surname born in <date> i do not fear him so if this is a filthy kike trying to frighten me it not working";"1- if, 2- that, 3- supposed, 4- to, 5- be, 6- a, 7- threatening, 8- message, 9- i, 10- am, 11- not, 12- frightened, 13- i, 14- am, 15- not, 16- frightened, 17- by, 18- a, 19- human, 20- filth, 21- sewer, 22- rat, 23- named, 24- joe, 25- with, 26- a, 27- dutch, 28- surname, 29- born, 30- in, 31- <date>, 32- i, 33- do, 34- not, 35- fear, 36- him, 37- so, 38- if, 39- this, 40- is, 41- a, 42- filthy, 43- kike, 44- trying, 45- to, 46- frighten, 47- me, 48- it, 49- not, 50- working";"hatespeech targeting Jewish";"https://app.prolific.co/submissions/complete?cc=91442ADD"
"24448404_gab";"HateXplain";"what a fucking disgrace having a stephen lawrence day and not a lee rigby day 😡 fucking moslem appeasing scum our government and civil servants are spineless bastards giving in to moslem scum and the anti white whites like cunt corbyn and fat black bastard diane flabbott 😡";"1- what, 2- a, 3- fucking, 4- disgrace, 5- having, 6- a, 7- stephen, 8- lawrence, 9- day, 10- and, 11- not, 12- a, 13- lee, 14- rigby, 15- day, 16- 😡, 17- fucking, 18- moslem, 19- appeasing, 20- scum, 21- our, 22- government, 23- and, 24- civil, 25- servants, 26- are, 27- spineless, 28- bastards, 29- giving, 30- in, 31- to, 32- moslem, 33- scum, 34- and, 35- the, 36- anti, 37- white, 38- whites, 39- like, 40- cunt, 41- corbyn, 42- and, 43- fat, 44- black, 45- bastard, 46- diane, 47- flabbott, 48- 😡";"hatespeech targeting Islam";"https://app.prolific.co/submissions/complete?cc=91442ADD"
"8588730_gab";"HateXplain";"arabs haben keinen arsch nein linke";"1- arabs, 2- haben, 3- keinen, 4- arsch, 5- nein, 6- linke";"offensive targeting Arab";"https://app.prolific.co/submissions/complete?cc=91442ADD"
"27000338_gab";"HateXplain";"married gay ambassador vs robbing niglet";"1- married, 2- gay, 3- ambassador, 4- vs, 5- robbing, 6- niglet";"hatespeech targeting African";"https://app.prolific.co/submissions/complete?cc=91442ADD"
"20887656_gab";"HateXplain";"yeah you are filthy little bone smoking kike";"1- yeah, 2- you, 3- are, 4- filthy, 5- little, 6- bone, 7- smoking, 8- kike";"hatespeech targeting Jewish";"https://app.prolific.co/submissions/complete?cc=91442ADD"
"26627640_gab";"HateXplain";"ovomit the faggot muzzie who played the role of president for <number> terms was the finger puppet of iranian born valerie jarrett she a friggin piece of shit these two assholes and the criminals they had in their administration tried to take america down but fuck them maga donald trump";"1- ovomit, 2- the, 3- faggot, 4- muzzie, 5- who, 6- played, 7- the, 8- role, 9- of, 10- president, 11- for, 12- <number>, 13- terms, 14- was, 15- the, 16- finger, 17- puppet, 18- of, 19- iranian, 20- born, 21- valerie, 22- jarrett, 23- she, 24- a, 25- friggin, 26- piece, 27- of, 28- shit, 29- these, 30- two, 31- assholes, 32- and, 33- the, 34- criminals, 35- they, 36- had, 37- in, 38- their, 39- administration, 40- tried, 41- to, 42- take, 43- america, 44- down, 45- but, 46- fuck, 47- them, 48- maga, 49- donald, 50- trump";"hatespeech targeting Islam";"https://app.prolific.co/submissions/complete?cc=91442ADD"
"8666221_gab";"HateXplain";"jeremy corbyn should stop the dog and pony routine and bomb london himself instead of waiting for sand niggers to do it";"1- jeremy, 2- corbyn, 3- should, 4- stop, 5- the, 6- dog, 7- and, 8- pony, 9- routine, 10- and, 11- bomb, 12- london, 13- himself, 14- instead, 15- of, 16- waiting, 17- for, 18- sand, 19- niggers, 20- to, 21- do, 22- it";"offensive targeting Arab";"https://app.prolific.co/submissions/complete?cc=91442ADD"
"24606990_gab";"HateXplain";"when you declare a nigger to be america dad you declare a rapist to be america dad";"1- when, 2- you, 3- declare, 4- a, 5- nigger, 6- to, 7- be, 8- america, 9- dad, 10- you, 11- declare, 12- a, 13- rapist, 14- to, 15- be, 16- america, 17- dad";"hatespeech targeting African";"https://app.prolific.co/submissions/complete?cc=91442ADD"
"11466858_gab";"HateXplain";"at least i made an impression lol there will not be a mute feature in that gas chamber you heeb whore";"1- at, 2- least, 3- i, 4- made, 5- an, 6- impression, 7- lol, 8- there, 9- will, 10- not, 11- be, 12- a, 13- mute, 14- feature, 15- in, 16- that, 17- gas, 18- chamber, 19- you, 20- heeb, 21- whore";"hatespeech targeting Jewish";"https://app.prolific.co/submissions/complete?cc=91442ADD"
"8052147_gab";"HateXplain";"looks like lee rigby beheading must have happened on a moslem holy day since they carried out the manchester attack on it anniversary i see a market for t shirts that say wearer carries bacon bits to send moslems to hell do not blow near me";"1- looks, 2- like, 3- lee, 4- rigby, 5- beheading, 6- must, 7- have, 8- happened, 9- on, 10- a, 11- moslem, 12- holy, 13- day, 14- since, 15- they, 16- carried, 17- out, 18- the, 19- manchester, 20- attack, 21- on, 22- it, 23- anniversary, 24- i, 25- see, 26- a, 27- market, 28- for, 29- t, 30- shirts, 31- that, 32- say, 33- wearer, 34- carries, 35- bacon, 36- bits, 37- to, 38- send, 39- moslems, 40- to, 41- hell, 42- do, 43- not, 44- blow, 45- near, 46- me";"hatespeech targeting Islam";"https://app.prolific.co/submissions/complete?cc=91442ADD"
"8681960_gab";"HateXplain";"this is the result of mass immigration of sensitive sjw sand niggers with lots of isis money to use liblaws against racist white people this is a population switch this is the only history kids will be allowed to learn in indoctrination highschool what google and twitter tell them";"1- this, 2- is, 3- the, 4- result, 5- of, 6- mass, 7- immigration, 8- of, 9- sensitive, 10- sjw, 11- sand, 12- niggers, 13- with, 14- lots, 15- of, 16- isis, 17- money, 18- to, 19- use, 20- liblaws, 21- against, 22- racist, 23- white, 24- people, 25- this, 26- is, 27- a, 28- population, 29- switch, 30- this, 31- is, 32- the, 33- only, 34- history, 35- kids, 36- will, 37- be, 38- allowed, 39- to, 40- learn, 41- in, 42- indoctrination, 43- highschool, 44- what, 45- google, 46- and, 47- twitter, 48- tell, 49- them";"hatespeech targeting Arab";"https://app.prolific.co/submissions/complete?cc=91442ADD"
"4034919_gab";"HateXplain";"john lewis is just another house nigger on the democratic plantation his job is to provide cover for his marxist masters as they destroy his people with bastardy poverty and crime";"1- john, 2- lewis, 3- is, 4- just, 5- another, 6- house, 7- nigger, 8- on, 9- the, 10- democratic, 11- plantation, 12- his, 13- job, 14- is, 15- to, 16- provide, 17- cover, 18- for, 19- his, 20- marxist, 21- masters, 22- as, 23- they, 24- destroy, 25- his, 26- people, 27- with, 28- bastardy, 29- poverty, 30- and, 31- crime";"hatespeech targeting African";"https://app.prolific.co/submissions/complete?cc=91442ADD"
"18436011_gab";"HateXplain";"good luck firing him he will find a kike lawyer and sue on the grounds that he was fired because yu iz rayciss";"1- good, 2- luck, 3- firing, 4- him, 5- he, 6- will, 7- find, 8- a, 9- kike, 10- lawyer, 11- and, 12- sue, 13- on, 14- the, 15- grounds, 16- that, 17- he, 18- was, 19- fired, 20- because, 21- yu, 22- iz, 23- rayciss";"hatespeech targeting Jewish";"https://app.prolific.co/submissions/complete?cc=91442ADD"
"27956816_gab";"HateXplain";"says the swamp muzzie who fucks goats";"1- says, 2- the, 3- swamp, 4- muzzie, 5- who, 6- fucks, 7- goats";"hatespeech targeting Islam";"https://app.prolific.co/submissions/complete?cc=91442ADD"
"9247014_gab";"HateXplain";"ob die sand nigger sich mit dem schwert abschlachten oder mit bomben und mp wenn die grenzen dicht sind und keiner von denen in weiße länder kommen kann sehe ich es eher positiv es hilft gegen die überbevölkerung und sichert deutsche arbeitsplätze";"1- ob, 2- die, 3- sand, 4- nigger, 5- sich, 6- mit, 7- dem, 8- schwert, 9- abschlachten, 10- oder, 11- mit, 12- bomben, 13- und, 14- mp, 15- wenn, 16- die, 17- grenzen, 18- dicht, 19- sind, 20- und, 21- keiner, 22- von, 23- denen, 24- in, 25- weiße, 26- länder, 27- kommen, 28- kann, 29- sehe, 30- ich, 31- es, 32- eher, 33- positiv, 34- es, 35- hilft, 36- gegen, 37- die, 38- überbevölkerung, 39- und, 40- sichert, 41- deutsche, 42- arbeitsplätze";"hatespeech targeting Arab";"https://app.prolific.co/submissions/complete?cc=91442ADD"
"19639148_gab";"HateXplain";"nigger nigger nigger nigger nigger nigger nigger nigger nigger nigger nigger nigger nigger nigger nigger nigger nigger nigger nigger nigger nigger nigger nigger nigger nigger nigger nigger nigger nigger nigger nigger nigger nigger nigger nigger nigger nigger nigger nigger nigger nigger nigger nigger nigger nigger nigger nigger nigger nigger nigg";"1- nigger, 2- nigger, 3- nigger, 4- nigger, 5- nigger, 6- nigger, 7- nigger, 8- nigger, 9- nigger, 10- nigger, 11- nigger, 12- nigger, 13- nigger, 14- nigger, 15- nigger, 16- nigger, 17- nigger, 18- nigger, 19- nigger, 20- nigger, 21- nigger, 22- nigger, 23- nigger, 24- nigger, 25- nigger, 26- nigger, 27- nigger, 28- nigger, 29- nigger, 30- nigger, 31- nigger, 32- nigger, 33- nigger, 34- nigger, 35- nigger, 36- nigger, 37- nigger, 38- nigger, 39- nigger, 40- nigger, 41- nigger, 42- nigger, 43- nigger, 44- nigger, 45- nigger, 46- nigger, 47- nigger, 48- nigger, 49- nigger, 50- nigg";"hatespeech targeting African";"https://app.prolific.co/submissions/complete?cc=91442ADD"
"10989570_gab";"HateXplain";"you can go free speech on your kike platforms like kikebook jews are not even human talmudic moloch worshiping christ killers";"1- you, 2- can, 3- go, 4- free, 5- speech, 6- on, 7- your, 8- kike, 9- platforms, 10- like, 11- kikebook, 12- jews, 13- are, 14- not, 15- even, 16- human, 17- talmudic, 18- moloch, 19- worshiping, 20- christ, 21- killers";"hatespeech targeting Jewish";"https://app.prolific.co/submissions/complete?cc=91442ADD"
"19170993_gab";"HateXplain";"tfw you declare jesus christ as king of poland and tell jews and muzzies to f*ck <censored> off";"1- tfw, 2- you, 3- declare, 4- jesus, 5- christ, 6- as, 7- king, 8- of, 9- poland, 10- and, 11- tell, 12- jews, 13- and, 14- muzzies, 15- to, 16- f*ck, 17- <censored>, 18- off";"hatespeech targeting Islam";"https://app.prolific.co/submissions/complete?cc=91442ADD"
"9690850_gab";"HateXplain";"if they do not like it here they need to get the fuck of our lands and go back to sand nigger country crusade muslims getout";"1- if, 2- they, 3- do, 4- not, 5- like, 6- it, 7- here, 8- they, 9- need, 10- to, 11- get, 12- the, 13- fuck, 14- of, 15- our, 16- lands, 17- and, 18- go, 19- back, 20- to, 21- sand, 22- nigger, 23- country, 24- crusade, 25- muslims, 26- getout";"hatespeech targeting Arab";"https://app.prolific.co/submissions/complete?cc=91442ADD"
"24981812_gab";"HateXplain";"the sheboon hit him first and niggers can not drive anyway and have no manners or sense of helping anyone but themselves but the second you call them what they are it your fault whitey";"1- the, 2- sheboon, 3- hit, 4- him, 5- first, 6- and, 7- niggers, 8- can, 9- not, 10- drive, 11- anyway, 12- and, 13- have, 14- no, 15- manners, 16- or, 17- sense, 18- of, 19- helping, 20- anyone, 21- but, 22- themselves, 23- but, 24- the, 25- second, 26- you, 27- call, 28- them, 29- what, 30- they, 31- are, 32- it, 33- your, 34- fault, 35- whitey";"hatespeech targeting African";"https://app.prolific.co/submissions/complete?cc=91442ADD"
"20704125_gab";"HateXplain";"a bullet in the brain of a kike works too and it faster";"1- a, 2- bullet, 3- in, 4- the, 5- brain, 6- of, 7- a, 8- kike, 9- works, 10- too, 11- and, 12- it, 13- faster";"hatespeech targeting Jewish";"https://app.prolific.co/submissions/complete?cc=91442ADD"
"25636207_gab";"HateXplain";"i fell for the great white hope rhetoric my bad he better than obama and bush et all idgaf still a slimy politician piece of shit also dgaf about muzzies and kikes i do not want american lives or dollars spent on any of those fucking parasites";"1- i, 2- fell, 3- for, 4- the, 5- great, 6- white, 7- hope, 8- rhetoric, 9- my, 10- bad, 11- he, 12- better, 13- than, 14- obama, 15- and, 16- bush, 17- et, 18- all, 19- idgaf, 20- still, 21- a, 22- slimy, 23- politician, 24- piece, 25- of, 26- shit, 27- also, 28- dgaf, 29- about, 30- muzzies, 31- and, 32- kikes, 33- i, 34- do, 35- not, 36- want, 37- american, 38- lives, 39- or, 40- dollars, 41- spent, 42- on, 43- any, 44- of, 45- those, 46- fucking, 47- parasites";"hatespeech targeting Islam";"https://app.prolific.co/submissions/complete?cc=91442ADD"
"20014893_gab";"HateXplain";"i agree i wasn t racist until they elected the nigger for president and unleashed hell on us";"1- i, 2- agree, 3- i, 4- wasn, 5- t, 6- racist, 7- until, 8- they, 9- elected, 10- the, 11- nigger, 12- for, 13- president, 14- and, 15- unleashed, 16- hell, 17- on, 18- us";"hatespeech targeting African";"https://app.prolific.co/submissions/complete?cc=91442ADD"
"25346126_gab";"HateXplain";"if that silver is not an ovenable rat faced kike i do not know what is";"1- if, 2- that, 3- silver, 4- is, 5- not, 6- an, 7- ovenable, 8- rat, 9- faced, 10- kike, 11- i, 12- do, 13- not, 14- know, 15- what, 16- is";"hatespeech targeting Jewish";"https://app.prolific.co/submissions/complete?cc=91442ADD"
"14013370_gab";"HateXplain";"oh the irony of putting out a commercial showing a racist white guy chasing poor minorities w a truck when facts are it dirty muzzies mowing down americans in rented trucks";"1- oh, 2- the, 3- irony, 4- of, 5- putting, 6- out, 7- a, 8- commercial, 9- showing, 10- a, 11- racist, 12- white, 13- guy, 14- chasing, 15- poor, 16- minorities, 17- w, 18- a, 19- truck, 20- when, 21- facts, 22- are, 23- it, 24- dirty, 25- muzzies, 26- mowing, 27- down, 28- americans, 29- in, 30- rented, 31- trucks";"hatespeech targeting Islam";"https://app.prolific.co/submissions/complete?cc=91442ADD"
"16921944_gab";"HateXplain";"they should have put this nigger at the back of the plane";"1- they, 2- should, 3- have, 4- put, 5- this, 6- nigger, 7- at, 8- the, 9- back, 10- of, 11- the, 12- plane";"hatespeech targeting African";"https://app.prolific.co/submissions/complete?cc=91442ADD"
"3639199_gab";"HateXplain";"meanwhile the rat kike mark levin is ranting about muh free trade and protectionism";"1- meanwhile, 2- the, 3- rat, 4- kike, 5- mark, 6- levin, 7- is, 8- ranting, 9- about, 10- muh, 11- free, 12- trade, 13- and, 14- protectionism";"hatespeech targeting Jewish";"https://app.prolific.co/submissions/complete?cc=91442ADD"
"22881433_gab";"HateXplain";"more muzrat part and parcel";"1- more, 2- muzrat, 3- part, 4- and, 5- parcel";"offensive targeting Islam";"https://app.prolific.co/submissions/complete?cc=91442ADD"
"18830234_gab";"HateXplain";"scroll down my timeline slut bragging about getting a professional white basketball player to pay for her nigglet bastard after the father ran off pol ran her off";"1- scroll, 2- down, 3- my, 4- timeline, 5- slut, 6- bragging, 7- about, 8- getting, 9- a, 10- professional, 11- white, 12- basketball, 13- player, 14- to, 15- pay, 16- for, 17- her, 18- nigglet, 19- bastard, 20- after, 21- the, 22- father, 23- ran, 24- off, 25- pol, 26- ran, 27- her, 28- off";"hatespeech targeting African";"https://app.prolific.co/submissions/complete?cc=91442ADD"
"attention_50";"attention check sentences (HateXplain targeting)";"poor broke ass cracker bitch get off my dick";"1- poor, 2- broke, 3- ass, 4- cracker, 5- bitch, 6- get, 7- off, 8- my, 9- dick";"offensive";"https://app.prolific.co/submissions/complete?cc=91442ADD"