"ID";"dataset";"text";"tokens";"label";"redirectUrl"
"15990803_gab";"HateXplain";"astute analysis an internal kike war while maintaining the destruction of the goyim only the seed of satan could manage such a task";"1- astute, 2- analysis, 3- an, 4- internal, 5- kike, 6- war, 7- while, 8- maintaining, 9- the, 10- destruction, 11- of, 12- the, 13- goyim, 14- only, 15- the, 16- seed, 17- of, 18- satan, 19- could, 20- manage, 21- such, 22- a, 23- task";"hatespeech targeting Jewish";"https://app.prolific.co/submissions/complete?cc=91442ADD"
"27001375_gab";"HateXplain";"another gay moslem";"1- another, 2- gay, 3- moslem";"hatespeech targeting Islam";"https://app.prolific.co/submissions/complete?cc=91442ADD"
"22463051_gab";"HateXplain";"no doubt one day that little nigglet will be carrying out in the open fucking virtue signaler";"1- no, 2- doubt, 3- one, 4- day, 5- that, 6- little, 7- nigglet, 8- will, 9- be, 10- carrying, 11- out, 12- in, 13- the, 14- open, 15- fucking, 16- virtue, 17- signaler";"hatespeech targeting African";"https://app.prolific.co/submissions/complete?cc=91442ADD"
"27546625_gab";"HateXplain";"here we have a my fellow whites and the kike cries out in pain <number> for 2 fer lol the persecution of the jews will always remain one of life greatest mysterious";"1- here, 2- we, 3- have, 4- a, 5- my, 6- fellow, 7- whites, 8- and, 9- the, 10- kike, 11- cries, 12- out, 13- in, 14- pain, 15- <number>, 16- for, 17- 2, 18- fer, 19- lol, 20- the, 21- persecution, 22- of, 23- the, 24- jews, 25- will, 26- always, 27- remain, 28- one, 29- of, 30- life, 31- greatest, 32- mysterious";"hatespeech targeting Jewish";"https://app.prolific.co/submissions/complete?cc=91442ADD"
"21244938_gab";"HateXplain";"obama is a lying muzrat traitor so of course everything he did was bad for america";"1- obama, 2- is, 3- a, 4- lying, 5- muzrat, 6- traitor, 7- so, 8- of, 9- course, 10- everything, 11- he, 12- did, 13- was, 14- bad, 15- for, 16- america";"hatespeech targeting Islam";"https://app.prolific.co/submissions/complete?cc=91442ADD"
"23896536_gab";"HateXplain";"oh good just what my state needs more memphricans abortion is a moral abomination when humans do it but niggers are not humans planned parenthood kills nigger babies";"1- oh, 2- good, 3- just, 4- what, 5- my, 6- state, 7- needs, 8- more, 9- memphricans, 10- abortion, 11- is, 12- a, 13- moral, 14- abomination, 15- when, 16- humans, 17- do, 18- it, 19- but, 20- niggers, 21- are, 22- not, 23- humans, 24- planned, 25- parenthood, 26- kills, 27- nigger, 28- babies";"hatespeech targeting African";"https://app.prolific.co/submissions/complete?cc=91442ADD"
"17539352_gab";"HateXplain";"in two tweets a naive cuck and midwit jew perfectly illustrate white jew relations cuck sees jewish listed twice on dnc tweet hmm sumptins fishy kike tries to shut it down anti semite cuck expects fairness and explains kike suck my dick harder goyim";"1- in, 2- two, 3- tweets, 4- a, 5- naive, 6- cuck, 7- and, 8- midwit, 9- jew, 10- perfectly, 11- illustrate, 12- white, 13- jew, 14- relations, 15- cuck, 16- sees, 17- jewish, 18- listed, 19- twice, 20- on, 21- dnc, 22- tweet, 23- hmm, 24- sumptins, 25- fishy, 26- kike, 27- tries, 28- to, 29- shut, 30- it, 31- down, 32- anti, 33- semite, 34- cuck, 35- expects, 36- fairness, 37- and, 38- explains, 39- kike, 40- suck, 41- my, 42- dick, 43- harder, 44- goyim";"hatespeech targeting Jewish";"https://app.prolific.co/submissions/complete?cc=91442ADD"
"25630676_gab";"HateXplain";"ok i still do not have them trying to kill me yet 🤔 but raghead islamist have tried to kill many in my family i will deal with the jews trying to kill us when i see their rpg coming towards us thx 🇺 🇸 🇺 🇸 🇺 🇸";"1- ok, 2- i, 3- still, 4- do, 5- not, 6- have, 7- them, 8- trying, 9- to, 10- kill, 11- me, 12- yet, 13- 🤔, 14- but, 15- raghead, 16- islamist, 17- have, 18- tried, 19- to, 20- kill, 21- many, 22- in, 23- my, 24- family, 25- i, 26- will, 27- deal, 28- with, 29- the, 30- jews, 31- trying, 32- to, 33- kill, 34- us, 35- when, 36- i, 37- see, 38- their, 39- rpg, 40- coming, 41- towards, 42- us, 43- thx, 44- 🇺, 45- 🇸, 46- 🇺, 47- 🇸, 48- 🇺, 49- 🇸";"hatespeech targeting Islam";"https://app.prolific.co/submissions/complete?cc=91442ADD"
"14835583_gab";"HateXplain";"that nigger went out for a pack of smokes and a drink about a year ago";"1- that, 2- nigger, 3- went, 4- out, 5- for, 6- a, 7- pack, 8- of, 9- smokes, 10- and, 11- a, 12- drink, 13- about, 14- a, 15- year, 16- ago";"hatespeech targeting African";"https://app.prolific.co/submissions/complete?cc=91442ADD"
"15736765_gab";"HateXplain";"if islam is a religion of peace then why would there be a danger of violence in response to an embassy move because trump and his kike bosses are deliberately provoking the moslems that why";"1- if, 2- islam, 3- is, 4- a, 5- religion, 6- of, 7- peace, 8- then, 9- why, 10- would, 11- there, 12- be, 13- a, 14- danger, 15- of, 16- violence, 17- in, 18- response, 19- to, 20- an, 21- embassy, 22- move, 23- because, 24- trump, 25- and, 26- his, 27- kike, 28- bosses, 29- are, 30- deliberately, 31- provoking, 32- the, 33- moslems, 34- that, 35- why";"hatespeech targeting Jewish";"https://app.prolific.co/submissions/complete?cc=91442ADD"
"23636221_gab";"HateXplain";"that because the citizens are picking up the slack for the trash the muzzies don t pay for just generate";"1- that, 2- because, 3- the, 4- citizens, 5- are, 6- picking, 7- up, 8- the, 9- slack, 10- for, 11- the, 12- trash, 13- the, 14- muzzies, 15- don, 16- t, 17- pay, 18- for, 19- just, 20- generate";"hatespeech targeting Islam";"https://app.prolific.co/submissions/complete?cc=91442ADD"
"11200562_gab";"HateXplain";"macro the left gets bullied by blacks muslimes and victim groups the right does not get bullied the left as a reaction <number> themselves being bullied pretend they r freedom fighters side with those bullying them and attack conservatives who defend themselves while accusing them of being bullies";"1- macro, 2- the, 3- left, 4- gets, 5- bullied, 6- by, 7- blacks, 8- muslimes, 9- and, 10- victim, 11- groups, 12- the, 13- right, 14- does, 15- not, 16- get, 17- bullied, 18- the, 19- left, 20- as, 21- a, 22- reaction, 23- <number>, 24- themselves, 25- being, 26- bullied, 27- pretend, 28- they, 29- r, 30- freedom, 31- fighters, 32- side, 33- with, 34- those, 35- bullying, 36- them, 37- and, 38- attack, 39- conservatives, 40- who, 41- defend, 42- themselves, 43- while, 44- accusing, 45- them, 46- of, 47- being, 48- bullies";"hatespeech targeting African";"https://app.prolific.co/submissions/complete?cc=91442ADD"
"25854526_gab";"HateXplain";"it ok he is yid anyway";"1- it, 2- ok, 3- he, 4- is, 5- yid, 6- anyway";"offensive targeting Jewish";"https://app.prolific.co/submissions/complete?cc=91442ADD"
"20526500_gab";"HateXplain";"the muzzies got another tentacle out there";"1- the, 2- muzzies, 3- got, 4- another, 5- tentacle, 6- out, 7- there";"hatespeech targeting Islam";"https://app.prolific.co/submissions/complete?cc=91442ADD"
"15596675_gab";"HateXplain";"damn it 9 eyedeel disemboweling was my sadistic recommendation of the day with these posts the nigger beat me to it";"1- damn, 2- it, 3- 9, 4- eyedeel, 5- disemboweling, 6- was, 7- my, 8- sadistic, 9- recommendation, 10- of, 11- the, 12- day, 13- with, 14- these, 15- posts, 16- the, 17- nigger, 18- beat, 19- me, 20- to, 21- it";"offensive targeting African";"https://app.prolific.co/submissions/complete?cc=91442ADD"
"12052665_gab";"HateXplain";"the church preferred communism to nazism because the latter had the potential to make them obsolete unlike stalin this kike butchers hitler took a far more tolerant approach only imprisoning priests believers when they opposed him knowing the appeal of racialism meant time was on his side";"1- the, 2- church, 3- preferred, 4- communism, 5- to, 6- nazism, 7- because, 8- the, 9- latter, 10- had, 11- the, 12- potential, 13- to, 14- make, 15- them, 16- obsolete, 17- unlike, 18- stalin, 19- this, 20- kike, 21- butchers, 22- hitler, 23- took, 24- a, 25- far, 26- more, 27- tolerant, 28- approach, 29- only, 30- imprisoning, 31- priests, 32- believers, 33- when, 34- they, 35- opposed, 36- him, 37- knowing, 38- the, 39- appeal, 40- of, 41- racialism, 42- meant, 43- time, 44- was, 45- on, 46- his, 47- side";"hatespeech targeting Jewish";"https://app.prolific.co/submissions/complete?cc=91442ADD"
"16933823_gab";"HateXplain";"catalonia which is over <percent> moslem have elected this ragheaded woman as their first female moslem mp that civic nationalism for ya";"1- catalonia, 2- which, 3- is, 4- over, 5- <percent>, 6- moslem, 7- have, 8- elected, 9- this, 10- ragheaded, 11- woman, 12- as, 13- their, 14- first, 15- female, 16- moslem, 17- mp, 18- that, 19- civic, 20- nationalism, 21- for, 22- ya";"offensive targeting Islam";"https://app.prolific.co/submissions/complete?cc=91442ADD"
"25911689_gab";"HateXplain";"<user> ‍ how did master chef jr end up with <number> blond girls a niglet";"1- <user>, 2- ‍, 3- how, 4- did, 5- master, 6- chef, 7- jr, 8- end, 9- up, 10- with, 11- <number>, 12- blond, 13- girls, 14- a, 15- niglet";"offensive targeting African";"https://app.prolific.co/submissions/complete?cc=91442ADD"
"15038989_gab";"HateXplain";"it would not take much for us to convert some garages into holding cells and begin arresting these kike servant politicians who are betraying us";"1- it, 2- would, 3- not, 4- take, 5- much, 6- for, 7- us, 8- to, 9- convert, 10- some, 11- garages, 12- into, 13- holding, 14- cells, 15- and, 16- begin, 17- arresting, 18- these, 19- kike, 20- servant, 21- politicians, 22- who, 23- are, 24- betraying, 25- us";"hatespeech targeting Jewish";"https://app.prolific.co/submissions/complete?cc=91442ADD"
"24050044_gab";"HateXplain";"there are too many mosques therefore they have no need to pray in the streets it is a form of intimidation that moslem shite use on a regular basis to create havoc and totally piss off the indigenous people stop islam stop koran ban street prayer keep fighting michael";"1- there, 2- are, 3- too, 4- many, 5- mosques, 6- therefore, 7- they, 8- have, 9- no, 10- need, 11- to, 12- pray, 13- in, 14- the, 15- streets, 16- it, 17- is, 18- a, 19- form, 20- of, 21- intimidation, 22- that, 23- moslem, 24- shite, 25- use, 26- on, 27- a, 28- regular, 29- basis, 30- to, 31- create, 32- havoc, 33- and, 34- totally, 35- piss, 36- off, 37- the, 38- indigenous, 39- people, 40- stop, 41- islam, 42- stop, 43- koran, 44- ban, 45- street, 46- prayer, 47- keep, 48- fighting, 49- michael";"hatespeech targeting Islam";"https://app.prolific.co/submissions/complete?cc=91442ADD"
"27440192_gab";"HateXplain";"you are no lady and you are a nigger living in england nothing english about you";"1- you, 2- are, 3- no, 4- lady, 5- and, 6- you, 7- are, 8- a, 9- nigger, 10- living, 11- in, 12- england, 13- nothing, 14- english, 15- about, 16- you";"offensive targeting African";"https://app.prolific.co/submissions/complete?cc=91442ADD"
"25428247_gab";"HateXplain";"the world is waking up to trump the kike scam";"1- the, 2- world, 3- is, 4- waking, 5- up, 6- to, 7- trump, 8- the, 9- kike, 10- scam";"hatespeech targeting Jewish";"https://app.prolific.co/submissions/complete?cc=91442ADD"
"11624057_gab";"HateXplain";"i know my previous post was pretty cucked i believe in enforcing the law but this guy was a good kid why can not we just deport the shitskin muzzles instead that why i mainly voted for trump";"1- i, 2- know, 3- my, 4- previous, 5- post, 6- was, 7- pretty, 8- cucked, 9- i, 10- believe, 11- in, 12- enforcing, 13- the, 14- law, 15- but, 16- this, 17- guy, 18- was, 19- a, 20- good, 21- kid, 22- why, 23- can, 24- not, 25- we, 26- just, 27- deport, 28- the, 29- shitskin, 30- muzzles, 31- instead, 32- that, 33- why, 34- i, 35- mainly, 36- voted, 37- for, 38- trump";"hatespeech targeting Islam";"https://app.prolific.co/submissions/complete?cc=91442ADD"
"27627824_gab";"HateXplain";"i am sure it was probably a niglet";"1- i, 2- am, 3- sure, 4- it, 5- was, 6- probably, 7- a, 8- niglet";"offensive targeting African";"https://app.prolific.co/submissions/complete?cc=91442ADD"
"21492394_gab";"HateXplain";"i mean i guess they could do that i am just thinking that these guess are kike funded";"1- i, 2- mean, 3- i, 4- guess, 5- they, 6- could, 7- do, 8- that, 9- i, 10- am, 11- just, 12- thinking, 13- that, 14- these, 15- guess, 16- are, 17- kike, 18- funded";"hatespeech targeting Jewish";"https://app.prolific.co/submissions/complete?cc=91442ADD"
"22100176_gab";"HateXplain";"labour concillor in telford more concerned about someones words on twitter than paki moslem gangs raping white children";"1- labour, 2- concillor, 3- in, 4- telford, 5- more, 6- concerned, 7- about, 8- someones, 9- words, 10- on, 11- twitter, 12- than, 13- paki, 14- moslem, 15- gangs, 16- raping, 17- white, 18- children";"hatespeech targeting Islam";"https://app.prolific.co/submissions/complete?cc=91442ADD"
"27495585_gab";"HateXplain";"i started shaking like a dog shitting a peach seed hilarious you missed my <number> hour battle with a nigger last night it was epic and it got its page shut down she kept screaming you think you are prettier than me because you are white i said yep";"1- i, 2- started, 3- shaking, 4- like, 5- a, 6- dog, 7- shitting, 8- a, 9- peach, 10- seed, 11- hilarious, 12- you, 13- missed, 14- my, 15- <number>, 16- hour, 17- battle, 18- with, 19- a, 20- nigger, 21- last, 22- night, 23- it, 24- was, 25- epic, 26- and, 27- it, 28- got, 29- its, 30- page, 31- shut, 32- down, 33- she, 34- kept, 35- screaming, 36- you, 37- think, 38- you, 39- are, 40- prettier, 41- than, 42- me, 43- because, 44- you, 45- are, 46- white, 47- i, 48- said, 49- yep";"hatespeech targeting African";"https://app.prolific.co/submissions/complete?cc=91442ADD"
"17504619_gab";"HateXplain";"are u for real absolutely who cares jews care intensely otherwise you would not have conspired to shut down anglin and his daily stormer in addition to 1 0 0 0 of other sleazy kike moves losers wars against israel wars fought for israel by american soldiers jews do not fight";"1- are, 2- u, 3- for, 4- real, 5- absolutely, 6- who, 7- cares, 8- jews, 9- care, 10- intensely, 11- otherwise, 12- you, 13- would, 14- not, 15- have, 16- conspired, 17- to, 18- shut, 19- down, 20- anglin, 21- and, 22- his, 23- daily, 24- stormer, 25- in, 26- addition, 27- to, 28- 1, 29- 0, 30- 0, 31- 0, 32- of, 33- other, 34- sleazy, 35- kike, 36- moves, 37- losers, 38- wars, 39- against, 40- israel, 41- wars, 42- fought, 43- for, 44- israel, 45- by, 46- american, 47- soldiers, 48- jews, 49- do, 50- not, 51- fight";"hatespeech targeting Jewish";"https://app.prolific.co/submissions/complete?cc=91442ADD"
"23945429_gab";"HateXplain";"so not only is the church she represents nuts for allowing her to be a bishop but she nuts because she expecting muzzies to wander in looking for direction to mecca";"1- so, 2- not, 3- only, 4- is, 5- the, 6- church, 7- she, 8- represents, 9- nuts, 10- for, 11- allowing, 12- her, 13- to, 14- be, 15- a, 16- bishop, 17- but, 18- she, 19- nuts, 20- because, 21- she, 22- expecting, 23- muzzies, 24- to, 25- wander, 26- in, 27- looking, 28- for, 29- direction, 30- to, 31- mecca";"offensive targeting Islam";"https://app.prolific.co/submissions/complete?cc=91442ADD"
"attention_8";"attention check sentences (HateXplain targeting)";"you afghans got tremendous dicksbut i dont believe it";"1- you, 2- afghans, 3- got, 4- tremendous, 5- dicksbut, 6- i, 7- dont, 8- believe, 9- it";"offensive";"https://app.prolific.co/submissions/complete?cc=91442ADD"