"ID";"dataset";"text";"tokens";"label";"redirectUrl"
"12583939_gab";"HateXplain";"why change the game for the nigger assholes if the anthem has been a traditional start it should stay screw the thug niggers";"1- why, 2- change, 3- the, 4- game, 5- for, 6- the, 7- nigger, 8- assholes, 9- if, 10- the, 11- anthem, 12- has, 13- been, 14- a, 15- traditional, 16- start, 17- it, 18- should, 19- stay, 20- screw, 21- the, 22- thug, 23- niggers";"hatespeech targeting African";"https://app.prolific.co/submissions/complete?cc=91442ADD"
"18524079_gab";"HateXplain";"you know nothing about our uncle except whatever jew fantasies are out there and if ya wanna go that tactic you must side with the antifa faggots since they hate nazis also go be a kike somewhere else";"1- you, 2- know, 3- nothing, 4- about, 5- our, 6- uncle, 7- except, 8- whatever, 9- jew, 10- fantasies, 11- are, 12- out, 13- there, 14- and, 15- if, 16- ya, 17- wanna, 18- go, 19- that, 20- tactic, 21- you, 22- must, 23- side, 24- with, 25- the, 26- antifa, 27- faggots, 28- since, 29- they, 30- hate, 31- nazis, 32- also, 33- go, 34- be, 35- a, 36- kike, 37- somewhere, 38- else";"hatespeech targeting Jewish";"https://app.prolific.co/submissions/complete?cc=91442ADD"
"11621332_gab";"HateXplain";"we will keep our way you guys can keep your muzzies and grooming gangs";"1- we, 2- will, 3- keep, 4- our, 5- way, 6- you, 7- guys, 8- can, 9- keep, 10- your, 11- muzzies, 12- and, 13- grooming, 14- gangs";"hatespeech targeting Islam";"https://app.prolific.co/submissions/complete?cc=91442ADD"
"26059860_gab";"HateXplain";"<user> ‍ i agree the catholic church loves their muzzie infiltration at any cost they give and give and give to the sand niggers at the cost of white catholics shame on them";"1- <user>, 2- ‍, 3- i, 4- agree, 5- the, 6- catholic, 7- church, 8- loves, 9- their, 10- muzzie, 11- infiltration, 12- at, 13- any, 14- cost, 15- they, 16- give, 17- and, 18- give, 19- and, 20- give, 21- to, 22- the, 23- sand, 24- niggers, 25- at, 26- the, 27- cost, 28- of, 29- white, 30- catholics, 31- shame, 32- on, 33- them";"hatespeech targeting Arab";"https://app.prolific.co/submissions/complete?cc=91442ADD"
"14199319_gab";"HateXplain";"go play with your own kind half nigger";"1- go, 2- play, 3- with, 4- your, 5- own, 6- kind, 7- half, 8- nigger";"hatespeech targeting African";"https://app.prolific.co/submissions/complete?cc=91442ADD"
"15167203_gab";"HateXplain";"that would be because muslims are disgusting and i want them out of my lands note they would not even be in my lands had the jew not brought them but you will ignore this because it does not fit your kike narrative";"1- that, 2- would, 3- be, 4- because, 5- muslims, 6- are, 7- disgusting, 8- and, 9- i, 10- want, 11- them, 12- out, 13- of, 14- my, 15- lands, 16- note, 17- they, 18- would, 19- not, 20- even, 21- be, 22- in, 23- my, 24- lands, 25- had, 26- the, 27- jew, 28- not, 29- brought, 30- them, 31- but, 32- you, 33- will, 34- ignore, 35- this, 36- because, 37- it, 38- does, 39- not, 40- fit, 41- your, 42- kike, 43- narrative";"hatespeech targeting Jewish";"https://app.prolific.co/submissions/complete?cc=91442ADD"
"13160999_gab";"HateXplain";"millions of conservatives already banned on twatter the mudslime owners do not want a repeat of truth dissemination for <number>";"1- millions, 2- of, 3- conservatives, 4- already, 5- banned, 6- on, 7- twatter, 8- the, 9- mudslime, 10- owners, 11- do, 12- not, 13- want, 14- a, 15- repeat, 16- of, 17- truth, 18- dissemination, 19- for, 20- <number>";"hatespeech targeting Islam";"https://app.prolific.co/submissions/complete?cc=91442ADD"
"26428662_gab";"HateXplain";"who the f is this sand nigger dissing judge jeanine pirro";"1- who, 2- the, 3- f, 4- is, 5- this, 6- sand, 7- nigger, 8- dissing, 9- judge, 10- jeanine, 11- pirro";"hatespeech targeting Arab";"https://app.prolific.co/submissions/complete?cc=91442ADD"
"25475856_gab";"HateXplain";"fast nigger wants to drive fass see ya at the next red light nigga";"1- fast, 2- nigger, 3- wants, 4- to, 5- drive, 6- fass, 7- see, 8- ya, 9- at, 10- the, 11- next, 12- red, 13- light, 14- nigga";"hatespeech targeting African";"https://app.prolific.co/submissions/complete?cc=91442ADD"
"27479700_gab";"HateXplain";"ur a kike";"1- ur, 2- a, 3- kike";"hatespeech targeting Jewish";"https://app.prolific.co/submissions/complete?cc=91442ADD"
"18214234_gab";"HateXplain";"hate to wait around while the moslem kill us hope you wont mind if i dont turn the other cheek";"1- hate, 2- to, 3- wait, 4- around, 5- while, 6- the, 7- moslem, 8- kill, 9- us, 10- hope, 11- you, 12- wont, 13- mind, 14- if, 15- i, 16- dont, 17- turn, 18- the, 19- other, 20- cheek";"hatespeech targeting Islam";"https://app.prolific.co/submissions/complete?cc=91442ADD"
"26600445_gab";"HateXplain";"what do you all suppose the likelihood is that the judge is a sandnigger grooming gang customer who rapes little girls or boys";"1- what, 2- do, 3- you, 4- all, 5- suppose, 6- the, 7- likelihood, 8- is, 9- that, 10- the, 11- judge, 12- is, 13- a, 14- sandnigger, 15- grooming, 16- gang, 17- customer, 18- who, 19- rapes, 20- little, 21- girls, 22- or, 23- boys";"hatespeech targeting Arab";"https://app.prolific.co/submissions/complete?cc=91442ADD"
"10346937_gab";"HateXplain";"name one positive thing that blacks or muslimes have brought to the west on their own not things that were created here but things unique to them that they did all by themselves";"1- name, 2- one, 3- positive, 4- thing, 5- that, 6- blacks, 7- or, 8- muslimes, 9- have, 10- brought, 11- to, 12- the, 13- west, 14- on, 15- their, 16- own, 17- not, 18- things, 19- that, 20- were, 21- created, 22- here, 23- but, 24- things, 25- unique, 26- to, 27- them, 28- that, 29- they, 30- did, 31- all, 32- by, 33- themselves";"offensive targeting African";"https://app.prolific.co/submissions/complete?cc=91442ADD"
"18743168_gab";"HateXplain";"dont comment above your pay grade in future do some research kike lover";"1- dont, 2- comment, 3- above, 4- your, 5- pay, 6- grade, 7- in, 8- future, 9- do, 10- some, 11- research, 12- kike, 13- lover";"hatespeech targeting Jewish";"https://app.prolific.co/submissions/complete?cc=91442ADD"
"23568042_gab";"HateXplain";"we need to gas assad all you so called right wingers supporting a muzzie make me laugh";"1- we, 2- need, 3- to, 4- gas, 5- assad, 6- all, 7- you, 8- so, 9- called, 10- right, 11- wingers, 12- supporting, 13- a, 14- muzzie, 15- make, 16- me, 17- laugh";"hatespeech targeting Islam";"https://app.prolific.co/submissions/complete?cc=91442ADD"
"26619153_gab";"HateXplain";"arab refugees the jews are fucking arabs";"1- arab, 2- refugees, 3- the, 4- jews, 5- are, 6- fucking, 7- arabs";"hatespeech targeting Arab";"https://app.prolific.co/submissions/complete?cc=91442ADD"
"22545451_gab";"HateXplain";"i saw a very bad case of jungle fever mudshark disease last nite da nigger wuz about <number> <number> lbs and had a hybrid sheep dog string mop weave on his haid";"1- i, 2- saw, 3- a, 4- very, 5- bad, 6- case, 7- of, 8- jungle, 9- fever, 10- mudshark, 11- disease, 12- last, 13- nite, 14- da, 15- nigger, 16- wuz, 17- about, 18- <number>, 19- <number>, 20- lbs, 21- and, 22- had, 23- a, 24- hybrid, 25- sheep, 26- dog, 27- string, 28- mop, 29- weave, 30- on, 31- his, 32- haid";"hatespeech targeting African";"https://app.prolific.co/submissions/complete?cc=91442ADD"
"16883592_gab";"HateXplain";"that rouge jewess as if there is any other kind called for complete genocide of palestinians her name is ayelet sheked when she does not call for genocide of people she stole land from she whinies about holohoax typical kike shenanigans disgusting rats";"1- that, 2- rouge, 3- jewess, 4- as, 5- if, 6- there, 7- is, 8- any, 9- other, 10- kind, 11- called, 12- for, 13- complete, 14- genocide, 15- of, 16- palestinians, 17- her, 18- name, 19- is, 20- ayelet, 21- sheked, 22- when, 23- she, 24- does, 25- not, 26- call, 27- for, 28- genocide, 29- of, 30- people, 31- she, 32- stole, 33- land, 34- from, 35- she, 36- whinies, 37- about, 38- holohoax, 39- typical, 40- kike, 41- shenanigans, 42- disgusting, 43- rats";"hatespeech targeting Jewish";"https://app.prolific.co/submissions/complete?cc=91442ADD"
"5167719_gab";"HateXplain";"some suggestions a visit to qcurtius com for his excellent articles podcasts on our culture greats he also favours muzzie classics but we can almost forgive him that in view of his splendid scholarship in white classics <wink> on war check out william lind his book recommendations";"1- some, 2- suggestions, 3- a, 4- visit, 5- to, 6- qcurtius, 7- com, 8- for, 9- his, 10- excellent, 11- articles, 12- podcasts, 13- on, 14- our, 15- culture, 16- greats, 17- he, 18- also, 19- favours, 20- muzzie, 21- classics, 22- but, 23- we, 24- can, 25- almost, 26- forgive, 27- him, 28- that, 29- in, 30- view, 31- of, 32- his, 33- splendid, 34- scholarship, 35- in, 36- white, 37- classics, 38- <wink>, 39- on, 40- war, 41- check, 42- out, 43- william, 44- lind, 45- his, 46- book, 47- recommendations";"hatespeech targeting Islam";"https://app.prolific.co/submissions/complete?cc=91442ADD"
"26792866_gab";"HateXplain";"in addition to banning the burka the need to ban the sand niggers that wear them";"1- in, 2- addition, 3- to, 4- banning, 5- the, 6- burka, 7- the, 8- need, 9- to, 10- ban, 11- the, 12- sand, 13- niggers, 14- that, 15- wear, 16- them";"hatespeech targeting Arab";"https://app.prolific.co/submissions/complete?cc=91442ADD"
"17965027_gab";"HateXplain";"this nigger sotomayor has more god damn balls than <percent> of you ethno tradcon retards";"1- this, 2- nigger, 3- sotomayor, 4- has, 5- more, 6- god, 7- damn, 8- balls, 9- than, 10- <percent>, 11- of, 12- you, 13- ethno, 14- tradcon, 15- retards";"hatespeech targeting African";"https://app.prolific.co/submissions/complete?cc=91442ADD"
"16722976_gab";"HateXplain";"ha ha ha reminds me of the hate mail from calgary being sent to synagogues of satan this kike commie double speak and double think p*sses <censored> me off";"1- ha, 2- ha, 3- ha, 4- reminds, 5- me, 6- of, 7- the, 8- hate, 9- mail, 10- from, 11- calgary, 12- being, 13- sent, 14- to, 15- synagogues, 16- of, 17- satan, 18- this, 19- kike, 20- commie, 21- double, 22- speak, 23- and, 24- double, 25- think, 26- p*sses, 27- <censored>, 28- me, 29- off";"hatespeech targeting Jewish";"https://app.prolific.co/submissions/complete?cc=91442ADD"
"16908788_gab";"HateXplain";"you can not culturally enrich a moslem";"1- you, 2- can, 3- not, 4- culturally, 5- enrich, 6- a, 7- moslem";"hatespeech targeting Islam";"https://app.prolific.co/submissions/complete?cc=91442ADD"
"26890746_gab";"HateXplain";"because europe so wanted to love the arabs and fuck israel remember you all got your wish";"1- because, 2- europe, 3- so, 4- wanted, 5- to, 6- love, 7- the, 8- arabs, 9- and, 10- fuck, 11- israel, 12- remember, 13- you, 14- all, 15- got, 16- your, 17- wish";"offensive targeting Arab";"https://app.prolific.co/submissions/complete?cc=91442ADD"
"25212997_gab";"HateXplain";"go be a nigger somewhere else";"1- go, 2- be, 3- a, 4- nigger, 5- somewhere, 6- else";"hatespeech targeting African";"https://app.prolific.co/submissions/complete?cc=91442ADD"
"14030104_gab";"HateXplain";"yeah i got to about just over <number> followers and got shoahed for criticizing amy schumer being cast as barbie and just never bothered to return and surprise surprise i was correct and they nixed that kikey plan but whatevs <happy>";"1- yeah, 2- i, 3- got, 4- to, 5- about, 6- just, 7- over, 8- <number>, 9- followers, 10- and, 11- got, 12- shoahed, 13- for, 14- criticizing, 15- amy, 16- schumer, 17- being, 18- cast, 19- as, 20- barbie, 21- and, 22- just, 23- never, 24- bothered, 25- to, 26- return, 27- and, 28- surprise, 29- surprise, 30- i, 31- was, 32- correct, 33- and, 34- they, 35- nixed, 36- that, 37- kikey, 38- plan, 39- but, 40- whatevs, 41- <happy>";"hatespeech targeting Jewish";"https://app.prolific.co/submissions/complete?cc=91442ADD"
"19506620_gab";"HateXplain";"fbi cover up smells of another muzrat terrorist attack";"1- fbi, 2- cover, 3- up, 4- smells, 5- of, 6- another, 7- muzrat, 8- terrorist, 9- attack";"hatespeech targeting Islam";"https://app.prolific.co/submissions/complete?cc=91442ADD"
"27048020_gab";"HateXplain";"arabs no ones fault but theirs apologies to led zeppelin fucking arabsliars always some to blame but themselves israel";"1- arabs, 2- no, 3- ones, 4- fault, 5- but, 6- theirs, 7- apologies, 8- to, 9- led, 10- zeppelin, 11- fucking, 12- arabsliars, 13- always, 14- some, 15- to, 16- blame, 17- but, 18- themselves, 19- israel";"hatespeech targeting Arab";"https://app.prolific.co/submissions/complete?cc=91442ADD"
"24105831_gab";"HateXplain";"the only good nigger is a dead nigger";"1- the, 2- only, 3- good, 4- nigger, 5- is, 6- a, 7- dead, 8- nigger";"hatespeech targeting African";"https://app.prolific.co/submissions/complete?cc=91442ADD"
"attention_11";"attention check sentences (HateXplain targeting)";"immigrants are subhumans in our eyes but we can easily make them work for 80hours a week for 150 an hour if we want to because they have no rights in our country";"1- immigrants, 2- are, 3- subhumans, 4- in, 5- our, 6- eyes, 7- but, 8- we, 9- can, 10- easily, 11- make, 12- them, 13- work, 14- for, 15- 80hours, 16- a, 17- week, 18- for, 19- 150, 20- an, 21- hour, 22- if, 23- we, 24- want, 25- to, 26- because, 27- they, 28- have, 29- no, 30- rights, 31- in, 32- our, 33- country";"offensive";"https://app.prolific.co/submissions/complete?cc=91442ADD"