ID;dataset;text;tokens;label;redirectUrl
13367503_gab;HateXplain;and to gain sympathy for queers in conservative circles;1- and, 2- to, 3- gain, 4- sympathy, 5- for, 6- queers, 7- in, 8- conservative, 9- circles;offensive targeting Homosexual;https://app.prolific.co/submissions/complete?cc=91442ADD
25267753_gab;HateXplain;faggots and dykes have no busines adopting children or having children through surrogates thes4 degenerates only want kids to groom them into being the next generation of fags and dykes;1- faggots, 2- and, 3- dykes, 4- have, 5- no, 6- busines, 7- adopting, 8- children, 9- or, 10- having, 11- children, 12- through, 13- surrogates, 14- thes4, 15- degenerates, 16- only, 17- want, 18- kids, 19- to, 20- groom, 21- them, 22- into, 23- being, 24- the, 25- next, 26- generation, 27- of, 28- fags, 29- and, 30- dykes;hatespeech targeting Homosexual;https://app.prolific.co/submissions/complete?cc=91442ADD
1178792037300211713_twitter;HateXplain;you all faggots really overhype anything kim petras only good songs are her halloween songs the rest is kinda trash 🤢 can not wait to listen to turn off the light tho omg;1- you, 2- all, 3- faggots, 4- really, 5- overhype, 6- anything, 7- kim, 8- petras, 9- only, 10- good, 11- songs, 12- are, 13- her, 14- halloween, 15- songs, 16- the, 17- rest, 18- is, 19- kinda, 20- trash, 21- 🤢, 22- can, 23- not, 24- wait, 25- to, 26- listen, 27- to, 28- turn, 29- off, 30- the, 31- light, 32- tho, 33- omg;offensive targeting Homosexual;https://app.prolific.co/submissions/complete?cc=91442ADD
20483029_gab;HateXplain;i think it worse than that it is almost like the campaign to legalise homosexuality in the early <number> they are wanting to make it normal it only took the queers until about <number>;1- i, 2- think, 3- it, 4- worse, 5- than, 6- that, 7- it, 8- is, 9- almost, 10- like, 11- the, 12- campaign, 13- to, 14- legalise, 15- homosexuality, 16- in, 17- the, 18- early, 19- <number>, 20- they, 21- are, 22- wanting, 23- to, 24- make, 25- it, 26- normal, 27- it, 28- only, 29- took, 30- the, 31- queers, 32- until, 33- about, 34- <number>;hatespeech targeting Homosexual;https://app.prolific.co/submissions/complete?cc=91442ADD
1178811599118692352_twitter;HateXplain;i will literally drag that faggot ass twink;1- i, 2- will, 3- literally, 4- drag, 5- that, 6- faggot, 7- ass, 8- twink;hatespeech targeting Homosexual;https://app.prolific.co/submissions/complete?cc=91442ADD
1178615990491504641_twitter;HateXplain;<user> <user> if i am a faggot why would i be white knighting for a girl you need to fire your continuity department;1- <user>, 2- <user>, 3- if, 4- i, 5- am, 6- a, 7- faggot, 8- why, 9- would, 10- i, 11- be, 12- white, 13- knighting, 14- for, 15- a, 16- girl, 17- you, 18- need, 19- to, 20- fire, 21- your, 22- continuity, 23- department;offensive targeting Homosexual;https://app.prolific.co/submissions/complete?cc=91442ADD
1178546741160792064_twitter;HateXplain;if do not fuck with indie or house music idk your a faggot;1- if, 2- do, 3- not, 4- fuck, 5- with, 6- indie, 7- or, 8- house, 9- music, 10- idk, 11- your, 12- a, 13- faggot;offensive targeting Homosexual;https://app.prolific.co/submissions/complete?cc=91442ADD
3FI30CQHVKKYRC5XZNQF2KLEOQM6BC_nf_4;HateXplain;<user> fucking faggot;1- <user>, 2- fucking, 3- faggot;offensive targeting Homosexual;https://app.prolific.co/submissions/complete?cc=91442ADD
22376721_gab;HateXplain;it like dejavu of the hamas orchestrated swedish marxist funded armed struggle using anc goons in south africa leading up to final chapter now the genocide of white christians just as cair oic will orchestrate across america using libretarded dems hoggs queers;1- it, 2- like, 3- dejavu, 4- of, 5- the, 6- hamas, 7- orchestrated, 8- swedish, 9- marxist, 10- funded, 11- armed, 12- struggle, 13- using, 14- anc, 15- goons, 16- in, 17- south, 18- africa, 19- leading, 20- up, 21- to, 22- final, 23- chapter, 24- now, 25- the, 26- genocide, 27- of, 28- white, 29- christians, 30- just, 31- as, 32- cair, 33- oic, 34- will, 35- orchestrate, 36- across, 37- america, 38- using, 39- libretarded, 40- dems, 41- hoggs, 42- queers;offensive targeting Homosexual;https://app.prolific.co/submissions/complete?cc=91442ADD
22564241_gab;HateXplain;i loathe these stupid women trying to explain a really stupid child dyke communist it called meme warfare the meme does not work if it is not believable that dyke shredding our 2 a is exactly what everyone including herself would admit she trying to accomplish operation success <user>;1- i, 2- loathe, 3- these, 4- stupid, 5- women, 6- trying, 7- to, 8- explain, 9- a, 10- really, 11- stupid, 12- child, 13- dyke, 14- communist, 15- it, 16- called, 17- meme, 18- warfare, 19- the, 20- meme, 21- does, 22- not, 23- work, 24- if, 25- it, 26- is, 27- not, 28- believable, 29- that, 30- dyke, 31- shredding, 32- our, 33- 2, 34- a, 35- is, 36- exactly, 37- what, 38- everyone, 39- including, 40- herself, 41- would, 42- admit, 43- she, 44- trying, 45- to, 46- accomplish, 47- operation, 48- success, 49- <user>;hatespeech targeting Homosexual;https://app.prolific.co/submissions/complete?cc=91442ADD
1178486943769939969_twitter;HateXplain;metal heads are such elitists kill yourself stupid rick and morty tattoo no children epic weed faggot;1- metal, 2- heads, 3- are, 4- such, 5- elitists, 6- kill, 7- yourself, 8- stupid, 9- rick, 10- and, 11- morty, 12- tattoo, 13- no, 14- children, 15- epic, 16- weed, 17- faggot;hatespeech targeting Homosexual;https://app.prolific.co/submissions/complete?cc=91442ADD
1178628912663805957_twitter;HateXplain;the original queer eye for the straight guy is iconic those netflix faggots could never;1- the, 2- original, 3- queer, 4- eye, 5- for, 6- the, 7- straight, 8- guy, 9- is, 10- iconic, 11- those, 12- netflix, 13- faggots, 14- could, 15- never;offensive targeting Homosexual;https://app.prolific.co/submissions/complete?cc=91442ADD
1179094346806759425_twitter;HateXplain;<user> you draw like a faggot;1- <user>, 2- you, 3- draw, 4- like, 5- a, 6- faggot;offensive targeting Homosexual;https://app.prolific.co/submissions/complete?cc=91442ADD
1179105073907015682_twitter;HateXplain;<user> heck yeah rooting for you my partner goes to a queer yoga class sundays at <number> pm if you want details i can find them for ya;1- <user>, 2- heck, 3- yeah, 4- rooting, 5- for, 6- you, 7- my, 8- partner, 9- goes, 10- to, 11- a, 12- queer, 13- yoga, 14- class, 15- sundays, 16- at, 17- <number>, 18- pm, 19- if, 20- you, 21- want, 22- details, 23- i, 24- can, 25- find, 26- them, 27- for, 28- ya;offensive targeting Homosexual;https://app.prolific.co/submissions/complete?cc=91442ADD
1179033597312790528_twitter;HateXplain;<number> minutes to be a faggot;1- <number>, 2- minutes, 3- to, 4- be, 5- a, 6- faggot;offensive targeting Homosexual;https://app.prolific.co/submissions/complete?cc=91442ADD
14486576_gab;HateXplain;haha there are a lot of hollywood faggots and queers being outed lately keep your dick in your pants assholes fucking hypocrites perfect for this maybetheyshouldjustshutup;1- haha, 2- there, 3- are, 4- a, 5- lot, 6- of, 7- hollywood, 8- faggots, 9- and, 10- queers, 11- being, 12- outed, 13- lately, 14- keep, 15- your, 16- dick, 17- in, 18- your, 19- pants, 20- assholes, 21- fucking, 22- hypocrites, 23- perfect, 24- for, 25- this, 26- maybetheyshouldjustshutup;hatespeech targeting Homosexual;https://app.prolific.co/submissions/complete?cc=91442ADD
10421841_gab;HateXplain;those queers and their machines;1- those, 2- queers, 3- and, 4- their, 5- machines;offensive targeting Homosexual;https://app.prolific.co/submissions/complete?cc=91442ADD
16286669_gab;HateXplain;what feminism but dykes and other uggos trying to fuck things up for pretty girls;1- what, 2- feminism, 3- but, 4- dykes, 5- and, 6- other, 7- uggos, 8- trying, 9- to, 10- fuck, 11- things, 12- up, 13- for, 14- pretty, 15- girls;hatespeech targeting Homosexual;https://app.prolific.co/submissions/complete?cc=91442ADD
1103080607226064897_twitter;HateXplain;do you still have balls albert faggot bitch i am shocked this community has not dragged your carcass thru the streets;1- do, 2- you, 3- still, 4- have, 5- balls, 6- albert, 7- faggot, 8- bitch, 9- i, 10- am, 11- shocked, 12- this, 13- community, 14- has, 15- not, 16- dragged, 17- your, 18- carcass, 19- thru, 20- the, 21- streets;offensive targeting Homosexual;https://app.prolific.co/submissions/complete?cc=91442ADD
25995789_gab;HateXplain;do dykes keep their nails short;1- do, 2- dykes, 3- keep, 4- their, 5- nails, 6- short;hatespeech targeting Homosexual;https://app.prolific.co/submissions/complete?cc=91442ADD
1179103428204781568_twitter;HateXplain;<user> you are in school lil faggot;1- <user>, 2- you, 3- are, 4- in, 5- school, 6- lil, 7- faggot;offensive targeting Homosexual;https://app.prolific.co/submissions/complete?cc=91442ADD
13271333_gab;HateXplain;i support girls joining the scouts there are too many trannies and dykes in the girl guide movement;1- i, 2- support, 3- girls, 4- joining, 5- the, 6- scouts, 7- there, 8- are, 9- too, 10- many, 11- trannies, 12- and, 13- dykes, 14- in, 15- the, 16- girl, 17- guide, 18- movement;hatespeech targeting Homosexual;https://app.prolific.co/submissions/complete?cc=91442ADD
1178353812307922946_twitter;HateXplain;subtly homophobic news story this child is gay twitter influencer who still shits himself thoughts 😳 🤔 mike pence himself i like gays and even have a faggot friend but this is too much;1- subtly, 2- homophobic, 3- news, 4- story, 5- this, 6- child, 7- is, 8- gay, 9- twitter, 10- influencer, 11- who, 12- still, 13- shits, 14- himself, 15- thoughts, 16- 😳, 17- 🤔, 18- mike, 19- pence, 20- himself, 21- i, 22- like, 23- gays, 24- and, 25- even, 26- have, 27- a, 28- faggot, 29- friend, 30- but, 31- this, 32- is, 33- too, 34- much;offensive targeting Homosexual;https://app.prolific.co/submissions/complete?cc=91442ADD
23025079_gab;HateXplain;i support trump <percent> and i think he knows that britain needs a trump like the dyke needed that little boys finger;1- i, 2- support, 3- trump, 4- <percent>, 5- and, 6- i, 7- think, 8- he, 9- knows, 10- that, 11- britain, 12- needs, 13- a, 14- trump, 15- like, 16- the, 17- dyke, 18- needed, 19- that, 20- little, 21- boys, 22- finger;hatespeech targeting Homosexual;https://app.prolific.co/submissions/complete?cc=91442ADD
1178725572257689601_twitter;HateXplain;amber rose new bd look like a dyke 😭;1- amber, 2- rose, 3- new, 4- bd, 5- look, 6- like, 7- a, 8- dyke, 9- 😭;hatespeech targeting Homosexual;https://app.prolific.co/submissions/complete?cc=91442ADD
14050194_gab;HateXplain;again why the left feel compelled to indulge their derangement into politics is beyond me she obviously has no skill in art so next best thing is to draw attention to herself in the name of art she is hollywood in a dyke persona;1- again, 2- why, 3- the, 4- left, 5- feel, 6- compelled, 7- to, 8- indulge, 9- their, 10- derangement, 11- into, 12- politics, 13- is, 14- beyond, 15- me, 16- she, 17- obviously, 18- has, 19- no, 20- skill, 21- in, 22- art, 23- so, 24- next, 25- best, 26- thing, 27- is, 28- to, 29- draw, 30- attention, 31- to, 32- herself, 33- in, 34- the, 35- name, 36- of, 37- art, 38- she, 39- is, 40- hollywood, 41- in, 42- a, 43- dyke, 44- persona;offensive targeting Homosexual;https://app.prolific.co/submissions/complete?cc=91442ADD
20198010_gab;HateXplain;dykes and faggots are mentally ill perverts believe it one dyke is usually the masculine male dyke and the other is its wife hahahahahahahaha idiots;1- dykes, 2- and, 3- faggots, 4- are, 5- mentally, 6- ill, 7- perverts, 8- believe, 9- it, 10- one, 11- dyke, 12- is, 13- usually, 14- the, 15- masculine, 16- male, 17- dyke, 18- and, 19- the, 20- other, 21- is, 22- its, 23- wife, 24- hahahahahahahaha, 25- idiots;hatespeech targeting Homosexual;https://app.prolific.co/submissions/complete?cc=91442ADD
1178352167037607938_twitter;HateXplain;dykes be moaning when they get they strap sucked them nigga bitches retarded;1- dykes, 2- be, 3- moaning, 4- when, 5- they, 6- get, 7- they, 8- strap, 9- sucked, 10- them, 11- nigga, 12- bitches, 13- retarded;offensive targeting Homosexual;https://app.prolific.co/submissions/complete?cc=91442ADD
1178859941844733954_twitter;HateXplain;<user> plug your phone in you deep state faggot bot;1- <user>, 2- plug, 3- your, 4- phone, 5- in, 6- you, 7- deep, 8- state, 9- faggot, 10- bot;offensive targeting Homosexual;https://app.prolific.co/submissions/complete?cc=91442ADD
attention_55;attention chack sentences (HateXplain targeting);Whats that smell It smells likeOLD PEOPLE;1- Whats, 2- that, 3- smell, 4- It, 5- smells, 6- likeOLD, 7- PEOPLE;offensive;https://app.prolific.co/submissions/complete?cc=91442ADD