"ID";"dataset";"text";"tokens";"label";"redirectUrl"
"25555215_gab";"HateXplain";"that passage from the holy torah shows how preoccupied with feces and menstrual blood the jews are if there were nazis and poison gas canisters around back then they would be obsessing on those things as well";"1- that, 2- passage, 3- from, 4- the, 5- holy, 6- torah, 7- shows, 8- how, 9- preoccupied, 10- with, 11- feces, 12- and, 13- menstrual, 14- blood, 15- the, 16- jews, 17- are, 18- if, 19- there, 20- were, 21- nazis, 22- and, 23- poison, 24- gas, 25- canisters, 26- around, 27- back, 28- then, 29- they, 30- would, 31- be, 32- obsessing, 33- on, 34- those, 35- things, 36- as, 37- well";"hatespeech targeting Jewish";"https://app.prolific.co/submissions/complete?cc=91442ADD"
"10474766_gab";"HateXplain";"stupid nigger posting unsecured link to known censors propagandists tom do not be retarded archive trash";"1- stupid, 2- nigger, 3- posting, 4- unsecured, 5- link, 6- to, 7- known, 8- censors, 9- propagandists, 10- tom, 11- do, 12- not, 13- be, 14- retarded, 15- archive, 16- trash";"hatespeech targeting African";"https://app.prolific.co/submissions/complete?cc=91442ADD"
"25615039_gab";"HateXplain";"swimming pool in novaky concentration camp these jews can claim holocaust pensions";"1- swimming, 2- pool, 3- in, 4- novaky, 5- concentration, 6- camp, 7- these, 8- jews, 9- can, 10- claim, 11- holocaust, 12- pensions";"offensive targeting Jewish";"https://app.prolific.co/submissions/complete?cc=91442ADD"
"16575396_gab";"HateXplain";"black friends go do some more drugs with your nigger buddies you brain dead degenerate";"1- black, 2- friends, 3- go, 4- do, 5- some, 6- more, 7- drugs, 8- with, 9- your, 10- nigger, 11- buddies, 12- you, 13- brain, 14- dead, 15- degenerate";"hatespeech targeting African";"https://app.prolific.co/submissions/complete?cc=91442ADD"
"25715427_gab";"HateXplain";"i did not know he was also a kike";"1- i, 2- did, 3- not, 4- know, 5- he, 6- was, 7- also, 8- a, 9- kike";"offensive targeting Jewish";"https://app.prolific.co/submissions/complete?cc=91442ADD"
"24066258_gab";"HateXplain";"news flash nigger africa is so racist";"1- news, 2- flash, 3- nigger, 4- africa, 5- is, 6- so, 7- racist";"hatespeech targeting African";"https://app.prolific.co/submissions/complete?cc=91442ADD"
"25734296_gab";"HateXplain";"i hit that pedo kike fag morris dees with a hotdog at the cincinatti protest some years back he was sneaking out the back basement door to the car garage after giving one of his bs lectures to the lemmings";"1- i, 2- hit, 3- that, 4- pedo, 5- kike, 6- fag, 7- morris, 8- dees, 9- with, 10- a, 11- hotdog, 12- at, 13- the, 14- cincinatti, 15- protest, 16- some, 17- years, 18- back, 19- he, 20- was, 21- sneaking, 22- out, 23- the, 24- back, 25- basement, 26- door, 27- to, 28- the, 29- car, 30- garage, 31- after, 32- giving, 33- one, 34- of, 35- his, 36- bs, 37- lectures, 38- to, 39- the, 40- lemmings";"offensive targeting Jewish";"https://app.prolific.co/submissions/complete?cc=91442ADD"
"27320709_gab";"HateXplain";"de nigger shagger been on my shitlist for a long long time";"1- de, 2- nigger, 3- shagger, 4- been, 5- on, 6- my, 7- shitlist, 8- for, 9- a, 10- long, 11- long, 12- time";"hatespeech targeting African";"https://app.prolific.co/submissions/complete?cc=91442ADD"
"25754066_gab";"HateXplain";"hey fellow white man never trust the jews";"1- hey, 2- fellow, 3- white, 4- man, 5- never, 6- trust, 7- the, 8- jews";"hatespeech targeting Jewish";"https://app.prolific.co/submissions/complete?cc=91442ADD"
"11800714_gab";"HateXplain";"<user> just told me he gained so much weight lately because of all of the nigger cum he been swallowing tmi vox i replied";"1- <user>, 2- just, 3- told, 4- me, 5- he, 6- gained, 7- so, 8- much, 9- weight, 10- lately, 11- because, 12- of, 13- all, 14- of, 15- the, 16- nigger, 17- cum, 18- he, 19- been, 20- swallowing, 21- tmi, 22- vox, 23- i, 24- replied";"offensive targeting African";"https://app.prolific.co/submissions/complete?cc=91442ADD"
"25777407_gab";"HateXplain";"degenerate jews hate white people jews";"1- degenerate, 2- jews, 3- hate, 4- white, 5- people, 6- jews";"hatespeech targeting Jewish";"https://app.prolific.co/submissions/complete?cc=91442ADD"
"9743054_gab";"HateXplain";"no more racist than what you just said you know nothing and your nigger friends are useless";"1- no, 2- more, 3- racist, 4- than, 5- what, 6- you, 7- just, 8- said, 9- you, 10- know, 11- nothing, 12- and, 13- your, 14- nigger, 15- friends, 16- are, 17- useless";"hatespeech targeting African";"https://app.prolific.co/submissions/complete?cc=91442ADD"
"25812392_gab";"HateXplain";"imagine a racialist tribe like the jews and their central hero is king of the aryans do you see how fucking stupid you are christian you dont but that why i am here to hold a mirror in front of your retarded face";"1- imagine, 2- a, 3- racialist, 4- tribe, 5- like, 6- the, 7- jews, 8- and, 9- their, 10- central, 11- hero, 12- is, 13- king, 14- of, 15- the, 16- aryans, 17- do, 18- you, 19- see, 20- how, 21- fucking, 22- stupid, 23- you, 24- are, 25- christian, 26- you, 27- dont, 28- but, 29- that, 30- why, 31- i, 32- am, 33- here, 34- to, 35- hold, 36- a, 37- mirror, 38- in, 39- front, 40- of, 41- your, 42- retarded, 43- face";"offensive targeting Jewish";"https://app.prolific.co/submissions/complete?cc=91442ADD"
"15764639_gab";"HateXplain";"it is not set up yet it for donations to my legal fund only i have not even enabled it there no bank account attached yet any more questions nigger lover lover";"1- it, 2- is, 3- not, 4- set, 5- up, 6- yet, 7- it, 8- for, 9- donations, 10- to, 11- my, 12- legal, 13- fund, 14- only, 15- i, 16- have, 17- not, 18- even, 19- enabled, 20- it, 21- there, 22- no, 23- bank, 24- account, 25- attached, 26- yet, 27- any, 28- more, 29- questions, 30- nigger, 31- lover, 32- lover";"hatespeech targeting African";"https://app.prolific.co/submissions/complete?cc=91442ADD"
"25837971_gab";"HateXplain";"kikes are from poland not only are you demoralized but you are retarded as well";"1- kikes, 2- are, 3- from, 4- poland, 5- not, 6- only, 7- are, 8- you, 9- demoralized, 10- but, 11- you, 12- are, 13- retarded, 14- as, 15- well";"hatespeech targeting Jewish";"https://app.prolific.co/submissions/complete?cc=91442ADD"
"18230837_gab";"HateXplain";"you are retarded and do not know what reply mean or are a shitty troller suck a bag of nigger dicks faggot";"1- you, 2- are, 3- retarded, 4- and, 5- do, 6- not, 7- know, 8- what, 9- reply, 10- mean, 11- or, 12- are, 13- a, 14- shitty, 15- troller, 16- suck, 17- a, 18- bag, 19- of, 20- nigger, 21- dicks, 22- faggot";"hatespeech targeting African";"https://app.prolific.co/submissions/complete?cc=91442ADD"
"25909905_gab";"HateXplain";"good post however i do not think the term blame is technically not accurate enough or carries the correct nuance try something more like you will discover it is the fucking jews behind it every single time";"1- good, 2- post, 3- however, 4- i, 5- do, 6- not, 7- think, 8- the, 9- term, 10- blame, 11- is, 12- technically, 13- not, 14- accurate, 15- enough, 16- or, 17- carries, 18- the, 19- correct, 20- nuance, 21- try, 22- something, 23- more, 24- like, 25- you, 26- will, 27- discover, 28- it, 29- is, 30- the, 31- fucking, 32- jews, 33- behind, 34- it, 35- every, 36- single, 37- time";"offensive targeting Jewish";"https://app.prolific.co/submissions/complete?cc=91442ADD"
"24133934_gab";"HateXplain";"the nigger deserves a punch in the face as well as hot coffee thrown in his face";"1- the, 2- nigger, 3- deserves, 4- a, 5- punch, 6- in, 7- the, 8- face, 9- as, 10- well, 11- as, 12- hot, 13- coffee, 14- thrown, 15- in, 16- his, 17- face";"hatespeech targeting African";"https://app.prolific.co/submissions/complete?cc=91442ADD"
"26030631_gab";"HateXplain";"nope disgusted muted keep your kike smut to yourself";"1- nope, 2- disgusted, 3- muted, 4- keep, 5- your, 6- kike, 7- smut, 8- to, 9- yourself";"hatespeech targeting Jewish";"https://app.prolific.co/submissions/complete?cc=91442ADD"
"10911896_gab";"HateXplain";"suck that nigger dick you fucking faggot i absofuckinglutely hate what america has become goddamn white man get off your fucking knees";"1- suck, 2- that, 3- nigger, 4- dick, 5- you, 6- fucking, 7- faggot, 8- i, 9- absofuckinglutely, 10- hate, 11- what, 12- america, 13- has, 14- become, 15- goddamn, 16- white, 17- man, 18- get, 19- off, 20- your, 21- fucking, 22- knees";"hatespeech targeting African";"https://app.prolific.co/submissions/complete?cc=91442ADD"
"26134824_gab";"HateXplain";"honorary holocaust survivors these <number>";"1- honorary, 2- holocaust, 3- survivors, 4- these, 5- <number>";"offensive targeting Jewish";"https://app.prolific.co/submissions/complete?cc=91442ADD"
"20705945_gab";"HateXplain";"i did <number> years for shooting a nigger in the face every nigger i have ever called a nigger never does anything to my face i grew up like tarzan in the jungle boy been fighting niggers since i was <number>";"1- i, 2- did, 3- <number>, 4- years, 5- for, 6- shooting, 7- a, 8- nigger, 9- in, 10- the, 11- face, 12- every, 13- nigger, 14- i, 15- have, 16- ever, 17- called, 18- a, 19- nigger, 20- never, 21- does, 22- anything, 23- to, 24- my, 25- face, 26- i, 27- grew, 28- up, 29- like, 30- tarzan, 31- in, 32- the, 33- jungle, 34- boy, 35- been, 36- fighting, 37- niggers, 38- since, 39- i, 40- was, 41- <number>";"hatespeech targeting African";"https://app.prolific.co/submissions/complete?cc=91442ADD"
"26361552_gab";"HateXplain";"there fluoride in the water so i am not stupid because i am a lazy faggot i am stupid because jews made me this way and i can not fix it";"1- there, 2- fluoride, 3- in, 4- the, 5- water, 6- so, 7- i, 8- am, 9- not, 10- stupid, 11- because, 12- i, 13- am, 14- a, 15- lazy, 16- faggot, 17- i, 18- am, 19- stupid, 20- because, 21- jews, 22- made, 23- me, 24- this, 25- way, 26- and, 27- i, 28- can, 29- not, 30- fix, 31- it";"offensive targeting Jewish";"https://app.prolific.co/submissions/complete?cc=91442ADD"
"21265283_gab";"HateXplain";"how almost all of the clothing companies are promoting the downfall of us whites part <number> the nigger is first in the picturewhile the white girls looking dumb and lunatic are in the background company farfetch";"1- how, 2- almost, 3- all, 4- of, 5- the, 6- clothing, 7- companies, 8- are, 9- promoting, 10- the, 11- downfall, 12- of, 13- us, 14- whites, 15- part, 16- <number>, 17- the, 18- nigger, 19- is, 20- first, 21- in, 22- the, 23- picturewhile, 24- the, 25- white, 26- girls, 27- looking, 28- dumb, 29- and, 30- lunatic, 31- are, 32- in, 33- the, 34- background, 35- company, 36- farfetch";"offensive targeting African";"https://app.prolific.co/submissions/complete?cc=91442ADD"
"26411011_gab";"HateXplain";"anyone whom jews deem useful in destroying white civilization is fully funded with no questions asked";"1- anyone, 2- whom, 3- jews, 4- deem, 5- useful, 6- in, 7- destroying, 8- white, 9- civilization, 10- is, 11- fully, 12- funded, 13- with, 14- no, 15- questions, 16- asked";"offensive targeting Jewish";"https://app.prolific.co/submissions/complete?cc=91442ADD"
"13063661_gab";"HateXplain";"if there one thing i can not stand more then a nigger it a fuckin jew";"1- if, 2- there, 3- one, 4- thing, 5- i, 6- can, 7- not, 8- stand, 9- more, 10- then, 11- a, 12- nigger, 13- it, 14- a, 15- fuckin, 16- jew";"hatespeech targeting African";"https://app.prolific.co/submissions/complete?cc=91442ADD"
"26425867_gab";"HateXplain";"long story short whites are dying out because jews convinced us to kill ourselves to atone for the holocaust";"1- long, 2- story, 3- short, 4- whites, 5- are, 6- dying, 7- out, 8- because, 9- jews, 10- convinced, 11- us, 12- to, 13- kill, 14- ourselves, 15- to, 16- atone, 17- for, 18- the, 19- holocaust";"hatespeech targeting Jewish";"https://app.prolific.co/submissions/complete?cc=91442ADD"
"12526010_gab";"HateXplain";"oh right ok look i am obviously dealing with a fucking moron here so we will have to leave it at that you just keep believing in your blank slate theory bro maybe you can adopt some niglets and prove us all wrong";"1- oh, 2- right, 3- ok, 4- look, 5- i, 6- am, 7- obviously, 8- dealing, 9- with, 10- a, 11- fucking, 12- moron, 13- here, 14- so, 15- we, 16- will, 17- have, 18- to, 19- leave, 20- it, 21- at, 22- that, 23- you, 24- just, 25- keep, 26- believing, 27- in, 28- your, 29- blank, 30- slate, 31- theory, 32- bro, 33- maybe, 34- you, 35- can, 36- adopt, 37- some, 38- niglets, 39- and, 40- prove, 41- us, 42- all, 43- wrong";"hatespeech targeting African";"https://app.prolific.co/submissions/complete?cc=91442ADD"
"26526265_gab";"HateXplain";"arabs attacked israel lmao bitch are you retarded hahahahahahahaha how did arabs attack a country that did not exist lol and the jewish invasion of palestine that created israel wasn t an attack lmao";"1- arabs, 2- attacked, 3- israel, 4- lmao, 5- bitch, 6- are, 7- you, 8- retarded, 9- hahahahahahahaha, 10- how, 11- did, 12- arabs, 13- attack, 14- a, 15- country, 16- that, 17- did, 18- not, 19- exist, 20- lol, 21- and, 22- the, 23- jewish, 24- invasion, 25- of, 26- palestine, 27- that, 28- created, 29- israel, 30- wasn, 31- t, 32- an, 33- attack, 34- lmao";"offensive targeting Jewish";"https://app.prolific.co/submissions/complete?cc=91442ADD"
"attention_16";"attention check sentences (HateXplain targeting)";"oh these indians you find them everywhere you go my doctor is indian so is this taxi driver";"1- oh, 2- these, 3- indians, 4- you, 5- find, 6- them, 7- everywhere, 8- you, 9- go, 10- my, 11- doctor, 12- is, 13- indian, 14- so, 15- is, 16- this, 17- taxi, 18- driver";"offensive";"https://app.prolific.co/submissions/complete?cc=91442ADD"