"ID";"dataset";"text";"tokens";"label";"redirectUrl"
"21816100_gab";"HateXplain";"should have known it is a fucking kike jew scum bag getting this ticket off";"1- should, 2- have, 3- known, 4- it, 5- is, 6- a, 7- fucking, 8- kike, 9- jew, 10- scum, 11- bag, 12- getting, 13- this, 14- ticket, 15- off";"hatespeech targeting Jewish";"https://app.prolific.co/submissions/complete?cc=91442ADD"
"11298994_gab";"HateXplain";"hey like i said your cause is just i support european heritage and for many that is the church so i got your back against muzzies and atheists thanks for the tip i will look into it when i get the chance";"1- hey, 2- like, 3- i, 4- said, 5- your, 6- cause, 7- is, 8- just, 9- i, 10- support, 11- european, 12- heritage, 13- and, 14- for, 15- many, 16- that, 17- is, 18- the, 19- church, 20- so, 21- i, 22- got, 23- your, 24- back, 25- against, 26- muzzies, 27- and, 28- atheists, 29- thanks, 30- for, 31- the, 32- tip, 33- i, 34- will, 35- look, 36- into, 37- it, 38- when, 39- i, 40- get, 41- the, 42- chance";"hatespeech targeting Islam";"https://app.prolific.co/submissions/complete?cc=91442ADD"
"18211625_gab";"HateXplain";"im just going to assume that guy fucked a nigger in the ass and <user> was the result if newsweek does not need to verify stories neither do i";"1- im, 2- just, 3- going, 4- to, 5- assume, 6- that, 7- guy, 8- fucked, 9- a, 10- nigger, 11- in, 12- the, 13- ass, 14- and, 15- <user>, 16- was, 17- the, 18- result, 19- if, 20- newsweek, 21- does, 22- not, 23- need, 24- to, 25- verify, 26- stories, 27- neither, 28- do, 29- i";"offensive targeting African";"https://app.prolific.co/submissions/complete?cc=91442ADD"
"26534972_gab";"HateXplain";"ha ha ha look at this you a kike bro <user> ‍";"1- ha, 2- ha, 3- ha, 4- look, 5- at, 6- this, 7- you, 8- a, 9- kike, 10- bro, 11- <user>, 12- ‍";"hatespeech targeting Jewish";"https://app.prolific.co/submissions/complete?cc=91442ADD"
"16375011_gab";"HateXplain";"technically she is a traitor to america she is trying to get passed sharia law which is in complete violation of our constitution she should now be either imprisoned and then deported to mussie world or just deported";"1- technically, 2- she, 3- is, 4- a, 5- traitor, 6- to, 7- america, 8- she, 9- is, 10- trying, 11- to, 12- get, 13- passed, 14- sharia, 15- law, 16- which, 17- is, 18- in, 19- complete, 20- violation, 21- of, 22- our, 23- constitution, 24- she, 25- should, 26- now, 27- be, 28- either, 29- imprisoned, 30- and, 31- then, 32- deported, 33- to, 34- mussie, 35- world, 36- or, 37- just, 38- deported";"offensive targeting Islam";"https://app.prolific.co/submissions/complete?cc=91442ADD"
"27682176_gab";"HateXplain";"smethwick once the parliamentary constituency of sir oswald mosley forty years later conservative mp peter griffiths took it off the campaign slogan if you want a nigger for a neighbour vote liberal or labour today it <percent> white";"1- smethwick, 2- once, 3- the, 4- parliamentary, 5- constituency, 6- of, 7- sir, 8- oswald, 9- mosley, 10- forty, 11- years, 12- later, 13- conservative, 14- mp, 15- peter, 16- griffiths, 17- took, 18- it, 19- off, 20- the, 21- campaign, 22- slogan, 23- if, 24- you, 25- want, 26- a, 27- nigger, 28- for, 29- a, 30- neighbour, 31- vote, 32- liberal, 33- or, 34- labour, 35- today, 36- it, 37- <percent>, 38- white";"offensive targeting African";"https://app.prolific.co/submissions/complete?cc=91442ADD"
"12983751_gab";"HateXplain";"that kike pressto claimed she was the exception to the rule i believed her naive nazi that i am";"1- that, 2- kike, 3- pressto, 4- claimed, 5- she, 6- was, 7- the, 8- exception, 9- to, 10- the, 11- rule, 12- i, 13- believed, 14- her, 15- naive, 16- nazi, 17- that, 18- i, 19- am";"hatespeech targeting Jewish";"https://app.prolific.co/submissions/complete?cc=91442ADD"
"26646012_gab";"HateXplain";"i hear the only christians the muzzies like are the mormons they got confused with the name bring em young";"1- i, 2- hear, 3- the, 4- only, 5- christians, 6- the, 7- muzzies, 8- like, 9- are, 10- the, 11- mormons, 12- they, 13- got, 14- confused, 15- with, 16- the, 17- name, 18- bring, 19- em, 20- young";"hatespeech targeting Islam";"https://app.prolific.co/submissions/complete?cc=91442ADD"
"13909163_gab";"HateXplain";"i suggest you put this nigger on your board of directors he seems like a good one";"1- i, 2- suggest, 3- you, 4- put, 5- this, 6- nigger, 7- on, 8- your, 9- board, 10- of, 11- directors, 12- he, 13- seems, 14- like, 15- a, 16- good, 17- one";"offensive targeting African";"https://app.prolific.co/submissions/complete?cc=91442ADD"
"8695293_gab";"HateXplain";"epileptic gamma kike kurt eichenwald calls the alt right childless single men who masturbate to anime 4 chan sends him swastika memes till he fumbles a screenshot revealing his hentai browser tab he covers with a transparently false lie featuring his wife kids and tentacle porn";"1- epileptic, 2- gamma, 3- kike, 4- kurt, 5- eichenwald, 6- calls, 7- the, 8- alt, 9- right, 10- childless, 11- single, 12- men, 13- who, 14- masturbate, 15- to, 16- anime, 17- 4, 18- chan, 19- sends, 20- him, 21- swastika, 22- memes, 23- till, 24- he, 25- fumbles, 26- a, 27- screenshot, 28- revealing, 29- his, 30- hentai, 31- browser, 32- tab, 33- he, 34- covers, 35- with, 36- a, 37- transparently, 38- false, 39- lie, 40- featuring, 41- his, 42- wife, 43- kids, 44- and, 45- tentacle, 46- porn";"hatespeech targeting Jewish";"https://app.prolific.co/submissions/complete?cc=91442ADD"
"3445211_gab";"HateXplain";"<user> he is a commie muzzy white hating cunt who is at war with america hang him for treason";"1- <user>, 2- he, 3- is, 4- a, 5- commie, 6- muzzy, 7- white, 8- hating, 9- cunt, 10- who, 11- is, 12- at, 13- war, 14- with, 15- america, 16- hang, 17- him, 18- for, 19- treason";"hatespeech targeting Islam";"https://app.prolific.co/submissions/complete?cc=91442ADD"
"18231131_gab";"HateXplain";"just promise me this even if i am <number> years old stink shit my pants and am dying from ball cancer do not put my brain in a nigger body plz";"1- just, 2- promise, 3- me, 4- this, 5- even, 6- if, 7- i, 8- am, 9- <number>, 10- years, 11- old, 12- stink, 13- shit, 14- my, 15- pants, 16- and, 17- am, 18- dying, 19- from, 20- ball, 21- cancer, 22- do, 23- not, 24- put, 25- my, 26- brain, 27- in, 28- a, 29- nigger, 30- body, 31- plz";"hatespeech targeting African";"https://app.prolific.co/submissions/complete?cc=91442ADD"
"18382683_gab";"HateXplain";"<user> you definitely get the scarlett johansson award for removing the fugly kike proboscis and replacing it with an aesthetically pleasant caucasian nose without the aid of cosmetic surgery it almost as if you are trying to hide something";"1- <user>, 2- you, 3- definitely, 4- get, 5- the, 6- scarlett, 7- johansson, 8- award, 9- for, 10- removing, 11- the, 12- fugly, 13- kike, 14- proboscis, 15- and, 16- replacing, 17- it, 18- with, 19- an, 20- aesthetically, 21- pleasant, 22- caucasian, 23- nose, 24- without, 25- the, 26- aid, 27- of, 28- cosmetic, 29- surgery, 30- it, 31- almost, 32- as, 33- if, 34- you, 35- are, 36- trying, 37- to, 38- hide, 39- something";"hatespeech targeting Jewish";"https://app.prolific.co/submissions/complete?cc=91442ADD"
"15188300_gab";"HateXplain";"how do muzzies practice safe sex they mark the camels that kick";"1- how, 2- do, 3- muzzies, 4- practice, 5- safe, 6- sex, 7- they, 8- mark, 9- the, 10- camels, 11- that, 12- kick";"hatespeech targeting Islam";"https://app.prolific.co/submissions/complete?cc=91442ADD"
"6075391_gab";"HateXplain";"every tarantino film at this point is him making black revenge porn to atone for his dead nigger dropoff line from pulp fiction i hope he cuts it out at some point and makes real movies again";"1- every, 2- tarantino, 3- film, 4- at, 5- this, 6- point, 7- is, 8- him, 9- making, 10- black, 11- revenge, 12- porn, 13- to, 14- atone, 15- for, 16- his, 17- dead, 18- nigger, 19- dropoff, 20- line, 21- from, 22- pulp, 23- fiction, 24- i, 25- hope, 26- he, 27- cuts, 28- it, 29- out, 30- at, 31- some, 32- point, 33- and, 34- makes, 35- real, 36- movies, 37- again";"offensive targeting African";"https://app.prolific.co/submissions/complete?cc=91442ADD"
"20551345_gab";"HateXplain";"liberal fuckwad kike loser";"1- liberal, 2- fuckwad, 3- kike, 4- loser";"hatespeech targeting Jewish";"https://app.prolific.co/submissions/complete?cc=91442ADD"
"25102150_gab";"HateXplain";"msm blamed this muzrat terrorist attack on women and dropped the story like it was a hot potato";"1- msm, 2- blamed, 3- this, 4- muzrat, 5- terrorist, 6- attack, 7- on, 8- women, 9- and, 10- dropped, 11- the, 12- story, 13- like, 14- it, 15- was, 16- a, 17- hot, 18- potato";"hatespeech targeting Islam";"https://app.prolific.co/submissions/complete?cc=91442ADD"
"11620161_gab";"HateXplain";"oh hey it nigger dick hi nigger dick you still sharing your expertise on all things nigger dick with all of gab nice see ya around nigger dick";"1- oh, 2- hey, 3- it, 4- nigger, 5- dick, 6- hi, 7- nigger, 8- dick, 9- you, 10- still, 11- sharing, 12- your, 13- expertise, 14- on, 15- all, 16- things, 17- nigger, 18- dick, 19- with, 20- all, 21- of, 22- gab, 23- nice, 24- see, 25- ya, 26- around, 27- nigger, 28- dick";"hatespeech targeting African";"https://app.prolific.co/submissions/complete?cc=91442ADD"
"18852504_gab";"HateXplain";"sorry patience has worn thin at this point if any of these kike lovers even mentions isreal i mute them i do not want my screen getting infected with degeneracy";"1- sorry, 2- patience, 3- has, 4- worn, 5- thin, 6- at, 7- this, 8- point, 9- if, 10- any, 11- of, 12- these, 13- kike, 14- lovers, 15- even, 16- mentions, 17- isreal, 18- i, 19- mute, 20- them, 21- i, 22- do, 23- not, 24- want, 25- my, 26- screen, 27- getting, 28- infected, 29- with, 30- degeneracy";"hatespeech targeting Jewish";"https://app.prolific.co/submissions/complete?cc=91442ADD"
"21633147_gab";"HateXplain";"unfortunately now uk police farce are only taught in police college one use for their batons how to bum fuck each other after they have given a bj to a moslem painted their nails";"1- unfortunately, 2- now, 3- uk, 4- police, 5- farce, 6- are, 7- only, 8- taught, 9- in, 10- police, 11- college, 12- one, 13- use, 14- for, 15- their, 16- batons, 17- how, 18- to, 19- bum, 20- fuck, 21- each, 22- other, 23- after, 24- they, 25- have, 26- given, 27- a, 28- bj, 29- to, 30- a, 31- moslem, 32- painted, 33- their, 34- nails";"hatespeech targeting Islam";"https://app.prolific.co/submissions/complete?cc=91442ADD"
"16511498_gab";"HateXplain";"the nigger tax strikes again";"1- the, 2- nigger, 3- tax, 4- strikes, 5- again";"hatespeech targeting African";"https://app.prolific.co/submissions/complete?cc=91442ADD"
"22393483_gab";"HateXplain";"2 3 andme is a strange choice for this sort of thing given that it primarily works at the behest of the israeli government to determine who is a kike or not";"1- 2, 2- 3, 3- andme, 4- is, 5- a, 6- strange, 7- choice, 8- for, 9- this, 10- sort, 11- of, 12- thing, 13- given, 14- that, 15- it, 16- primarily, 17- works, 18- at, 19- the, 20- behest, 21- of, 22- the, 23- israeli, 24- government, 25- to, 26- determine, 27- who, 28- is, 29- a, 30- kike, 31- or, 32- not";"hatespeech targeting Jewish";"https://app.prolific.co/submissions/complete?cc=91442ADD"
"8796561_gab";"HateXplain";"so what do muzzies do when they get their schlong stuck in a goat ass is there a hotline they can call or something";"1- so, 2- what, 3- do, 4- muzzies, 5- do, 6- when, 7- they, 8- get, 9- their, 10- schlong, 11- stuck, 12- in, 13- a, 14- goat, 15- ass, 16- is, 17- there, 18- a, 19- hotline, 20- they, 21- can, 22- call, 23- or, 24- something";"hatespeech targeting Islam";"https://app.prolific.co/submissions/complete?cc=91442ADD"
"11123890_gab";"HateXplain";"thanks <number> john deere black lives have not mattered for a long time super ultra nigger <number>";"1- thanks, 2- <number>, 3- john, 4- deere, 5- black, 6- lives, 7- have, 8- not, 9- mattered, 10- for, 11- a, 12- long, 13- time, 14- super, 15- ultra, 16- nigger, 17- <number>";"hatespeech targeting African";"https://app.prolific.co/submissions/complete?cc=91442ADD"
"5617428_gab";"HateXplain";"he got blasted by some in that tweet then that jewish kike told him hey tribe lets getting oscarssogoysih trending will fox news show his tweet on that";"1- he, 2- got, 3- blasted, 4- by, 5- some, 6- in, 7- that, 8- tweet, 9- then, 10- that, 11- jewish, 12- kike, 13- told, 14- him, 15- hey, 16- tribe, 17- lets, 18- getting, 19- oscarssogoysih, 20- trending, 21- will, 22- fox, 23- news, 24- show, 25- his, 26- tweet, 27- on, 28- that";"hatespeech targeting Jewish";"https://app.prolific.co/submissions/complete?cc=91442ADD"
"14860238_gab";"HateXplain";"rumor is sustain and able are in their bible and that green rumor is kim jong un just has gas and they want to use it to power a rocketship to mars never had a jew shoot at me in africa had a shit load of muzzies try their luck";"1- rumor, 2- is, 3- sustain, 4- and, 5- able, 6- are, 7- in, 8- their, 9- bible, 10- and, 11- that, 12- green, 13- rumor, 14- is, 15- kim, 16- jong, 17- un, 18- just, 19- has, 20- gas, 21- and, 22- they, 23- want, 24- to, 25- use, 26- it, 27- to, 28- power, 29- a, 30- rocketship, 31- to, 32- mars, 33- never, 34- had, 35- a, 36- jew, 37- shoot, 38- at, 39- me, 40- in, 41- africa, 42- had, 43- a, 44- shit, 45- load, 46- of, 47- muzzies, 48- try, 49- their, 50- luck";"hatespeech targeting Islam";"https://app.prolific.co/submissions/complete?cc=91442ADD"
"19456654_gab";"HateXplain";"brittany mocha mistake venti is a nigger you love a nigger sow and will side with it over your fellow whites huh did i enter an alternate universe or something here i thought you loved your race and hated the shitskins yet here you are stating the opposite";"1- brittany, 2- mocha, 3- mistake, 4- venti, 5- is, 6- a, 7- nigger, 8- you, 9- love, 10- a, 11- nigger, 12- sow, 13- and, 14- will, 15- side, 16- with, 17- it, 18- over, 19- your, 20- fellow, 21- whites, 22- huh, 23- did, 24- i, 25- enter, 26- an, 27- alternate, 28- universe, 29- or, 30- something, 31- here, 32- i, 33- thought, 34- you, 35- loved, 36- your, 37- race, 38- and, 39- hated, 40- the, 41- shitskins, 42- yet, 43- here, 44- you, 45- are, 46- stating, 47- the, 48- opposite";"hatespeech targeting African";"https://app.prolific.co/submissions/complete?cc=91442ADD"
"13380422_gab";"HateXplain";"that <user> a fat kike liar profitmonger censor <user> a pajeet fucking a confirmed kike and a couple sand niggers but they duped gab fam out of 1 0 0 of thousands of dollars lol";"1- that, 2- <user>, 3- a, 4- fat, 5- kike, 6- liar, 7- profitmonger, 8- censor, 9- <user>, 10- a, 11- pajeet, 12- fucking, 13- a, 14- confirmed, 15- kike, 16- and, 17- a, 18- couple, 19- sand, 20- niggers, 21- but, 22- they, 23- duped, 24- gab, 25- fam, 26- out, 27- of, 28- 1, 29- 0, 30- 0, 31- of, 32- thousands, 33- of, 34- dollars, 35- lol";"hatespeech targeting Jewish";"https://app.prolific.co/submissions/complete?cc=91442ADD"
"5598828_gab";"HateXplain";"ellison perez and obama walk into a bar we do not serve his kind here says the bartender with a vague motion perez thinks he is not black enough ellison thinks it because he a public muzzie obama suddenly bursts out hey we are all traitors at some level";"1- ellison, 2- perez, 3- and, 4- obama, 5- walk, 6- into, 7- a, 8- bar, 9- we, 10- do, 11- not, 12- serve, 13- his, 14- kind, 15- here, 16- says, 17- the, 18- bartender, 19- with, 20- a, 21- vague, 22- motion, 23- perez, 24- thinks, 25- he, 26- is, 27- not, 28- black, 29- enough, 30- ellison, 31- thinks, 32- it, 33- because, 34- he, 35- a, 36- public, 37- muzzie, 38- obama, 39- suddenly, 40- bursts, 41- out, 42- hey, 43- we, 44- are, 45- all, 46- traitors, 47- at, 48- some, 49- level";"offensive targeting Islam";"https://app.prolific.co/submissions/complete?cc=91442ADD"
"attention_46";"attention check sentences (HateXplain targeting)";"i will take constantinople back turgay";"1- i, 2- will, 3- take, 4- constantinople, 5- back, 6- turgay";"offensive";"https://app.prolific.co/submissions/complete?cc=91442ADD"