"ID";"dataset";"text";"tokens";"label";"redirectUrl"
"18966202_gab";"HateXplain";"yeah becasue you are one of those trailer trash cunts living in the ghetto countryside you disgusting whore";"1- yeah, 2- becasue, 3- you, 4- are, 5- one, 6- of, 7- those, 8- trailer, 9- trash, 10- cunts, 11- living, 12- in, 13- the, 14- ghetto, 15- countryside, 16- you, 17- disgusting, 18- whore";"hatespeech targeting Other";"https://app.prolific.co/submissions/complete?cc=91442ADD"
"1246464315504328705_twitter";"HateXplain";"<user> girl i use my email for anything important cause that shit too ghetto 😂 😭";"1- <user>, 2- girl, 3- i, 4- use, 5- my, 6- email, 7- for, 8- anything, 9- important, 10- cause, 11- that, 12- shit, 13- too, 14- ghetto, 15- 😂, 16- 😭";"offensive targeting African";"https://app.prolific.co/submissions/complete?cc=91442ADD"
"14560857_gab";"HateXplain";"naw it probably nigger obama fault shift the blame ok i blame the jews whatever please quit the bitch fit with azz it clogging up my gab feed and it retarded thanks";"1- naw, 2- it, 3- probably, 4- nigger, 5- obama, 6- fault, 7- shift, 8- the, 9- blame, 10- ok, 11- i, 12- blame, 13- the, 14- jews, 15- whatever, 16- please, 17- quit, 18- the, 19- bitch, 20- fit, 21- with, 22- azz, 23- it, 24- clogging, 25- up, 26- my, 27- gab, 28- feed, 29- and, 30- it, 31- retarded, 32- thanks";"hatespeech targeting African";"https://app.prolific.co/submissions/complete?cc=91442ADD"
"1179103603581243393_twitter";"HateXplain";"birds of prey listening to margot robbie talk like a retarded white girl who thinks she can drop the n word any time she wants for <number> hours hard pass";"1- birds, 2- of, 3- prey, 4- listening, 5- to, 6- margot, 7- robbie, 8- talk, 9- like, 10- a, 11- retarded, 12- white, 13- girl, 14- who, 15- thinks, 16- she, 17- can, 18- drop, 19- the, 20- n, 21- word, 22- any, 23- time, 24- she, 25- wants, 26- for, 27- <number>, 28- hours, 29- hard, 30- pass";"offensive targeting Caucasian";"https://app.prolific.co/submissions/complete?cc=91442ADD"
"21270990_gab";"HateXplain";"i have seen more discrimination and harassment towards males in the work place than females guess that bound to happen with feminist in charge whyirejectfeminism";"1- i, 2- have, 3- seen, 4- more, 5- discrimination, 6- and, 7- harassment, 8- towards, 9- males, 10- in, 11- the, 12- work, 13- place, 14- than, 15- females, 16- guess, 17- that, 18- bound, 19- to, 20- happen, 21- with, 22- feminist, 23- in, 24- charge, 25- whyirejectfeminism";"offensive targeting Women";"https://app.prolific.co/submissions/complete?cc=91442ADD"
"1240309086320803840_twitter";"HateXplain";"these dumbass lahori and islamabadi fuckers are gonna get us all killed";"1- these, 2- dumbass, 3- lahori, 4- and, 5- islamabadi, 6- fuckers, 7- are, 8- gonna, 9- get, 10- us, 11- all, 12- killed";"hatespeech targeting Islam";"https://app.prolific.co/submissions/complete?cc=91442ADD"
"16954192_gab";"HateXplain";"treason lots of u up that way canada has the largest u mine saskatchewan i think a little distance but those muzzrats are going up there to get elected";"1- treason, 2- lots, 3- of, 4- u, 5- up, 6- that, 7- way, 8- canada, 9- has, 10- the, 11- largest, 12- u, 13- mine, 14- saskatchewan, 15- i, 16- think, 17- a, 18- little, 19- distance, 20- but, 21- those, 22- muzzrats, 23- are, 24- going, 25- up, 26- there, 27- to, 28- get, 29- elected";"hatespeech targeting Islam";"https://app.prolific.co/submissions/complete?cc=91442ADD"
"1216273333626400769_twitter";"HateXplain";"<user> unless if someone has a ghetto attitude";"1- <user>, 2- unless, 3- if, 4- someone, 5- has, 6- a, 7- ghetto, 8- attitude";"offensive targeting Other";"https://app.prolific.co/submissions/complete?cc=91442ADD"
"19135178_gab";"HateXplain";"senile retarded democrat sounds about right";"1- senile, 2- retarded, 3- democrat, 4- sounds, 5- about, 6- right";"offensive targeting Other";"https://app.prolific.co/submissions/complete?cc=91442ADD"
"1253929001464344576_twitter";"HateXplain";"just seen this nigga micheal jackson in the gulag";"1- just, 2- seen, 3- this, 4- nigga, 5- micheal, 6- jackson, 7- in, 8- the, 9- gulag";"offensive targeting African";"https://app.prolific.co/submissions/complete?cc=91442ADD"
"14574220_gab";"HateXplain";"why is she apologizing to the token ghetto boy";"1- why, 2- is, 3- she, 4- apologizing, 5- to, 6- the, 7- token, 8- ghetto, 9- boy";"offensive targeting African";"https://app.prolific.co/submissions/complete?cc=91442ADD"
"1076989272291459072_twitter";"HateXplain";"i really need a tan because i am tired of ppl calling me white";"1- i, 2- really, 3- need, 4- a, 5- tan, 6- because, 7- i, 8- am, 9- tired, 10- of, 11- ppl, 12- calling, 13- me, 14- white";"offensive targeting Caucasian";"https://app.prolific.co/submissions/complete?cc=91442ADD"
"21359130_gab";"HateXplain";"without a clitoris their women must just ly there theyll only realise when they are hungry";"1- without, 2- a, 3- clitoris, 4- their, 5- women, 6- must, 7- just, 8- ly, 9- there, 10- theyll, 11- only, 12- realise, 13- when, 14- they, 15- are, 16- hungry";"offensive targeting Women";"https://app.prolific.co/submissions/complete?cc=91442ADD"
"1264476527552389123_twitter";"HateXplain";"<user> eid is only for muslim u idiot shut the fuck up with ur exmuslim";"1- <user>, 2- eid, 3- is, 4- only, 5- for, 6- muslim, 7- u, 8- idiot, 9- shut, 10- the, 11- fuck, 12- up, 13- with, 14- ur, 15- exmuslim";"offensive targeting Islam";"https://app.prolific.co/submissions/complete?cc=91442ADD"
"16994662_gab";"HateXplain";"in berlin they have security tents for women women safety area i d call it muzzie free zone the new year eve party in berlin has never been so cool";"1- in, 2- berlin, 3- they, 4- have, 5- security, 6- tents, 7- for, 8- women, 9- women, 10- safety, 11- area, 12- i, 13- d, 14- call, 15- it, 16- muzzie, 17- free, 18- zone, 19- the, 20- new, 21- year, 22- eve, 23- party, 24- in, 25- berlin, 26- has, 27- never, 28- been, 29- so, 30- cool";"hatespeech targeting Islam";"https://app.prolific.co/submissions/complete?cc=91442ADD"
"1216420675327533058_twitter";"HateXplain";"<user> <user> i can ’ t even lmao how dumb and retarded are you irl";"1- <user>, 2- <user>, 3- i, 4- can, 5- ’, 6- t, 7- even, 8- lmao, 9- how, 10- dumb, 11- and, 12- retarded, 13- are, 14- you, 15- irl";"offensive targeting Other";"https://app.prolific.co/submissions/complete?cc=91442ADD"
"19156304_gab";"HateXplain";"you retarded nazi cunts need to practise your insults fuck you and the camel that has its penis firmly embedded in your arse";"1- you, 2- retarded, 3- nazi, 4- cunts, 5- need, 6- to, 7- practise, 8- your, 9- insults, 10- fuck, 11- you, 12- and, 13- the, 14- camel, 15- that, 16- has, 17- its, 18- penis, 19- firmly, 20- embedded, 21- in, 22- your, 23- arse";"hatespeech targeting Other";"https://app.prolific.co/submissions/complete?cc=91442ADD"
"1254976043129028608_twitter";"HateXplain";"i miss u negro <user>";"1- i, 2- miss, 3- u, 4- negro, 5- <user>";"offensive targeting African";"https://app.prolific.co/submissions/complete?cc=91442ADD"
"14575148_gab";"HateXplain";"the negro stephen lawrence would still be alive today if his family had stayed in their own country not came to britain to live a life of crime while claiming benefits";"1- the, 2- negro, 3- stephen, 4- lawrence, 5- would, 6- still, 7- be, 8- alive, 9- today, 10- if, 11- his, 12- family, 13- had, 14- stayed, 15- in, 16- their, 17- own, 18- country, 19- not, 20- came, 21- to, 22- britain, 23- to, 24- live, 25- a, 26- life, 27- of, 28- crime, 29- while, 30- claiming, 31- benefits";"hatespeech targeting African";"https://app.prolific.co/submissions/complete?cc=91442ADD"
"1099854268876627968_twitter";"HateXplain";"<user> ur noy missing anything trust us still boring af amp still white af";"1- <user>, 2- ur, 3- noy, 4- missing, 5- anything, 6- trust, 7- us, 8- still, 9- boring, 10- af, 11- amp, 12- still, 13- white, 14- af";"offensive targeting Caucasian";"https://app.prolific.co/submissions/complete?cc=91442ADD"
"21693200_gab";"HateXplain";"she a criminal piece of shit this bitch should hang when her fat ass falls it will pop her head off like saddam hussein";"1- she, 2- a, 3- criminal, 4- piece, 5- of, 6- shit, 7- this, 8- bitch, 9- should, 10- hang, 11- when, 12- her, 13- fat, 14- ass, 15- falls, 16- it, 17- will, 18- pop, 19- her, 20- head, 21- off, 22- like, 23- saddam, 24- hussein";"offensive targeting Women";"https://app.prolific.co/submissions/complete?cc=91442ADD"
"1266788079777480706_twitter";"HateXplain";"<user> <user> i am proud to oppose islam and oppose the islamification of our country";"1- <user>, 2- <user>, 3- i, 4- am, 5- proud, 6- to, 7- oppose, 8- islam, 9- and, 10- oppose, 11- the, 12- islamification, 13- of, 14- our, 15- country";"offensive targeting Islam";"https://app.prolific.co/submissions/complete?cc=91442ADD"
"16997880_gab";"HateXplain";"more proof that muslims have rights more proof that immigrants have rights more proof that citizens do not have rights as their government aids and abets terrorism committed by the muslims and immigrants";"1- more, 2- proof, 3- that, 4- muslims, 5- have, 6- rights, 7- more, 8- proof, 9- that, 10- immigrants, 11- have, 12- rights, 13- more, 14- proof, 15- that, 16- citizens, 17- do, 18- not, 19- have, 20- rights, 21- as, 22- their, 23- government, 24- aids, 25- and, 26- abets, 27- terrorism, 28- committed, 29- by, 30- the, 31- muslims, 32- and, 33- immigrants";"offensive targeting Islam";"https://app.prolific.co/submissions/complete?cc=91442ADD"
"1221163179054551040_twitter";"HateXplain";"problematic obsessed ugly ghetto old frog face how dare you <user>";"1- problematic, 2- obsessed, 3- ugly, 4- ghetto, 5- old, 6- frog, 7- face, 8- how, 9- dare, 10- you, 11- <user>";"offensive targeting Other";"https://app.prolific.co/submissions/complete?cc=91442ADD"
"19168727_gab";"HateXplain";"the white man must learn to hate if we do not hate the forces that have destroyed our civilization we will die";"1- the, 2- white, 3- man, 4- must, 5- learn, 6- to, 7- hate, 8- if, 9- we, 10- do, 11- not, 12- hate, 13- the, 14- forces, 15- that, 16- have, 17- destroyed, 18- our, 19- civilization, 20- we, 21- will, 22- die";"hatespeech targeting Other";"https://app.prolific.co/submissions/complete?cc=91442ADD"
"1255299725932273664_twitter";"HateXplain";"aw why god be tryna send bitch ass niggas in my life 😭 😭 😭";"1- aw, 2- why, 3- god, 4- be, 5- tryna, 6- send, 7- bitch, 8- ass, 9- niggas, 10- in, 11- my, 12- life, 13- 😭, 14- 😭, 15- 😭";"offensive targeting African";"https://app.prolific.co/submissions/complete?cc=91442ADD"
"14575863_gab";"HateXplain";"so when are you and cyph going to move to africa to make beautiful black babies what oh you need the white man to provide the first world life style blacks are incapable of providing you want to live among whites but hate them at the same time hm";"1- so, 2- when, 3- are, 4- you, 5- and, 6- cyph, 7- going, 8- to, 9- move, 10- to, 11- africa, 12- to, 13- make, 14- beautiful, 15- black, 16- babies, 17- what, 18- oh, 19- you, 20- need, 21- the, 22- white, 23- man, 24- to, 25- provide, 26- the, 27- first, 28- world, 29- life, 30- style, 31- blacks, 32- are, 33- incapable, 34- of, 35- providing, 36- you, 37- want, 38- to, 39- live, 40- among, 41- whites, 42- but, 43- hate, 44- them, 45- at, 46- the, 47- same, 48- time, 49- hm";"offensive targeting African";"https://app.prolific.co/submissions/complete?cc=91442ADD"
"1109500157232480256_twitter";"HateXplain";"<user> black on black violence is impossible the white man 👨 did it whitey also didn ’ t move in to save the save screw whitey";"1- <user>, 2- black, 3- on, 4- black, 5- violence, 6- is, 7- impossible, 8- the, 9- white, 10- man, 11- 👨, 12- did, 13- it, 14- whitey, 15- also, 16- didn, 17- ’, 18- t, 19- move, 20- in, 21- to, 22- save, 23- the, 24- save, 25- screw, 26- whitey";"hatespeech targeting Caucasian";"https://app.prolific.co/submissions/complete?cc=91442ADD"
"21755943_gab";"HateXplain";"i think what we have learned in the last <number> years is it extremely dangerous to have women voting and holding governmental positions they are so sensitive to not being liked being uncaring insensitive racist etc they are manipulated with relative ease by satanic nation destroyers";"1- i, 2- think, 3- what, 4- we, 5- have, 6- learned, 7- in, 8- the, 9- last, 10- <number>, 11- years, 12- is, 13- it, 14- extremely, 15- dangerous, 16- to, 17- have, 18- women, 19- voting, 20- and, 21- holding, 22- governmental, 23- positions, 24- they, 25- are, 26- so, 27- sensitive, 28- to, 29- not, 30- being, 31- liked, 32- being, 33- uncaring, 34- insensitive, 35- racist, 36- etc, 37- they, 38- are, 39- manipulated, 40- with, 41- relative, 42- ease, 43- by, 44- satanic, 45- nation, 46- destroyers";"hatespeech targeting Women";"https://app.prolific.co/submissions/complete?cc=91442ADD"
"attention_45";"attention check sentences (HateXplain targeting)";"ok person from turgay";"1- ok, 2- person, 3- from, 4- turgay";"offensive";"https://app.prolific.co/submissions/complete?cc=91442ADD"