"ID";"dataset";"text";"tokens";"label";"redirectUrl"
"13541259_gab";"HateXplain";"to do that you gota get rid of the niggers and jews spics arabs etc etc so hurry up";"1- to, 2- do, 3- that, 4- you, 5- gota, 6- get, 7- rid, 8- of, 9- the, 10- niggers, 11- and, 12- jews, 13- spics, 14- arabs, 15- etc, 16- etc, 17- so, 18- hurry, 19- up";"hatespeech targeting African";"https://app.prolific.co/submissions/complete?cc=91442ADD"
"1178765655790755845_twitter";"HateXplain";"<user> why would anyone watch whigger garbage like this show in the beginning";"1- <user>, 2- why, 3- would, 4- anyone, 5- watch, 6- whigger, 7- garbage, 8- like, 9- this, 10- show, 11- in, 12- the, 13- beginning";"offensive targeting Caucasian";"https://app.prolific.co/submissions/complete?cc=91442ADD"
"16686657_gab";"HateXplain";"u will from this bitch cause u r going ok mute 😂 😂 😂 😂 🖕 🖕 🖕 🖕 🖕 🖕 🖕 🖕 🖕";"1- u, 2- will, 3- from, 4- this, 5- bitch, 6- cause, 7- u, 8- r, 9- going, 10- ok, 11- mute, 12- 😂, 13- 😂, 14- 😂, 15- 😂, 16- 🖕, 17- 🖕, 18- 🖕, 19- 🖕, 20- 🖕, 21- 🖕, 22- 🖕, 23- 🖕, 24- 🖕";"offensive targeting Women";"https://app.prolific.co/submissions/complete?cc=91442ADD"
"1165563531384672257_twitter";"HateXplain";"<user> <number> muslims out there in kashmir were either openly supporting their genocide or kept silence yes they all are terrorists";"1- <user>, 2- <number>, 3- muslims, 4- out, 5- there, 6- in, 7- kashmir, 8- were, 9- either, 10- openly, 11- supporting, 12- their, 13- genocide, 14- or, 15- kept, 16- silence, 17- yes, 18- they, 19- all, 20- are, 21- terrorists";"offensive targeting Islam";"https://app.prolific.co/submissions/complete?cc=91442ADD"
"15445326_gab";"HateXplain";"bitcoin and islam is the same shit gehirnwäsche fangt an zu denken";"1- bitcoin, 2- and, 3- islam, 4- is, 5- the, 6- same, 7- shit, 8- gehirnwäsche, 9- fangt, 10- an, 11- zu, 12- denken";"hatespeech targeting Islam";"https://app.prolific.co/submissions/complete?cc=91442ADD"
"1170552563726315520_twitter";"HateXplain";"dude i ’ ve been having no fun for the last like <number> months gaming without a headset is fucking retarded";"1- dude, 2- i, 3- ’, 4- ve, 5- been, 6- having, 7- no, 8- fun, 9- for, 10- the, 11- last, 12- like, 13- <number>, 14- months, 15- gaming, 16- without, 17- a, 18- headset, 19- is, 20- fucking, 21- retarded";"offensive targeting Other";"https://app.prolific.co/submissions/complete?cc=91442ADD"
"16317886_gab";"HateXplain";"yes liberals are retarded as fuck they are not to be feard but mocked money and weapons doesnt make a good army vietnam taught us that";"1- yes, 2- liberals, 3- are, 4- retarded, 5- as, 6- fuck, 7- they, 8- are, 9- not, 10- to, 11- be, 12- feard, 13- but, 14- mocked, 15- money, 16- and, 17- weapons, 18- doesnt, 19- make, 20- a, 21- good, 22- army, 23- vietnam, 24- taught, 25- us, 26- that";"offensive targeting Other";"https://app.prolific.co/submissions/complete?cc=91442ADD"
"1117155026277949440_twitter";"HateXplain";"<user> <user> what you dont want illegal aliens in your city liberal logic is illogical";"1- <user>, 2- <user>, 3- what, 4- you, 5- dont, 6- want, 7- illegal, 8- aliens, 9- in, 10- your, 11- city, 12- liberal, 13- logic, 14- is, 15- illogical";"offensive targeting Refugee";"https://app.prolific.co/submissions/complete?cc=91442ADD"
"18368135_gab";"HateXplain";"a failed government which puts immigrants 1 st and it own tax payers last welcome to australia in <number> ausfam auspol ausfam auspol ausfam auspol australia";"1- a, 2- failed, 3- government, 4- which, 5- puts, 6- immigrants, 7- 1, 8- st, 9- and, 10- it, 11- own, 12- tax, 13- payers, 14- last, 15- welcome, 16- to, 17- australia, 18- in, 19- <number>, 20- ausfam, 21- auspol, 22- ausfam, 23- auspol, 24- ausfam, 25- auspol, 26- australia";"offensive targeting Refugee";"https://app.prolific.co/submissions/complete?cc=91442ADD"
"1185035562526396416_twitter";"HateXplain";"<user> <user> are yall niggas retarded";"1- <user>, 2- <user>, 3- are, 4- yall, 5- niggas, 6- retarded";"hatespeech targeting African";"https://app.prolific.co/submissions/complete?cc=91442ADD"
"13556254_gab";"HateXplain";"i hope she gets gang raped by niggers";"1- i, 2- hope, 3- she, 4- gets, 5- gang, 6- raped, 7- by, 8- niggers";"hatespeech targeting African";"https://app.prolific.co/submissions/complete?cc=91442ADD"
"1179027563353645057_twitter";"HateXplain";"<user> error too many teeth to by redneck";"1- <user>, 2- error, 3- too, 4- many, 5- teeth, 6- to, 7- by, 8- redneck";"offensive targeting Caucasian";"https://app.prolific.co/submissions/complete?cc=91442ADD"
"17165004_gab";"HateXplain";"women football announcers are so bad ratings dropped another <number> as nfl ncaa used women announcers this weekend to make up for the sexual harassment of nfl owners";"1- women, 2- football, 3- announcers, 4- are, 5- so, 6- bad, 7- ratings, 8- dropped, 9- another, 10- <number>, 11- as, 12- nfl, 13- ncaa, 14- used, 15- women, 16- announcers, 17- this, 18- weekend, 19- to, 20- make, 21- up, 22- for, 23- the, 24- sexual, 25- harassment, 26- of, 27- nfl, 28- owners";"offensive targeting Women";"https://app.prolific.co/submissions/complete?cc=91442ADD"
"1167989894443982848_twitter";"HateXplain";"<user> <user> we have jihadists in our congress squad";"1- <user>, 2- <user>, 3- we, 4- have, 5- jihadists, 6- in, 7- our, 8- congress, 9- squad";"offensive targeting Islam";"https://app.prolific.co/submissions/complete?cc=91442ADD"
"15554232_gab";"HateXplain";"while you run scared of the jews i will just concentrate on keeping pedo muzzies out of the usa ok";"1- while, 2- you, 3- run, 4- scared, 5- of, 6- the, 7- jews, 8- i, 9- will, 10- just, 11- concentrate, 12- on, 13- keeping, 14- pedo, 15- muzzies, 16- out, 17- of, 18- the, 19- usa, 20- ok";"offensive targeting Islam";"https://app.prolific.co/submissions/complete?cc=91442ADD"
"1171620659996319744_twitter";"HateXplain";"<user> are you a fucking retard";"1- <user>, 2- are, 3- you, 4- a, 5- fucking, 6- retard";"offensive targeting Other";"https://app.prolific.co/submissions/complete?cc=91442ADD"
"16575004_gab";"HateXplain";"millenials are embracing the poverty that their retarded liberal predecessors have created";"1- millenials, 2- are, 3- embracing, 4- the, 5- poverty, 6- that, 7- their, 8- retarded, 9- liberal, 10- predecessors, 11- have, 12- created";"offensive targeting Other";"https://app.prolific.co/submissions/complete?cc=91442ADD"
"1117449517442523136_twitter";"HateXplain";"breaking trump plan to send illegal immigrants to sanctuary cities is undergoing review sarah sanders says";"1- breaking, 2- trump, 3- plan, 4- to, 5- send, 6- illegal, 7- immigrants, 8- to, 9- sanctuary, 10- cities, 11- is, 12- undergoing, 13- review, 14- sarah, 15- sanders, 16- says";"offensive targeting Refugee";"https://app.prolific.co/submissions/complete?cc=91442ADD"
"18405804_gab";"HateXplain";"the democrats should know better than to put illegal mexican immigrants ahead of american citizens is absolutely appalling to cause the government shutdown banimmigration";"1- the, 2- democrats, 3- should, 4- know, 5- better, 6- than, 7- to, 8- put, 9- illegal, 10- mexican, 11- immigrants, 12- ahead, 13- of, 14- american, 15- citizens, 16- is, 17- absolutely, 18- appalling, 19- to, 20- cause, 21- the, 22- government, 23- shutdown, 24- banimmigration";"offensive targeting Refugee";"https://app.prolific.co/submissions/complete?cc=91442ADD"
"1187161760073240576_twitter";"HateXplain";"<user> nigga what jan 👀";"1- <user>, 2- nigga, 3- what, 4- jan, 5- 👀";"offensive targeting African";"https://app.prolific.co/submissions/complete?cc=91442ADD"
"13746598_gab";"HateXplain";"sounds like south carolina has some young dindu marksmen wondering if i could find a <number> year old in texas that can beat your negro for his marksman badge you sure do have a lot of negro talent in south carolina bribe him with this";"1- sounds, 2- like, 3- south, 4- carolina, 5- has, 6- some, 7- young, 8- dindu, 9- marksmen, 10- wondering, 11- if, 12- i, 13- could, 14- find, 15- a, 16- <number>, 17- year, 18- old, 19- in, 20- texas, 21- that, 22- can, 23- beat, 24- your, 25- negro, 26- for, 27- his, 28- marksman, 29- badge, 30- you, 31- sure, 32- do, 33- have, 34- a, 35- lot, 36- of, 37- negro, 38- talent, 39- in, 40- south, 41- carolina, 42- bribe, 43- him, 44- with, 45- this";"hatespeech targeting African";"https://app.prolific.co/submissions/complete?cc=91442ADD"
"1178752135816724481_twitter";"HateXplain";"<user> right the man used proper grammar footnotes references in a specific university draft like how in tf do you assume he some dumb hillbilly jfc";"1- <user>, 2- right, 3- the, 4- man, 5- used, 6- proper, 7- grammar, 8- footnotes, 9- references, 10- in, 11- a, 12- specific, 13- university, 14- draft, 15- like, 16- how, 17- in, 18- tf, 19- do, 20- you, 21- assume, 22- he, 23- some, 24- dumb, 25- hillbilly, 26- jfc";"offensive targeting Caucasian";"https://app.prolific.co/submissions/complete?cc=91442ADD"
"17430553_gab";"HateXplain";"conclusions women are just fucking retarded";"1- conclusions, 2- women, 3- are, 4- just, 5- fucking, 6- retarded";"hatespeech targeting Women";"https://app.prolific.co/submissions/complete?cc=91442ADD"
"1168474084738588672_twitter";"HateXplain";"<user> <user> well for one they follow lucifer not a god islam is the problem";"1- <user>, 2- <user>, 3- well, 4- for, 5- one, 6- they, 7- follow, 8- lucifer, 9- not, 10- a, 11- god, 12- islam, 13- is, 14- the, 15- problem";"offensive targeting Islam";"https://app.prolific.co/submissions/complete?cc=91442ADD"
"15585399_gab";"HateXplain";"justin trudeau the traitor against canada deserves to be drowned slowly in a large pot of shit out of he asses of <number> jihadi terrorist that he let back in our country illegally";"1- justin, 2- trudeau, 3- the, 4- traitor, 5- against, 6- canada, 7- deserves, 8- to, 9- be, 10- drowned, 11- slowly, 12- in, 13- a, 14- large, 15- pot, 16- of, 17- shit, 18- out, 19- of, 20- he, 21- asses, 22- of, 23- <number>, 24- jihadi, 25- terrorist, 26- that, 27- he, 28- let, 29- back, 30- in, 31- our, 32- country, 33- illegally";"hatespeech targeting Islam";"https://app.prolific.co/submissions/complete?cc=91442ADD"
"1172966232640950272_twitter";"HateXplain";"note if you are <number> and upwards you are not retarded you are extra retarded for being <number> years old or younger and on twitter";"1- note, 2- if, 3- you, 4- are, 5- <number>, 6- and, 7- upwards, 8- you, 9- are, 10- not, 11- retarded, 12- you, 13- are, 14- extra, 15- retarded, 16- for, 17- being, 18- <number>, 19- years, 20- old, 21- or, 22- younger, 23- and, 24- on, 25- twitter";"offensive targeting Other";"https://app.prolific.co/submissions/complete?cc=91442ADD"
"16653938_gab";"HateXplain";"the goat raping acid throwing in bred retarded followers of the pedophile false prophet of satan are up to their peaceful ways once again";"1- the, 2- goat, 3- raping, 4- acid, 5- throwing, 6- in, 7- bred, 8- retarded, 9- followers, 10- of, 11- the, 12- pedophile, 13- false, 14- prophet, 15- of, 16- satan, 17- are, 18- up, 19- to, 20- their, 21- peaceful, 22- ways, 23- once, 24- again";"offensive targeting Other";"https://app.prolific.co/submissions/complete?cc=91442ADD"
"1120541331187695616_twitter";"HateXplain";"<user> wave migration is being cracked down on i doubt it ’ going to be too much diverse in the future only vetted immigrants";"1- <user>, 2- wave, 3- migration, 4- is, 5- being, 6- cracked, 7- down, 8- on, 9- i, 10- doubt, 11- it, 12- ’, 13- going, 14- to, 15- be, 16- too, 17- much, 18- diverse, 19- in, 20- the, 21- future, 22- only, 23- vetted, 24- immigrants";"offensive targeting Refugee";"https://app.prolific.co/submissions/complete?cc=91442ADD"
"18483001_gab";"HateXplain";"i no longer advocate immigration from anywhere this plan for us to accept immigrants is insidious";"1- i, 2- no, 3- longer, 4- advocate, 5- immigration, 6- from, 7- anywhere, 8- this, 9- plan, 10- for, 11- us, 12- to, 13- accept, 14- immigrants, 15- is, 16- insidious";"offensive targeting Refugee";"https://app.prolific.co/submissions/complete?cc=91442ADD"
"attention_53";"attention check sentences (HateXplain targeting)";"old people are nonlethal but slow and will attack in large numbers just like zombies";"1- old, 2- people, 3- are, 4- nonlethal, 5- but, 6- slow, 7- and, 8- will, 9- attack, 10- in, 11- large, 12- numbers, 13- just, 14- like, 15- zombies";"offensive";"https://app.prolific.co/submissions/complete?cc=91442ADD"