"ID";"dataset";"text";"tokens";"label";"redirectUrl"
"25798952_gab";"HateXplain";"city full of moslem jihadists are furious after being called a city full of moslem jihadists";"1- city, 2- full, 3- of, 4- moslem, 5- jihadists, 6- are, 7- furious, 8- after, 9- being, 10- called, 11- a, 12- city, 13- full, 14- of, 15- moslem, 16- jihadists";"hatespeech targeting Islam";"https://app.prolific.co/submissions/complete?cc=91442ADD"
"24316413_gab";"HateXplain";"dis obey the sand niggers would";"1- dis, 2- obey, 3- the, 4- sand, 5- niggers, 6- would";"hatespeech targeting Arab";"https://app.prolific.co/submissions/complete?cc=91442ADD"
"12089704_gab";"HateXplain";"black man kills a white child in a rap video nothing actually happens white man says nigger on a youtube video advertisers lose their minds and shoah him from the internet";"1- black, 2- man, 3- kills, 4- a, 5- white, 6- child, 7- in, 8- a, 9- rap, 10- video, 11- nothing, 12- actually, 13- happens, 14- white, 15- man, 16- says, 17- nigger, 18- on, 19- a, 20- youtube, 21- video, 22- advertisers, 23- lose, 24- their, 25- minds, 26- and, 27- shoah, 28- him, 29- from, 30- the, 31- internet";"hatespeech targeting African";"https://app.prolific.co/submissions/complete?cc=91442ADD"
"5412068_gab";"HateXplain";"milo something faggy public he so provocative altright gas the filthy kike milo something edgy public he so altright altright gas the filthy kike milo something pedo public wait what altright lol told ya milo gate";"1- milo, 2- something, 3- faggy, 4- public, 5- he, 6- so, 7- provocative, 8- altright, 9- gas, 10- the, 11- filthy, 12- kike, 13- milo, 14- something, 15- edgy, 16- public, 17- he, 18- so, 19- altright, 20- altright, 21- gas, 22- the, 23- filthy, 24- kike, 25- milo, 26- something, 27- pedo, 28- public, 29- wait, 30- what, 31- altright, 32- lol, 33- told, 34- ya, 35- milo, 36- gate";"hatespeech targeting Jewish";"https://app.prolific.co/submissions/complete?cc=91442ADD"
"12326526_gab";"HateXplain";"gross muslimes are against same sex attraction disorder sad yes against fruit cakes but man goats are ok sick bunch sharia my arse";"1- gross, 2- muslimes, 3- are, 4- against, 5- same, 6- sex, 7- attraction, 8- disorder, 9- sad, 10- yes, 11- against, 12- fruit, 13- cakes, 14- but, 15- man, 16- goats, 17- are, 18- ok, 19- sick, 20- bunch, 21- sharia, 22- my, 23- arse";"hatespeech targeting Islam";"https://app.prolific.co/submissions/complete?cc=91442ADD"
"24343767_gab";"HateXplain";"a white woman gets raped in my town i will kill a sand nigger i am not afraid of the joint";"1- a, 2- white, 3- woman, 4- gets, 5- raped, 6- in, 7- my, 8- town, 9- i, 10- will, 11- kill, 12- a, 13- sand, 14- nigger, 15- i, 16- am, 17- not, 18- afraid, 19- of, 20- the, 21- joint";"hatespeech targeting Arab";"https://app.prolific.co/submissions/complete?cc=91442ADD"
"27713812_gab";"HateXplain";"the nigger mess gets bigger till the white man pulls the trigger";"1- the, 2- nigger, 3- mess, 4- gets, 5- bigger, 6- till, 7- the, 8- white, 9- man, 10- pulls, 11- the, 12- trigger";"hatespeech targeting African";"https://app.prolific.co/submissions/complete?cc=91442ADD"
"27263628_gab";"HateXplain";"i agree <user> you are yet another kike compromised piece of dog shit this is just another data mining site that removed the capability of communication between brothers and sisters the war is hot 😠";"1- i, 2- agree, 3- <user>, 4- you, 5- are, 6- yet, 7- another, 8- kike, 9- compromised, 10- piece, 11- of, 12- dog, 13- shit, 14- this, 15- is, 16- just, 17- another, 18- data, 19- mining, 20- site, 21- that, 22- removed, 23- the, 24- capability, 25- of, 26- communication, 27- between, 28- brothers, 29- and, 30- sisters, 31- the, 32- war, 33- is, 34- hot, 35- 😠";"hatespeech targeting Jewish";"https://app.prolific.co/submissions/complete?cc=91442ADD"
"21764118_gab";"HateXplain";"when shariza appeasing may is sucking moslem cock does her husband brit fam";"1- when, 2- shariza, 3- appeasing, 4- may, 5- is, 6- sucking, 7- moslem, 8- cock, 9- does, 10- her, 11- husband, 12- brit, 13- fam";"hatespeech targeting Islam";"https://app.prolific.co/submissions/complete?cc=91442ADD"
"24395272_gab";"HateXplain";"you got that right they are no longer god chosen people as of <number> yrs ago if you are a sand nigger we do not want you";"1- you, 2- got, 3- that, 4- right, 5- they, 6- are, 7- no, 8- longer, 9- god, 10- chosen, 11- people, 12- as, 13- of, 14- <number>, 15- yrs, 16- ago, 17- if, 18- you, 19- are, 20- a, 21- sand, 22- nigger, 23- we, 24- do, 25- not, 26- want, 27- you";"hatespeech targeting Arab";"https://app.prolific.co/submissions/complete?cc=91442ADD"
"13301563_gab";"HateXplain";"filthy nigger scum black violence black crime send them back to africa this week in black crime segregation now";"1- filthy, 2- nigger, 3- scum, 4- black, 5- violence, 6- black, 7- crime, 8- send, 9- them, 10- back, 11- to, 12- africa, 13- this, 14- week, 15- in, 16- black, 17- crime, 18- segregation, 19- now";"hatespeech targeting African";"https://app.prolific.co/submissions/complete?cc=91442ADD"
"15889662_gab";"HateXplain";"if all the kike news networks have pretty faces with empty heads reading their teleprompters why can not we have hotter smarter ones";"1- if, 2- all, 3- the, 4- kike, 5- news, 6- networks, 7- have, 8- pretty, 9- faces, 10- with, 11- empty, 12- heads, 13- reading, 14- their, 15- teleprompters, 16- why, 17- can, 18- not, 19- we, 20- have, 21- hotter, 22- smarter, 23- ones";"hatespeech targeting Jewish";"https://app.prolific.co/submissions/complete?cc=91442ADD"
"1277253_gab";"HateXplain";"<user> i know you muzzies are peaceful cause that what you keep telling us are not you late for blowing up a building or something";"1- <user>, 2- i, 3- know, 4- you, 5- muzzies, 6- are, 7- peaceful, 8- cause, 9- that, 10- what, 11- you, 12- keep, 13- telling, 14- us, 15- are, 16- not, 17- you, 18- late, 19- for, 20- blowing, 21- up, 22- a, 23- building, 24- or, 25- something";"hatespeech targeting Islam";"https://app.prolific.co/submissions/complete?cc=91442ADD"
"24403175_gab";"HateXplain";"this is fucking bullshit the sand niggers got told they were being sent back so they rioted they were not protesting conditions daily mail is horse shit";"1- this, 2- is, 3- fucking, 4- bullshit, 5- the, 6- sand, 7- niggers, 8- got, 9- told, 10- they, 11- were, 12- being, 13- sent, 14- back, 15- so, 16- they, 17- rioted, 18- they, 19- were, 20- not, 21- protesting, 22- conditions, 23- daily, 24- mail, 25- is, 26- horse, 27- shit";"hatespeech targeting Arab";"https://app.prolific.co/submissions/complete?cc=91442ADD"
"15173782_gab";"HateXplain";"and he also a nigger";"1- and, 2- he, 3- also, 4- a, 5- nigger";"hatespeech targeting African";"https://app.prolific.co/submissions/complete?cc=91442ADD"
"15729814_gab";"HateXplain";"lol we are triggered because we were banned from everywhere else because we hurt libs feelings too frequently and we are told that hurt feelz is worse than murder nice try kike";"1- lol, 2- we, 3- are, 4- triggered, 5- because, 6- we, 7- were, 8- banned, 9- from, 10- everywhere, 11- else, 12- because, 13- we, 14- hurt, 15- libs, 16- feelings, 17- too, 18- frequently, 19- and, 20- we, 21- are, 22- told, 23- that, 24- hurt, 25- feelz, 26- is, 27- worse, 28- than, 29- murder, 30- nice, 31- try, 32- kike";"hatespeech targeting Jewish";"https://app.prolific.co/submissions/complete?cc=91442ADD"
"2449943_gab";"HateXplain";"<user> in every country where muzzies are in minority the want minority rights in every country where muzzie are majority there are no minority rights";"1- <user>, 2- in, 3- every, 4- country, 5- where, 6- muzzies, 7- are, 8- in, 9- minority, 10- the, 11- want, 12- minority, 13- rights, 14- in, 15- every, 16- country, 17- where, 18- muzzie, 19- are, 20- majority, 21- there, 22- are, 23- no, 24- minority, 25- rights";"hatespeech targeting Islam";"https://app.prolific.co/submissions/complete?cc=91442ADD"
"24415281_gab";"HateXplain";"i am not jewish as it happens but support the great israel from the dirty arabs like you suggest yo go back to your cancerous family as you have not been brought up normal you spastic <user>";"1- i, 2- am, 3- not, 4- jewish, 5- as, 6- it, 7- happens, 8- but, 9- support, 10- the, 11- great, 12- israel, 13- from, 14- the, 15- dirty, 16- arabs, 17- like, 18- you, 19- suggest, 20- yo, 21- go, 22- back, 23- to, 24- your, 25- cancerous, 26- family, 27- as, 28- you, 29- have, 30- not, 31- been, 32- brought, 33- up, 34- normal, 35- you, 36- spastic, 37- <user>";"hatespeech targeting Arab";"https://app.prolific.co/submissions/complete?cc=91442ADD"
"22312249_gab";"HateXplain";"who cares what is popular what are you <number> kikes want you and your children dead this is well known but i bet you are still watching nigger ball and hollywood garbage";"1- who, 2- cares, 3- what, 4- is, 5- popular, 6- what, 7- are, 8- you, 9- <number>, 10- kikes, 11- want, 12- you, 13- and, 14- your, 15- children, 16- dead, 17- this, 18- is, 19- well, 20- known, 21- but, 22- i, 23- bet, 24- you, 25- are, 26- still, 27- watching, 28- nigger, 29- ball, 30- and, 31- hollywood, 32- garbage";"hatespeech targeting African";"https://app.prolific.co/submissions/complete?cc=91442ADD"
"24968577_gab";"HateXplain";"both versions whether censored or not are still written by the fucking kikes to pussify gentiles the kike know that there no such thing as god they made him up";"1- both, 2- versions, 3- whether, 4- censored, 5- or, 6- not, 7- are, 8- still, 9- written, 10- by, 11- the, 12- fucking, 13- kikes, 14- to, 15- pussify, 16- gentiles, 17- the, 18- kike, 19- know, 20- that, 21- there, 22- no, 23- such, 24- thing, 25- as, 26- god, 27- they, 28- made, 29- him, 30- up";"hatespeech targeting Jewish";"https://app.prolific.co/submissions/complete?cc=91442ADD"
"2911030_gab";"HateXplain";"<user> what you need to understand is that when muzzies attack it will not be fighting in the street all that noise it will be a sharp rise in murder rates across the country our own leos will keep us from retaliating";"1- <user>, 2- what, 3- you, 4- need, 5- to, 6- understand, 7- is, 8- that, 9- when, 10- muzzies, 11- attack, 12- it, 13- will, 14- not, 15- be, 16- fighting, 17- in, 18- the, 19- street, 20- all, 21- that, 22- noise, 23- it, 24- will, 25- be, 26- a, 27- sharp, 28- rise, 29- in, 30- murder, 31- rates, 32- across, 33- the, 34- country, 35- our, 36- own, 37- leos, 38- will, 39- keep, 40- us, 41- from, 42- retaliating";"hatespeech targeting Islam";"https://app.prolific.co/submissions/complete?cc=91442ADD"
"24424594_gab";"HateXplain";"just another sand nigger";"1- just, 2- another, 3- sand, 4- nigger";"offensive targeting Arab";"https://app.prolific.co/submissions/complete?cc=91442ADD"
"14274324_gab";"HateXplain";"look at this bloated nigger sow 😑";"1- look, 2- at, 3- this, 4- bloated, 5- nigger, 6- sow, 7- 😑";"hatespeech targeting African";"https://app.prolific.co/submissions/complete?cc=91442ADD"
"15941612_gab";"HateXplain";"no he does not he fucking hates trump the kike is gaslighting you";"1- no, 2- he, 3- does, 4- not, 5- he, 6- fucking, 7- hates, 8- trump, 9- the, 10- kike, 11- is, 12- gaslighting, 13- you";"hatespeech targeting Jewish";"https://app.prolific.co/submissions/complete?cc=91442ADD"
"15467195_gab";"HateXplain";"hypocrite probably hates the muzzie his dear leader allied with too";"1- hypocrite, 2- probably, 3- hates, 4- the, 5- muzzie, 6- his, 7- dear, 8- leader, 9- allied, 10- with, 11- too";"hatespeech targeting Islam";"https://app.prolific.co/submissions/complete?cc=91442ADD"
"24556547_gab";"HateXplain";"easy solution castrate every sand nigger that commits violent crime";"1- easy, 2- solution, 3- castrate, 4- every, 5- sand, 6- nigger, 7- that, 8- commits, 9- violent, 10- crime";"hatespeech targeting Arab";"https://app.prolific.co/submissions/complete?cc=91442ADD"
"18948105_gab";"HateXplain";"you are officially a nigger or jew or oven middle class if you use the phrase white trash";"1- you, 2- are, 3- officially, 4- a, 5- nigger, 6- or, 7- jew, 8- or, 9- oven, 10- middle, 11- class, 12- if, 13- you, 14- use, 15- the, 16- phrase, 17- white, 18- trash";"hatespeech targeting African";"https://app.prolific.co/submissions/complete?cc=91442ADD"
"17178016_gab";"HateXplain";"jews have a tendency to out themselves knowingly or not especially to the erudite goyim listed above however they should absolutely wear the yellow star both as a badge of shame and as a warning to whites who are not as adroit at identifying kikenvermin from their words";"1- jews, 2- have, 3- a, 4- tendency, 5- to, 6- out, 7- themselves, 8- knowingly, 9- or, 10- not, 11- especially, 12- to, 13- the, 14- erudite, 15- goyim, 16- listed, 17- above, 18- however, 19- they, 20- should, 21- absolutely, 22- wear, 23- the, 24- yellow, 25- star, 26- both, 27- as, 28- a, 29- badge, 30- of, 31- shame, 32- and, 33- as, 34- a, 35- warning, 36- to, 37- whites, 38- who, 39- are, 40- not, 41- as, 42- adroit, 43- at, 44- identifying, 45- kikenvermin, 46- from, 47- their, 48- words";"hatespeech targeting Jewish";"https://app.prolific.co/submissions/complete?cc=91442ADD"
"2237880_gab";"HateXplain";"notice how the bbc split the immigration figure up so it appears less than <number> maybe they can also split it so it shows number of moslem fanatics came in";"1- notice, 2- how, 3- the, 4- bbc, 5- split, 6- the, 7- immigration, 8- figure, 9- up, 10- so, 11- it, 12- appears, 13- less, 14- than, 15- <number>, 16- maybe, 17- they, 18- can, 19- also, 20- split, 21- it, 22- so, 23- it, 24- shows, 25- number, 26- of, 27- moslem, 28- fanatics, 29- came, 30- in";"hatespeech targeting Islam";"https://app.prolific.co/submissions/complete?cc=91442ADD"
"attention_23";"attention check sentences (HateXplain targeting)";"that serbian man can kick your scrawny polish ass";"1- that, 2- serbian, 3- man, 4- can, 5- kick, 6- your, 7- scrawny, 8- polish, 9- ass";"offensive";"https://app.prolific.co/submissions/complete?cc=91442ADD"