"ID";"dataset";"text";"tokens";"label";"redirectUrl"
"10008196_gab";"HateXplain";"it why they behave like animals no matter where you put them they will destroy anything of value black people want to claim we are the racists but then why do they move out of the ghetto once they have success even they do not want to live around their own kind";"1- it, 2- why, 3- they, 4- behave, 5- like, 6- animals, 7- no, 8- matter, 9- where, 10- you, 11- put, 12- them, 13- they, 14- will, 15- destroy, 16- anything, 17- of, 18- value, 19- black, 20- people, 21- want, 22- to, 23- claim, 24- we, 25- are, 26- the, 27- racists, 28- but, 29- then, 30- why, 31- do, 32- they, 33- move, 34- out, 35- of, 36- the, 37- ghetto, 38- once, 39- they, 40- have, 41- success, 42- even, 43- they, 44- do, 45- not, 46- want, 47- to, 48- live, 49- around, 50- their, 51- own, 52- kind";"hatespeech targeting African";"https://app.prolific.co/submissions/complete?cc=91442ADD"
"10083092_gab";"HateXplain";"i am so sick of these blacks acting all ghetto like little kindergarteners throwing a fit with no manners they can not be any more obvious that they feel inferior and insecure and racist keep it up and you will keep getting treated the same you get what you put out";"1- i, 2- am, 3- so, 4- sick, 5- of, 6- these, 7- blacks, 8- acting, 9- all, 10- ghetto, 11- like, 12- little, 13- kindergarteners, 14- throwing, 15- a, 16- fit, 17- with, 18- no, 19- manners, 20- they, 21- can, 22- not, 23- be, 24- any, 25- more, 26- obvious, 27- that, 28- they, 29- feel, 30- inferior, 31- and, 32- insecure, 33- and, 34- racist, 35- keep, 36- it, 37- up, 38- and, 39- you, 40- will, 41- keep, 42- getting, 43- treated, 44- the, 45- same, 46- you, 47- get, 48- what, 49- you, 50- put, 51- out";"hatespeech targeting African";"https://app.prolific.co/submissions/complete?cc=91442ADD"
"10328185_gab";"HateXplain";"the human family needs to separate into individual race groups for a few hundred years we can reconvene after that and each group will take its tech with it blacks and arabs will object to this because they do not bring shit to the table except fgm murder etc fuck islam blackmenmurder";"1- the, 2- human, 3- family, 4- needs, 5- to, 6- separate, 7- into, 8- individual, 9- race, 10- groups, 11- for, 12- a, 13- few, 14- hundred, 15- years, 16- we, 17- can, 18- reconvene, 19- after, 20- that, 21- and, 22- each, 23- group, 24- will, 25- take, 26- its, 27- tech, 28- with, 29- it, 30- blacks, 31- and, 32- arabs, 33- will, 34- object, 35- to, 36- this, 37- because, 38- they, 39- do, 40- not, 41- bring, 42- shit, 43- to, 44- the, 45- table, 46- except, 47- fgm, 48- murder, 49- etc, 50- fuck, 51- islam, 52- blackmenmurder";"hatespeech targeting African";"https://app.prolific.co/submissions/complete?cc=91442ADD"
"10564854_gab";"HateXplain";"where jazmeanmother they obviously are not keeping it real personally i would make it mandatory that all militant anti white blacks change their name to ghettotrashtreyvon for the males and ghettotrashina for the females call me trump version <number> <number>";"1- where, 2- jazmeanmother, 3- they, 4- obviously, 5- are, 6- not, 7- keeping, 8- it, 9- real, 10- personally, 11- i, 12- would, 13- make, 14- it, 15- mandatory, 16- that, 17- all, 18- militant, 19- anti, 20- white, 21- blacks, 22- change, 23- their, 24- name, 25- to, 26- ghettotrashtreyvon, 27- for, 28- the, 29- males, 30- and, 31- ghettotrashina, 32- for, 33- the, 34- females, 35- call, 36- me, 37- trump, 38- version, 39- <number>, 40- <number>";"hatespeech targeting African";"https://app.prolific.co/submissions/complete?cc=91442ADD"
"10600154_gab";"HateXplain";"i am sick of a <number> white country not killing niggers jews in the damn streets";"1- i, 2- am, 3- sick, 4- of, 5- a, 6- <number>, 7- white, 8- country, 9- not, 10- killing, 11- niggers, 12- jews, 13- in, 14- the, 15- damn, 16- streets";"hatespeech targeting African";"https://app.prolific.co/submissions/complete?cc=91442ADD"
"10640581_gab";"HateXplain";"pfft they do not let the ghetto types on the campus it would be a long walk to get from lee park to the hood";"1- pfft, 2- they, 3- do, 4- not, 5- let, 6- the, 7- ghetto, 8- types, 9- on, 10- the, 11- campus, 12- it, 13- would, 14- be, 15- a, 16- long, 17- walk, 18- to, 19- get, 20- from, 21- lee, 22- park, 23- to, 24- the, 25- hood";"offensive targeting African";"https://app.prolific.co/submissions/complete?cc=91442ADD"
"10657040_gab";"HateXplain";"do not lose sight of the fact that the violence does not happen if violent protestors do not show up if the alt right dudes were there by themselves none of this drama happens i am just sayin if a nigga wanna brandish a swatstika or confederate flag then let him do it";"1- do, 2- not, 3- lose, 4- sight, 5- of, 6- the, 7- fact, 8- that, 9- the, 10- violence, 11- does, 12- not, 13- happen, 14- if, 15- violent, 16- protestors, 17- do, 18- not, 19- show, 20- up, 21- if, 22- the, 23- alt, 24- right, 25- dudes, 26- were, 27- there, 28- by, 29- themselves, 30- none, 31- of, 32- this, 33- drama, 34- happens, 35- i, 36- am, 37- just, 38- sayin, 39- if, 40- a, 41- nigga, 42- wanna, 43- brandish, 44- a, 45- swatstika, 46- or, 47- confederate, 48- flag, 49- then, 50- let, 51- him, 52- do, 53- it";"offensive targeting African";"https://app.prolific.co/submissions/complete?cc=91442ADD"
"10658326_gab";"HateXplain";"where is this shit coming from i grew up in the cleveland ghetto in the <number> and black people were there my favorite tool in my pocket was an <number> inch stiletto i carried always nobody ever bothered me";"1- where, 2- is, 3- this, 4- shit, 5- coming, 6- from, 7- i, 8- grew, 9- up, 10- in, 11- the, 12- cleveland, 13- ghetto, 14- in, 15- the, 16- <number>, 17- and, 18- black, 19- people, 20- were, 21- there, 22- my, 23- favorite, 24- tool, 25- in, 26- my, 27- pocket, 28- was, 29- an, 30- <number>, 31- inch, 32- stiletto, 33- i, 34- carried, 35- always, 36- nobody, 37- ever, 38- bothered, 39- me";"offensive targeting African";"https://app.prolific.co/submissions/complete?cc=91442ADD"
"10685895_gab";"HateXplain";"i did not have my childhood disrupted by forced school busing i was already living in an integrated neighborhood and went to an integrated school but that wasn t good enough so niggers can pull shit like this";"1- i, 2- did, 3- not, 4- have, 5- my, 6- childhood, 7- disrupted, 8- by, 9- forced, 10- school, 11- busing, 12- i, 13- was, 14- already, 15- living, 16- in, 17- an, 18- integrated, 19- neighborhood, 20- and, 21- went, 22- to, 23- an, 24- integrated, 25- school, 26- but, 27- that, 28- wasn, 29- t, 30- good, 31- enough, 32- so, 33- niggers, 34- can, 35- pull, 36- shit, 37- like, 38- this";"hatespeech targeting African";"https://app.prolific.co/submissions/complete?cc=91442ADD"
"10723000_gab";"HateXplain";"shut up goatfucker shitbag and answer the question who killed <number> black babies last year the kk or planned parenthood";"1- shut, 2- up, 3- goatfucker, 4- shitbag, 5- and, 6- answer, 7- the, 8- question, 9- who, 10- killed, 11- <number>, 12- black, 13- babies, 14- last, 15- year, 16- the, 17- kk, 18- or, 19- planned, 20- parenthood";"offensive targeting African";"https://app.prolific.co/submissions/complete?cc=91442ADD"
"1083098441230831626_twitter";"HateXplain";"also non black women who call black women ratchet ghetto are usually really ratchet and ghetto as hell it ’ funny at this point";"1- also, 2- non, 3- black, 4- women, 5- who, 6- call, 7- black, 8- women, 9- ratchet, 10- ghetto, 11- are, 12- usually, 13- really, 14- ratchet, 15- and, 16- ghetto, 17- as, 18- hell, 19- it, 20- ’, 21- funny, 22- at, 23- this, 24- point";"offensive targeting African";"https://app.prolific.co/submissions/complete?cc=91442ADD"
"1166905431819804672_twitter";"HateXplain";"<user> <user> no blacks no asians no fems";"1- <user>, 2- <user>, 3- no, 4- blacks, 5- no, 6- asians, 7- no, 8- fems";"hatespeech targeting African";"https://app.prolific.co/submissions/complete?cc=91442ADD"
"1179562385893232640_twitter";"HateXplain";"mud people are the source of this climate change bull shit fuck the muddy gad damn negro fucking chocolate lookin ass nigars";"1- mud, 2- people, 3- are, 4- the, 5- source, 6- of, 7- this, 8- climate, 9- change, 10- bull, 11- shit, 12- fuck, 13- the, 14- muddy, 15- gad, 16- damn, 17- negro, 18- fucking, 19- chocolate, 20- lookin, 21- ass, 22- nigars";"hatespeech targeting African";"https://app.prolific.co/submissions/complete?cc=91442ADD"
"1187390026684026882_twitter";"HateXplain";"shy nd geeky or mean and ghetto";"1- shy, 2- nd, 3- geeky, 4- or, 5- mean, 6- and, 7- ghetto";"offensive targeting African";"https://app.prolific.co/submissions/complete?cc=91442ADD"
"1188148902119301121_twitter";"HateXplain";"half these hoes don ’ t care about they nigga they just hungry and growing out they old clothes";"1- half, 2- these, 3- hoes, 4- don, 5- ’, 6- t, 7- care, 8- about, 9- they, 10- nigga, 11- they, 12- just, 13- hungry, 14- and, 15- growing, 16- out, 17- they, 18- old, 19- clothes";"offensive targeting African";"https://app.prolific.co/submissions/complete?cc=91442ADD"
"1193071769294376960_twitter";"HateXplain";"cuff yo bitch nigga";"1- cuff, 2- yo, 3- bitch, 4- nigga";"offensive targeting African";"https://app.prolific.co/submissions/complete?cc=91442ADD"
"1206413758060519426_twitter";"HateXplain";"<user> zz boring tweet 😴 😴 😴 you wish to be my rap ass ghetto ass 🎤 🎤 🎤 🎤";"1- <user>, 2- zz, 3- boring, 4- tweet, 5- 😴, 6- 😴, 7- 😴, 8- you, 9- wish, 10- to, 11- be, 12- my, 13- rap, 14- ass, 15- ghetto, 16- ass, 17- 🎤, 18- 🎤, 19- 🎤, 20- 🎤";"offensive targeting African";"https://app.prolific.co/submissions/complete?cc=91442ADD"
"1219007990499508225_twitter";"HateXplain";"when you get m ’ niggas hate you the most";"1- when, 2- you, 3- get, 4- m, 5- ’, 6- niggas, 7- hate, 8- you, 9- the, 10- most";"offensive targeting African";"https://app.prolific.co/submissions/complete?cc=91442ADD"
"1219499223189721088_twitter";"HateXplain";"“ pick that cotton negro ” or whatever massa said";"1- “, 2- pick, 3- that, 4- cotton, 5- negro, 6- ”, 7- or, 8- whatever, 9- massa, 10- said";"hatespeech targeting African";"https://app.prolific.co/submissions/complete?cc=91442ADD"
"1221993614370312193_twitter";"HateXplain";"imagine getting jumped by chinese niggas and you hear “ cough on him ”";"1- imagine, 2- getting, 3- jumped, 4- by, 5- chinese, 6- niggas, 7- and, 8- you, 9- hear, 10- “, 11- cough, 12- on, 13- him, 14- ”";"hatespeech targeting African";"https://app.prolific.co/submissions/complete?cc=91442ADD"
"1237420238464901120_twitter";"HateXplain";"how yall niggas find out she was cheating lmaoo";"1- how, 2- yall, 3- niggas, 4- find, 5- out, 6- she, 7- was, 8- cheating, 9- lmaoo";"offensive targeting African";"https://app.prolific.co/submissions/complete?cc=91442ADD"
"1240029444812791808_twitter";"HateXplain";"“ i wanna spank ur creamy ass until it turns pink ” sir i am a negro";"1- “, 2- i, 3- wanna, 4- spank, 5- ur, 6- creamy, 7- ass, 8- until, 9- it, 10- turns, 11- pink, 12- ”, 13- sir, 14- i, 15- am, 16- a, 17- negro";"offensive targeting African";"https://app.prolific.co/submissions/complete?cc=91442ADD"
"1245894409910091777_twitter";"HateXplain";"the hoes would hate me before i ever hate them cause ew the ghetto 😂";"1- the, 2- hoes, 3- would, 4- hate, 5- me, 6- before, 7- i, 8- ever, 9- hate, 10- them, 11- cause, 12- ew, 13- the, 14- ghetto, 15- 😂";"offensive targeting African";"https://app.prolific.co/submissions/complete?cc=91442ADD"
"14723646_gab";"HateXplain";"you are obviously stupid so you would not understand if you truly believe physical force is justified at this time why are not you shooting blacks or mexicans in the ghetto you do not really believe in what you are saying cuck";"1- you, 2- are, 3- obviously, 4- stupid, 5- so, 6- you, 7- would, 8- not, 9- understand, 10- if, 11- you, 12- truly, 13- believe, 14- physical, 15- force, 16- is, 17- justified, 18- at, 19- this, 20- time, 21- why, 22- are, 23- not, 24- you, 25- shooting, 26- blacks, 27- or, 28- mexicans, 29- in, 30- the, 31- ghetto, 32- you, 33- do, 34- not, 35- really, 36- believe, 37- in, 38- what, 39- you, 40- are, 41- saying, 42- cuck";"offensive targeting African";"https://app.prolific.co/submissions/complete?cc=91442ADD"
"14724932_gab";"HateXplain";"sounds like a sham hit piece meh im giving a thumbs down and a since it came from a taco negro it already is suspicious i do wonder did he do it out of a need to virtue signal or is he getting a check from the jews";"1- sounds, 2- like, 3- a, 4- sham, 5- hit, 6- piece, 7- meh, 8- im, 9- giving, 10- a, 11- thumbs, 12- down, 13- and, 14- a, 15- since, 16- it, 17- came, 18- from, 19- a, 20- taco, 21- negro, 22- it, 23- already, 24- is, 25- suspicious, 26- i, 27- do, 28- wonder, 29- did, 30- he, 31- do, 32- it, 33- out, 34- of, 35- a, 36- need, 37- to, 38- virtue, 39- signal, 40- or, 41- is, 42- he, 43- getting, 44- a, 45- check, 46- from, 47- the, 48- jews";"hatespeech targeting African";"https://app.prolific.co/submissions/complete?cc=91442ADD"
"14819054_gab";"HateXplain";"i think it funny that you think arabs are your allies they fucking hate blacks and will castrate you like they castrate black slaves idiot";"1- i, 2- think, 3- it, 4- funny, 5- that, 6- you, 7- think, 8- arabs, 9- are, 10- your, 11- allies, 12- they, 13- fucking, 14- hate, 15- blacks, 16- and, 17- will, 18- castrate, 19- you, 20- like, 21- they, 22- castrate, 23- black, 24- slaves, 25- idiot";"offensive targeting African";"https://app.prolific.co/submissions/complete?cc=91442ADD"
"14839598_gab";"HateXplain";"it appears that participation in outdoor recreation is proportional to the population except on ghetto basketball courts what with that";"1- it, 2- appears, 3- that, 4- participation, 5- in, 6- outdoor, 7- recreation, 8- is, 9- proportional, 10- to, 11- the, 12- population, 13- except, 14- on, 15- ghetto, 16- basketball, 17- courts, 18- what, 19- with, 20- that";"offensive targeting African";"https://app.prolific.co/submissions/complete?cc=91442ADD"
"14892008_gab";"HateXplain";"what do you think would happen if a southern white interviewer went in to a black ghetto area in the us north of the mason dixon he would be treated like a black in israel jews are racist tribal and violent just like blacks";"1- what, 2- do, 3- you, 4- think, 5- would, 6- happen, 7- if, 8- a, 9- southern, 10- white, 11- interviewer, 12- went, 13- in, 14- to, 15- a, 16- black, 17- ghetto, 18- area, 19- in, 20- the, 21- us, 22- north, 23- of, 24- the, 25- mason, 26- dixon, 27- he, 28- would, 29- be, 30- treated, 31- like, 32- a, 33- black, 34- in, 35- israel, 36- jews, 37- are, 38- racist, 39- tribal, 40- and, 41- violent, 42- just, 43- like, 44- blacks";"hatespeech targeting African";"https://app.prolific.co/submissions/complete?cc=91442ADD"
"14948289_gab";"HateXplain";"good night fuck niggers and fuck kikes";"1- good, 2- night, 3- fuck, 4- niggers, 5- and, 6- fuck, 7- kikes";"hatespeech targeting African";"https://app.prolific.co/submissions/complete?cc=91442ADD"
"attention_25";"attention check sentences (HateXplain targeting)";"look dat fuckin american he duznt even know wot real life is like but he thinks he can judge ukrainians";"1- look, 2- dat, 3- fuckin, 4- american, 5- he, 6- duznt, 7- even, 8- know, 9- wot, 10- real, 11- life, 12- is, 13- like, 14- but, 15- he, 16- thinks, 17- he, 18- can, 19- judge, 20- ukrainians";"offensive";"https://app.prolific.co/submissions/complete?cc=91442ADD"