"ID";"dataset";"text";"tokens";"label";"redirectUrl"
"15479355_gab";"HateXplain";"is that why its illegal to say the holocaust is a lie or is it because jews do not want people find out the holocaust is a lie forgivehitler";"1- is, 2- that, 3- why, 4- its, 5- illegal, 6- to, 7- say, 8- the, 9- holocaust, 10- is, 11- a, 12- lie, 13- or, 14- is, 15- it, 16- because, 17- jews, 18- do, 19- not, 20- want, 21- people, 22- find, 23- out, 24- the, 25- holocaust, 26- is, 27- a, 28- lie, 29- forgivehitler";"hatespeech targeting Jewish";"https://app.prolific.co/submissions/complete?cc=91442ADD"
"19992616_gab";"HateXplain";"such a pussy faggot nigger lover";"1- such, 2- a, 3- pussy, 4- faggot, 5- nigger, 6- lover";"hatespeech targeting African";"https://app.prolific.co/submissions/complete?cc=91442ADD"
"15502644_gab";"HateXplain";"nice deflection kike nothing to do with the subject matter you jews are all the same";"1- nice, 2- deflection, 3- kike, 4- nothing, 5- to, 6- do, 7- with, 8- the, 9- subject, 10- matter, 11- you, 12- jews, 13- are, 14- all, 15- the, 16- same";"hatespeech targeting Jewish";"https://app.prolific.co/submissions/complete?cc=91442ADD"
"23400679_gab";"HateXplain";"im the gay one nigger you the one fucking my ass";"1- im, 2- the, 3- gay, 4- one, 5- nigger, 6- you, 7- the, 8- one, 9- fucking, 10- my, 11- ass";"hatespeech targeting African";"https://app.prolific.co/submissions/complete?cc=91442ADD"
"15579832_gab";"HateXplain";"if the kike population equalled the white one the number of jew assaulters would be <number> jews to <number> white ones";"1- if, 2- the, 3- kike, 4- population, 5- equalled, 6- the, 7- white, 8- one, 9- the, 10- number, 11- of, 12- jew, 13- assaulters, 14- would, 15- be, 16- <number>, 17- jews, 18- to, 19- <number>, 20- white, 21- ones";"hatespeech targeting Jewish";"https://app.prolific.co/submissions/complete?cc=91442ADD"
"18869501_gab";"HateXplain";"what the fuck is a snow nigger";"1- what, 2- the, 3- fuck, 4- is, 5- a, 6- snow, 7- nigger";"hatespeech targeting African";"https://app.prolific.co/submissions/complete?cc=91442ADD"
"15584227_gab";"HateXplain";"the retards pushing this crap just about have to be kikes i will wave the israeli flag for propaganda purposes if it means winning these im faggot autists who insist on waving the windmill of friendship an alien symbol to americans are not interested in winning they are interested in larping";"1- the, 2- retards, 3- pushing, 4- this, 5- crap, 6- just, 7- about, 8- have, 9- to, 10- be, 11- kikes, 12- i, 13- will, 14- wave, 15- the, 16- israeli, 17- flag, 18- for, 19- propaganda, 20- purposes, 21- if, 22- it, 23- means, 24- winning, 25- these, 26- im, 27- faggot, 28- autists, 29- who, 30- insist, 31- on, 32- waving, 33- the, 34- windmill, 35- of, 36- friendship, 37- an, 38- alien, 39- symbol, 40- to, 41- americans, 42- are, 43- not, 44- interested, 45- in, 46- winning, 47- they, 48- are, 49- interested, 50- in, 51- larping";"hatespeech targeting Jewish";"https://app.prolific.co/submissions/complete?cc=91442ADD"
"25722408_gab";"HateXplain";"<user> ‍ fix this you nigger";"1- <user>, 2- ‍, 3- fix, 4- this, 5- you, 6- nigger";"hatespeech targeting African";"https://app.prolific.co/submissions/complete?cc=91442ADD"
"15739147_gab";"HateXplain";"khazars were terrible people who installed an oligarchy over ukraine whether or not you accept the khazars theory jews today fucking hate jesus and white christianity so either way these kikes are scum of the earth";"1- khazars, 2- were, 3- terrible, 4- people, 5- who, 6- installed, 7- an, 8- oligarchy, 9- over, 10- ukraine, 11- whether, 12- or, 13- not, 14- you, 15- accept, 16- the, 17- khazars, 18- theory, 19- jews, 20- today, 21- fucking, 22- hate, 23- jesus, 24- and, 25- white, 26- christianity, 27- so, 28- either, 29- way, 30- these, 31- kikes, 32- are, 33- scum, 34- of, 35- the, 36- earth";"hatespeech targeting Jewish";"https://app.prolific.co/submissions/complete?cc=91442ADD"
"14848345_gab";"HateXplain";"an immigrant are you a filthy kike was the question i think you just answered it they have been given every advantage if by they and every advantage you mean niggers and the racist policies that give them the advantage like affirmative action then you are correct";"1- an, 2- immigrant, 3- are, 4- you, 5- a, 6- filthy, 7- kike, 8- was, 9- the, 10- question, 11- i, 12- think, 13- you, 14- just, 15- answered, 16- it, 17- they, 18- have, 19- been, 20- given, 21- every, 22- advantage, 23- if, 24- by, 25- they, 26- and, 27- every, 28- advantage, 29- you, 30- mean, 31- niggers, 32- and, 33- the, 34- racist, 35- policies, 36- that, 37- give, 38- them, 39- the, 40- advantage, 41- like, 42- affirmative, 43- action, 44- then, 45- you, 46- are, 47- correct";"hatespeech targeting African";"https://app.prolific.co/submissions/complete?cc=91442ADD"
"15745396_gab";"HateXplain";"why are so many non jews celebrating when so many israeli jews support and back the influx of migrants into europe and north america it some sort of victory for jews but how is it a victory for non jews why would i give a rat ass";"1- why, 2- are, 3- so, 4- many, 5- non, 6- jews, 7- celebrating, 8- when, 9- so, 10- many, 11- israeli, 12- jews, 13- support, 14- and, 15- back, 16- the, 17- influx, 18- of, 19- migrants, 20- into, 21- europe, 22- and, 23- north, 24- america, 25- it, 26- some, 27- sort, 28- of, 29- victory, 30- for, 31- jews, 32- but, 33- how, 34- is, 35- it, 36- a, 37- victory, 38- for, 39- non, 40- jews, 41- why, 42- would, 43- i, 44- give, 45- a, 46- rat, 47- ass";"offensive targeting Jewish";"https://app.prolific.co/submissions/complete?cc=91442ADD"
"14479405_gab";"HateXplain";"lol fuck no let that shit spread around africa and kill as many nigger apes as possible";"1- lol, 2- fuck, 3- no, 4- let, 5- that, 6- shit, 7- spread, 8- around, 9- africa, 10- and, 11- kill, 12- as, 13- many, 14- nigger, 15- apes, 16- as, 17- possible";"hatespeech targeting African";"https://app.prolific.co/submissions/complete?cc=91442ADD"
"15769087_gab";"HateXplain";"shut your filthy mouth kike";"1- shut, 2- your, 3- filthy, 4- mouth, 5- kike";"hatespeech targeting Jewish";"https://app.prolific.co/submissions/complete?cc=91442ADD"
"16120519_gab";"HateXplain";"the only good nigger is a dead nig oops there are no good niggers";"1- the, 2- only, 3- good, 4- nigger, 5- is, 6- a, 7- dead, 8- nig, 9- oops, 10- there, 11- are, 12- no, 13- good, 14- niggers";"hatespeech targeting African";"https://app.prolific.co/submissions/complete?cc=91442ADD"
"15853621_gab";"HateXplain";"i fucking hate jews";"1- i, 2- fucking, 3- hate, 4- jews";"hatespeech targeting Jewish";"https://app.prolific.co/submissions/complete?cc=91442ADD"
"23192800_gab";"HateXplain";"as sun set tzu hu who was little more than twenty two said when you can talk about jews in public with the aplomb of a housecat taking a shit then my son you have achieved mastery of politics dig it that eastern wisdom my weak skinned nigger";"1- as, 2- sun, 3- set, 4- tzu, 5- hu, 6- who, 7- was, 8- little, 9- more, 10- than, 11- twenty, 12- two, 13- said, 14- when, 15- you, 16- can, 17- talk, 18- about, 19- jews, 20- in, 21- public, 22- with, 23- the, 24- aplomb, 25- of, 26- a, 27- housecat, 28- taking, 29- a, 30- shit, 31- then, 32- my, 33- son, 34- you, 35- have, 36- achieved, 37- mastery, 38- of, 39- politics, 40- dig, 41- it, 42- that, 43- eastern, 44- wisdom, 45- my, 46- weak, 47- skinned, 48- nigger";"hatespeech targeting African";"https://app.prolific.co/submissions/complete?cc=91442ADD"
"15906023_gab";"HateXplain";"the only claim to fame that jews have is to be the people rejected by god";"1- the, 2- only, 3- claim, 4- to, 5- fame, 6- that, 7- jews, 8- have, 9- is, 10- to, 11- be, 12- the, 13- people, 14- rejected, 15- by, 16- god";"offensive targeting Jewish";"https://app.prolific.co/submissions/complete?cc=91442ADD"
"3988519_gab";"HateXplain";"i can not believe stuart varney had those two obnoxious negresses diamond silk on his show this morning i am glad they like and support trump but i just can not stand listening to them";"1- i, 2- can, 3- not, 4- believe, 5- stuart, 6- varney, 7- had, 8- those, 9- two, 10- obnoxious, 11- negresses, 12- diamond, 13- silk, 14- on, 15- his, 16- show, 17- this, 18- morning, 19- i, 20- am, 21- glad, 22- they, 23- like, 24- and, 25- support, 26- trump, 27- but, 28- i, 29- just, 30- can, 31- not, 32- stand, 33- listening, 34- to, 35- them";"hatespeech targeting African";"https://app.prolific.co/submissions/complete?cc=91442ADD"
"15970058_gab";"HateXplain";"sadly jews have concentrate their extermination of white people un this kind of countries cause they hate blond purity for them every white girls have to be gangbanged or raped or stupid enough to have brown subhuman sperm in their womb to make the white genocide by race mixing unstoppable";"1- sadly, 2- jews, 3- have, 4- concentrate, 5- their, 6- extermination, 7- of, 8- white, 9- people, 10- un, 11- this, 12- kind, 13- of, 14- countries, 15- cause, 16- they, 17- hate, 18- blond, 19- purity, 20- for, 21- them, 22- every, 23- white, 24- girls, 25- have, 26- to, 27- be, 28- gangbanged, 29- or, 30- raped, 31- or, 32- stupid, 33- enough, 34- to, 35- have, 36- brown, 37- subhuman, 38- sperm, 39- in, 40- their, 41- womb, 42- to, 43- make, 44- the, 45- white, 46- genocide, 47- by, 48- race, 49- mixing, 50- unstoppable";"hatespeech targeting Jewish";"https://app.prolific.co/submissions/complete?cc=91442ADD"
"8213875_gab";"HateXplain";"you forgot the part where a faggot zero fucked some nignog from africa who had fucked some other nignog who fucked a monkey b then american women started fucking these faggots and then fucked normal men and smuggled the virus from fags and junkies to regular people";"1- you, 2- forgot, 3- the, 4- part, 5- where, 6- a, 7- faggot, 8- zero, 9- fucked, 10- some, 11- nignog, 12- from, 13- africa, 14- who, 15- had, 16- fucked, 17- some, 18- other, 19- nignog, 20- who, 21- fucked, 22- a, 23- monkey, 24- b, 25- then, 26- american, 27- women, 28- started, 29- fucking, 30- these, 31- faggots, 32- and, 33- then, 34- fucked, 35- normal, 36- men, 37- and, 38- smuggled, 39- the, 40- virus, 41- from, 42- fags, 43- and, 44- junkies, 45- to, 46- regular, 47- people";"hatespeech targeting African";"https://app.prolific.co/submissions/complete?cc=91442ADD"
"16023241_gab";"HateXplain";"<number> <user> were marketed under speakfreely <number> the terms changed halfway through year one to restrict speech under 1 a <number> then pressured by kike groups like your wife you silenced political dissidents your argument works while companies can limit 1 a those days are ending wrong side of history";"1- <number>, 2- <user>, 3- were, 4- marketed, 5- under, 6- speakfreely, 7- <number>, 8- the, 9- terms, 10- changed, 11- halfway, 12- through, 13- year, 14- one, 15- to, 16- restrict, 17- speech, 18- under, 19- 1, 20- a, 21- <number>, 22- then, 23- pressured, 24- by, 25- kike, 26- groups, 27- like, 28- your, 29- wife, 30- you, 31- silenced, 32- political, 33- dissidents, 34- your, 35- argument, 36- works, 37- while, 38- companies, 39- can, 40- limit, 41- 1, 42- a, 43- those, 44- days, 45- are, 46- ending, 47- wrong, 48- side, 49- of, 50- history";"hatespeech targeting Jewish";"https://app.prolific.co/submissions/complete?cc=91442ADD"
"11970529_gab";"HateXplain";"why is it that we always hear about how rain depresses nigger voter turnout but they will go out in a hurricane to loot and steal shit";"1- why, 2- is, 3- it, 4- that, 5- we, 6- always, 7- hear, 8- about, 9- how, 10- rain, 11- depresses, 12- nigger, 13- voter, 14- turnout, 15- but, 16- they, 17- will, 18- go, 19- out, 20- in, 21- a, 22- hurricane, 23- to, 24- loot, 25- and, 26- steal, 27- shit";"hatespeech targeting African";"https://app.prolific.co/submissions/complete?cc=91442ADD"
"16059383_gab";"HateXplain";"the sad part is all that you say is true the jews bring those subhuman shitskinned scums to inocculate our females at every ages who have been brainwashed to hate their own kinds interracial porn jewllywood music sport inc adds every supports are used by them to corrupt our females";"1- the, 2- sad, 3- part, 4- is, 5- all, 6- that, 7- you, 8- say, 9- is, 10- true, 11- the, 12- jews, 13- bring, 14- those, 15- subhuman, 16- shitskinned, 17- scums, 18- to, 19- inocculate, 20- our, 21- females, 22- at, 23- every, 24- ages, 25- who, 26- have, 27- been, 28- brainwashed, 29- to, 30- hate, 31- their, 32- own, 33- kinds, 34- interracial, 35- porn, 36- jewllywood, 37- music, 38- sport, 39- inc, 40- adds, 41- every, 42- supports, 43- are, 44- used, 45- by, 46- them, 47- to, 48- corrupt, 49- our, 50- females";"hatespeech targeting Jewish";"https://app.prolific.co/submissions/complete?cc=91442ADD"
"26686413_gab";"HateXplain";"has this nigger looked in the mirror lately";"1- has, 2- this, 3- nigger, 4- looked, 5- in, 6- the, 7- mirror, 8- lately";"hatespeech targeting African";"https://app.prolific.co/submissions/complete?cc=91442ADD"
"16074606_gab";"HateXplain";"with a high purchasing currency youth could buy more stuff find a girlfriend buy a house and keep the economy going jews will put all humanity in deathcamps and slave factories if humnaity doesnt unite agains the jews and their racism against all mankind";"1- with, 2- a, 3- high, 4- purchasing, 5- currency, 6- youth, 7- could, 8- buy, 9- more, 10- stuff, 11- find, 12- a, 13- girlfriend, 14- buy, 15- a, 16- house, 17- and, 18- keep, 19- the, 20- economy, 21- going, 22- jews, 23- will, 24- put, 25- all, 26- humanity, 27- in, 28- deathcamps, 29- and, 30- slave, 31- factories, 32- if, 33- humnaity, 34- doesnt, 35- unite, 36- agains, 37- the, 38- jews, 39- and, 40- their, 41- racism, 42- against, 43- all, 44- mankind";"hatespeech targeting Jewish";"https://app.prolific.co/submissions/complete?cc=91442ADD"
"25281408_gab";"HateXplain";"anti american kenya born democrat spook wants to put his two cents in well here is americas two cents shut the fuck up you mooncricket mother fucker 😘 👍";"1- anti, 2- american, 3- kenya, 4- born, 5- democrat, 6- spook, 7- wants, 8- to, 9- put, 10- his, 11- two, 12- cents, 13- in, 14- well, 15- here, 16- is, 17- americas, 18- two, 19- cents, 20- shut, 21- the, 22- fuck, 23- up, 24- you, 25- mooncricket, 26- mother, 27- fucker, 28- 😘, 29- 👍";"hatespeech targeting African";"https://app.prolific.co/submissions/complete?cc=91442ADD"
"16135963_gab";"HateXplain";"every last one with a drop of jew blood how do you actually foment a reasonable theory of who and are not gentlemen when the nazis inducted jews into jugend and put them on the cover of their family oriented magazines";"1- every, 2- last, 3- one, 4- with, 5- a, 6- drop, 7- of, 8- jew, 9- blood, 10- how, 11- do, 12- you, 13- actually, 14- foment, 15- a, 16- reasonable, 17- theory, 18- of, 19- who, 20- and, 21- are, 22- not, 23- gentlemen, 24- when, 25- the, 26- nazis, 27- inducted, 28- jews, 29- into, 30- jugend, 31- and, 32- put, 33- them, 34- on, 35- the, 36- cover, 37- of, 38- their, 39- family, 40- oriented, 41- magazines";"hatespeech targeting Jewish";"https://app.prolific.co/submissions/complete?cc=91442ADD"
"5769073_gab";"HateXplain";"it time for that nigger hobbit valerie jarrett to be taught life hardest lessons";"1- it, 2- time, 3- for, 4- that, 5- nigger, 6- hobbit, 7- valerie, 8- jarrett, 9- to, 10- be, 11- taught, 12- life, 13- hardest, 14- lessons";"hatespeech targeting African";"https://app.prolific.co/submissions/complete?cc=91442ADD"
"16174052_gab";"HateXplain";"sorry i was referring to the holocaust story i believe it to be a lie";"1- sorry, 2- i, 3- was, 4- referring, 5- to, 6- the, 7- holocaust, 8- story, 9- i, 10- believe, 11- it, 12- to, 13- be, 14- a, 15- lie";"hatespeech targeting Jewish";"https://app.prolific.co/submissions/complete?cc=91442ADD"
"attention_32";"attention check sentences (HateXplain targeting)";"look arabs theyre terrorists";"1- look, 2- arabs, 3- theyre, 4- terrorists";"offensive";"https://app.prolific.co/submissions/complete?cc=91442ADD"