"ID";"dataset";"text";"tokens";"label";"redirectUrl"
"9134999_gab";"HateXplain";"yes but what with raghead hygienics where did you put that left hand and all who going to buy it <wink>";"1- yes, 2- but, 3- what, 4- with, 5- raghead, 6- hygienics, 7- where, 8- did, 9- you, 10- put, 11- that, 12- left, 13- hand, 14- and, 15- all, 16- who, 17- going, 18- to, 19- buy, 20- it, 21- <wink>";"hatespeech targeting Arab";"https://app.prolific.co/submissions/complete?cc=91442ADD"
"22652358_gab";"HateXplain";"when the evil overlord gloats about his plan to james bond an hour before it set to begin it pretty darn retarded just how retarded do you have to be to gloat <number> years before endgame about as retarded as you";"1- when, 2- the, 3- evil, 4- overlord, 5- gloats, 6- about, 7- his, 8- plan, 9- to, 10- james, 11- bond, 12- an, 13- hour, 14- before, 15- it, 16- set, 17- to, 18- begin, 19- it, 20- pretty, 21- darn, 22- retarded, 23- just, 24- how, 25- retarded, 26- do, 27- you, 28- have, 29- to, 30- be, 31- to, 32- gloat, 33- <number>, 34- years, 35- before, 36- endgame, 37- about, 38- as, 39- retarded, 40- as, 41- you";"offensive targeting Other";"https://app.prolific.co/submissions/complete?cc=91442ADD"
"2668582_gab";"HateXplain";"the left labels trump supporters as being uneducated but chooses to side with third world refugees that have zero conception of how democracy works just liberal things maga democrats cucks trump";"1- the, 2- left, 3- labels, 4- trump, 5- supporters, 6- as, 7- being, 8- uneducated, 9- but, 10- chooses, 11- to, 12- side, 13- with, 14- third, 15- world, 16- refugees, 17- that, 18- have, 19- zero, 20- conception, 21- of, 22- how, 23- democracy, 24- works, 25- just, 26- liberal, 27- things, 28- maga, 29- democrats, 30- cucks, 31- trump";"offensive targeting Refugee";"https://app.prolific.co/submissions/complete?cc=91442ADD"
"19414436_gab";"HateXplain";"your posts show otherwise nigger lover";"1- your, 2- posts, 3- show, 4- otherwise, 5- nigger, 6- lover";"hatespeech targeting African";"https://app.prolific.co/submissions/complete?cc=91442ADD"
"24416711_gab";"HateXplain";"<number> and me is a kike company they started to see how the agenda is going";"1- <number>, 2- and, 3- me, 4- is, 5- a, 6- kike, 7- company, 8- they, 9- started, 10- to, 11- see, 12- how, 13- the, 14- agenda, 15- is, 16- going";"hatespeech targeting Jewish";"https://app.prolific.co/submissions/complete?cc=91442ADD"
"1231969677150244864_twitter";"HateXplain";"dig a ditch for a bitch if she gone throw dirt talking all that shit like you won ’ t get hurt";"1- dig, 2- a, 3- ditch, 4- for, 5- a, 6- bitch, 7- if, 8- she, 9- gone, 10- throw, 11- dirt, 12- talking, 13- all, 14- that, 15- shit, 16- like, 17- you, 18- won, 19- ’, 20- t, 21- get, 22- hurt";"offensive targeting Women";"https://app.prolific.co/submissions/complete?cc=91442ADD"
"19384911_gab";"HateXplain";"like someone said would not it be a hoot if a moslem bakery refused to bake a cake for a couple of faggots";"1- like, 2- someone, 3- said, 4- would, 5- not, 6- it, 7- be, 8- a, 9- hoot, 10- if, 11- a, 12- moslem, 13- bakery, 14- refused, 15- to, 16- bake, 17- a, 18- cake, 19- for, 20- a, 21- couple, 22- of, 23- faggots";"hatespeech targeting Islam";"https://app.prolific.co/submissions/complete?cc=91442ADD"
"17799511_gab";"HateXplain";"dropping bombs on dune coons while you have total air superority is not combat it target practice now doing it while there are sams and manpads sending guided missiles up one exhaust would be she did the former";"1- dropping, 2- bombs, 3- on, 4- dune, 5- coons, 6- while, 7- you, 8- have, 9- total, 10- air, 11- superority, 12- is, 13- not, 14- combat, 15- it, 16- target, 17- practice, 18- now, 19- doing, 20- it, 21- while, 22- there, 23- are, 24- sams, 25- and, 26- manpads, 27- sending, 28- guided, 29- missiles, 30- up, 31- one, 32- exhaust, 33- would, 34- be, 35- she, 36- did, 37- the, 38- former";"hatespeech targeting Arab";"https://app.prolific.co/submissions/complete?cc=91442ADD"
"22981325_gab";"HateXplain";"you just do not get it next time you are relying on someone for something important and they balk do not bitch about the left will gladly destroy anyone that gets out of line the right are the forgiving ones";"1- you, 2- just, 3- do, 4- not, 5- get, 6- it, 7- next, 8- time, 9- you, 10- are, 11- relying, 12- on, 13- someone, 14- for, 15- something, 16- important, 17- and, 18- they, 19- balk, 20- do, 21- not, 22- bitch, 23- about, 24- the, 25- left, 26- will, 27- gladly, 28- destroy, 29- anyone, 30- that, 31- gets, 32- out, 33- of, 34- line, 35- the, 36- right, 37- are, 38- the, 39- forgiving, 40- ones";"offensive targeting Other";"https://app.prolific.co/submissions/complete?cc=91442ADD"
"26787745_gab";"HateXplain";"more proof that immigrants have rights invaders have rights criminals have rights and citizens do not have rights and all this is paid for with citizen tax dollars";"1- more, 2- proof, 3- that, 4- immigrants, 5- have, 6- rights, 7- invaders, 8- have, 9- rights, 10- criminals, 11- have, 12- rights, 13- and, 14- citizens, 15- do, 16- not, 17- have, 18- rights, 19- and, 20- all, 21- this, 22- is, 23- paid, 24- for, 25- with, 26- citizen, 27- tax, 28- dollars";"offensive targeting Refugee";"https://app.prolific.co/submissions/complete?cc=91442ADD"
"21453585_gab";"HateXplain";"you have only shown that morals do not matter to you how much nigger cock did your boyfriend take tonight";"1- you, 2- have, 3- only, 4- shown, 5- that, 6- morals, 7- do, 8- not, 9- matter, 10- to, 11- you, 12- how, 13- much, 14- nigger, 15- cock, 16- did, 17- your, 18- boyfriend, 19- take, 20- tonight";"hatespeech targeting African";"https://app.prolific.co/submissions/complete?cc=91442ADD"
"11003094_gab";"HateXplain";"as a full blown gas the kike nazi otoya yamaguchi is in my top <number> nationalist heroes";"1- as, 2- a, 3- full, 4- blown, 5- gas, 6- the, 7- kike, 8- nazi, 9- otoya, 10- yamaguchi, 11- is, 12- in, 13- my, 14- top, 15- <number>, 16- nationalist, 17- heroes";"hatespeech targeting Jewish";"https://app.prolific.co/submissions/complete?cc=91442ADD"
"1239648273708826626_twitter";"HateXplain";"<user> take care of it for me a bitch wants to die and has no regard for her own health";"1- <user>, 2- take, 3- care, 4- of, 5- it, 6- for, 7- me, 8- a, 9- bitch, 10- wants, 11- to, 12- die, 13- and, 14- has, 15- no, 16- regard, 17- for, 18- her, 19- own, 20- health";"offensive targeting Women";"https://app.prolific.co/submissions/complete?cc=91442ADD"
"13104004_gab";"HateXplain";"london mayor suckdiq kahn has room for a fellow muzzie terrorist";"1- london, 2- mayor, 3- suckdiq, 4- kahn, 5- has, 6- room, 7- for, 8- a, 9- fellow, 10- muzzie, 11- terrorist";"hatespeech targeting Islam";"https://app.prolific.co/submissions/complete?cc=91442ADD"
"14947627_gab";"HateXplain";"these fucking sand nigger savages need to go back to their own countries and if they do not voluntarily the time will come to physically remove them i do not care if they are citizens or not they have no right to be here ﻿";"1- these, 2- fucking, 3- sand, 4- nigger, 5- savages, 6- need, 7- to, 8- go, 9- back, 10- to, 11- their, 12- own, 13- countries, 14- and, 15- if, 16- they, 17- do, 18- not, 19- voluntarily, 20- the, 21- time, 22- will, 23- come, 24- to, 25- physically, 26- remove, 27- them, 28- i, 29- do, 30- not, 31- care, 32- if, 33- they, 34- are, 35- citizens, 36- or, 37- not, 38- they, 39- have, 40- no, 41- right, 42- to, 43- be, 44- here, 45- ﻿";"hatespeech targeting Arab";"https://app.prolific.co/submissions/complete?cc=91442ADD"
"23128833_gab";"HateXplain";"james is ghetto worthless trash";"1- james, 2- is, 3- ghetto, 4- worthless, 5- trash";"offensive targeting Other";"https://app.prolific.co/submissions/complete?cc=91442ADD"
"26813880_gab";"HateXplain";"fuck the <number> immigrants the government lost i only care about <number> immigrant the government lost where is she";"1- fuck, 2- the, 3- <number>, 4- immigrants, 5- the, 6- government, 7- lost, 8- i, 9- only, 10- care, 11- about, 12- <number>, 13- immigrant, 14- the, 15- government, 16- lost, 17- where, 18- is, 19- she";"offensive targeting Refugee";"https://app.prolific.co/submissions/complete?cc=91442ADD"
"19052532_gab";"HateXplain";"toody you liying nigger bitch you took my car";"1- toody, 2- you, 3- liying, 4- nigger, 5- bitch, 6- you, 7- took, 8- my, 9- car";"hatespeech targeting African";"https://app.prolific.co/submissions/complete?cc=91442ADD"
"19112164_gab";"HateXplain";"fuck her she nothing but a kike that will play which ever side that will get her paid";"1- fuck, 2- her, 3- she, 4- nothing, 5- but, 6- a, 7- kike, 8- that, 9- will, 10- play, 11- which, 12- ever, 13- side, 14- that, 15- will, 16- get, 17- her, 18- paid";"hatespeech targeting Jewish";"https://app.prolific.co/submissions/complete?cc=91442ADD"
"1241973914625921024_twitter";"HateXplain";"<user> this bitch still around damn";"1- <user>, 2- this, 3- bitch, 4- still, 5- around, 6- damn";"offensive targeting Women";"https://app.prolific.co/submissions/complete?cc=91442ADD"
"15805378_gab";"HateXplain";"well i apologise for any ozeez that might have forgotten that we can take the piss but go too hard and somethings amiss i do find that seppos do not understand aussie british humour and can take things personally everyones a liberal snowflake to an aussie and then they imported muzzies here damit";"1- well, 2- i, 3- apologise, 4- for, 5- any, 6- ozeez, 7- that, 8- might, 9- have, 10- forgotten, 11- that, 12- we, 13- can, 14- take, 15- the, 16- piss, 17- but, 18- go, 19- too, 20- hard, 21- and, 22- somethings, 23- amiss, 24- i, 25- do, 26- find, 27- that, 28- seppos, 29- do, 30- not, 31- understand, 32- aussie, 33- british, 34- humour, 35- and, 36- can, 37- take, 38- things, 39- personally, 40- everyones, 41- a, 42- liberal, 43- snowflake, 44- to, 45- an, 46- aussie, 47- and, 48- then, 49- they, 50- imported, 51- muzzies, 52- here, 53- damit";"hatespeech targeting Islam";"https://app.prolific.co/submissions/complete?cc=91442ADD"
"25778516_gab";"HateXplain";"to hell with those murdering lieing sand nigger palestinians";"1- to, 2- hell, 3- with, 4- those, 5- murdering, 6- lieing, 7- sand, 8- nigger, 9- palestinians";"hatespeech targeting Arab";"https://app.prolific.co/submissions/complete?cc=91442ADD"
"23263185_gab";"HateXplain";"warski has a flat earth debate two days later baked alaska has a flat earth debate that bleached haired retard does not even hide it anymore";"1- warski, 2- has, 3- a, 4- flat, 5- earth, 6- debate, 7- two, 8- days, 9- later, 10- baked, 11- alaska, 12- has, 13- a, 14- flat, 15- earth, 16- debate, 17- that, 18- bleached, 19- haired, 20- retard, 21- does, 22- not, 23- even, 24- hide, 25- it, 26- anymore";"offensive targeting Other";"https://app.prolific.co/submissions/complete?cc=91442ADD"
"27571757_gab";"HateXplain";"social security disability can be scammed by refugees illegal wetbacks";"1- social, 2- security, 3- disability, 4- can, 5- be, 6- scammed, 7- by, 8- refugees, 9- illegal, 10- wetbacks";"offensive targeting Refugee";"https://app.prolific.co/submissions/complete?cc=91442ADD"
"1178764934294970368_twitter";"HateXplain";"<user> you all need to take this nigger activity off my tl";"1- <user>, 2- you, 3- all, 4- need, 5- to, 6- take, 7- this, 8- nigger, 9- activity, 10- off, 11- my, 12- tl";"hatespeech targeting African";"https://app.prolific.co/submissions/complete?cc=91442ADD"
"16210558_gab";"HateXplain";"the iranian regime has a mosque in my home town thousands of miles from tehran its controlled by the revolutionary guard do not let the persian kike fool you";"1- the, 2- iranian, 3- regime, 4- has, 5- a, 6- mosque, 7- in, 8- my, 9- home, 10- town, 11- thousands, 12- of, 13- miles, 14- from, 15- tehran, 16- its, 17- controlled, 18- by, 19- the, 20- revolutionary, 21- guard, 22- do, 23- not, 24- let, 25- the, 26- persian, 27- kike, 28- fool, 29- you";"hatespeech targeting Jewish";"https://app.prolific.co/submissions/complete?cc=91442ADD"
"1249015022765977601_twitter";"HateXplain";"stupid bitch not paying attention looking for something in her car almost crashed right into me my life be flashing right before my eyes";"1- stupid, 2- bitch, 3- not, 4- paying, 5- attention, 6- looking, 7- for, 8- something, 9- in, 10- her, 11- car, 12- almost, 13- crashed, 14- right, 15- into, 16- me, 17- my, 18- life, 19- be, 20- flashing, 21- right, 22- before, 23- my, 24- eyes";"offensive targeting Women";"https://app.prolific.co/submissions/complete?cc=91442ADD"
"11311147_gab";"HateXplain";"we have had a muzzie problem since that psychotic pedo mohammed started his death cult";"1- we, 2- have, 3- had, 4- a, 5- muzzie, 6- problem, 7- since, 8- that, 9- psychotic, 10- pedo, 11- mohammed, 12- started, 13- his, 14- death, 15- cult";"hatespeech targeting Islam";"https://app.prolific.co/submissions/complete?cc=91442ADD"
"18744398_gab";"HateXplain";"a sand nigger with an agenda";"1- a, 2- sand, 3- nigger, 4- with, 5- an, 6- agenda";"hatespeech targeting Arab";"https://app.prolific.co/submissions/complete?cc=91442ADD"
"attention_41";"attention check sentences (HateXplain targeting)";"dude look at that diaper head over there at the pump";"1- dude, 2- look, 3- at, 4- that, 5- diaper, 6- head, 7- over, 8- there, 9- at, 10- the, 11- pump";"offensive";"https://app.prolific.co/submissions/complete?cc=91442ADD"