"ID";"dataset";"text";"tokens";"label";"redirectUrl"
"26702235_gab";"HateXplain";"unlikely now that the lying muzrat traitor is out of d.c.";"1- unlikely, 2- now, 3- that, 4- the, 5- lying, 6- muzrat, 7- traitor, 8- is, 9- out, 10- of, 11- d.c.";"hatespeech targeting Islam";"https://app.prolific.co/submissions/complete?cc=91442ADD"
"3492903_gab";"HateXplain";"i hope obama and his corrupt cia get caught trying cut the power to our grid i d love to see that muslim goatf*cker <censored> in cuffs and a jumpsuit falseflag obama";"1- i, 2- hope, 3- obama, 4- and, 5- his, 6- corrupt, 7- cia, 8- get, 9- caught, 10- trying, 11- cut, 12- the, 13- power, 14- to, 15- our, 16- grid, 17- i, 18- d, 19- love, 20- to, 21- see, 22- that, 23- muslim, 24- goatf*cker, 25- <censored>, 26- in, 27- cuffs, 28- and, 29- a, 30- jumpsuit, 31- falseflag, 32- obama";"hatespeech targeting Arab";"https://app.prolific.co/submissions/complete?cc=91442ADD"
"24308641_gab";"HateXplain";"konya was right there he could have put a karote chop on trump and been the greatest nigger of all times but he pussied out the majority of all the wounded niggers in ww1 ww2 korea and nam were hit in the back from running away";"1- konya, 2- was, 3- right, 4- there, 5- he, 6- could, 7- have, 8- put, 9- a, 10- karote, 11- chop, 12- on, 13- trump, 14- and, 15- been, 16- the, 17- greatest, 18- nigger, 19- of, 20- all, 21- times, 22- but, 23- he, 24- pussied, 25- out, 26- the, 27- majority, 28- of, 29- all, 30- the, 31- wounded, 32- niggers, 33- in, 34- ww1, 35- ww2, 36- korea, 37- and, 38- nam, 39- were, 40- hit, 41- in, 42- the, 43- back, 44- from, 45- running, 46- away";"hatespeech targeting African";"https://app.prolific.co/submissions/complete?cc=91442ADD"
"16980692_gab";"HateXplain";"post that kike star again and you can wear them in the oven";"1- post, 2- that, 3- kike, 4- star, 5- again, 6- and, 7- you, 8- can, 9- wear, 10- them, 11- in, 12- the, 13- oven";"hatespeech targeting Jewish";"https://app.prolific.co/submissions/complete?cc=91442ADD"
"15844957_gab";"HateXplain";"so the oblamer administration set many parts of the muzzie world free and this is what everyone out there gets to see fact";"1- so, 2- the, 3- oblamer, 4- administration, 5- set, 6- many, 7- parts, 8- of, 9- the, 10- muzzie, 11- world, 12- free, 13- and, 14- this, 15- is, 16- what, 17- everyone, 18- out, 19- there, 20- gets, 21- to, 22- see, 23- fact";"hatespeech targeting Islam";"https://app.prolific.co/submissions/complete?cc=91442ADD"
"3680293_gab";"HateXplain";"arablies so it is ok for arabs to colonise but the jews cannot have israel a bees dick in comparison to what arabs have";"1- arablies, 2- so, 3- it, 4- is, 5- ok, 6- for, 7- arabs, 8- to, 9- colonise, 10- but, 11- the, 12- jews, 13- cannot, 14- have, 15- israel, 16- a, 17- bees, 18- dick, 19- in, 20- comparison, 21- to, 22- what, 23- arabs, 24- have";"offensive targeting Arab";"https://app.prolific.co/submissions/complete?cc=91442ADD"
"18221064_gab";"HateXplain";"lol i like it name the sportball jigaboo that was busted at an airport with a wizinator";"1- lol, 2- i, 3- like, 4- it, 5- name, 6- the, 7- sportball, 8- jigaboo, 9- that, 10- was, 11- busted, 12- at, 13- an, 14- airport, 15- with, 16- a, 17- wizinator";"hatespeech targeting African";"https://app.prolific.co/submissions/complete?cc=91442ADD"
"27256820_gab";"HateXplain";"smoke signals ala kike style 🔥 💨";"1- smoke, 2- signals, 3- ala, 4- kike, 5- style, 6- 🔥, 7- 💨";"hatespeech targeting Jewish";"https://app.prolific.co/submissions/complete?cc=91442ADD"
"11119899_gab";"HateXplain";"the un can kiss my patriotic white ass keep your fucking nose out of america you moslem sex dolls 🖕 🏻 mind your own fucking business and stop egging on the hate crimes against white people sick nosy race baiting assholes";"1- the, 2- un, 3- can, 4- kiss, 5- my, 6- patriotic, 7- white, 8- ass, 9- keep, 10- your, 11- fucking, 12- nose, 13- out, 14- of, 15- america, 16- you, 17- moslem, 18- sex, 19- dolls, 20- 🖕, 21- 🏻, 22- mind, 23- your, 24- own, 25- fucking, 26- business, 27- and, 28- stop, 29- egging, 30- on, 31- the, 32- hate, 33- crimes, 34- against, 35- white, 36- people, 37- sick, 38- nosy, 39- race, 40- baiting, 41- assholes";"hatespeech targeting Islam";"https://app.prolific.co/submissions/complete?cc=91442ADD"
"3878555_gab";"HateXplain";"white nations for white people want a future deport jews with the arabs";"1- white, 2- nations, 3- for, 4- white, 5- people, 6- want, 7- a, 8- future, 9- deport, 10- jews, 11- with, 12- the, 13- arabs";"hatespeech targeting Arab";"https://app.prolific.co/submissions/complete?cc=91442ADD"
"24097574_gab";"HateXplain";"i detest abortion even regarding negro enemy babies call me a softie as with them though if some beaner wants to kill their kid i will not lose a great deal of sleep they do not need to be invading and populating america";"1- i, 2- detest, 3- abortion, 4- even, 5- regarding, 6- negro, 7- enemy, 8- babies, 9- call, 10- me, 11- a, 12- softie, 13- as, 14- with, 15- them, 16- though, 17- if, 18- some, 19- beaner, 20- wants, 21- to, 22- kill, 23- their, 24- kid, 25- i, 26- will, 27- not, 28- lose, 29- a, 30- great, 31- deal, 32- of, 33- sleep, 34- they, 35- do, 36- not, 37- need, 38- to, 39- be, 40- invading, 41- and, 42- populating, 43- america";"hatespeech targeting African";"https://app.prolific.co/submissions/complete?cc=91442ADD"
"17827115_gab";"HateXplain";"wow this d bag if he not a kike he might as well be one geezus";"1- wow, 2- this, 3- d, 4- bag, 5- if, 6- he, 7- not, 8- a, 9- kike, 10- he, 11- might, 12- as, 13- well, 14- be, 15- one, 16- geezus";"hatespeech targeting Jewish";"https://app.prolific.co/submissions/complete?cc=91442ADD"
"25115988_gab";"HateXplain";"it is now up to the family of the girl to punish the moslem shit skin";"1- it, 2- is, 3- now, 4- up, 5- to, 6- the, 7- family, 8- of, 9- the, 10- girl, 11- to, 12- punish, 13- the, 14- moslem, 15- shit, 16- skin";"offensive targeting Islam";"https://app.prolific.co/submissions/complete?cc=91442ADD"
"4057435_gab";"HateXplain";"jews are white sandniggers";"1- jews, 2- are, 3- white, 4- sandniggers";"hatespeech targeting Arab";"https://app.prolific.co/submissions/complete?cc=91442ADD"
"27770061_gab";"HateXplain";"<user> yo ur fav niglet prom date";"1- <user>, 2- yo, 3- ur, 4- fav, 5- niglet, 6- prom, 7- date";"hatespeech targeting African";"https://app.prolific.co/submissions/complete?cc=91442ADD"
"13587865_gab";"HateXplain";"muh kike on a stick so edgy";"1- muh, 2- kike, 3- on, 4- a, 5- stick, 6- so, 7- edgy";"hatespeech targeting Jewish";"https://app.prolific.co/submissions/complete?cc=91442ADD"
"15353029_gab";"HateXplain";"oh snap do not they also have a large muzzie population there";"1- oh, 2- snap, 3- do, 4- not, 5- they, 6- also, 7- have, 8- a, 9- large, 10- muzzie, 11- population, 12- there";"hatespeech targeting Islam";"https://app.prolific.co/submissions/complete?cc=91442ADD"
"4102150_gab";"HateXplain";"<user> they resisted it for <number> years along with the nubeans in the south of sudan that is a beautiful and remarkable history of resisting evil i gotta tell u u have to read genesis <number> <number> the story of ishmael and u will see arabs today perfectly described";"1- <user>, 2- they, 3- resisted, 4- it, 5- for, 6- <number>, 7- years, 8- along, 9- with, 10- the, 11- nubeans, 12- in, 13- the, 14- south, 15- of, 16- sudan, 17- that, 18- is, 19- a, 20- beautiful, 21- and, 22- remarkable, 23- history, 24- of, 25- resisting, 26- evil, 27- i, 28- gotta, 29- tell, 30- u, 31- u, 32- have, 33- to, 34- read, 35- genesis, 36- <number>, 37- <number>, 38- the, 39- story, 40- of, 41- ishmael, 42- and, 43- u, 44- will, 45- see, 46- arabs, 47- today, 48- perfectly, 49- described";"offensive targeting Arab";"https://app.prolific.co/submissions/complete?cc=91442ADD"
"14974204_gab";"HateXplain";"why is nobody here talking about that nigger conyers raping white women on the taxpayer dime";"1- why, 2- is, 3- nobody, 4- here, 5- talking, 6- about, 7- that, 8- nigger, 9- conyers, 10- raping, 11- white, 12- women, 13- on, 14- the, 15- taxpayer, 16- dime";"hatespeech targeting African";"https://app.prolific.co/submissions/complete?cc=91442ADD"
"19801022_gab";"HateXplain";"eat shit you spamming kike";"1- eat, 2- shit, 3- you, 4- spamming, 5- kike";"hatespeech targeting Jewish";"https://app.prolific.co/submissions/complete?cc=91442ADD"
"19564938_gab";"HateXplain";"i can guarantee that if a stray muzzie moves into the secluded area of ok where i have property the locals will burn his ass out thats how they roll";"1- i, 2- can, 3- guarantee, 4- that, 5- if, 6- a, 7- stray, 8- muzzie, 9- moves, 10- into, 11- the, 12- secluded, 13- area, 14- of, 15- ok, 16- where, 17- i, 18- have, 19- property, 20- the, 21- locals, 22- will, 23- burn, 24- his, 25- ass, 26- out, 27- thats, 28- how, 29- they, 30- roll";"hatespeech targeting Islam";"https://app.prolific.co/submissions/complete?cc=91442ADD"
"4503689_gab";"HateXplain";"photos from hamas kindergarten graduation hate and incitement against jews arabterror gabfam terror the first victims of palestinian violence are palestinian children";"1- photos, 2- from, 3- hamas, 4- kindergarten, 5- graduation, 6- hate, 7- and, 8- incitement, 9- against, 10- jews, 11- arabterror, 12- gabfam, 13- terror, 14- the, 15- first, 16- victims, 17- of, 18- palestinian, 19- violence, 20- are, 21- palestinian, 22- children";"offensive targeting Arab";"https://app.prolific.co/submissions/complete?cc=91442ADD"
"25552141_gab";"HateXplain";"<user> ‍ how much nigger cock do you suck per week faggot";"1- <user>, 2- ‍, 3- how, 4- much, 5- nigger, 6- cock, 7- do, 8- you, 9- suck, 10- per, 11- week, 12- faggot";"hatespeech targeting African";"https://app.prolific.co/submissions/complete?cc=91442ADD"
"22398230_gab";"HateXplain";"on point it all kike mercinary work";"1- on, 2- point, 3- it, 4- all, 5- kike, 6- mercinary, 7- work";"hatespeech targeting Jewish";"https://app.prolific.co/submissions/complete?cc=91442ADD"
"2980390_gab";"HateXplain";"<user> she lucky all she got was a bad haircut some moslem fathers would rape their daughters first then kill them to restore honour to their family";"1- <user>, 2- she, 3- lucky, 4- all, 5- she, 6- got, 7- was, 8- a, 9- bad, 10- haircut, 11- some, 12- moslem, 13- fathers, 14- would, 15- rape, 16- their, 17- daughters, 18- first, 19- then, 20- kill, 21- them, 22- to, 23- restore, 24- honour, 25- to, 26- their, 27- family";"hatespeech targeting Islam";"https://app.prolific.co/submissions/complete?cc=91442ADD"
"4561885_gab";"HateXplain";"<user> maybe should have course for monkeys and towelheads on sensitivity to white culture also";"1- <user>, 2- maybe, 3- should, 4- have, 5- course, 6- for, 7- monkeys, 8- and, 9- towelheads, 10- on, 11- sensitivity, 12- to, 13- white, 14- culture, 15- also";"offensive targeting Arab";"https://app.prolific.co/submissions/complete?cc=91442ADD"
"13033382_gab";"HateXplain";"i tolled this nigger to tears";"1- i, 2- tolled, 3- this, 4- nigger, 5- to, 6- tears";"hatespeech targeting African";"https://app.prolific.co/submissions/complete?cc=91442ADD"
"19581918_gab";"HateXplain";"good points i kike this post very much";"1- good, 2- points, 3- i, 4- kike, 5- this, 6- post, 7- very, 8- much";"hatespeech targeting Jewish";"https://app.prolific.co/submissions/complete?cc=91442ADD"
"22200913_gab";"HateXplain";"one year ago five people were killed by a devout moslem on westminster bridge for this rag headed bitch she will remember it as the day she was running late on her way to mosque";"1- one, 2- year, 3- ago, 4- five, 5- people, 6- were, 7- killed, 8- by, 9- a, 10- devout, 11- moslem, 12- on, 13- westminster, 14- bridge, 15- for, 16- this, 17- rag, 18- headed, 19- bitch, 20- she, 21- will, 22- remember, 23- it, 24- as, 25- the, 26- day, 27- she, 28- was, 29- running, 30- late, 31- on, 32- her, 33- way, 34- to, 35- mosque";"hatespeech targeting Islam";"https://app.prolific.co/submissions/complete?cc=91442ADD"
"attention_2";"attention check sentences (HateXplain targeting)";"i hate americans theyre all fat and stupid";"1- i, 2- hate, 3- americans, 4- theyre, 5- all, 6- fat, 7- and, 8- stupid";"offensive";"https://app.prolific.co/submissions/complete?cc=91442ADD"