"ID";"dataset";"text";"tokens";"label";"redirectUrl"
"9652420_gab";"HateXplain";"idiot white women is probably getting raped daily now that she has no muslim husband and on top of that her son is now a jihadist just say no to them returning to the west drone em";"1- idiot, 2- white, 3- women, 4- is, 5- probably, 6- getting, 7- raped, 8- daily, 9- now, 10- that, 11- she, 12- has, 13- no, 14- muslim, 15- husband, 16- and, 17- on, 18- top, 19- of, 20- that, 21- her, 22- son, 23- is, 24- now, 25- a, 26- jihadist, 27- just, 28- say, 29- no, 30- to, 31- them, 32- returning, 33- to, 34- the, 35- west, 36- drone, 37- em";"hatespeech targeting Islam";"https://app.prolific.co/submissions/complete?cc=91442ADD"
"19407320_gab";"HateXplain";"the whole time she was signaling an apology for the nigger without ever saying it directly yeah";"1- the, 2- whole, 3- time, 4- she, 5- was, 6- signaling, 7- an, 8- apology, 9- for, 10- the, 11- nigger, 12- without, 13- ever, 14- saying, 15- it, 16- directly, 17- yeah";"offensive targeting African";"https://app.prolific.co/submissions/complete?cc=91442ADD"
"13676567_gab";"HateXplain";"i am no longer able to function in this jew nigger twat culture my hero is colonel kurtz and i am not long for this world have travelled the planet and feel more alien in kalifornia than i ever have in the deepest indonesian jungles";"1- i, 2- am, 3- no, 4- longer, 5- able, 6- to, 7- function, 8- in, 9- this, 10- jew, 11- nigger, 12- twat, 13- culture, 14- my, 15- hero, 16- is, 17- colonel, 18- kurtz, 19- and, 20- i, 21- am, 22- not, 23- long, 24- for, 25- this, 26- world, 27- have, 28- travelled, 29- the, 30- planet, 31- and, 32- feel, 33- more, 34- alien, 35- in, 36- kalifornia, 37- than, 38- i, 39- ever, 40- have, 41- in, 42- the, 43- deepest, 44- indonesian, 45- jungles";"hatespeech targeting Jewish";"https://app.prolific.co/submissions/complete?cc=91442ADD"
"9826963_gab";"HateXplain";"how is all that awesome muslim diversity going for you native germans you have allowed this yourselves if you do not stand and fight against this you get what you asked for what you deserve";"1- how, 2- is, 3- all, 4- that, 5- awesome, 6- muslim, 7- diversity, 8- going, 9- for, 10- you, 11- native, 12- germans, 13- you, 14- have, 15- allowed, 16- this, 17- yourselves, 18- if, 19- you, 20- do, 21- not, 22- stand, 23- and, 24- fight, 25- against, 26- this, 27- you, 28- get, 29- what, 30- you, 31- asked, 32- for, 33- what, 34- you, 35- deserve";"offensive targeting Islam";"https://app.prolific.co/submissions/complete?cc=91442ADD"
"20602307_gab";"HateXplain";"good job the little nigger sow was probably getting ready to shoplift some of that candy you did walgreen a favor";"1- good, 2- job, 3- the, 4- little, 5- nigger, 6- sow, 7- was, 8- probably, 9- getting, 10- ready, 11- to, 12- shoplift, 13- some, 14- of, 15- that, 16- candy, 17- you, 18- did, 19- walgreen, 20- a, 21- favor";"hatespeech targeting African";"https://app.prolific.co/submissions/complete?cc=91442ADD"
"24220727_gab";"HateXplain";"if you ever need surgery i would advise you to cover up your tattoo with some sort of product unless you know the person operating on you is pro white because is your tattoo worth some kike doctor deciding to commit malpractice to cleanse the world of evil nazis";"1- if, 2- you, 3- ever, 4- need, 5- surgery, 6- i, 7- would, 8- advise, 9- you, 10- to, 11- cover, 12- up, 13- your, 14- tattoo, 15- with, 16- some, 17- sort, 18- of, 19- product, 20- unless, 21- you, 22- know, 23- the, 24- person, 25- operating, 26- on, 27- you, 28- is, 29- pro, 30- white, 31- because, 32- is, 33- your, 34- tattoo, 35- worth, 36- some, 37- kike, 38- doctor, 39- deciding, 40- to, 41- commit, 42- malpractice, 43- to, 44- cleanse, 45- the, 46- world, 47- of, 48- evil, 49- nazis";"hatespeech targeting Jewish";"https://app.prolific.co/submissions/complete?cc=91442ADD"
"3654285_gab";"HateXplain";"apparently some vile nigger animals kidnapped a white special needs teen and tortured and scalped him while shouting fuck white people fuck trump are you being armed and are you shooting in the head when these zombies approach";"1- apparently, 2- some, 3- vile, 4- nigger, 5- animals, 6- kidnapped, 7- a, 8- white, 9- special, 10- needs, 11- teen, 12- and, 13- tortured, 14- and, 15- scalped, 16- him, 17- while, 18- shouting, 19- fuck, 20- white, 21- people, 22- fuck, 23- trump, 24- are, 25- you, 26- being, 27- armed, 28- and, 29- are, 30- you, 31- shooting, 32- in, 33- the, 34- head, 35- when, 36- these, 37- zombies, 38- approach";"hatespeech targeting African";"https://app.prolific.co/submissions/complete?cc=91442ADD"
"21990566_gab";"HateXplain";"this kike is still alive wtf";"1- this, 2- kike, 3- is, 4- still, 5- alive, 6- wtf";"hatespeech targeting Jewish";"https://app.prolific.co/submissions/complete?cc=91442ADD"
"24968142_gab";"HateXplain";"the percentage of usa welfare use among the races in the usa how much welfare does the nigger use welfare";"1- the, 2- percentage, 3- of, 4- usa, 5- welfare, 6- use, 7- among, 8- the, 9- races, 10- in, 11- the, 12- usa, 13- how, 14- much, 15- welfare, 16- does, 17- the, 18- nigger, 19- use, 20- welfare";"hatespeech targeting African";"https://app.prolific.co/submissions/complete?cc=91442ADD"
"16982012_gab";"HateXplain";"welcome one man enter one kike fry";"1- welcome, 2- one, 3- man, 4- enter, 5- one, 6- kike, 7- fry";"hatespeech targeting Jewish";"https://app.prolific.co/submissions/complete?cc=91442ADD"
"13979339_gab";"HateXplain";"what space nigger bangs a white girl jew show are the normie roomates watching today black mirror";"1- what, 2- space, 3- nigger, 4- bangs, 5- a, 6- white, 7- girl, 8- jew, 9- show, 10- are, 11- the, 12- normie, 13- roomates, 14- watching, 15- today, 16- black, 17- mirror";"hatespeech targeting African";"https://app.prolific.co/submissions/complete?cc=91442ADD"
"15921872_gab";"HateXplain";"lookit dat fucken kike tryna wreck mah rep on heah";"1- lookit, 2- dat, 3- fucken, 4- kike, 5- tryna, 6- wreck, 7- mah, 8- rep, 9- on, 10- heah";"hatespeech targeting Jewish";"https://app.prolific.co/submissions/complete?cc=91442ADD"
"21553592_gab";"HateXplain";"sad imagine being a jewess so low on the talmudic scale that the shuttle you off to run the dying print saggy nigger tits magazine";"1- sad, 2- imagine, 3- being, 4- a, 5- jewess, 6- so, 7- low, 8- on, 9- the, 10- talmudic, 11- scale, 12- that, 13- the, 14- shuttle, 15- you, 16- off, 17- to, 18- run, 19- the, 20- dying, 21- print, 22- saggy, 23- nigger, 24- tits, 25- magazine";"hatespeech targeting African";"https://app.prolific.co/submissions/complete?cc=91442ADD"
"16476891_gab";"HateXplain";"go back to twitter this is a kike free community";"1- go, 2- back, 3- to, 4- twitter, 5- this, 6- is, 7- a, 8- kike, 9- free, 10- community";"hatespeech targeting Jewish";"https://app.prolific.co/submissions/complete?cc=91442ADD"
"27483244_gab";"HateXplain";"i did not ask shit lip nor care what your political persuasion you are a dickwad that a faux nazi wannabe on gab like the rest sit the fuck down nigger lover";"1- i, 2- did, 3- not, 4- ask, 5- shit, 6- lip, 7- nor, 8- care, 9- what, 10- your, 11- political, 12- persuasion, 13- you, 14- are, 15- a, 16- dickwad, 17- that, 18- a, 19- faux, 20- nazi, 21- wannabe, 22- on, 23- gab, 24- like, 25- the, 26- rest, 27- sit, 28- the, 29- fuck, 30- down, 31- nigger, 32- lover";"hatespeech targeting African";"https://app.prolific.co/submissions/complete?cc=91442ADD"
"21835463_gab";"HateXplain";"oh look another buttmad alt right guy accusing me of being a kike because i was in the shield wall while he was crying about how my optics were bad hint try not mixing up national socialists with kikes it makes you look stupid";"1- oh, 2- look, 3- another, 4- buttmad, 5- alt, 6- right, 7- guy, 8- accusing, 9- me, 10- of, 11- being, 12- a, 13- kike, 14- because, 15- i, 16- was, 17- in, 18- the, 19- shield, 20- wall, 21- while, 22- he, 23- was, 24- crying, 25- about, 26- how, 27- my, 28- optics, 29- were, 30- bad, 31- hint, 32- try, 33- not, 34- mixing, 35- up, 36- national, 37- socialists, 38- with, 39- kikes, 40- it, 41- makes, 42- you, 43- look, 44- stupid";"hatespeech targeting Jewish";"https://app.prolific.co/submissions/complete?cc=91442ADD"
"19923814_gab";"HateXplain";"what is the point of being a nigger if you can not act like one";"1- what, 2- is, 3- the, 4- point, 5- of, 6- being, 7- a, 8- nigger, 9- if, 10- you, 11- can, 12- not, 13- act, 14- like, 15- one";"offensive targeting African";"https://app.prolific.co/submissions/complete?cc=91442ADD"
"16516212_gab";"HateXplain";"yeah cos churchill was a proper hero ammrite churchill was a kike loving whore who sold his country down the river to his creditors";"1- yeah, 2- cos, 3- churchill, 4- was, 5- a, 6- proper, 7- hero, 8- ammrite, 9- churchill, 10- was, 11- a, 12- kike, 13- loving, 14- whore, 15- who, 16- sold, 17- his, 18- country, 19- down, 20- the, 21- river, 22- to, 23- his, 24- creditors";"hatespeech targeting Jewish";"https://app.prolific.co/submissions/complete?cc=91442ADD"
"13239417_gab";"HateXplain";"unbelievable video super job by o keefe the gay nigger in the video needs to be gassed";"1- unbelievable, 2- video, 3- super, 4- job, 5- by, 6- o, 7- keefe, 8- the, 9- gay, 10- nigger, 11- in, 12- the, 13- video, 14- needs, 15- to, 16- be, 17- gassed";"hatespeech targeting African";"https://app.prolific.co/submissions/complete?cc=91442ADD"
"26534442_gab";"HateXplain";"it not a psyop if it the truth tommy robinson is a kike shill let him rot <user> ‍";"1- it, 2- not, 3- a, 4- psyop, 5- if, 6- it, 7- the, 8- truth, 9- tommy, 10- robinson, 11- is, 12- a, 13- kike, 14- shill, 15- let, 16- him, 17- rot, 18- <user>, 19- ‍";"hatespeech targeting Jewish";"https://app.prolific.co/submissions/complete?cc=91442ADD"
"16866274_gab";"HateXplain";"you conservative faggots have not conserved anything enjoy your niglet grandchildren";"1- you, 2- conservative, 3- faggots, 4- have, 5- not, 6- conserved, 7- anything, 8- enjoy, 9- your, 10- niglet, 11- grandchildren";"hatespeech targeting African";"https://app.prolific.co/submissions/complete?cc=91442ADD"
"13338889_gab";"HateXplain";"if only the kike loving shabbos goys would follow your advice dude";"1- if, 2- only, 3- the, 4- kike, 5- loving, 6- shabbos, 7- goys, 8- would, 9- follow, 10- your, 11- advice, 12- dude";"hatespeech targeting Jewish";"https://app.prolific.co/submissions/complete?cc=91442ADD"
"23862663_gab";"HateXplain";"why does it matter which nigger sat on a bus does it make them not a nigger";"1- why, 2- does, 3- it, 4- matter, 5- which, 6- nigger, 7- sat, 8- on, 9- a, 10- bus, 11- does, 12- it, 13- make, 14- them, 15- not, 16- a, 17- nigger";"hatespeech targeting African";"https://app.prolific.co/submissions/complete?cc=91442ADD"
"19168145_gab";"HateXplain";"jewelry kike perverts gassed me on twitter and preventing fake phone number accounts enjoying gab way better";"1- jewelry, 2- kike, 3- perverts, 4- gassed, 5- me, 6- on, 7- twitter, 8- and, 9- preventing, 10- fake, 11- phone, 12- number, 13- accounts, 14- enjoying, 15- gab, 16- way, 17- better";"hatespeech targeting Jewish";"https://app.prolific.co/submissions/complete?cc=91442ADD"
"27202590_gab";"HateXplain";"tell that to the italian nigger cow";"1- tell, 2- that, 3- to, 4- the, 5- italian, 6- nigger, 7- cow";"hatespeech targeting African";"https://app.prolific.co/submissions/complete?cc=91442ADD"
"20216724_gab";"HateXplain";"the dark ages was a myth there was nothing dark about it you been listening to too much kike inspired fake history as usual and you hate your own people that much that you immediately believe anything jews tell you";"1- the, 2- dark, 3- ages, 4- was, 5- a, 6- myth, 7- there, 8- was, 9- nothing, 10- dark, 11- about, 12- it, 13- you, 14- been, 15- listening, 16- to, 17- too, 18- much, 19- kike, 20- inspired, 21- fake, 22- history, 23- as, 24- usual, 25- and, 26- you, 27- hate, 28- your, 29- own, 30- people, 31- that, 32- much, 33- that, 34- you, 35- immediately, 36- believe, 37- anything, 38- jews, 39- tell, 40- you";"hatespeech targeting Jewish";"https://app.prolific.co/submissions/complete?cc=91442ADD"
"27160160_gab";"HateXplain";"these nigger biches look like planet of da apes on crack";"1- these, 2- nigger, 3- biches, 4- look, 5- like, 6- planet, 7- of, 8- da, 9- apes, 10- on, 11- crack";"hatespeech targeting African";"https://app.prolific.co/submissions/complete?cc=91442ADD"
"25427359_gab";"HateXplain";"some inbred schizoid kike told me that putin and erdogan started isis lol";"1- some, 2- inbred, 3- schizoid, 4- kike, 5- told, 6- me, 7- that, 8- putin, 9- and, 10- erdogan, 11- started, 12- isis, 13- lol";"hatespeech targeting Jewish";"https://app.prolific.co/submissions/complete?cc=91442ADD"
"21611117_gab";"HateXplain";"just noticed that nigger has blonde hair ya see folks all of the shame and sins they put on whites is not about equality or fairness etc it is about controlling whites they hate whites they rub it in your faces";"1- just, 2- noticed, 3- that, 4- nigger, 5- has, 6- blonde, 7- hair, 8- ya, 9- see, 10- folks, 11- all, 12- of, 13- the, 14- shame, 15- and, 16- sins, 17- they, 18- put, 19- on, 20- whites, 21- is, 22- not, 23- about, 24- equality, 25- or, 26- fairness, 27- etc, 28- it, 29- is, 30- about, 31- controlling, 32- whites, 33- they, 34- hate, 35- whites, 36- they, 37- rub, 38- it, 39- in, 40- your, 41- faces";"hatespeech targeting African";"https://app.prolific.co/submissions/complete?cc=91442ADD"
"attention_52";"attention check sentences (HateXplain targeting)";"wish i were there in with you homie we can dominate that white slave together in his bussy and make him entertain us";"1- wish, 2- i, 3- were, 4- there, 5- in, 6- with, 7- you, 8- homie, 9- we, 10- can, 11- dominate, 12- that, 13- white, 14- slave, 15- together, 16- in, 17- his, 18- bussy, 19- and, 20- make, 21- him, 22- entertain, 23- us";"offensive";"https://app.prolific.co/submissions/complete?cc=91442ADD"