"ID";"dataset";"text";"tokens";"label";"redirectUrl"
"25385871_gab";"HateXplain";"well at least that kike is honest about his fear of armed goyim";"1- well, 2- at, 3- least, 4- that, 5- kike, 6- is, 7- honest, 8- about, 9- his, 10- fear, 11- of, 12- armed, 13- goyim";"hatespeech targeting Jewish";"https://app.prolific.co/submissions/complete?cc=91442ADD"
"2901472_gab";"HateXplain";"<user> he should resign and then commit hara kiri in front of those bloody thirsty muslim scumbag camel jockeys";"1- <user>, 2- he, 3- should, 4- resign, 5- and, 6- then, 7- commit, 8- hara, 9- kiri, 10- in, 11- front, 12- of, 13- those, 14- bloody, 15- thirsty, 16- muslim, 17- scumbag, 18- camel, 19- jockeys";"hatespeech targeting Islam";"https://app.prolific.co/submissions/complete?cc=91442ADD"
"13001147_gab";"HateXplain";"mitch is a racist anti american nigger";"1- mitch, 2- is, 3- a, 4- racist, 5- anti, 6- american, 7- nigger";"hatespeech targeting African";"https://app.prolific.co/submissions/complete?cc=91442ADD"
"25691623_gab";"HateXplain";"deflect all you want kike spawn the whole world saw what happened and people opinions are shifting use all the mental gymnastics you like to justify things for your masters the rest of us have no such strings and can see things with a clear conscious";"1- deflect, 2- all, 3- you, 4- want, 5- kike, 6- spawn, 7- the, 8- whole, 9- world, 10- saw, 11- what, 12- happened, 13- and, 14- people, 15- opinions, 16- are, 17- shifting, 18- use, 19- all, 20- the, 21- mental, 22- gymnastics, 23- you, 24- like, 25- to, 26- justify, 27- things, 28- for, 29- your, 30- masters, 31- the, 32- rest, 33- of, 34- us, 35- have, 36- no, 37- such, 38- strings, 39- and, 40- can, 41- see, 42- things, 43- with, 44- a, 45- clear, 46- conscious";"hatespeech targeting Jewish";"https://app.prolific.co/submissions/complete?cc=91442ADD"
"2959194_gab";"HateXplain";"dear muslims take heed on your actions cause much is to be said to a country who has shooting ranges and women can shoot back and men can shoot natshit out of pepper so get on ur rug and pray u are gonna need it";"1- dear, 2- muslims, 3- take, 4- heed, 5- on, 6- your, 7- actions, 8- cause, 9- much, 10- is, 11- to, 12- be, 13- said, 14- to, 15- a, 16- country, 17- who, 18- has, 19- shooting, 20- ranges, 21- and, 22- women, 23- can, 24- shoot, 25- back, 26- and, 27- men, 28- can, 29- shoot, 30- natshit, 31- out, 32- of, 33- pepper, 34- so, 35- get, 36- on, 37- ur, 38- rug, 39- and, 40- pray, 41- u, 42- are, 43- gonna, 44- need, 45- it";"hatespeech targeting Islam";"https://app.prolific.co/submissions/complete?cc=91442ADD"
"5844955_gab";"HateXplain";"what the fuck is nothing sacred i just saw new farmersonly com ad with a nigger and racemixing they must have found a few leftovers from the cotton fields";"1- what, 2- the, 3- fuck, 4- is, 5- nothing, 6- sacred, 7- i, 8- just, 9- saw, 10- new, 11- farmersonly, 12- com, 13- ad, 14- with, 15- a, 16- nigger, 17- and, 18- racemixing, 19- they, 20- must, 21- have, 22- found, 23- a, 24- few, 25- leftovers, 26- from, 27- the, 28- cotton, 29- fields";"hatespeech targeting African";"https://app.prolific.co/submissions/complete?cc=91442ADD"
"14943687_gab";"HateXplain";"net neutrality was always a kike power move cernovich can eat a dick";"1- net, 2- neutrality, 3- was, 4- always, 5- a, 6- kike, 7- power, 8- move, 9- cernovich, 10- can, 11- eat, 12- a, 13- dick";"hatespeech targeting Jewish";"https://app.prolific.co/submissions/complete?cc=91442ADD"
"3059842_gab";"HateXplain";"<user> i do not see how merkel can win germany would have to be mentally retarded or full on islamic to vote for her";"1- <user>, 2- i, 3- do, 4- not, 5- see, 6- how, 7- merkel, 8- can, 9- win, 10- germany, 11- would, 12- have, 13- to, 14- be, 15- mentally, 16- retarded, 17- or, 18- full, 19- on, 20- islamic, 21- to, 22- vote, 23- for, 24- her";"offensive targeting Islam";"https://app.prolific.co/submissions/complete?cc=91442ADD"
"18862641_gab";"HateXplain";"you are a nigger and always will be spear chucker";"1- you, 2- are, 3- a, 4- nigger, 5- and, 6- always, 7- will, 8- be, 9- spear, 10- chucker";"hatespeech targeting African";"https://app.prolific.co/submissions/complete?cc=91442ADD"
"27683915_gab";"HateXplain";"fuck feminists and kike media that want to emasculate fathers i piss on them";"1- fuck, 2- feminists, 3- and, 4- kike, 5- media, 6- that, 7- want, 8- to, 9- emasculate, 10- fathers, 11- i, 12- piss, 13- on, 14- them";"hatespeech targeting Jewish";"https://app.prolific.co/submissions/complete?cc=91442ADD"
"3145758_gab";"HateXplain";"i should give my passport to a jihadi for safekeeping so it never gets lost or damaged berlinchristmas";"1- i, 2- should, 3- give, 4- my, 5- passport, 6- to, 7- a, 8- jihadi, 9- for, 10- safekeeping, 11- so, 12- it, 13- never, 14- gets, 15- lost, 16- or, 17- damaged, 18- berlinchristmas";"offensive targeting Islam";"https://app.prolific.co/submissions/complete?cc=91442ADD"
"23288834_gab";"HateXplain";"this is what happens when niggers gain power there is not one street one neighborhood one city one state or one country that is better off once the nigger infects it";"1- this, 2- is, 3- what, 4- happens, 5- when, 6- niggers, 7- gain, 8- power, 9- there, 10- is, 11- not, 12- one, 13- street, 14- one, 15- neighborhood, 16- one, 17- city, 18- one, 19- state, 20- or, 21- one, 22- country, 23- that, 24- is, 25- better, 26- off, 27- once, 28- the, 29- nigger, 30- infects, 31- it";"hatespeech targeting African";"https://app.prolific.co/submissions/complete?cc=91442ADD"
"13285441_gab";"HateXplain";"there a kike around every corner a false friend around every bend";"1- there, 2- a, 3- kike, 4- around, 5- every, 6- corner, 7- a, 8- false, 9- friend, 10- around, 11- every, 12- bend";"hatespeech targeting Jewish";"https://app.prolific.co/submissions/complete?cc=91442ADD"
"3195383_gab";"HateXplain";"<user> exactly right every time i hear these fools saying radical islam i want to scream no you imbecile it is islam period these are faithful muslims that are becoming terrorists damn the world better wake up fast";"1- <user>, 2- exactly, 3- right, 4- every, 5- time, 6- i, 7- hear, 8- these, 9- fools, 10- saying, 11- radical, 12- islam, 13- i, 14- want, 15- to, 16- scream, 17- no, 18- you, 19- imbecile, 20- it, 21- is, 22- islam, 23- period, 24- these, 25- are, 26- faithful, 27- muslims, 28- that, 29- are, 30- becoming, 31- terrorists, 32- damn, 33- the, 34- world, 35- better, 36- wake, 37- up, 38- fast";"offensive targeting Islam";"https://app.prolific.co/submissions/complete?cc=91442ADD"
"12734812_gab";"HateXplain";"my great great granddaddy let his niggers play sports it called whichever nigger picks the most cotton today gets a piece of bacon in his bowl of grits tonight do the touchdown dance nigger";"1- my, 2- great, 3- great, 4- granddaddy, 5- let, 6- his, 7- niggers, 8- play, 9- sports, 10- it, 11- called, 12- whichever, 13- nigger, 14- picks, 15- the, 16- most, 17- cotton, 18- today, 19- gets, 20- a, 21- piece, 22- of, 23- bacon, 24- in, 25- his, 26- bowl, 27- of, 28- grits, 29- tonight, 30- do, 31- the, 32- touchdown, 33- dance, 34- nigger";"hatespeech targeting African";"https://app.prolific.co/submissions/complete?cc=91442ADD"
"16136471_gab";"HateXplain";"where do i get news about the possible recount drudge is not putting up links about it being the filthy kike he is";"1- where, 2- do, 3- i, 4- get, 5- news, 6- about, 7- the, 8- possible, 9- recount, 10- drudge, 11- is, 12- not, 13- putting, 14- up, 15- links, 16- about, 17- it, 18- being, 19- the, 20- filthy, 21- kike, 22- he, 23- is";"hatespeech targeting Jewish";"https://app.prolific.co/submissions/complete?cc=91442ADD"
"3359041_gab";"HateXplain";"<user> ban islam anyway";"1- <user>, 2- ban, 3- islam, 4- anyway";"hatespeech targeting Islam";"https://app.prolific.co/submissions/complete?cc=91442ADD"
"25007143_gab";"HateXplain";"death to niggers death to monkey ape kike shit lickers";"1- death, 2- to, 3- niggers, 4- death, 5- to, 6- monkey, 7- ape, 8- kike, 9- shit, 10- lickers";"hatespeech targeting African";"https://app.prolific.co/submissions/complete?cc=91442ADD"
"24809018_gab";"HateXplain";"<number> jesus was born a jew to jew parents in judea <number> dead people do not live again <number> the problem with claiming i am going to hell forever for not believing in your dead kike is that i do not believe in your dead kike or your hell";"1- <number>, 2- jesus, 3- was, 4- born, 5- a, 6- jew, 7- to, 8- jew, 9- parents, 10- in, 11- judea, 12- <number>, 13- dead, 14- people, 15- do, 16- not, 17- live, 18- again, 19- <number>, 20- the, 21- problem, 22- with, 23- claiming, 24- i, 25- am, 26- going, 27- to, 28- hell, 29- forever, 30- for, 31- not, 32- believing, 33- in, 34- your, 35- dead, 36- kike, 37- is, 38- that, 39- i, 40- do, 41- not, 42- believe, 43- in, 44- your, 45- dead, 46- kike, 47- or, 48- your, 49- hell";"hatespeech targeting Jewish";"https://app.prolific.co/submissions/complete?cc=91442ADD"
"3478943_gab";"HateXplain";"<user> in <number> yrs compassion to muslims has never worked the ungrateful refugees and terrorist prove it still has not changed but it would not be islam if it did";"1- <user>, 2- in, 3- <number>, 4- yrs, 5- compassion, 6- to, 7- muslims, 8- has, 9- never, 10- worked, 11- the, 12- ungrateful, 13- refugees, 14- and, 15- terrorist, 16- prove, 17- it, 18- still, 19- has, 20- not, 21- changed, 22- but, 23- it, 24- would, 25- not, 26- be, 27- islam, 28- if, 29- it, 30- did";"offensive targeting Islam";"https://app.prolific.co/submissions/complete?cc=91442ADD"
"23219555_gab";"HateXplain";"typical nigger father breed them then leave them";"1- typical, 2- nigger, 3- father, 4- breed, 5- them, 6- then, 7- leave, 8- them";"hatespeech targeting African";"https://app.prolific.co/submissions/complete?cc=91442ADD"
"3418902_gab";"HateXplain";"<user> that explains why you do not have a problem with white genocide you are not white you are a kike that hates european whites fuck off";"1- <user>, 2- that, 3- explains, 4- why, 5- you, 6- do, 7- not, 8- have, 9- a, 10- problem, 11- with, 12- white, 13- genocide, 14- you, 15- are, 16- not, 17- white, 18- you, 19- are, 20- a, 21- kike, 22- that, 23- hates, 24- european, 25- whites, 26- fuck, 27- off";"hatespeech targeting Jewish";"https://app.prolific.co/submissions/complete?cc=91442ADD"
"3495354_gab";"HateXplain";"istanbul islam is a plague they will tell you it a lonewolf it has nothing to do with islam etc etc etc bs name one country run by islam that gives women equal rights and gays any rights i will wait of course the answer is zero because islam is intolerant";"1- istanbul, 2- islam, 3- is, 4- a, 5- plague, 6- they, 7- will, 8- tell, 9- you, 10- it, 11- a, 12- lonewolf, 13- it, 14- has, 15- nothing, 16- to, 17- do, 18- with, 19- islam, 20- etc, 21- etc, 22- etc, 23- bs, 24- name, 25- one, 26- country, 27- run, 28- by, 29- islam, 30- that, 31- gives, 32- women, 33- equal, 34- rights, 35- and, 36- gays, 37- any, 38- rights, 39- i, 40- will, 41- wait, 42- of, 43- course, 44- the, 45- answer, 46- is, 47- zero, 48- because, 49- islam, 50- is, 51- intolerant";"hatespeech targeting Islam";"https://app.prolific.co/submissions/complete?cc=91442ADD"
"16713260_gab";"HateXplain";"muzzies are the new niggers and remember how well the niggers turned out";"1- muzzies, 2- are, 3- the, 4- new, 5- niggers, 6- and, 7- remember, 8- how, 9- well, 10- the, 11- niggers, 12- turned, 13- out";"hatespeech targeting African";"https://app.prolific.co/submissions/complete?cc=91442ADD"
"7092263_gab";"HateXplain";"that dude was such a punch able kike too pure cancer";"1- that, 2- dude, 3- was, 4- such, 5- a, 6- punch, 7- able, 8- kike, 9- too, 10- pure, 11- cancer";"hatespeech targeting Jewish";"https://app.prolific.co/submissions/complete?cc=91442ADD"
"3819416_gab";"HateXplain";"<user> islam is nothing nut an evil bloodthirsty cult";"1- <user>, 2- islam, 3- is, 4- nothing, 5- nut, 6- an, 7- evil, 8- bloodthirsty, 9- cult";"offensive targeting Islam";"https://app.prolific.co/submissions/complete?cc=91442ADD"
"24751540_gab";"HateXplain";"which is the team that has a nigger on it i am rooting for everybody except them";"1- which, 2- is, 3- the, 4- team, 5- that, 6- has, 7- a, 8- nigger, 9- on, 10- it, 11- i, 12- am, 13- rooting, 14- for, 15- everybody, 16- except, 17- them";"hatespeech targeting African";"https://app.prolific.co/submissions/complete?cc=91442ADD"
"21357074_gab";"HateXplain";"i heard this filthy kike on the lars larsen show yesterday he one of bibi right hand guys apparently";"1- i, 2- heard, 3- this, 4- filthy, 5- kike, 6- on, 7- the, 8- lars, 9- larsen, 10- show, 11- yesterday, 12- he, 13- one, 14- of, 15- bibi, 16- right, 17- hand, 18- guys, 19- apparently";"hatespeech targeting Jewish";"https://app.prolific.co/submissions/complete?cc=91442ADD"
"3947245_gab";"HateXplain";"<user> barack hussein obama the first muslim president of the usa is almost gone this will end soon";"1- <user>, 2- barack, 3- hussein, 4- obama, 5- the, 6- first, 7- muslim, 8- president, 9- of, 10- the, 11- usa, 12- is, 13- almost, 14- gone, 15- this, 16- will, 17- end, 18- soon";"offensive targeting Islam";"https://app.prolific.co/submissions/complete?cc=91442ADD"
"attention_52";"attention check sentences (HateXplain targeting)";"wish i were there in with you homie we can dominate that white slave together in his bussy and make him entertain us";"1- wish, 2- i, 3- were, 4- there, 5- in, 6- with, 7- you, 8- homie, 9- we, 10- can, 11- dominate, 12- that, 13- white, 14- slave, 15- together, 16- in, 17- his, 18- bussy, 19- and, 20- make, 21- him, 22- entertain, 23- us";"offensive";"https://app.prolific.co/submissions/complete?cc=91442ADD"