ID;dataset;text;tokens;label;redirectUrl
1178857982722920449_twitter;HateXplain;<user> eldar is queer race imperium of man is patriarchy welcome to the new faggotry lmao;1- <user>, 2- eldar, 3- is, 4- queer, 5- race, 6- imperium, 7- of, 8- man, 9- is, 10- patriarchy, 11- welcome, 12- to, 13- the, 14- new, 15- faggotry, 16- lmao;hatespeech targeting Homosexual;https://app.prolific.co/submissions/complete?cc=91442ADD
10155998_gab;HateXplain;twitter kept recommending the dyke to me as well i am pretty impressed by her makeup artist skills though;1- twitter, 2- kept, 3- recommending, 4- the, 5- dyke, 6- to, 7- me, 8- as, 9- well, 10- i, 11- am, 12- pretty, 13- impressed, 14- by, 15- her, 16- makeup, 17- artist, 18- skills, 19- though;offensive targeting Homosexual;https://app.prolific.co/submissions/complete?cc=91442ADD
25924912_gab;HateXplain;i was banned off twitter for telling a fat dyke her tits looked like roadkill they refused my appeal too lol fuck twitter i do not need it;1- i, 2- was, 3- banned, 4- off, 5- twitter, 6- for, 7- telling, 8- a, 9- fat, 10- dyke, 11- her, 12- tits, 13- looked, 14- like, 15- roadkill, 16- they, 17- refused, 18- my, 19- appeal, 20- too, 21- lol, 22- fuck, 23- twitter, 24- i, 25- do, 26- not, 27- need, 28- it;offensive targeting Homosexual;https://app.prolific.co/submissions/complete?cc=91442ADD
1178754165130092545_twitter;HateXplain;my ex has a weird infatuation w dykes;1- my, 2- ex, 3- has, 4- a, 5- weird, 6- infatuation, 7- w, 8- dykes;offensive targeting Homosexual;https://app.prolific.co/submissions/complete?cc=91442ADD
1178981359991349248_twitter;HateXplain;just attacked one of them faggots feelin pretty good;1- just, 2- attacked, 3- one, 4- of, 5- them, 6- faggots, 7- feelin, 8- pretty, 9- good;hatespeech targeting Homosexual;https://app.prolific.co/submissions/complete?cc=91442ADD
1178455361914916865_twitter;HateXplain;ew those faggot creeps;1- ew, 2- those, 3- faggot, 4- creeps;hatespeech targeting Homosexual;https://app.prolific.co/submissions/complete?cc=91442ADD
1178884222209216512_twitter;HateXplain;bro what they are lesbians 😭 😭 😭 😭 😭 😭 😭 😭 😭 😭 😭 😭 😭 😭 😭 😭 😭 😭 😭 😭 listen i am tired of seeing old english era media and it hella dykes in em whose fantasy is this;1- bro, 2- what, 3- they, 4- are, 5- lesbians, 6- 😭, 7- 😭, 8- 😭, 9- 😭, 10- 😭, 11- 😭, 12- 😭, 13- 😭, 14- 😭, 15- 😭, 16- 😭, 17- 😭, 18- 😭, 19- 😭, 20- 😭, 21- 😭, 22- 😭, 23- 😭, 24- 😭, 25- 😭, 26- listen, 27- i, 28- am, 29- tired, 30- of, 31- seeing, 32- old, 33- english, 34- era, 35- media, 36- and, 37- it, 38- hella, 39- dykes, 40- in, 41- em, 42- whose, 43- fantasy, 44- is, 45- this;offensive targeting Homosexual;https://app.prolific.co/submissions/complete?cc=91442ADD
1178625998956498944_twitter;HateXplain;<user> raxxy is a faggot and a larp;1- <user>, 2- raxxy, 3- is, 4- a, 5- faggot, 6- and, 7- a, 8- larp;offensive targeting Homosexual;https://app.prolific.co/submissions/complete?cc=91442ADD
7026781_gab;HateXplain;q why did the bulldykes beat the faggots in a <number> mile run a because the dykes went lick ity split but the fags had to pack their shit;1- q, 2- why, 3- did, 4- the, 5- bulldykes, 6- beat, 7- the, 8- faggots, 9- in, 10- a, 11- <number>, 12- mile, 13- run, 14- a, 15- because, 16- the, 17- dykes, 18- went, 19- lick, 20- ity, 21- split, 22- but, 23- the, 24- fags, 25- had, 26- to, 27- pack, 28- their, 29- shit;hatespeech targeting Homosexual;https://app.prolific.co/submissions/complete?cc=91442ADD
9500360_gab;HateXplain;a gathering of faggots and dykes is a great place to verify the usefulness of thermobaric munitions;1- a, 2- gathering, 3- of, 4- faggots, 5- and, 6- dykes, 7- is, 8- a, 9- great, 10- place, 11- to, 12- verify, 13- the, 14- usefulness, 15- of, 16- thermobaric, 17- munitions;hatespeech targeting Homosexual;https://app.prolific.co/submissions/complete?cc=91442ADD
1179059616677814273_twitter;HateXplain;these fucking faggots be outta line son -.- every year these mf get more comfortable and comfortable in disrespecting straight man like i will not slap the shit out of mf disrespecting me 😑 and best believe im out too dumb ass mf;1- these, 2- fucking, 3- faggots, 4- be, 5- outta, 6- line, 7- son, 8- -.-, 9- every, 10- year, 11- these, 12- mf, 13- get, 14- more, 15- comfortable, 16- and, 17- comfortable, 18- in, 19- disrespecting, 20- straight, 21- man, 22- like, 23- i, 24- will, 25- not, 26- slap, 27- the, 28- shit, 29- out, 30- of, 31- mf, 32- disrespecting, 33- me, 34- 😑, 35- and, 36- best, 37- believe, 38- im, 39- out, 40- too, 41- dumb, 42- ass, 43- mf;hatespeech targeting Homosexual;https://app.prolific.co/submissions/complete?cc=91442ADD
1179054205589426182_twitter;HateXplain;what the fuck is sad boy hours you faggots;1- what, 2- the, 3- fuck, 4- is, 5- sad, 6- boy, 7- hours, 8- you, 9- faggots;offensive targeting Homosexual;https://app.prolific.co/submissions/complete?cc=91442ADD
1179046857038675969_twitter;HateXplain;how can you know someone intention whether they are real or not how can you just accuse them doing so in order to promote their products group or gaining publicity it is your heart that is stained by jealousy towards others suck it up faggots;1- how, 2- can, 3- you, 4- know, 5- someone, 6- intention, 7- whether, 8- they, 9- are, 10- real, 11- or, 12- not, 13- how, 14- can, 15- you, 16- just, 17- accuse, 18- them, 19- doing, 20- so, 21- in, 22- order, 23- to, 24- promote, 25- their, 26- products, 27- group, 28- or, 29- gaining, 30- publicity, 31- it, 32- is, 33- your, 34- heart, 35- that, 36- is, 37- stained, 38- by, 39- jealousy, 40- towards, 41- others, 42- suck, 43- it, 44- up, 45- faggots;offensive targeting Homosexual;https://app.prolific.co/submissions/complete?cc=91442ADD
1178764781014147074_twitter;HateXplain;whats with this creepy pirate following me around and singing wtf fucking queer;1- whats, 2- with, 3- this, 4- creepy, 5- pirate, 6- following, 7- me, 8- around, 9- and, 10- singing, 11- wtf, 12- fucking, 13- queer;offensive targeting Homosexual;https://app.prolific.co/submissions/complete?cc=91442ADD
1179092065398984705_twitter;HateXplain;<user> hey faggot dm me;1- <user>, 2- hey, 3- faggot, 4- dm, 5- me;offensive targeting Homosexual;https://app.prolific.co/submissions/complete?cc=91442ADD
1178859023547981826_twitter;HateXplain;now i hate the term libtard but people who are afraid of violence joker movie could incite are faggots;1- now, 2- i, 3- hate, 4- the, 5- term, 6- libtard, 7- but, 8- people, 9- who, 10- are, 11- afraid, 12- of, 13- violence, 14- joker, 15- movie, 16- could, 17- incite, 18- are, 19- faggots;offensive targeting Homosexual;https://app.prolific.co/submissions/complete?cc=91442ADD
1178751931818184704_twitter;HateXplain;<user> lol them be the dykes 😂;1- <user>, 2- lol, 3- them, 4- be, 5- the, 6- dykes, 7- 😂;offensive targeting Homosexual;https://app.prolific.co/submissions/complete?cc=91442ADD
1178822160883867648_twitter;HateXplain;<user> literal faggots 😭 😭 😭 😭 😭 😭 😭;1- <user>, 2- literal, 3- faggots, 4- 😭, 5- 😭, 6- 😭, 7- 😭, 8- 😭, 9- 😭, 10- 😭;offensive targeting Homosexual;https://app.prolific.co/submissions/complete?cc=91442ADD
1177614408501092353_twitter;HateXplain;you all need to spit onika cock right out your faggot ass mouths;1- you, 2- all, 3- need, 4- to, 5- spit, 6- onika, 7- cock, 8- right, 9- out, 10- your, 11- faggot, 12- ass, 13- mouths;offensive targeting Homosexual;https://app.prolific.co/submissions/complete?cc=91442ADD
25649190_gab;HateXplain;i will knock a dyke right the fuck out like it a dude;1- i, 2- will, 3- knock, 4- a, 5- dyke, 6- right, 7- the, 8- fuck, 9- out, 10- like, 11- it, 12- a, 13- dude;hatespeech targeting Homosexual;https://app.prolific.co/submissions/complete?cc=91442ADD
21455262_gab;HateXplain;love how leftist feminists take our lingo and try and use it in a sentence you suck at this and probably bj too it why you went full carpet muncher bet you would have loved this dyke to be president;1- love, 2- how, 3- leftist, 4- feminists, 5- take, 6- our, 7- lingo, 8- and, 9- try, 10- and, 11- use, 12- it, 13- in, 14- a, 15- sentence, 16- you, 17- suck, 18- at, 19- this, 20- and, 21- probably, 22- bj, 23- too, 24- it, 25- why, 26- you, 27- went, 28- full, 29- carpet, 30- muncher, 31- bet, 32- you, 33- would, 34- have, 35- loved, 36- this, 37- dyke, 38- to, 39- be, 40- president;offensive targeting Homosexual;https://app.prolific.co/submissions/complete?cc=91442ADD
1179018591116513280_twitter;HateXplain;<user> yo send me the track he acting like a faggot;1- <user>, 2- yo, 3- send, 4- me, 5- the, 6- track, 7- he, 8- acting, 9- like, 10- a, 11- faggot;offensive targeting Homosexual;https://app.prolific.co/submissions/complete?cc=91442ADD
23366947_gab;HateXplain;these faggots and dykes need to stop pushing their perversions in our and our children faces it is all part of their diseased agenda to groom and indoctrinate more kids into their disgusting lifestyle it is not about teaching tolerance its about making more faggots and dykes;1- these, 2- faggots, 3- and, 4- dykes, 5- need, 6- to, 7- stop, 8- pushing, 9- their, 10- perversions, 11- in, 12- our, 13- and, 14- our, 15- children, 16- faces, 17- it, 18- is, 19- all, 20- part, 21- of, 22- their, 23- diseased, 24- agenda, 25- to, 26- groom, 27- and, 28- indoctrinate, 29- more, 30- kids, 31- into, 32- their, 33- disgusting, 34- lifestyle, 35- it, 36- is, 37- not, 38- about, 39- teaching, 40- tolerance, 41- its, 42- about, 43- making, 44- more, 45- faggots, 46- and, 47- dykes;hatespeech targeting Homosexual;https://app.prolific.co/submissions/complete?cc=91442ADD
12671512_gab;HateXplain;i understand the white bernie bro phenomenon i get what driving it but i honestly do not understand bourgeois cool kid cultural marxism because a lot of it is not and can not be driven by economic anxiety it like queers pissed off that they are queers or something i do not get it;1- i, 2- understand, 3- the, 4- white, 5- bernie, 6- bro, 7- phenomenon, 8- i, 9- get, 10- what, 11- driving, 12- it, 13- but, 14- i, 15- honestly, 16- do, 17- not, 18- understand, 19- bourgeois, 20- cool, 21- kid, 22- cultural, 23- marxism, 24- because, 25- a, 26- lot, 27- of, 28- it, 29- is, 30- not, 31- and, 32- can, 33- not, 34- be, 35- driven, 36- by, 37- economic, 38- anxiety, 39- it, 40- like, 41- queers, 42- pissed, 43- off, 44- that, 45- they, 46- are, 47- queers, 48- or, 49- something, 50- i, 51- do, 52- not, 53- get, 54- it;offensive targeting Homosexual;https://app.prolific.co/submissions/complete?cc=91442ADD
19799185_gab;HateXplain;queers in olymipcs are the same in the military a huge fucking mistake;1- queers, 2- in, 3- olymipcs, 4- are, 5- the, 6- same, 7- in, 8- the, 9- military, 10- a, 11- huge, 12- fucking, 13- mistake;offensive targeting Homosexual;https://app.prolific.co/submissions/complete?cc=91442ADD
2401324_gab;HateXplain;<user> it hard to tell she might be gender fluid or gender non conforming perhaps even gender fucked up in the head regardless she looks like a prepubescent boy dressed like a bull dyke;1- <user>, 2- it, 3- hard, 4- to, 5- tell, 6- she, 7- might, 8- be, 9- gender, 10- fluid, 11- or, 12- gender, 13- non, 14- conforming, 15- perhaps, 16- even, 17- gender, 18- fucked, 19- up, 20- in, 21- the, 22- head, 23- regardless, 24- she, 25- looks, 26- like, 27- a, 28- prepubescent, 29- boy, 30- dressed, 31- like, 32- a, 33- bull, 34- dyke;offensive targeting Homosexual;https://app.prolific.co/submissions/complete?cc=91442ADD
14602552_gab;HateXplain;fully agree every personal interaction with these queers reinforces what i already knew severe mental illness and obnoxious to boot;1- fully, 2- agree, 3- every, 4- personal, 5- interaction, 6- with, 7- these, 8- queers, 9- reinforces, 10- what, 11- i, 12- already, 13- knew, 14- severe, 15- mental, 16- illness, 17- and, 18- obnoxious, 19- to, 20- boot;hatespeech targeting Homosexual;https://app.prolific.co/submissions/complete?cc=91442ADD
17544287_gab;HateXplain;never forget that slag katherine graham played by ugly old dyke meryl streep and her faggot editor played by tom hanks in the post published the pentagon papers because they wanted the vietcong to win the vietnam war;1- never, 2- forget, 3- that, 4- slag, 5- katherine, 6- graham, 7- played, 8- by, 9- ugly, 10- old, 11- dyke, 12- meryl, 13- streep, 14- and, 15- her, 16- faggot, 17- editor, 18- played, 19- by, 20- tom, 21- hanks, 22- in, 23- the, 24- post, 25- published, 26- the, 27- pentagon, 28- papers, 29- because, 30- they, 31- wanted, 32- the, 33- vietcong, 34- to, 35- win, 36- the, 37- vietnam, 38- war;offensive targeting Homosexual;https://app.prolific.co/submissions/complete?cc=91442ADD
18481914_gab;HateXplain;and the author is a ratfaced kike faggot absolutely shocking;1- and, 2- the, 3- author, 4- is, 5- a, 6- ratfaced, 7- kike, 8- faggot, 9- absolutely, 10- shocking;hatespeech targeting Homosexual;https://app.prolific.co/submissions/complete?cc=91442ADD
attention_51;attention chack sentences (HateXplain targeting);Of course we call them crackers Theyre tan on the outside yet white on the inside;1- Of, 2- course, 3- we, 4- call, 5- them, 6- crackers, 7- Theyre, 8- tan, 9- on, 10- the, 11- outside, 12- yet, 13- white, 14- on, 15- the, 16- inside;offensive;https://app.prolific.co/submissions/complete?cc=91442ADD