"ID";"dataset";"text";"tokens";"label";"redirectUrl"
"21672910_gab";"HateXplain";"did not obama expel russian diplomats as well the us is <number> trillion dollars in debt it cannot afford another war the jews are desperate their time is coming";"1- did, 2- not, 3- obama, 4- expel, 5- russian, 6- diplomats, 7- as, 8- well, 9- the, 10- us, 11- is, 12- <number>, 13- trillion, 14- dollars, 15- in, 16- debt, 17- it, 18- cannot, 19- afford, 20- another, 21- war, 22- the, 23- jews, 24- are, 25- desperate, 26- their, 27- time, 28- is, 29- coming";"offensive targeting Jewish";"https://app.prolific.co/submissions/complete?cc=91442ADD"
"19330428_gab";"HateXplain";"if i have to shoot through a crowd to defend myself from a nigger faggot i will not be glad with the carnage but i will be glad i have defended my life";"1- if, 2- i, 3- have, 4- to, 5- shoot, 6- through, 7- a, 8- crowd, 9- to, 10- defend, 11- myself, 12- from, 13- a, 14- nigger, 15- faggot, 16- i, 17- will, 18- not, 19- be, 20- glad, 21- with, 22- the, 23- carnage, 24- but, 25- i, 26- will, 27- be, 28- glad, 29- i, 30- have, 31- defended, 32- my, 33- life";"hatespeech targeting African";"https://app.prolific.co/submissions/complete?cc=91442ADD"
"21826700_gab";"HateXplain";"yeah well nehlen has been marked for bullycide and i dont trust his fucking kike director enough to help on that one i read his timeline and its fucking sleazy and smells like a jew rat number <number> rule on anything is no jews";"1- yeah, 2- well, 3- nehlen, 4- has, 5- been, 6- marked, 7- for, 8- bullycide, 9- and, 10- i, 11- dont, 12- trust, 13- his, 14- fucking, 15- kike, 16- director, 17- enough, 18- to, 19- help, 20- on, 21- that, 22- one, 23- i, 24- read, 25- his, 26- timeline, 27- and, 28- its, 29- fucking, 30- sleazy, 31- and, 32- smells, 33- like, 34- a, 35- jew, 36- rat, 37- number, 38- <number>, 39- rule, 40- on, 41- anything, 42- is, 43- no, 44- jews";"hatespeech targeting Jewish";"https://app.prolific.co/submissions/complete?cc=91442ADD"
"15945623_gab";"HateXplain";"cry more bitch made nigger faggot";"1- cry, 2- more, 3- bitch, 4- made, 5- nigger, 6- faggot";"hatespeech targeting African";"https://app.prolific.co/submissions/complete?cc=91442ADD"
"21829203_gab";"HateXplain";"israel need some diversity then jews will be good at sports finally it will be their strength altright";"1- israel, 2- need, 3- some, 4- diversity, 5- then, 6- jews, 7- will, 8- be, 9- good, 10- at, 11- sports, 12- finally, 13- it, 14- will, 15- be, 16- their, 17- strength, 18- altright";"offensive targeting Jewish";"https://app.prolific.co/submissions/complete?cc=91442ADD"
"11947712_gab";"HateXplain";"i see you are hanging on my every word nigger loving whore sorry i do not date mudsharks though";"1- i, 2- see, 3- you, 4- are, 5- hanging, 6- on, 7- my, 8- every, 9- word, 10- nigger, 11- loving, 12- whore, 13- sorry, 14- i, 15- do, 16- not, 17- date, 18- mudsharks, 19- though";"hatespeech targeting African";"https://app.prolific.co/submissions/complete?cc=91442ADD"
"21935128_gab";"HateXplain";"you have never done anything but seek out paul town enemies and get mad because you are friends with a kike who needs help from several people to defend against me";"1- you, 2- have, 3- never, 4- done, 5- anything, 6- but, 7- seek, 8- out, 9- paul, 10- town, 11- enemies, 12- and, 13- get, 14- mad, 15- because, 16- you, 17- are, 18- friends, 19- with, 20- a, 21- kike, 22- who, 23- needs, 24- help, 25- from, 26- several, 27- people, 28- to, 29- defend, 30- against, 31- me";"hatespeech targeting Jewish";"https://app.prolific.co/submissions/complete?cc=91442ADD"
"20914058_gab";"HateXplain";"public hanging from a short drop let him twist in the wind as a warning to any other nigger thinking about hurting any white woman";"1- public, 2- hanging, 3- from, 4- a, 5- short, 6- drop, 7- let, 8- him, 9- twist, 10- in, 11- the, 12- wind, 13- as, 14- a, 15- warning, 16- to, 17- any, 18- other, 19- nigger, 20- thinking, 21- about, 22- hurting, 23- any, 24- white, 25- woman";"hatespeech targeting African";"https://app.prolific.co/submissions/complete?cc=91442ADD"
"21935940_gab";"HateXplain";"better social experiment shove a kike in an oven see if he cries out in pain as he strikes you";"1- better, 2- social, 3- experiment, 4- shove, 5- a, 6- kike, 7- in, 8- an, 9- oven, 10- see, 11- if, 12- he, 13- cries, 14- out, 15- in, 16- pain, 17- as, 18- he, 19- strikes, 20- you";"hatespeech targeting Jewish";"https://app.prolific.co/submissions/complete?cc=91442ADD"
"12190462_gab";"HateXplain";"a cop getting acquitted for shooting a nigger when it was probably justified anyway now a bunch of white people riot in the streets with their black friends to look hip and trendy because it so hip and trendy to protest for extra rights for your black friends";"1- a, 2- cop, 3- getting, 4- acquitted, 5- for, 6- shooting, 7- a, 8- nigger, 9- when, 10- it, 11- was, 12- probably, 13- justified, 14- anyway, 15- now, 16- a, 17- bunch, 18- of, 19- white, 20- people, 21- riot, 22- in, 23- the, 24- streets, 25- with, 26- their, 27- black, 28- friends, 29- to, 30- look, 31- hip, 32- and, 33- trendy, 34- because, 35- it, 36- so, 37- hip, 38- and, 39- trendy, 40- to, 41- protest, 42- for, 43- extra, 44- rights, 45- for, 46- your, 47- black, 48- friends";"hatespeech targeting African";"https://app.prolific.co/submissions/complete?cc=91442ADD"
"21945523_gab";"HateXplain";"how do jews use the state or any organizational position of power to bully those they choose into corruption and degeneracy start with congress i understand that they take leftist sometimes anti white positions at political rallies do you have specific examples";"1- how, 2- do, 3- jews, 4- use, 5- the, 6- state, 7- or, 8- any, 9- organizational, 10- position, 11- of, 12- power, 13- to, 14- bully, 15- those, 16- they, 17- choose, 18- into, 19- corruption, 20- and, 21- degeneracy, 22- start, 23- with, 24- congress, 25- i, 26- understand, 27- that, 28- they, 29- take, 30- leftist, 31- sometimes, 32- anti, 33- white, 34- positions, 35- at, 36- political, 37- rallies, 38- do, 39- you, 40- have, 41- specific, 42- examples";"offensive targeting Jewish";"https://app.prolific.co/submissions/complete?cc=91442ADD"
"9674365_gab";"HateXplain";"honestly if you read general media like this story about nigger baccardi you would assume writing lies produced orgasms or else you d have to come up with some other reason that plain fact is the last thing you ever get in any systemedia article";"1- honestly, 2- if, 3- you, 4- read, 5- general, 6- media, 7- like, 8- this, 9- story, 10- about, 11- nigger, 12- baccardi, 13- you, 14- would, 15- assume, 16- writing, 17- lies, 18- produced, 19- orgasms, 20- or, 21- else, 22- you, 23- d, 24- have, 25- to, 26- come, 27- up, 28- with, 29- some, 30- other, 31- reason, 32- that, 33- plain, 34- fact, 35- is, 36- the, 37- last, 38- thing, 39- you, 40- ever, 41- get, 42- in, 43- any, 44- systemedia, 45- article";"hatespeech targeting African";"https://app.prolific.co/submissions/complete?cc=91442ADD"
"22044487_gab";"HateXplain";"why do not jews like oral sex its too close to the gas chamber";"1- why, 2- do, 3- not, 4- jews, 5- like, 6- oral, 7- sex, 8- its, 9- too, 10- close, 11- to, 12- the, 13- gas, 14- chamber";"offensive targeting Jewish";"https://app.prolific.co/submissions/complete?cc=91442ADD"
"18875062_gab";"HateXplain";"yeah try bitch and i will shove an ar15 up your snow nigger ass";"1- yeah, 2- try, 3- bitch, 4- and, 5- i, 6- will, 7- shove, 8- an, 9- ar15, 10- up, 11- your, 12- snow, 13- nigger, 14- ass";"hatespeech targeting African";"https://app.prolific.co/submissions/complete?cc=91442ADD"
"22148922_gab";"HateXplain";"oh you mean like count dankula who a self admitted communist with a tattoo of a red star on his chest who just got convicted of being a nazi because he white cowards like you find it very easy to attack the enemies of the jews";"1- oh, 2- you, 3- mean, 4- like, 5- count, 6- dankula, 7- who, 8- a, 9- self, 10- admitted, 11- communist, 12- with, 13- a, 14- tattoo, 15- of, 16- a, 17- red, 18- star, 19- on, 20- his, 21- chest, 22- who, 23- just, 24- got, 25- convicted, 26- of, 27- being, 28- a, 29- nazi, 30- because, 31- he, 32- white, 33- cowards, 34- like, 35- you, 36- find, 37- it, 38- very, 39- easy, 40- to, 41- attack, 42- the, 43- enemies, 44- of, 45- the, 46- jews";"offensive targeting Jewish";"https://app.prolific.co/submissions/complete?cc=91442ADD"
"3775928_gab";"HateXplain";"<user> i am a libertarian and i have never heard that before i am also alt right because you can not have a country without borders you can not have a free market with a welfare system you can not have peace and prosperity with dindus muzzies and wetbacks killing and stealing everything";"1- <user>, 2- i, 3- am, 4- a, 5- libertarian, 6- and, 7- i, 8- have, 9- never, 10- heard, 11- that, 12- before, 13- i, 14- am, 15- also, 16- alt, 17- right, 18- because, 19- you, 20- can, 21- not, 22- have, 23- a, 24- country, 25- without, 26- borders, 27- you, 28- can, 29- not, 30- have, 31- a, 32- free, 33- market, 34- with, 35- a, 36- welfare, 37- system, 38- you, 39- can, 40- not, 41- have, 42- peace, 43- and, 44- prosperity, 45- with, 46- dindus, 47- muzzies, 48- and, 49- wetbacks, 50- killing, 51- and, 52- stealing, 53- everything";"hatespeech targeting African";"https://app.prolific.co/submissions/complete?cc=91442ADD"
"22188456_gab";"HateXplain";"i have no idea why anyone would care about jereb whoever that is the adl on the other hand is a large and well armed force completely loyal to jews and only jews that has almost completely undermined white america the only america and must be destroyed";"1- i, 2- have, 3- no, 4- idea, 5- why, 6- anyone, 7- would, 8- care, 9- about, 10- jereb, 11- whoever, 12- that, 13- is, 14- the, 15- adl, 16- on, 17- the, 18- other, 19- hand, 20- is, 21- a, 22- large, 23- and, 24- well, 25- armed, 26- force, 27- completely, 28- loyal, 29- to, 30- jews, 31- and, 32- only, 33- jews, 34- that, 35- has, 36- almost, 37- completely, 38- undermined, 39- white, 40- america, 41- the, 42- only, 43- america, 44- and, 45- must, 46- be, 47- destroyed";"hatespeech targeting Jewish";"https://app.prolific.co/submissions/complete?cc=91442ADD"
"23996510_gab";"HateXplain";"all good reasons with all this evidence my wife and i cannot figure out why white girls hook up with the nigger";"1- all, 2- good, 3- reasons, 4- with, 5- all, 6- this, 7- evidence, 8- my, 9- wife, 10- and, 11- i, 12- cannot, 13- figure, 14- out, 15- why, 16- white, 17- girls, 18- hook, 19- up, 20- with, 21- the, 22- nigger";"hatespeech targeting African";"https://app.prolific.co/submissions/complete?cc=91442ADD"
"22193205_gab";"HateXplain";"i got <number> min into it the jews control the hierarchy through money manipulation ie he who has the gold makes the rules";"1- i, 2- got, 3- <number>, 4- min, 5- into, 6- it, 7- the, 8- jews, 9- control, 10- the, 11- hierarchy, 12- through, 13- money, 14- manipulation, 15- ie, 16- he, 17- who, 18- has, 19- the, 20- gold, 21- makes, 22- the, 23- rules";"offensive targeting Jewish";"https://app.prolific.co/submissions/complete?cc=91442ADD"
"9055724_gab";"HateXplain";"spherical nigger amazes whoopi inserts head in ass trump like raul castro when it comes to free and fair elections election fraud old bs head in ass gab fam speak freely chat americans";"1- spherical, 2- nigger, 3- amazes, 4- whoopi, 5- inserts, 6- head, 7- in, 8- ass, 9- trump, 10- like, 11- raul, 12- castro, 13- when, 14- it, 15- comes, 16- to, 17- free, 18- and, 19- fair, 20- elections, 21- election, 22- fraud, 23- old, 24- bs, 25- head, 26- in, 27- ass, 28- gab, 29- fam, 30- speak, 31- freely, 32- chat, 33- americans";"hatespeech targeting African";"https://app.prolific.co/submissions/complete?cc=91442ADD"
"22219579_gab";"HateXplain";"represents the majority vast majority there are a minority of jews that oppose the push for white genocide and call it out for what it is a threat to their own well being <user> ‍";"1- represents, 2- the, 3- majority, 4- vast, 5- majority, 6- there, 7- are, 8- a, 9- minority, 10- of, 11- jews, 12- that, 13- oppose, 14- the, 15- push, 16- for, 17- white, 18- genocide, 19- and, 20- call, 21- it, 22- out, 23- for, 24- what, 25- it, 26- is, 27- a, 28- threat, 29- to, 30- their, 31- own, 32- well, 33- being, 34- <user>, 35- ‍";"offensive targeting Jewish";"https://app.prolific.co/submissions/complete?cc=91442ADD"
"27088597_gab";"HateXplain";"so it is her fault actually what happened is that she got off of a train and walked by some nigger words france a couple of years ago";"1- so, 2- it, 3- is, 4- her, 5- fault, 6- actually, 7- what, 8- happened, 9- is, 10- that, 11- she, 12- got, 13- off, 14- of, 15- a, 16- train, 17- and, 18- walked, 19- by, 20- some, 21- nigger, 22- words, 23- france, 24- a, 25- couple, 26- of, 27- years, 28- ago";"hatespeech targeting African";"https://app.prolific.co/submissions/complete?cc=91442ADD"
"22250857_gab";"HateXplain";"where are muh 9 9 redballons did you all bitch up again i know you are reading this alt kikes";"1- where, 2- are, 3- muh, 4- 9, 5- 9, 6- redballons, 7- did, 8- you, 9- all, 10- bitch, 11- up, 12- again, 13- i, 14- know, 15- you, 16- are, 17- reading, 18- this, 19- alt, 20- kikes";"hatespeech targeting Jewish";"https://app.prolific.co/submissions/complete?cc=91442ADD"
"17958922_gab";"HateXplain";"some random nigger hotep berating me pardon if i blew up everyone timeline are not you glad you are not a nigger";"1- some, 2- random, 3- nigger, 4- hotep, 5- berating, 6- me, 7- pardon, 8- if, 9- i, 10- blew, 11- up, 12- everyone, 13- timeline, 14- are, 15- not, 16- you, 17- glad, 18- you, 19- are, 20- not, 21- a, 22- nigger";"hatespeech targeting African";"https://app.prolific.co/submissions/complete?cc=91442ADD"
"22319846_gab";"HateXplain";"i believe the us military is compromised and our enemy why jews own";"1- i, 2- believe, 3- the, 4- us, 5- military, 6- is, 7- compromised, 8- and, 9- our, 10- enemy, 11- why, 12- jews, 13- own";"hatespeech targeting Jewish";"https://app.prolific.co/submissions/complete?cc=91442ADD"
"14196166_gab";"HateXplain";"nigger y am i not on the list i am actually aryan and i still fuck with larping stormfags like it my job";"1- nigger, 2- y, 3- am, 4- i, 5- not, 6- on, 7- the, 8- list, 9- i, 10- am, 11- actually, 12- aryan, 13- and, 14- i, 15- still, 16- fuck, 17- with, 18- larping, 19- stormfags, 20- like, 21- it, 22- my, 23- job";"hatespeech targeting African";"https://app.prolific.co/submissions/complete?cc=91442ADD"
"22544561_gab";"HateXplain";"there is nothing negotiable nor debatable with having jews and degenerates anywhere near natsoc agreed";"1- there, 2- is, 3- nothing, 4- negotiable, 5- nor, 6- debatable, 7- with, 8- having, 9- jews, 10- and, 11- degenerates, 12- anywhere, 13- near, 14- natsoc, 15- agreed";"offensive targeting Jewish";"https://app.prolific.co/submissions/complete?cc=91442ADD"
"20736949_gab";"HateXplain";"kill yourself with any luck some based nigger will do it";"1- kill, 2- yourself, 3- with, 4- any, 5- luck, 6- some, 7- based, 8- nigger, 9- will, 10- do, 11- it";"hatespeech targeting African";"https://app.prolific.co/submissions/complete?cc=91442ADD"
"22552259_gab";"HateXplain";"how about you let people with balls do what needs to be done you are a subversive kike who does nothing but punch right and counter signal";"1- how, 2- about, 3- you, 4- let, 5- people, 6- with, 7- balls, 8- do, 9- what, 10- needs, 11- to, 12- be, 13- done, 14- you, 15- are, 16- a, 17- subversive, 18- kike, 19- who, 20- does, 21- nothing, 22- but, 23- punch, 24- right, 25- and, 26- counter, 27- signal";"hatespeech targeting Jewish";"https://app.prolific.co/submissions/complete?cc=91442ADD"
"attention_5";"attention check sentences (HateXplain targeting)";"americans are all a bunch of jerks";"1- americans, 2- are, 3- all, 4- a, 5- bunch, 6- of, 7- jerks";"offensive";"https://app.prolific.co/submissions/complete?cc=91442ADD"