"ID";"dataset";"text";"tokens";"label";"redirectUrl"
"9837326_gab";"HateXplain";"so much anti white rhetoric is out of the mouths of caucasians will say it again if they preach abolition decimation of white race they can demonstrate their dedication to the notion by committing suicide purify their beloved globe by ridding it of their whiteness we will take it from there";"1- so, 2- much, 3- anti, 4- white, 5- rhetoric, 6- is, 7- out, 8- of, 9- the, 10- mouths, 11- of, 12- caucasians, 13- will, 14- say, 15- it, 16- again, 17- if, 18- they, 19- preach, 20- abolition, 21- decimation, 22- of, 23- white, 24- race, 25- they, 26- can, 27- demonstrate, 28- their, 29- dedication, 30- to, 31- the, 32- notion, 33- by, 34- committing, 35- suicide, 36- purify, 37- their, 38- beloved, 39- globe, 40- by, 41- ridding, 42- it, 43- of, 44- their, 45- whiteness, 46- we, 47- will, 48- take, 49- it, 50- from, 51- there";"offensive targeting Caucasian";"https://app.prolific.co/submissions/complete?cc=91442ADD"
"1178537088754622464_twitter";"HateXplain";"bitch you white nigga is a faggot your kids are demon possessed over blk ppl your pussy is worthless you are a whore you and ur household all suck the same dick you are jealous of innocent blk ppl you are a squatter in blk neighborhoods you are jealous of jesus ur disgusting";"1- bitch, 2- you, 3- white, 4- nigga, 5- is, 6- a, 7- faggot, 8- your, 9- kids, 10- are, 11- demon, 12- possessed, 13- over, 14- blk, 15- ppl, 16- your, 17- pussy, 18- is, 19- worthless, 20- you, 21- are, 22- a, 23- whore, 24- you, 25- and, 26- ur, 27- household, 28- all, 29- suck, 30- the, 31- same, 32- dick, 33- you, 34- are, 35- jealous, 36- of, 37- innocent, 38- blk, 39- ppl, 40- you, 41- are, 42- a, 43- squatter, 44- in, 45- blk, 46- neighborhoods, 47- you, 48- are, 49- jealous, 50- of, 51- jesus, 52- ur, 53- disgusting";"hatespeech targeting Women";"https://app.prolific.co/submissions/complete?cc=91442ADD"
"16451445_gab";"HateXplain";"sweden is why it is the height of stupidity to put women in charge of a country";"1- sweden, 2- is, 3- why, 4- it, 5- is, 6- the, 7- height, 8- of, 9- stupidity, 10- to, 11- put, 12- women, 13- in, 14- charge, 15- of, 16- a, 17- country";"offensive targeting Women";"https://app.prolific.co/submissions/complete?cc=91442ADD"
"1161763575863664640_twitter";"HateXplain";"<user> <user> lol most terrorist are muslims the numbers do not lie";"1- <user>, 2- <user>, 3- lol, 4- most, 5- terrorist, 6- are, 7- muslims, 8- the, 9- numbers, 10- do, 11- not, 12- lie";"offensive targeting Islam";"https://app.prolific.co/submissions/complete?cc=91442ADD"
"15040986_gab";"HateXplain";"the same kike that will lump all muslims will turn around and say not all jews get fucking gassed kike";"1- the, 2- same, 3- kike, 4- that, 5- will, 6- lump, 7- all, 8- muslims, 9- will, 10- turn, 11- around, 12- and, 13- say, 14- not, 15- all, 16- jews, 17- get, 18- fucking, 19- gassed, 20- kike";"hatespeech targeting Islam";"https://app.prolific.co/submissions/complete?cc=91442ADD"
"1161241435313545217_twitter";"HateXplain";"taehyung get out my zone bitch";"1- taehyung, 2- get, 3- out, 4- my, 5- zone, 6- bitch";"offensive targeting Other";"https://app.prolific.co/submissions/complete?cc=91442ADD"
"16057562_gab";"HateXplain";"justin the retarded asshole just walks around with both feet in his mouth";"1- justin, 2- the, 3- retarded, 4- asshole, 5- just, 6- walks, 7- around, 8- with, 9- both, 10- feet, 11- in, 12- his, 13- mouth";"offensive targeting Other";"https://app.prolific.co/submissions/complete?cc=91442ADD"
"1112409527847211011_twitter";"HateXplain";"<user> get rid of illegal aliens send them back home ❤ ❤ ❤";"1- <user>, 2- get, 3- rid, 4- of, 5- illegal, 6- aliens, 7- send, 8- them, 9- back, 10- home, 11- ❤, 12- ❤, 13- ❤";"hatespeech targeting Refugee";"https://app.prolific.co/submissions/complete?cc=91442ADD"
"18118782_gab";"HateXplain";"good morning to everyone except politicians who favor the welfare of illegal immigrants over that of the american citizens they have sworn to protect maga";"1- good, 2- morning, 3- to, 4- everyone, 5- except, 6- politicians, 7- who, 8- favor, 9- the, 10- welfare, 11- of, 12- illegal, 13- immigrants, 14- over, 15- that, 16- of, 17- the, 18- american, 19- citizens, 20- they, 21- have, 22- sworn, 23- to, 24- protect, 25- maga";"offensive targeting Refugee";"https://app.prolific.co/submissions/complete?cc=91442ADD"
"1178292006705074176_twitter";"HateXplain";"<user> <user> the point is we black people don ’ t control these departments the negros they allow in are severely vetted";"1- <user>, 2- <user>, 3- the, 4- point, 5- is, 6- we, 7- black, 8- people, 9- don, 10- ’, 11- t, 12- control, 13- these, 14- departments, 15- the, 16- negros, 17- they, 18- allow, 19- in, 20- are, 21- severely, 22- vetted";"offensive targeting African";"https://app.prolific.co/submissions/complete?cc=91442ADD"
"13529737_gab";"HateXplain";"nigger thinks there is absolute freedom maybe relatively speaking for billionaires but otherwise no especially for nappy haired ghetto groids";"1- nigger, 2- thinks, 3- there, 4- is, 5- absolute, 6- freedom, 7- maybe, 8- relatively, 9- speaking, 10- for, 11- billionaires, 12- but, 13- otherwise, 14- no, 15- especially, 16- for, 17- nappy, 18- haired, 19- ghetto, 20- groids";"hatespeech targeting African";"https://app.prolific.co/submissions/complete?cc=91442ADD"
"1178513271583850497_twitter";"HateXplain";"south african white people are some of the worst white people out there";"1- south, 2- african, 3- white, 4- people, 5- are, 6- some, 7- of, 8- the, 9- worst, 10- white, 11- people, 12- out, 13- there";"hatespeech targeting Caucasian";"https://app.prolific.co/submissions/complete?cc=91442ADD"
"16547777_gab";"HateXplain";"the only way this is fair is if their dick gets blown off in battle just curious can women join just to get a boob job that would be the equivalent w out the sex change";"1- the, 2- only, 3- way, 4- this, 5- is, 6- fair, 7- is, 8- if, 9- their, 10- dick, 11- gets, 12- blown, 13- off, 14- in, 15- battle, 16- just, 17- curious, 18- can, 19- women, 20- join, 21- just, 22- to, 23- get, 24- a, 25- boob, 26- job, 27- that, 28- would, 29- be, 30- the, 31- equivalent, 32- w, 33- out, 34- the, 35- sex, 36- change";"offensive targeting Women";"https://app.prolific.co/submissions/complete?cc=91442ADD"
"1163202972915916800_twitter";"HateXplain";"<user> its time for the indian <number> crore muslims to be united and be chechnya fighters do or die";"1- <user>, 2- its, 3- time, 4- for, 5- the, 6- indian, 7- <number>, 8- crore, 9- muslims, 10- to, 11- be, 12- united, 13- and, 14- be, 15- chechnya, 16- fighters, 17- do, 18- or, 19- die";"offensive targeting Islam";"https://app.prolific.co/submissions/complete?cc=91442ADD"
"15332358_gab";"HateXplain";"can anyone be any more ignorant than muslim shit skin pedophile beating up on crippled boy if you see this happen in your community feel free to slit that muslims throat society will thank you in that country the crippled boy will be charged with inciting violence against islam";"1- can, 2- anyone, 3- be, 4- any, 5- more, 6- ignorant, 7- than, 8- muslim, 9- shit, 10- skin, 11- pedophile, 12- beating, 13- up, 14- on, 15- crippled, 16- boy, 17- if, 18- you, 19- see, 20- this, 21- happen, 22- in, 23- your, 24- community, 25- feel, 26- free, 27- to, 28- slit, 29- that, 30- muslims, 31- throat, 32- society, 33- will, 34- thank, 35- you, 36- in, 37- that, 38- country, 39- the, 40- crippled, 41- boy, 42- will, 43- be, 44- charged, 45- with, 46- inciting, 47- violence, 48- against, 49- islam";"hatespeech targeting Islam";"https://app.prolific.co/submissions/complete?cc=91442ADD"
"1164704898644156416_twitter";"HateXplain";"<user> <user> ah you ’ re a retard now i understand best of luck";"1- <user>, 2- <user>, 3- ah, 4- you, 5- ’, 6- re, 7- a, 8- retard, 9- now, 10- i, 11- understand, 12- best, 13- of, 14- luck";"offensive targeting Other";"https://app.prolific.co/submissions/complete?cc=91442ADD"
"1610757_gab";"HateXplain";"<user> it did not work with the leftists this year now did it people do not respond well to name calling not being retarded or anything but this exactly why leftists lost this year and we do not want to be them in the next time";"1- <user>, 2- it, 3- did, 4- not, 5- work, 6- with, 7- the, 8- leftists, 9- this, 10- year, 11- now, 12- did, 13- it, 14- people, 15- do, 16- not, 17- respond, 18- well, 19- to, 20- name, 21- calling, 22- not, 23- being, 24- retarded, 25- or, 26- anything, 27- but, 28- this, 29- exactly, 30- why, 31- leftists, 32- lost, 33- this, 34- year, 35- and, 36- we, 37- do, 38- not, 39- want, 40- to, 41- be, 42- them, 43- in, 44- the, 45- next, 46- time";"offensive targeting Other";"https://app.prolific.co/submissions/complete?cc=91442ADD"
"1113385345582759936_twitter";"HateXplain";"good morning everyone except illegal aliens and avocados 😂";"1- good, 2- morning, 3- everyone, 4- except, 5- illegal, 6- aliens, 7- and, 8- avocados, 9- 😂";"offensive targeting Refugee";"https://app.prolific.co/submissions/complete?cc=91442ADD"
"18173369_gab";"HateXplain";"not only that but these people fled their country this country was founded upon fighting the most well armed well disciplined army on the planet and freemen were victorious i see something in the shit hole refugees futures";"1- not, 2- only, 3- that, 4- but, 5- these, 6- people, 7- fled, 8- their, 9- country, 10- this, 11- country, 12- was, 13- founded, 14- upon, 15- fighting, 16- the, 17- most, 18- well, 19- armed, 20- well, 21- disciplined, 22- army, 23- on, 24- the, 25- planet, 26- and, 27- freemen, 28- were, 29- victorious, 30- i, 31- see, 32- something, 33- in, 34- the, 35- shit, 36- hole, 37- refugees, 38- futures";"offensive targeting Refugee";"https://app.prolific.co/submissions/complete?cc=91442ADD"
"1178855276574724096_twitter";"HateXplain";"waiting on the beard twitter nigga holocaust";"1- waiting, 2- on, 3- the, 4- beard, 5- twitter, 6- nigga, 7- holocaust";"hatespeech targeting African";"https://app.prolific.co/submissions/complete?cc=91442ADD"
"13537537_gab";"HateXplain";"i am thinking of a new old social system <number> only women can own land <number> man job is to maintain and improve the land <number> only men have political power <number> niggers obey or leave <number> jews will volunteer for the ovens <number> fill in the blanks";"1- i, 2- am, 3- thinking, 4- of, 5- a, 6- new, 7- old, 8- social, 9- system, 10- <number>, 11- only, 12- women, 13- can, 14- own, 15- land, 16- <number>, 17- man, 18- job, 19- is, 20- to, 21- maintain, 22- and, 23- improve, 24- the, 25- land, 26- <number>, 27- only, 28- men, 29- have, 30- political, 31- power, 32- <number>, 33- niggers, 34- obey, 35- or, 36- leave, 37- <number>, 38- jews, 39- will, 40- volunteer, 41- for, 42- the, 43- ovens, 44- <number>, 45- fill, 46- in, 47- the, 48- blanks";"hatespeech targeting African";"https://app.prolific.co/submissions/complete?cc=91442ADD"
"1178635840161013761_twitter";"HateXplain";"<user> it not even about stans you a whole ass white chicken nugget calling asians ugly 🤣";"1- <user>, 2- it, 3- not, 4- even, 5- about, 6- stans, 7- you, 8- a, 9- whole, 10- ass, 11- white, 12- chicken, 13- nugget, 14- calling, 15- asians, 16- ugly, 17- 🤣";"offensive targeting Caucasian";"https://app.prolific.co/submissions/complete?cc=91442ADD"
"16650958_gab";"HateXplain";"yeah i stand behind it your mother would be raped because a woman was too scared to report it yes how do you not understand that rapists do not just stop after one man you are stupid";"1- yeah, 2- i, 3- stand, 4- behind, 5- it, 6- your, 7- mother, 8- would, 9- be, 10- raped, 11- because, 12- a, 13- woman, 14- was, 15- too, 16- scared, 17- to, 18- report, 19- it, 20- yes, 21- how, 22- do, 23- you, 24- not, 25- understand, 26- that, 27- rapists, 28- do, 29- not, 30- just, 31- stop, 32- after, 33- one, 34- man, 35- you, 36- are, 37- stupid";"offensive targeting Women";"https://app.prolific.co/submissions/complete?cc=91442ADD"
"1164287842228559873_twitter";"HateXplain";"<user> <user> hahaha jihadi jack and omar khadr sure know this";"1- <user>, 2- <user>, 3- hahaha, 4- jihadi, 5- jack, 6- and, 7- omar, 8- khadr, 9- sure, 10- know, 11- this";"offensive targeting Islam";"https://app.prolific.co/submissions/complete?cc=91442ADD"
"15344789_gab";"HateXplain";"dear america for context <number> young vulnerable white underage children were groomed raped abused sodomised by muslims in complete freedom with full knowledge of all the authorities because of fear of offending the muslims gotrump";"1- dear, 2- america, 3- for, 4- context, 5- <number>, 6- young, 7- vulnerable, 8- white, 9- underage, 10- children, 11- were, 12- groomed, 13- raped, 14- abused, 15- sodomised, 16- by, 17- muslims, 18- in, 19- complete, 20- freedom, 21- with, 22- full, 23- knowledge, 24- of, 25- all, 26- the, 27- authorities, 28- because, 29- of, 30- fear, 31- of, 32- offending, 33- the, 34- muslims, 35- gotrump";"hatespeech targeting Islam";"https://app.prolific.co/submissions/complete?cc=91442ADD"
"1165118482180202496_twitter";"HateXplain";"liberal but i fucking hate lefties";"1- liberal, 2- but, 3- i, 4- fucking, 5- hate, 6- lefties";"offensive targeting Other";"https://app.prolific.co/submissions/complete?cc=91442ADD"
"16171924_gab";"HateXplain";"you double down on a retarded indefensible arbitrary decision and insult a successful podcaster on top of it all after having insulted individual users many times in the past it too bad you undermine gab brand but <user> is obviously cool with it";"1- you, 2- double, 3- down, 4- on, 5- a, 6- retarded, 7- indefensible, 8- arbitrary, 9- decision, 10- and, 11- insult, 12- a, 13- successful, 14- podcaster, 15- on, 16- top, 17- of, 18- it, 19- all, 20- after, 21- having, 22- insulted, 23- individual, 24- users, 25- many, 26- times, 27- in, 28- the, 29- past, 30- it, 31- too, 32- bad, 33- you, 34- undermine, 35- gab, 36- brand, 37- but, 38- <user>, 39- is, 40- obviously, 41- cool, 42- with, 43- it";"offensive targeting Other";"https://app.prolific.co/submissions/complete?cc=91442ADD"
"1116697471009345537_twitter";"HateXplain";"congrats to trump for making progs admit that settling immigrants in our neighborhoods was always a punitive action";"1- congrats, 2- to, 3- trump, 4- for, 5- making, 6- progs, 7- admit, 8- that, 9- settling, 10- immigrants, 11- in, 12- our, 13- neighborhoods, 14- was, 15- always, 16- a, 17- punitive, 18- action";"offensive targeting Refugee";"https://app.prolific.co/submissions/complete?cc=91442ADD"
"18195956_gab";"HateXplain";"kick all illegal immigrants out they do not belong here they have no business being here we owe them nothing";"1- kick, 2- all, 3- illegal, 4- immigrants, 5- out, 6- they, 7- do, 8- not, 9- belong, 10- here, 11- they, 12- have, 13- no, 14- business, 15- being, 16- here, 17- we, 18- owe, 19- them, 20- nothing";"hatespeech targeting Refugee";"https://app.prolific.co/submissions/complete?cc=91442ADD"
"attention_31";"attention check sentences (HateXplain targeting)";"hehe so you are a turk eh mohamed jihad jihad hehehe";"1- hehe, 2- so, 3- you, 4- are, 5- a, 6- turk, 7- eh, 8- mohamed, 9- jihad, 10- jihad, 11- hehehe";"offensive";"https://app.prolific.co/submissions/complete?cc=91442ADD"