"ID";"dataset";"text";"tokens";"label";"redirectUrl"
"14069717_gab";"HateXplain";"if euro americans can care for the welfare of whites being hurt in south africa i would truly be a worthless nigger if i ignored their problem as well as my brethren causing said problems your kind words are appreciated though undeserved end";"1- if, 2- euro, 3- americans, 4- can, 5- care, 6- for, 7- the, 8- welfare, 9- of, 10- whites, 11- being, 12- hurt, 13- in, 14- south, 15- africa, 16- i, 17- would, 18- truly, 19- be, 20- a, 21- worthless, 22- nigger, 23- if, 24- i, 25- ignored, 26- their, 27- problem, 28- as, 29- well, 30- as, 31- my, 32- brethren, 33- causing, 34- said, 35- problems, 36- your, 37- kind, 38- words, 39- are, 40- appreciated, 41- though, 42- undeserved, 43- end";"hatespeech targeting African";"https://app.prolific.co/submissions/complete?cc=91442ADD"
"1472569_gab";"HateXplain";"i have a feeling that the nazis would look at our left and be like hold up that brilliant i am writing that one down so we can use that demonize opponent in the media and normalize violence against them then gas the jews";"1- i, 2- have, 3- a, 4- feeling, 5- that, 6- the, 7- nazis, 8- would, 9- look, 10- at, 11- our, 12- left, 13- and, 14- be, 15- like, 16- hold, 17- up, 18- that, 19- brilliant, 20- i, 21- am, 22- writing, 23- that, 24- one, 25- down, 26- so, 27- we, 28- can, 29- use, 30- that, 31- demonize, 32- opponent, 33- in, 34- the, 35- media, 36- and, 37- normalize, 38- violence, 39- against, 40- them, 41- then, 42- gas, 43- the, 44- jews";"offensive targeting Jewish";"https://app.prolific.co/submissions/complete?cc=91442ADD"
"21759911_gab";"HateXplain";"no michael actually nigger monkeys are the problem now go back to africa and catch aids you cunt";"1- no, 2- michael, 3- actually, 4- nigger, 5- monkeys, 6- are, 7- the, 8- problem, 9- now, 10- go, 11- back, 12- to, 13- africa, 14- and, 15- catch, 16- aids, 17- you, 18- cunt";"hatespeech targeting African";"https://app.prolific.co/submissions/complete?cc=91442ADD"
"14823147_gab";"HateXplain";"le americané have never seen jews in beast mode but the ones that live in dearborn michigan texas and houston are starting to see the light just give the rest some time zionism will take good care of that";"1- le, 2- americané, 3- have, 4- never, 5- seen, 6- jews, 7- in, 8- beast, 9- mode, 10- but, 11- the, 12- ones, 13- that, 14- live, 15- in, 16- dearborn, 17- michigan, 18- texas, 19- and, 20- houston, 21- are, 22- starting, 23- to, 24- see, 25- the, 26- light, 27- just, 28- give, 29- the, 30- rest, 31- some, 32- time, 33- zionism, 34- will, 35- take, 36- good, 37- care, 38- of, 39- that";"hatespeech targeting Jewish";"https://app.prolific.co/submissions/complete?cc=91442ADD"
"15205412_gab";"HateXplain";"you watch harry this half breed american adopt some random nigger from africa now";"1- you, 2- watch, 3- harry, 4- this, 5- half, 6- breed, 7- american, 8- adopt, 9- some, 10- random, 11- nigger, 12- from, 13- africa, 14- now";"hatespeech targeting African";"https://app.prolific.co/submissions/complete?cc=91442ADD"
"14980106_gab";"HateXplain";"thanks that was actually helpful to me as i wasn t following <user> always good to find more kike gassers as there a lotta gassin to do";"1- thanks, 2- that, 3- was, 4- actually, 5- helpful, 6- to, 7- me, 8- as, 9- i, 10- wasn, 11- t, 12- following, 13- <user>, 14- always, 15- good, 16- to, 17- find, 18- more, 19- kike, 20- gassers, 21- as, 22- there, 23- a, 24- lotta, 25- gassin, 26- to, 27- do";"hatespeech targeting Jewish";"https://app.prolific.co/submissions/complete?cc=91442ADD"
"14691844_gab";"HateXplain";"just sit and fucking listen <number> roy moore will win <number> msm will proclaim the end of the republican party <number> a nigger will get shot by a white cop or someone will claim to be sodomized by an old jew the world will go on";"1- just, 2- sit, 3- and, 4- fucking, 5- listen, 6- <number>, 7- roy, 8- moore, 9- will, 10- win, 11- <number>, 12- msm, 13- will, 14- proclaim, 15- the, 16- end, 17- of, 18- the, 19- republican, 20- party, 21- <number>, 22- a, 23- nigger, 24- will, 25- get, 26- shot, 27- by, 28- a, 29- white, 30- cop, 31- or, 32- someone, 33- will, 34- claim, 35- to, 36- be, 37- sodomized, 38- by, 39- an, 40- old, 41- jew, 42- the, 43- world, 44- will, 45- go, 46- on";"hatespeech targeting African";"https://app.prolific.co/submissions/complete?cc=91442ADD"
"15024908_gab";"HateXplain";"the only people trump is playing chess against are the american people the jew controlled alt right are full of liars and traitors ask yourselves would adolf hitler shake netanyahu hand would he prostrate himself like a bitch before the wailing wall";"1- the, 2- only, 3- people, 4- trump, 5- is, 6- playing, 7- chess, 8- against, 9- are, 10- the, 11- american, 12- people, 13- the, 14- jew, 15- controlled, 16- alt, 17- right, 18- are, 19- full, 20- of, 21- liars, 22- and, 23- traitors, 24- ask, 25- yourselves, 26- would, 27- adolf, 28- hitler, 29- shake, 30- netanyahu, 31- hand, 32- would, 33- he, 34- prostrate, 35- himself, 36- like, 37- a, 38- bitch, 39- before, 40- the, 41- wailing, 42- wall";"hatespeech targeting Jewish";"https://app.prolific.co/submissions/complete?cc=91442ADD"
"13338524_gab";"HateXplain";"lol nigger lol nigger lol nigger lol nigger lol nigger lol nigger lol nigger lol nigger lol nigger lol nigger lol nigger lol nigger lol nigger lol nigger lol nigger lol nigger lol nigger lol nigger lol nigger lol nigger lol nigger lol nigger";"1- lol, 2- nigger, 3- lol, 4- nigger, 5- lol, 6- nigger, 7- lol, 8- nigger, 9- lol, 10- nigger, 11- lol, 12- nigger, 13- lol, 14- nigger, 15- lol, 16- nigger, 17- lol, 18- nigger, 19- lol, 20- nigger, 21- lol, 22- nigger, 23- lol, 24- nigger, 25- lol, 26- nigger, 27- lol, 28- nigger, 29- lol, 30- nigger, 31- lol, 32- nigger, 33- lol, 34- nigger, 35- lol, 36- nigger, 37- lol, 38- nigger, 39- lol, 40- nigger, 41- lol, 42- nigger, 43- lol, 44- nigger";"hatespeech targeting African";"https://app.prolific.co/submissions/complete?cc=91442ADD"
"15123450_gab";"HateXplain";"most jewish writings indicate that what we call a superiority complex is combined with a persecution complex sprinkled with paranoia how else can it be explained that jews are so universally fixated on the alleged <number> million jews who supposedly died in the holocaust";"1- most, 2- jewish, 3- writings, 4- indicate, 5- that, 6- what, 7- we, 8- call, 9- a, 10- superiority, 11- complex, 12- is, 13- combined, 14- with, 15- a, 16- persecution, 17- complex, 18- sprinkled, 19- with, 20- paranoia, 21- how, 22- else, 23- can, 24- it, 25- be, 26- explained, 27- that, 28- jews, 29- are, 30- so, 31- universally, 32- fixated, 33- on, 34- the, 35- alleged, 36- <number>, 37- million, 38- jews, 39- who, 40- supposedly, 41- died, 42- in, 43- the, 44- holocaust";"hatespeech targeting Jewish";"https://app.prolific.co/submissions/complete?cc=91442ADD"
"21342377_gab";"HateXplain";"fagrepublic ireland south african nigger ordered to be deported and awarded <money> scholarship";"1- fagrepublic, 2- ireland, 3- south, 4- african, 5- nigger, 6- ordered, 7- to, 8- be, 9- deported, 10- and, 11- awarded, 12- <money>, 13- scholarship";"hatespeech targeting African";"https://app.prolific.co/submissions/complete?cc=91442ADD"
"15251170_gab";"HateXplain";"if google slows down a tad forgive me for straining their servers why are jews so random flattering term";"1- if, 2- google, 3- slows, 4- down, 5- a, 6- tad, 7- forgive, 8- me, 9- for, 10- straining, 11- their, 12- servers, 13- why, 14- are, 15- jews, 16- so, 17- random, 18- flattering, 19- term";"offensive targeting Jewish";"https://app.prolific.co/submissions/complete?cc=91442ADD"
"23697018_gab";"HateXplain";"the only thing that makes a black ghetto as stinking black men selling drugs and committing crime because it cool and it in the hood these f coons who destroy society should be executed worthless s* screwing <censored> up societies throughout the world f***ing <censored> nigga c**ts <censored>";"1- the, 2- only, 3- thing, 4- that, 5- makes, 6- a, 7- black, 8- ghetto, 9- as, 10- stinking, 11- black, 12- men, 13- selling, 14- drugs, 15- and, 16- committing, 17- crime, 18- because, 19- it, 20- cool, 21- and, 22- it, 23- in, 24- the, 25- hood, 26- these, 27- f, 28- coons, 29- who, 30- destroy, 31- society, 32- should, 33- be, 34- executed, 35- worthless, 36- s*, 37- screwing, 38- <censored>, 39- up, 40- societies, 41- throughout, 42- the, 43- world, 44- f***ing, 45- <censored>, 46- nigga, 47- c**ts, 48- <censored>";"hatespeech targeting African";"https://app.prolific.co/submissions/complete?cc=91442ADD"
"15251574_gab";"HateXplain";"when kikes were living in the ghetto instead of running the show";"1- when, 2- kikes, 3- were, 4- living, 5- in, 6- the, 7- ghetto, 8- instead, 9- of, 10- running, 11- the, 12- show";"hatespeech targeting Jewish";"https://app.prolific.co/submissions/complete?cc=91442ADD"
"22502718_gab";"HateXplain";"automatic sheboon niglet cannon";"1- automatic, 2- sheboon, 3- niglet, 4- cannon";"hatespeech targeting African";"https://app.prolific.co/submissions/complete?cc=91442ADD"
"15283670_gab";"HateXplain";"it was a small point the bigger point he was getting at was super elite jews were willing to finance wars that would victimize their own people to <number> demonize christendom as a war mongering faith and <number> establish a jewish state of israel balfour declaration <number>";"1- it, 2- was, 3- a, 4- small, 5- point, 6- the, 7- bigger, 8- point, 9- he, 10- was, 11- getting, 12- at, 13- was, 14- super, 15- elite, 16- jews, 17- were, 18- willing, 19- to, 20- finance, 21- wars, 22- that, 23- would, 24- victimize, 25- their, 26- own, 27- people, 28- to, 29- <number>, 30- demonize, 31- christendom, 32- as, 33- a, 34- war, 35- mongering, 36- faith, 37- and, 38- <number>, 39- establish, 40- a, 41- jewish, 42- state, 43- of, 44- israel, 45- balfour, 46- declaration, 47- <number>";"offensive targeting Jewish";"https://app.prolific.co/submissions/complete?cc=91442ADD"
"25969499_gab";"HateXplain";"the british royal family just accepted a nigger into the blood line normies clearly harry is in love with his bride it is a beautiful thing god damn it why did not the british listen to mosley";"1- the, 2- british, 3- royal, 4- family, 5- just, 6- accepted, 7- a, 8- nigger, 9- into, 10- the, 11- blood, 12- line, 13- normies, 14- clearly, 15- harry, 16- is, 17- in, 18- love, 19- with, 20- his, 21- bride, 22- it, 23- is, 24- a, 25- beautiful, 26- thing, 27- god, 28- damn, 29- it, 30- why, 31- did, 32- not, 33- the, 34- british, 35- listen, 36- to, 37- mosley";"hatespeech targeting African";"https://app.prolific.co/submissions/complete?cc=91442ADD"
"15334455_gab";"HateXplain";"everyone i disagree with is a kike alright i guess that the side i will join";"1- everyone, 2- i, 3- disagree, 4- with, 5- is, 6- a, 7- kike, 8- alright, 9- i, 10- guess, 11- that, 12- the, 13- side, 14- i, 15- will, 16- join";"hatespeech targeting Jewish";"https://app.prolific.co/submissions/complete?cc=91442ADD"
"19545698_gab";"HateXplain";"african american olympian boycotts opening ceremonies because he wasn t chosen to carry flag boo hoo nigger";"1- african, 2- american, 3- olympian, 4- boycotts, 5- opening, 6- ceremonies, 7- because, 8- he, 9- wasn, 10- t, 11- chosen, 12- to, 13- carry, 14- flag, 15- boo, 16- hoo, 17- nigger";"hatespeech targeting African";"https://app.prolific.co/submissions/complete?cc=91442ADD"
"15373293_gab";"HateXplain";"holy fuck gab is filling up with a lot of degenerate jews even worse degenerate jew lovers";"1- holy, 2- fuck, 3- gab, 4- is, 5- filling, 6- up, 7- with, 8- a, 9- lot, 10- of, 11- degenerate, 12- jews, 13- even, 14- worse, 15- degenerate, 16- jew, 17- lovers";"hatespeech targeting Jewish";"https://app.prolific.co/submissions/complete?cc=91442ADD"
"15883236_gab";"HateXplain";"i was gassing coons and kikes when you were just a fan i got bunkers filled with nothing but zyklon cans";"1- i, 2- was, 3- gassing, 4- coons, 5- and, 6- kikes, 7- when, 8- you, 9- were, 10- just, 11- a, 12- fan, 13- i, 14- got, 15- bunkers, 16- filled, 17- with, 18- nothing, 19- but, 20- zyklon, 21- cans";"hatespeech targeting African";"https://app.prolific.co/submissions/complete?cc=91442ADD"
"15378494_gab";"HateXplain";"kill the jews";"1- kill, 2- the, 3- jews";"hatespeech targeting Jewish";"https://app.prolific.co/submissions/complete?cc=91442ADD"
"12544784_gab";"HateXplain";"hey niglets when your jew team owners see you go down on your knees do not be surprised when you find out how small their pps are might want to suck your thumb for practice";"1- hey, 2- niglets, 3- when, 4- your, 5- jew, 6- team, 7- owners, 8- see, 9- you, 10- go, 11- down, 12- on, 13- your, 14- knees, 15- do, 16- not, 17- be, 18- surprised, 19- when, 20- you, 21- find, 22- out, 23- how, 24- small, 25- their, 26- pps, 27- are, 28- might, 29- want, 30- to, 31- suck, 32- your, 33- thumb, 34- for, 35- practice";"hatespeech targeting African";"https://app.prolific.co/submissions/complete?cc=91442ADD"
"15413774_gab";"HateXplain";"no need for hateful comments but how are jews not white people";"1- no, 2- need, 3- for, 4- hateful, 5- comments, 6- but, 7- how, 8- are, 9- jews, 10- not, 11- white, 12- people";"offensive targeting Jewish";"https://app.prolific.co/submissions/complete?cc=91442ADD"
"18204254_gab";"HateXplain";"word of the day indolent use in a sentence congressman <user> <user> ‍ is an indolent nigger who confirms affirmative action was never competency based parents help mefa make english fun again is school for your kids";"1- word, 2- of, 3- the, 4- day, 5- indolent, 6- use, 7- in, 8- a, 9- sentence, 10- congressman, 11- <user>, 12- <user>, 13- ‍, 14- is, 15- an, 16- indolent, 17- nigger, 18- who, 19- confirms, 20- affirmative, 21- action, 22- was, 23- never, 24- competency, 25- based, 26- parents, 27- help, 28- mefa, 29- make, 30- english, 31- fun, 32- again, 33- is, 34- school, 35- for, 36- your, 37- kids";"hatespeech targeting African";"https://app.prolific.co/submissions/complete?cc=91442ADD"
"15428053_gab";"HateXplain";"it does not bother me it is rather amusing to see someone like yourself claim to be intelligent then resort instantly to baseless accusations when proven wrong you communist jews are all the same";"1- it, 2- does, 3- not, 4- bother, 5- me, 6- it, 7- is, 8- rather, 9- amusing, 10- to, 11- see, 12- someone, 13- like, 14- yourself, 15- claim, 16- to, 17- be, 18- intelligent, 19- then, 20- resort, 21- instantly, 22- to, 23- baseless, 24- accusations, 25- when, 26- proven, 27- wrong, 28- you, 29- communist, 30- jews, 31- are, 32- all, 33- the, 34- same";"offensive targeting Jewish";"https://app.prolific.co/submissions/complete?cc=91442ADD"
"22432428_gab";"HateXplain";"says the woman who makes an internet nigger of herself thats great that is";"1- says, 2- the, 3- woman, 4- who, 5- makes, 6- an, 7- internet, 8- nigger, 9- of, 10- herself, 11- thats, 12- great, 13- that, 14- is";"hatespeech targeting African";"https://app.prolific.co/submissions/complete?cc=91442ADD"
"15432897_gab";"HateXplain";"jews declare war on poland only because everyone there knows the death camps were hotels disquised as camps were jews spent the entire war laughing at the naive goyim that died only so that they could create israel ↓";"1- jews, 2- declare, 3- war, 4- on, 5- poland, 6- only, 7- because, 8- everyone, 9- there, 10- knows, 11- the, 12- death, 13- camps, 14- were, 15- hotels, 16- disquised, 17- as, 18- camps, 19- were, 20- jews, 21- spent, 22- the, 23- entire, 24- war, 25- laughing, 26- at, 27- the, 28- naive, 29- goyim, 30- that, 31- died, 32- only, 33- so, 34- that, 35- they, 36- could, 37- create, 38- israel, 39- ↓";"hatespeech targeting Jewish";"https://app.prolific.co/submissions/complete?cc=91442ADD"
"13502199_gab";"HateXplain";"conversely without it a stupid field nigger sans chapeau";"1- conversely, 2- without, 3- it, 4- a, 5- stupid, 6- field, 7- nigger, 8- sans, 9- chapeau";"hatespeech targeting African";"https://app.prolific.co/submissions/complete?cc=91442ADD"
"attention_49";"attention check sentences (HateXplain targeting)";"buy an oz you stupid nicca";"1- buy, 2- an, 3- oz, 4- you, 5- stupid, 6- nicca";"offensive";"https://app.prolific.co/submissions/complete?cc=91442ADD"