"ID";"dataset";"text";"tokens";"label";"redirectUrl"
"19292008_gab";"HateXplain";"we should subvert blacture and put up nigger crime statistics example black men commit over <percent> of the murders in the us while being only <percent> of the population blacture shining a light on black culture";"1- we, 2- should, 3- subvert, 4- blacture, 5- and, 6- put, 7- up, 8- nigger, 9- crime, 10- statistics, 11- example, 12- black, 13- men, 14- commit, 15- over, 16- <percent>, 17- of, 18- the, 19- murders, 20- in, 21- the, 22- us, 23- while, 24- being, 25- only, 26- <percent>, 27- of, 28- the, 29- population, 30- blacture, 31- shining, 32- a, 33- light, 34- on, 35- black, 36- culture";"hatespeech targeting African";"https://app.prolific.co/submissions/complete?cc=91442ADD"
"26543490_gab";"HateXplain";"the violence that the jews controlling the jewdiciary and the media are going to cause is going to be horrendous white countries are the centre of a fusion reactor right now we will not take this for much longer";"1- the, 2- violence, 3- that, 4- the, 5- jews, 6- controlling, 7- the, 8- jewdiciary, 9- and, 10- the, 11- media, 12- are, 13- going, 14- to, 15- cause, 16- is, 17- going, 18- to, 19- be, 20- horrendous, 21- white, 22- countries, 23- are, 24- the, 25- centre, 26- of, 27- a, 28- fusion, 29- reactor, 30- right, 31- now, 32- we, 33- will, 34- not, 35- take, 36- this, 37- for, 38- much, 39- longer";"offensive targeting Jewish";"https://app.prolific.co/submissions/complete?cc=91442ADD"
"18184820_gab";"HateXplain";"i love nigger cock adolf hitler";"1- i, 2- love, 3- nigger, 4- cock, 5- adolf, 6- hitler";"hatespeech targeting African";"https://app.prolific.co/submissions/complete?cc=91442ADD"
"26646364_gab";"HateXplain";"when jew judges jail for speech while letting white girls be raped learn from those who successfully resist jews";"1- when, 2- jew, 3- judges, 4- jail, 5- for, 6- speech, 7- while, 8- letting, 9- white, 10- girls, 11- be, 12- raped, 13- learn, 14- from, 15- those, 16- who, 17- successfully, 18- resist, 19- jews";"hatespeech targeting Jewish";"https://app.prolific.co/submissions/complete?cc=91442ADD"
"6144966_gab";"HateXplain";"right away the nigger goes to muh dik should be legal to decorate the city lampposts with these stupid animals";"1- right, 2- away, 3- the, 4- nigger, 5- goes, 6- to, 7- muh, 8- dik, 9- should, 10- be, 11- legal, 12- to, 13- decorate, 14- the, 15- city, 16- lampposts, 17- with, 18- these, 19- stupid, 20- animals";"hatespeech targeting African";"https://app.prolific.co/submissions/complete?cc=91442ADD"
"26884239_gab";"HateXplain";"she says unironically as jews control most of the supreme court and laws most of congress all of hollywood media news all the banks all academia and are the most billionaires makes perfect sense";"1- she, 2- says, 3- unironically, 4- as, 5- jews, 6- control, 7- most, 8- of, 9- the, 10- supreme, 11- court, 12- and, 13- laws, 14- most, 15- of, 16- congress, 17- all, 18- of, 19- hollywood, 20- media, 21- news, 22- all, 23- the, 24- banks, 25- all, 26- academia, 27- and, 28- are, 29- the, 30- most, 31- billionaires, 32- makes, 33- perfect, 34- sense";"offensive targeting Jewish";"https://app.prolific.co/submissions/complete?cc=91442ADD"
"25180786_gab";"HateXplain";"hell no definitely not the first time you know your name by now i am sure of that even a fucking chimp would know it name by now i would assess your capabilities somewhere between average dindu nigger and the chimpanzee";"1- hell, 2- no, 3- definitely, 4- not, 5- the, 6- first, 7- time, 8- you, 9- know, 10- your, 11- name, 12- by, 13- now, 14- i, 15- am, 16- sure, 17- of, 18- that, 19- even, 20- a, 21- fucking, 22- chimp, 23- would, 24- know, 25- it, 26- name, 27- by, 28- now, 29- i, 30- would, 31- assess, 32- your, 33- capabilities, 34- somewhere, 35- between, 36- average, 37- dindu, 38- nigger, 39- and, 40- the, 41- chimpanzee";"hatespeech targeting African";"https://app.prolific.co/submissions/complete?cc=91442ADD"
"26931844_gab";"HateXplain";"daily reminder that kikey was removed not because he was a trump shill but because he was a shit moderator who fucked over the board with a bo sponsored raid then went to sleep 8 chan";"1- daily, 2- reminder, 3- that, 4- kikey, 5- was, 6- removed, 7- not, 8- because, 9- he, 10- was, 11- a, 12- trump, 13- shill, 14- but, 15- because, 16- he, 17- was, 18- a, 19- shit, 20- moderator, 21- who, 22- fucked, 23- over, 24- the, 25- board, 26- with, 27- a, 28- bo, 29- sponsored, 30- raid, 31- then, 32- went, 33- to, 34- sleep, 35- 8, 36- chan";"offensive targeting Jewish";"https://app.prolific.co/submissions/complete?cc=91442ADD"
"24027595_gab";"HateXplain";"but bro what about that based female nigger general trump hired friggin based man";"1- but, 2- bro, 3- what, 4- about, 5- that, 6- based, 7- female, 8- nigger, 9- general, 10- trump, 11- hired, 12- friggin, 13- based, 14- man";"hatespeech targeting African";"https://app.prolific.co/submissions/complete?cc=91442ADD"
"26989362_gab";"HateXplain";"imagine actually thinking semites were more intelligent than whites or asians hahahahahaahahaha";"1- imagine, 2- actually, 3- thinking, 4- semites, 5- were, 6- more, 7- intelligent, 8- than, 9- whites, 10- or, 11- asians, 12- hahahahahaahahaha";"hatespeech targeting Jewish";"https://app.prolific.co/submissions/complete?cc=91442ADD"
"27629806_gab";"HateXplain";"go fuck a nigger you faggot";"1- go, 2- fuck, 3- a, 4- nigger, 5- you, 6- faggot";"hatespeech targeting African";"https://app.prolific.co/submissions/complete?cc=91442ADD"
"27005298_gab";"HateXplain";"thanks jews how it started";"1- thanks, 2- jews, 3- how, 4- it, 5- started";"offensive targeting Jewish";"https://app.prolific.co/submissions/complete?cc=91442ADD"
"20492843_gab";"HateXplain";"doing what a nigger does best fucking shit up";"1- doing, 2- what, 3- a, 4- nigger, 5- does, 6- best, 7- fucking, 8- shit, 9- up";"hatespeech targeting African";"https://app.prolific.co/submissions/complete?cc=91442ADD"
"27010048_gab";"HateXplain";"again none of your bullshit has changed anything if anything the jews are more powerful since you idiots started yapping <number> years back";"1- again, 2- none, 3- of, 4- your, 5- bullshit, 6- has, 7- changed, 8- anything, 9- if, 10- anything, 11- the, 12- jews, 13- are, 14- more, 15- powerful, 16- since, 17- you, 18- idiots, 19- started, 20- yapping, 21- <number>, 22- years, 23- back";"offensive targeting Jewish";"https://app.prolific.co/submissions/complete?cc=91442ADD"
"1750303_gab";"HateXplain";"<user> calling someone a nigger is probably the douchebag equivalent of a down vote in the real world if you can not handle the downvotes maybe you should not use the word do not be afraid to speak freely when other people will not like it i am like <number> something";"1- <user>, 2- calling, 3- someone, 4- a, 5- nigger, 6- is, 7- probably, 8- the, 9- douchebag, 10- equivalent, 11- of, 12- a, 13- down, 14- vote, 15- in, 16- the, 17- real, 18- world, 19- if, 20- you, 21- can, 22- not, 23- handle, 24- the, 25- downvotes, 26- maybe, 27- you, 28- should, 29- not, 30- use, 31- the, 32- word, 33- do, 34- not, 35- be, 36- afraid, 37- to, 38- speak, 39- freely, 40- when, 41- other, 42- people, 43- will, 44- not, 45- like, 46- it, 47- i, 48- am, 49- like, 50- <number>, 51- something";"hatespeech targeting African";"https://app.prolific.co/submissions/complete?cc=91442ADD"
"27341451_gab";"HateXplain";"the alt right are better organised to take down the agents of zog do you want a real holocaust jew club its coming we are sick of you un soros womens pay issues you mean shit the blade of justice is coming the knights of cydonia are coming";"1- the, 2- alt, 3- right, 4- are, 5- better, 6- organised, 7- to, 8- take, 9- down, 10- the, 11- agents, 12- of, 13- zog, 14- do, 15- you, 16- want, 17- a, 18- real, 19- holocaust, 20- jew, 21- club, 22- its, 23- coming, 24- we, 25- are, 26- sick, 27- of, 28- you, 29- un, 30- soros, 31- womens, 32- pay, 33- issues, 34- you, 35- mean, 36- shit, 37- the, 38- blade, 39- of, 40- justice, 41- is, 42- coming, 43- the, 44- knights, 45- of, 46- cydonia, 47- are, 48- coming";"offensive targeting Jewish";"https://app.prolific.co/submissions/complete?cc=91442ADD"
"12039698_gab";"HateXplain";"yes yes yes we have been suspicious for years how many conservative federal judges secretly take nigger dick up the asshole <number> days a week how many conservative reps senators secretly total pedo homos who has the video evidence of it that could ruin their careers";"1- yes, 2- yes, 3- yes, 4- we, 5- have, 6- been, 7- suspicious, 8- for, 9- years, 10- how, 11- many, 12- conservative, 13- federal, 14- judges, 15- secretly, 16- take, 17- nigger, 18- dick, 19- up, 20- the, 21- asshole, 22- <number>, 23- days, 24- a, 25- week, 26- how, 27- many, 28- conservative, 29- reps, 30- senators, 31- secretly, 32- total, 33- pedo, 34- homos, 35- who, 36- has, 37- the, 38- video, 39- evidence, 40- of, 41- it, 42- that, 43- could, 44- ruin, 45- their, 46- careers";"hatespeech targeting African";"https://app.prolific.co/submissions/complete?cc=91442ADD"
"27368390_gab";"HateXplain";"this is how much jews hate christians";"1- this, 2- is, 3- how, 4- much, 5- jews, 6- hate, 7- christians";"offensive targeting Jewish";"https://app.prolific.co/submissions/complete?cc=91442ADD"
"14400644_gab";"HateXplain";"this nigger is obsessed with me";"1- this, 2- nigger, 3- is, 4- obsessed, 5- with, 6- me";"offensive targeting African";"https://app.prolific.co/submissions/complete?cc=91442ADD"
"27385986_gab";"HateXplain";"i hate jews so fuckin much 😤";"1- i, 2- hate, 3- jews, 4- so, 5- fuckin, 6- much, 7- 😤";"hatespeech targeting Jewish";"https://app.prolific.co/submissions/complete?cc=91442ADD"
"15106850_gab";"HateXplain";"vile nigger scum black violence black crime send them back to africa avoid the groid this week in black crime segregation now";"1- vile, 2- nigger, 3- scum, 4- black, 5- violence, 6- black, 7- crime, 8- send, 9- them, 10- back, 11- to, 12- africa, 13- avoid, 14- the, 15- groid, 16- this, 17- week, 18- in, 19- black, 20- crime, 21- segregation, 22- now";"hatespeech targeting African";"https://app.prolific.co/submissions/complete?cc=91442ADD"
"27386050_gab";"HateXplain";"wherever trump goes there is love peace and happiness except for israel only jews would kill around <number> people in his presence";"1- wherever, 2- trump, 3- goes, 4- there, 5- is, 6- love, 7- peace, 8- and, 9- happiness, 10- except, 11- for, 12- israel, 13- only, 14- jews, 15- would, 16- kill, 17- around, 18- <number>, 19- people, 20- in, 21- his, 22- presence";"hatespeech targeting Jewish";"https://app.prolific.co/submissions/complete?cc=91442ADD"
"15290126_gab";"HateXplain";"i do not even know what language these pocs are speaking cardi b bodak yellow lil uzi vert childish gambino khalid this music is jigaboo jibberish george washington is going full bowlcut in his grave";"1- i, 2- do, 3- not, 4- even, 5- know, 6- what, 7- language, 8- these, 9- pocs, 10- are, 11- speaking, 12- cardi, 13- b, 14- bodak, 15- yellow, 16- lil, 17- uzi, 18- vert, 19- childish, 20- gambino, 21- khalid, 22- this, 23- music, 24- is, 25- jigaboo, 26- jibberish, 27- george, 28- washington, 29- is, 30- going, 31- full, 32- bowlcut, 33- in, 34- his, 35- grave";"hatespeech targeting African";"https://app.prolific.co/submissions/complete?cc=91442ADD"
"27387938_gab";"HateXplain";"all jews in senate there <number> who have dual citizenship it would be no whites or non jew in gov read protocols of the elders of zion";"1- all, 2- jews, 3- in, 4- senate, 5- there, 6- <number>, 7- who, 8- have, 9- dual, 10- citizenship, 11- it, 12- would, 13- be, 14- no, 15- whites, 16- or, 17- non, 18- jew, 19- in, 20- gov, 21- read, 22- protocols, 23- of, 24- the, 25- elders, 26- of, 27- zion";"offensive targeting Jewish";"https://app.prolific.co/submissions/complete?cc=91442ADD"
"16073311_gab";"HateXplain";"alabama if this wasn t stolen then may you all follow your nigger to hell";"1- alabama, 2- if, 3- this, 4- wasn, 5- t, 6- stolen, 7- then, 8- may, 9- you, 10- all, 11- follow, 12- your, 13- nigger, 14- to, 15- hell";"hatespeech targeting African";"https://app.prolific.co/submissions/complete?cc=91442ADD"
"27438758_gab";"HateXplain";"jews are fucking liars architects of diversity and division";"1- jews, 2- are, 3- fucking, 4- liars, 5- architects, 6- of, 7- diversity, 8- and, 9- division";"hatespeech targeting Jewish";"https://app.prolific.co/submissions/complete?cc=91442ADD"
"5238165_gab";"HateXplain";"dmtbka mudshark problems nigger word kills <number> year old";"1- dmtbka, 2- mudshark, 3- problems, 4- nigger, 5- word, 6- kills, 7- <number>, 8- year, 9- old";"hatespeech targeting African";"https://app.prolific.co/submissions/complete?cc=91442ADD"
"27478936_gab";"HateXplain";"jews will holocaust one of their own if its good for the jews bye bye jew tommy";"1- jews, 2- will, 3- holocaust, 4- one, 5- of, 6- their, 7- own, 8- if, 9- its, 10- good, 11- for, 12- the, 13- jews, 14- bye, 15- bye, 16- jew, 17- tommy";"hatespeech targeting Jewish";"https://app.prolific.co/submissions/complete?cc=91442ADD"
"12183784_gab";"HateXplain";"im the victim here i could be like a alt right rosa parks only i was really discriminated against im not just some whining nigger 😡";"1- im, 2- the, 3- victim, 4- here, 5- i, 6- could, 7- be, 8- like, 9- a, 10- alt, 11- right, 12- rosa, 13- parks, 14- only, 15- i, 16- was, 17- really, 18- discriminated, 19- against, 20- im, 21- not, 22- just, 23- some, 24- whining, 25- nigger, 26- 😡";"hatespeech targeting African";"https://app.prolific.co/submissions/complete?cc=91442ADD"
"attention_60";"attention check sentences (HateXplain targeting)";"those filthy backstabbing commies";"1- those, 2- filthy, 3- backstabbing, 4- commies";"offensive";"https://app.prolific.co/submissions/complete?cc=91442ADD"