"ID";"dataset";"text";"tokens";"label";"redirectUrl"
"22967965_gab";"HateXplain";"he funny as shit i do not know of anyone else who captures the experience of being a modern loser and pervert so well his article on how a gay guy stole his underwear at the gym is hilarious";"1- he, 2- funny, 3- as, 4- shit, 5- i, 6- do, 7- not, 8- know, 9- of, 10- anyone, 11- else, 12- who, 13- captures, 14- the, 15- experience, 16- of, 17- being, 18- a, 19- modern, 20- loser, 21- and, 22- pervert, 23- so, 24- well, 25- his, 26- article, 27- on, 28- how, 29- a, 30- gay, 31- guy, 32- stole, 33- his, 34- underwear, 35- at, 36- the, 37- gym, 38- is, 39- hilarious";"offensive targeting Homosexual";"https://app.prolific.co/submissions/complete?cc=91442ADD"
"1179056023627325441_twitter";"HateXplain";"i realized women just retarded they will never look at shit the way you do";"1- i, 2- realized, 3- women, 4- just, 5- retarded, 6- they, 7- will, 8- never, 9- look, 10- at, 11- shit, 12- the, 13- way, 14- you, 15- do";"offensive targeting Women";"https://app.prolific.co/submissions/complete?cc=91442ADD"
"23082971_gab";"HateXplain";"have just another rabbit running on facebook under the honey badge guise this one is a little rocket wicked fun making jews dance the homo paedo dave slatfascists is unable to find me on facebook";"1- have, 2- just, 3- another, 4- rabbit, 5- running, 6- on, 7- facebook, 8- under, 9- the, 10- honey, 11- badge, 12- guise, 13- this, 14- one, 15- is, 16- a, 17- little, 18- rocket, 19- wicked, 20- fun, 21- making, 22- jews, 23- dance, 24- the, 25- homo, 26- paedo, 27- dave, 28- slatfascists, 29- is, 30- unable, 31- to, 32- find, 33- me, 34- on, 35- facebook";"hatespeech targeting Homosexual";"https://app.prolific.co/submissions/complete?cc=91442ADD"
"1179099136349626368_twitter";"HateXplain";"dorothy a dirty slut";"1- dorothy, 2- a, 3- dirty, 4- slut";"offensive targeting Women";"https://app.prolific.co/submissions/complete?cc=91442ADD"
"23088833_gab";"HateXplain";"when gays hack into their gay mate facebook accounts do they change the status to i m straight and i love eating pussy";"1- when, 2- gays, 3- hack, 4- into, 5- their, 6- gay, 7- mate, 8- facebook, 9- accounts, 10- do, 11- they, 12- change, 13- the, 14- status, 15- to, 16- i, 17- m, 18- straight, 19- and, 20- i, 21- love, 22- eating, 23- pussy";"offensive targeting Homosexual";"https://app.prolific.co/submissions/complete?cc=91442ADD"
"1144390831601852416_twitter";"HateXplain";"just remembered those traffickers worked for penguin hate that ugly bitch so much";"1- just, 2- remembered, 3- those, 4- traffickers, 5- worked, 6- for, 7- penguin, 8- hate, 9- that, 10- ugly, 11- bitch, 12- so, 13- much";"offensive targeting Women";"https://app.prolific.co/submissions/complete?cc=91442ADD"
"23098856_gab";"HateXplain";"basically the survivors of world war i and ii were mostly faggots and pussies and this is the world they made";"1- basically, 2- the, 3- survivors, 4- of, 5- world, 6- war, 7- i, 8- and, 9- ii, 10- were, 11- mostly, 12- faggots, 13- and, 14- pussies, 15- and, 16- this, 17- is, 18- the, 19- world, 20- they, 21- made";"offensive targeting Homosexual";"https://app.prolific.co/submissions/complete?cc=91442ADD"
"1179090261110071298_twitter";"HateXplain";"earlier today i was wondering if i was manic or not and i almost fought some dumb bitch at a stop light so i d say ya i am most definitely manic";"1- earlier, 2- today, 3- i, 4- was, 5- wondering, 6- if, 7- i, 8- was, 9- manic, 10- or, 11- not, 12- and, 13- i, 14- almost, 15- fought, 16- some, 17- dumb, 18- bitch, 19- at, 20- a, 21- stop, 22- light, 23- so, 24- i, 25- d, 26- say, 27- ya, 28- i, 29- am, 30- most, 31- definitely, 32- manic";"offensive targeting Women";"https://app.prolific.co/submissions/complete?cc=91442ADD"
"23118610_gab";"HateXplain";"look at this faggot ricky vaughn aka douglass mackey he some ex gov employee beta cuck he got that i just gave someone important a blow job smile";"1- look, 2- at, 3- this, 4- faggot, 5- ricky, 6- vaughn, 7- aka, 8- douglass, 9- mackey, 10- he, 11- some, 12- ex, 13- gov, 14- employee, 15- beta, 16- cuck, 17- he, 18- got, 19- that, 20- i, 21- just, 22- gave, 23- someone, 24- important, 25- a, 26- blow, 27- job, 28- smile";"hatespeech targeting Homosexual";"https://app.prolific.co/submissions/complete?cc=91442ADD"
"1178807964829810688_twitter";"HateXplain";"my middle and pointer finger nails broke so now i really do look like a lesbian";"1- my, 2- middle, 3- and, 4- pointer, 5- finger, 6- nails, 7- broke, 8- so, 9- now, 10- i, 11- really, 12- do, 13- look, 14- like, 15- a, 16- lesbian";"offensive targeting Women";"https://app.prolific.co/submissions/complete?cc=91442ADD"
"23193283_gab";"HateXplain";"shut up queer";"1- shut, 2- up, 3- queer";"hatespeech targeting Homosexual";"https://app.prolific.co/submissions/complete?cc=91442ADD"
"1187901870192414725_twitter";"HateXplain";"prolly heard i was a hoe from a hoe";"1- prolly, 2- heard, 3- i, 4- was, 5- a, 6- hoe, 7- from, 8- a, 9- hoe";"offensive targeting Women";"https://app.prolific.co/submissions/complete?cc=91442ADD"
"23199017_gab";"HateXplain";"if cantwell really was ratting out wns i do not think he d be stupid enough to announce it i am hoping he has some information on antifa and the actions of cville that have been suppressed so far that can lead to putting all those faggots in prison";"1- if, 2- cantwell, 3- really, 4- was, 5- ratting, 6- out, 7- wns, 8- i, 9- do, 10- not, 11- think, 12- he, 13- d, 14- be, 15- stupid, 16- enough, 17- to, 18- announce, 19- it, 20- i, 21- am, 22- hoping, 23- he, 24- has, 25- some, 26- information, 27- on, 28- antifa, 29- and, 30- the, 31- actions, 32- of, 33- cville, 34- that, 35- have, 36- been, 37- suppressed, 38- so, 39- far, 40- that, 41- can, 42- lead, 43- to, 44- putting, 45- all, 46- those, 47- faggots, 48- in, 49- prison";"hatespeech targeting Homosexual";"https://app.prolific.co/submissions/complete?cc=91442ADD"
"1179058772829884422_twitter";"HateXplain";"i want a taser so i can just tase this hoe";"1- i, 2- want, 3- a, 4- taser, 5- so, 6- i, 7- can, 8- just, 9- tase, 10- this, 11- hoe";"offensive targeting Women";"https://app.prolific.co/submissions/complete?cc=91442ADD"
"23231902_gab";"HateXplain";"ricky is a fucking faggot subversive bitch tbh i d rather fight him than dox him but he got fucked up non the less fuck him";"1- ricky, 2- is, 3- a, 4- fucking, 5- faggot, 6- subversive, 7- bitch, 8- tbh, 9- i, 10- d, 11- rather, 12- fight, 13- him, 14- than, 15- dox, 16- him, 17- but, 18- he, 19- got, 20- fucked, 21- up, 22- non, 23- the, 24- less, 25- fuck, 26- him";"offensive targeting Homosexual";"https://app.prolific.co/submissions/complete?cc=91442ADD"
"1096147842136240128_twitter";"HateXplain";"strep throat aint no hoe 🖕 🏽 🖕 🏽 🖕 🏽";"1- strep, 2- throat, 3- aint, 4- no, 5- hoe, 6- 🖕, 7- 🏽, 8- 🖕, 9- 🏽, 10- 🖕, 11- 🏽";"offensive targeting Women";"https://app.prolific.co/submissions/complete?cc=91442ADD"
"23241349_gab";"HateXplain";"faggot ass nigger <user>";"1- faggot, 2- ass, 3- nigger, 4- <user>";"hatespeech targeting Homosexual";"https://app.prolific.co/submissions/complete?cc=91442ADD"
"1163267401607241729_twitter";"HateXplain";"weirdo ass hoes";"1- weirdo, 2- ass, 3- hoes";"offensive targeting Women";"https://app.prolific.co/submissions/complete?cc=91442ADD"
"23267605_gab";"HateXplain";"this is what you nazi faggots do all day";"1- this, 2- is, 3- what, 4- you, 5- nazi, 6- faggots, 7- do, 8- all, 9- day";"offensive targeting Homosexual";"https://app.prolific.co/submissions/complete?cc=91442ADD"
"1082222668978352130_twitter";"HateXplain";"not or vomit bitches like a child";"1- not, 2- or, 3- vomit, 4- bitches, 5- like, 6- a, 7- child";"offensive targeting Women";"https://app.prolific.co/submissions/complete?cc=91442ADD"
"23672739_gab";"HateXplain";"that two nazi faggot scalps you are next";"1- that, 2- two, 3- nazi, 4- faggot, 5- scalps, 6- you, 7- are, 8- next";"hatespeech targeting Homosexual";"https://app.prolific.co/submissions/complete?cc=91442ADD"
"1166370167347175424_twitter";"HateXplain";"i block goofy hoes";"1- i, 2- block, 3- goofy, 4- hoes";"offensive targeting Women";"https://app.prolific.co/submissions/complete?cc=91442ADD"
"23776541_gab";"HateXplain";"the cultural marxist revolution is in full swing in èire there a witch hunt against heterosexual rugby players while our taoiseach is a homosexual sodomite etc";"1- the, 2- cultural, 3- marxist, 4- revolution, 5- is, 6- in, 7- full, 8- swing, 9- in, 10- èire, 11- there, 12- a, 13- witch, 14- hunt, 15- against, 16- heterosexual, 17- rugby, 18- players, 19- while, 20- our, 21- taoiseach, 22- is, 23- a, 24- homosexual, 25- sodomite, 26- etc";"offensive targeting Homosexual";"https://app.prolific.co/submissions/complete?cc=91442ADD"
"1092144496391929857_twitter";"HateXplain";"how hoes be whole ass adults and cant drive";"1- how, 2- hoes, 3- be, 4- whole, 5- ass, 6- adults, 7- and, 8- cant, 9- drive";"offensive targeting Women";"https://app.prolific.co/submissions/complete?cc=91442ADD"
"2378579_gab";"HateXplain";"<user> you would think after all the incidents of islamic violence perpetrated against homosexuals that the gay community would cease attempting to build some odd coalition with muslims yet there they are attempting to do so to this day i for one am baffled";"1- <user>, 2- you, 3- would, 4- think, 5- after, 6- all, 7- the, 8- incidents, 9- of, 10- islamic, 11- violence, 12- perpetrated, 13- against, 14- homosexuals, 15- that, 16- the, 17- gay, 18- community, 19- would, 20- cease, 21- attempting, 22- to, 23- build, 24- some, 25- odd, 26- coalition, 27- with, 28- muslims, 29- yet, 30- there, 31- they, 32- are, 33- attempting, 34- to, 35- do, 36- so, 37- to, 38- this, 39- day, 40- i, 41- for, 42- one, 43- am, 44- baffled";"offensive targeting Homosexual";"https://app.prolific.co/submissions/complete?cc=91442ADD"
"1082070654801723395_twitter";"HateXplain";"fuck if you gonna run on first get more blockers if not throw that bitch";"1- fuck, 2- if, 3- you, 4- gonna, 5- run, 6- on, 7- first, 8- get, 9- more, 10- blockers, 11- if, 12- not, 13- throw, 14- that, 15- bitch";"offensive targeting Women";"https://app.prolific.co/submissions/complete?cc=91442ADD"
"23800765_gab";"HateXplain";"hahahahaha you faggots say the most outrageous things in the mean time der fuhrer";"1- hahahahaha, 2- you, 3- faggots, 4- say, 5- the, 6- most, 7- outrageous, 8- things, 9- in, 10- the, 11- mean, 12- time, 13- der, 14- fuhrer";"offensive targeting Homosexual";"https://app.prolific.co/submissions/complete?cc=91442ADD"
"1088895143925567488_twitter";"HateXplain";"i do not trust none of u hoes";"1- i, 2- do, 3- not, 4- trust, 5- none, 6- of, 7- u, 8- hoes";"offensive targeting Women";"https://app.prolific.co/submissions/complete?cc=91442ADD"
"23804299_gab";"HateXplain";"yeah the other nazi faggots would probably call you a pussy if you did not swallow";"1- yeah, 2- the, 3- other, 4- nazi, 5- faggots, 6- would, 7- probably, 8- call, 9- you, 10- a, 11- pussy, 12- if, 13- you, 14- did, 15- not, 16- swallow";"offensive targeting Homosexual";"https://app.prolific.co/submissions/complete?cc=91442ADD"
"attention_35";"attention check sentences (HateXplain targeting)";"man i noticed alot of ragheads when i was in london";"1- man, 2- i, 3- noticed, 4- alot, 5- of, 6- ragheads, 7- when, 8- i, 9- was, 10- in, 11- london";"offensive";"https://app.prolific.co/submissions/complete?cc=91442ADD"