"ID";"dataset";"text";"tokens";"label";"redirectUrl"
"5313839_gab";"HateXplain";"daniel boone was a man he was a big man but i was bigger so he ran like a nigger up a tree";"1- daniel, 2- boone, 3- was, 4- a, 5- man, 6- he, 7- was, 8- a, 9- big, 10- man, 11- but, 12- i, 13- was, 14- bigger, 15- so, 16- he, 17- ran, 18- like, 19- a, 20- nigger, 21- up, 22- a, 23- tree";"offensive targeting African";"https://app.prolific.co/submissions/complete?cc=91442ADD"
"16750798_gab";"HateXplain";"color me shocked just another degenerate heeb for ya";"1- color, 2- me, 3- shocked, 4- just, 5- another, 6- degenerate, 7- heeb, 8- for, 9- ya";"hatespeech targeting Jewish";"https://app.prolific.co/submissions/complete?cc=91442ADD"
"20338528_gab";"HateXplain";"usurper moslem fraud usurper";"1- usurper, 2- moslem, 3- fraud, 4- usurper";"hatespeech targeting Islam";"https://app.prolific.co/submissions/complete?cc=91442ADD"
"19035048_gab";"HateXplain";"a shitpost does not equate to starting a topic just to spew random statements and you are defending the fucking sand niggers of iran you disgust me a good muslim is a mutilated and dead muslim end of discussion deusvult";"1- a, 2- shitpost, 3- does, 4- not, 5- equate, 6- to, 7- starting, 8- a, 9- topic, 10- just, 11- to, 12- spew, 13- random, 14- statements, 15- and, 16- you, 17- are, 18- defending, 19- the, 20- fucking, 21- sand, 22- niggers, 23- of, 24- iran, 25- you, 26- disgust, 27- me, 28- a, 29- good, 30- muslim, 31- is, 32- a, 33- mutilated, 34- and, 35- dead, 36- muslim, 37- end, 38- of, 39- discussion, 40- deusvult";"hatespeech targeting Arab";"https://app.prolific.co/submissions/complete?cc=91442ADD"
"3997290_gab";"HateXplain";"over the next week up until trump become potus we will see some of the most ridiculous and idiotic behavior yet from the left as psychotic panic and hate sets in deeper into the brainless minds of the lunatic liberals they will resort to uncontrollable violence and insane deadly behavior";"1- over, 2- the, 3- next, 4- week, 5- up, 6- until, 7- trump, 8- become, 9- potus, 10- we, 11- will, 12- see, 13- some, 14- of, 15- the, 16- most, 17- ridiculous, 18- and, 19- idiotic, 20- behavior, 21- yet, 22- from, 23- the, 24- left, 25- as, 26- psychotic, 27- panic, 28- and, 29- hate, 30- sets, 31- in, 32- deeper, 33- into, 34- the, 35- brainless, 36- minds, 37- of, 38- the, 39- lunatic, 40- liberals, 41- they, 42- will, 43- resort, 44- to, 45- uncontrollable, 46- violence, 47- and, 48- insane, 49- deadly, 50- behavior";"offensive targeting Other";"https://app.prolific.co/submissions/complete?cc=91442ADD"
"6469864_gab";"HateXplain";"if our civilization is not superior why do immigrants flock here rather than stay in their native regions the united states is not geographically contiguous with syria";"1- if, 2- our, 3- civilization, 4- is, 5- not, 6- superior, 7- why, 8- do, 9- immigrants, 10- flock, 11- here, 12- rather, 13- than, 14- stay, 15- in, 16- their, 17- native, 18- regions, 19- the, 20- united, 21- states, 22- is, 23- not, 24- geographically, 25- contiguous, 26- with, 27- syria";"offensive targeting Refugee";"https://app.prolific.co/submissions/complete?cc=91442ADD"
"16070530_gab";"HateXplain";"<user> is going to let pedos run freely on gab advocating for child fucking but if you think nigger and jew rapists that want you enslaved and your kids raped should be killed you are the bad guy";"1- <user>, 2- is, 3- going, 4- to, 5- let, 6- pedos, 7- run, 8- freely, 9- on, 10- gab, 11- advocating, 12- for, 13- child, 14- fucking, 15- but, 16- if, 17- you, 18- think, 19- nigger, 20- and, 21- jew, 22- rapists, 23- that, 24- want, 25- you, 26- enslaved, 27- and, 28- your, 29- kids, 30- raped, 31- should, 32- be, 33- killed, 34- you, 35- are, 36- the, 37- bad, 38- guy";"hatespeech targeting African";"https://app.prolific.co/submissions/complete?cc=91442ADD"
"21814284_gab";"HateXplain";"that happened when you allow a rat yid in your country";"1- that, 2- happened, 3- when, 4- you, 5- allow, 6- a, 7- rat, 8- yid, 9- in, 10- your, 11- country";"hatespeech targeting Jewish";"https://app.prolific.co/submissions/complete?cc=91442ADD"
"22549644_gab";"HateXplain";"this makes me sick the muzzrat should be used as a pinyatta in prison dude on the bottom should come to america and make more videos";"1- this, 2- makes, 3- me, 4- sick, 5- the, 6- muzzrat, 7- should, 8- be, 9- used, 10- as, 11- a, 12- pinyatta, 13- in, 14- prison, 15- dude, 16- on, 17- the, 18- bottom, 19- should, 20- come, 21- to, 22- america, 23- and, 24- make, 25- more, 26- videos";"hatespeech targeting Islam";"https://app.prolific.co/submissions/complete?cc=91442ADD"
"19136079_gab";"HateXplain";"islam exists its a problem and should be erased period dont defend sand niggers nothing is more disgusting than someone who defends these animals all muslims are still muslim and all muslims should die by the sword of god deusvult";"1- islam, 2- exists, 3- its, 4- a, 5- problem, 6- and, 7- should, 8- be, 9- erased, 10- period, 11- dont, 12- defend, 13- sand, 14- niggers, 15- nothing, 16- is, 17- more, 18- disgusting, 19- than, 20- someone, 21- who, 22- defends, 23- these, 24- animals, 25- all, 26- muslims, 27- are, 28- still, 29- muslim, 30- and, 31- all, 32- muslims, 33- should, 34- die, 35- by, 36- the, 37- sword, 38- of, 39- god, 40- deusvult";"hatespeech targeting Arab";"https://app.prolific.co/submissions/complete?cc=91442ADD"
"4030282_gab";"HateXplain";"<user> devildog the uc davis protesters remind me of the bolsheviks and every communist that has lived no dialog just violence and killing reminds me also of the nazis the storm troopers and the ss";"1- <user>, 2- devildog, 3- the, 4- uc, 5- davis, 6- protesters, 7- remind, 8- me, 9- of, 10- the, 11- bolsheviks, 12- and, 13- every, 14- communist, 15- that, 16- has, 17- lived, 18- no, 19- dialog, 20- just, 21- violence, 22- and, 23- killing, 24- reminds, 25- me, 26- also, 27- of, 28- the, 29- nazis, 30- the, 31- storm, 32- troopers, 33- and, 34- the, 35- ss";"offensive targeting Other";"https://app.prolific.co/submissions/complete?cc=91442ADD"
"6586069_gab";"HateXplain";"hey starbucks you are the partisan problem not your coffee you keep hiring those refugees";"1- hey, 2- starbucks, 3- you, 4- are, 5- the, 6- partisan, 7- problem, 8- not, 9- your, 10- coffee, 11- you, 12- keep, 13- hiring, 14- those, 15- refugees";"offensive targeting Refugee";"https://app.prolific.co/submissions/complete?cc=91442ADD"
"24721556_gab";"HateXplain";"yes go be a nigger somewhere else";"1- yes, 2- go, 3- be, 4- a, 5- nigger, 6- somewhere, 7- else";"hatespeech targeting African";"https://app.prolific.co/submissions/complete?cc=91442ADD"
"25934380_gab";"HateXplain";"nope not even remotely interested in kike religion";"1- nope, 2- not, 3- even, 4- remotely, 5- interested, 6- in, 7- kike, 8- religion";"hatespeech targeting Jewish";"https://app.prolific.co/submissions/complete?cc=91442ADD"
"16871630_gab";"HateXplain";"my sign civilized people live in this area and moslems are considered filthy wiping ass with bare hands shitting in public etc stay away from non moslem lands";"1- my, 2- sign, 3- civilized, 4- people, 5- live, 6- in, 7- this, 8- area, 9- and, 10- moslems, 11- are, 12- considered, 13- filthy, 14- wiping, 15- ass, 16- with, 17- bare, 18- hands, 19- shitting, 20- in, 21- public, 22- etc, 23- stay, 24- away, 25- from, 26- non, 27- moslem, 28- lands";"hatespeech targeting Islam";"https://app.prolific.co/submissions/complete?cc=91442ADD"
"19137219_gab";"HateXplain";"lol shoo shoo you belong with the sand niggers";"1- lol, 2- shoo, 3- shoo, 4- you, 5- belong, 6- with, 7- the, 8- sand, 9- niggers";"hatespeech targeting Arab";"https://app.prolific.co/submissions/complete?cc=91442ADD"
"4392040_gab";"HateXplain";"<user> my iq is relevant when someone that has never met me assumes i am retarded thinks they can put me down with flippant theories that are at best laughable i read many bibles my favorite is dakes";"1- <user>, 2- my, 3- iq, 4- is, 5- relevant, 6- when, 7- someone, 8- that, 9- has, 10- never, 11- met, 12- me, 13- assumes, 14- i, 15- am, 16- retarded, 17- thinks, 18- they, 19- can, 20- put, 21- me, 22- down, 23- with, 24- flippant, 25- theories, 26- that, 27- are, 28- at, 29- best, 30- laughable, 31- i, 32- read, 33- many, 34- bibles, 35- my, 36- favorite, 37- is, 38- dakes";"offensive targeting Other";"https://app.prolific.co/submissions/complete?cc=91442ADD"
"7015038_gab";"HateXplain";"even child refugees are rapists idaho anyone i have all boys they are in high school if i had elementary age kids there no way i d let them attend school with those third world heathens maga usa immigration refugees";"1- even, 2- child, 3- refugees, 4- are, 5- rapists, 6- idaho, 7- anyone, 8- i, 9- have, 10- all, 11- boys, 12- they, 13- are, 14- in, 15- high, 16- school, 17- if, 18- i, 19- had, 20- elementary, 21- age, 22- kids, 23- there, 24- no, 25- way, 26- i, 27- d, 28- let, 29- them, 30- attend, 31- school, 32- with, 33- those, 34- third, 35- world, 36- heathens, 37- maga, 38- usa, 39- immigration, 40- refugees";"hatespeech targeting Refugee";"https://app.prolific.co/submissions/complete?cc=91442ADD"
"22484190_gab";"HateXplain";"if he does something useful i was saving this or nigger pitbull shit eitherway";"1- if, 2- he, 3- does, 4- something, 5- useful, 6- i, 7- was, 8- saving, 9- this, 10- or, 11- nigger, 12- pitbull, 13- shit, 14- eitherway";"hatespeech targeting African";"https://app.prolific.co/submissions/complete?cc=91442ADD"
"20906157_gab";"HateXplain";"i think it is because you are full of shit and refuse to budge on the kike narrative that you have been brainwashed to believe is the only way forward";"1- i, 2- think, 3- it, 4- is, 5- because, 6- you, 7- are, 8- full, 9- of, 10- shit, 11- and, 12- refuse, 13- to, 14- budge, 15- on, 16- the, 17- kike, 18- narrative, 19- that, 20- you, 21- have, 22- been, 23- brainwashed, 24- to, 25- believe, 26- is, 27- the, 28- only, 29- way, 30- forward";"hatespeech targeting Jewish";"https://app.prolific.co/submissions/complete?cc=91442ADD"
"23801279_gab";"HateXplain";"your target is here go get these filthy shit skin moslem terrorists";"1- your, 2- target, 3- is, 4- here, 5- go, 6- get, 7- these, 8- filthy, 9- shit, 10- skin, 11- moslem, 12- terrorists";"hatespeech targeting Islam";"https://app.prolific.co/submissions/complete?cc=91442ADD"
"19413441_gab";"HateXplain";"jews are not so smart after all they want germany for themselves but flood it with sandniggers who also hate jews 😂";"1- jews, 2- are, 3- not, 4- so, 5- smart, 6- after, 7- all, 8- they, 9- want, 10- germany, 11- for, 12- themselves, 13- but, 14- flood, 15- it, 16- with, 17- sandniggers, 18- who, 19- also, 20- hate, 21- jews, 22- 😂";"hatespeech targeting Arab";"https://app.prolific.co/submissions/complete?cc=91442ADD"
"4998410_gab";"HateXplain";"the whole concept of a hate crime is a retarded sjw idea is there such a thing as a love crime more protected group bullshit that says the life of an x is more important than the life of a y";"1- the, 2- whole, 3- concept, 4- of, 5- a, 6- hate, 7- crime, 8- is, 9- a, 10- retarded, 11- sjw, 12- idea, 13- is, 14- there, 15- such, 16- a, 17- thing, 18- as, 19- a, 20- love, 21- crime, 22- more, 23- protected, 24- group, 25- bullshit, 26- that, 27- says, 28- the, 29- life, 30- of, 31- an, 32- x, 33- is, 34- more, 35- important, 36- than, 37- the, 38- life, 39- of, 40- a, 41- y";"offensive targeting Other";"https://app.prolific.co/submissions/complete?cc=91442ADD"
"7166798_gab";"HateXplain";"yeah i also agree that the middle eastern ones are coming mostly to hungary but these other refugees away from mudslimes are all schengen regions why bother applying for refugee status when you can just move it perfectly legal";"1- yeah, 2- i, 3- also, 4- agree, 5- that, 6- the, 7- middle, 8- eastern, 9- ones, 10- are, 11- coming, 12- mostly, 13- to, 14- hungary, 15- but, 16- these, 17- other, 18- refugees, 19- away, 20- from, 21- mudslimes, 22- are, 23- all, 24- schengen, 25- regions, 26- why, 27- bother, 28- applying, 29- for, 30- refugee, 31- status, 32- when, 33- you, 34- can, 35- just, 36- move, 37- it, 38- perfectly, 39- legal";"offensive targeting Refugee";"https://app.prolific.co/submissions/complete?cc=91442ADD"
"24156664_gab";"HateXplain";"i do not know it does not matter anyway i only have <money> but i would jump into a sewer before i swam in a pool or anything with a nigger i mean wtf are ppl thinking 🙄";"1- i, 2- do, 3- not, 4- know, 5- it, 6- does, 7- not, 8- matter, 9- anyway, 10- i, 11- only, 12- have, 13- <money>, 14- but, 15- i, 16- would, 17- jump, 18- into, 19- a, 20- sewer, 21- before, 22- i, 23- swam, 24- in, 25- a, 26- pool, 27- or, 28- anything, 29- with, 30- a, 31- nigger, 32- i, 33- mean, 34- wtf, 35- are, 36- ppl, 37- thinking, 38- 🙄";"hatespeech targeting African";"https://app.prolific.co/submissions/complete?cc=91442ADD"
"13265405_gab";"HateXplain";"i am a proud nsdap member nazi was a kike slur i will not wear it nsd ap";"1- i, 2- am, 3- a, 4- proud, 5- nsdap, 6- member, 7- nazi, 8- was, 9- a, 10- kike, 11- slur, 12- i, 13- will, 14- not, 15- wear, 16- it, 17- nsd, 18- ap";"hatespeech targeting Jewish";"https://app.prolific.co/submissions/complete?cc=91442ADD"
"15928526_gab";"HateXplain";"hope she remembered defending the mudslime that instigated the gang rape and murder karma is a bitch";"1- hope, 2- she, 3- remembered, 4- defending, 5- the, 6- mudslime, 7- that, 8- instigated, 9- the, 10- gang, 11- rape, 12- and, 13- murder, 14- karma, 15- is, 16- a, 17- bitch";"offensive targeting Islam";"https://app.prolific.co/submissions/complete?cc=91442ADD"
"19506756_gab";"HateXplain";"deport them fuckin sand niggers";"1- deport, 2- them, 3- fuckin, 4- sand, 5- niggers";"hatespeech targeting Arab";"https://app.prolific.co/submissions/complete?cc=91442ADD"
"5486117_gab";"HateXplain";"yes hitler inself ordered to not kill jews at the kristallnacht everything have a reason we must accept it and look forward";"1- yes, 2- hitler, 3- inself, 4- ordered, 5- to, 6- not, 7- kill, 8- jews, 9- at, 10- the, 11- kristallnacht, 12- everything, 13- have, 14- a, 15- reason, 16- we, 17- must, 18- accept, 19- it, 20- and, 21- look, 22- forward";"offensive targeting Other";"https://app.prolific.co/submissions/complete?cc=91442ADD"
"attention_26";"attention check sentences (HateXplain targeting)";"your a welsh cum eating idiot";"1- your, 2- a, 3- welsh, 4- cum, 5- eating, 6- idiot";"offensive";"https://app.prolific.co/submissions/complete?cc=91442ADD"