"ID";"dataset";"text";"tokens";"label";"redirectUrl"
"24746631_gab";"HateXplain";"too many sand niggers in london";"1- too, 2- many, 3- sand, 4- niggers, 5- in, 6- london";"hatespeech targeting Arab";"https://app.prolific.co/submissions/complete?cc=91442ADD"
"12864664_gab";"HateXplain";"just another nigger heard form move along nothing new to see here";"1- just, 2- another, 3- nigger, 4- heard, 5- form, 6- move, 7- along, 8- nothing, 9- new, 10- to, 11- see, 12- here";"hatespeech targeting African";"https://app.prolific.co/submissions/complete?cc=91442ADD"
"22347127_gab";"HateXplain";"nonsense obama could do what he wanted because there was no opposition and no judges over ruling him trump is opposed by dems republicans all levels of judges the media the bureaucracies the deep state and his own kike cabinet and shysters and family";"1- nonsense, 2- obama, 3- could, 4- do, 5- what, 6- he, 7- wanted, 8- because, 9- there, 10- was, 11- no, 12- opposition, 13- and, 14- no, 15- judges, 16- over, 17- ruling, 18- him, 19- trump, 20- is, 21- opposed, 22- by, 23- dems, 24- republicans, 25- all, 26- levels, 27- of, 28- judges, 29- the, 30- media, 31- the, 32- bureaucracies, 33- the, 34- deep, 35- state, 36- and, 37- his, 38- own, 39- kike, 40- cabinet, 41- and, 42- shysters, 43- and, 44- family";"hatespeech targeting Jewish";"https://app.prolific.co/submissions/complete?cc=91442ADD"
"27816916_gab";"HateXplain";"libtards are in denial that there is a mass global migration happening they have learned taqiyya quite well from their moslem overlords";"1- libtards, 2- are, 3- in, 4- denial, 5- that, 6- there, 7- is, 8- a, 9- mass, 10- global, 11- migration, 12- happening, 13- they, 14- have, 15- learned, 16- taqiyya, 17- quite, 18- well, 19- from, 20- their, 21- moslem, 22- overlords";"hatespeech targeting Islam";"https://app.prolific.co/submissions/complete?cc=91442ADD"
"24911908_gab";"HateXplain";"no excuses there is never a reason to carry a knife anyone who does will be caught and they will feel the full force of the law london mayor sadiq khan tweeted on <date> maybe someone needs to stab that sand nigger in the neck";"1- no, 2- excuses, 3- there, 4- is, 5- never, 6- a, 7- reason, 8- to, 9- carry, 10- a, 11- knife, 12- anyone, 13- who, 14- does, 15- will, 16- be, 17- caught, 18- and, 19- they, 20- will, 21- feel, 22- the, 23- full, 24- force, 25- of, 26- the, 27- law, 28- london, 29- mayor, 30- sadiq, 31- khan, 32- tweeted, 33- on, 34- <date>, 35- maybe, 36- someone, 37- needs, 38- to, 39- stab, 40- that, 41- sand, 42- nigger, 43- in, 44- the, 45- neck";"offensive targeting Arab";"https://app.prolific.co/submissions/complete?cc=91442ADD"
"22793395_gab";"HateXplain";"the nigger football league is now gonna have some prancing fairies for cheerleaders hahahhahaha have not watched a game in years and never will again they can take a knee and fuck off";"1- the, 2- nigger, 3- football, 4- league, 5- is, 6- now, 7- gonna, 8- have, 9- some, 10- prancing, 11- fairies, 12- for, 13- cheerleaders, 14- hahahhahaha, 15- have, 16- not, 17- watched, 18- a, 19- game, 20- in, 21- years, 22- and, 23- never, 24- will, 25- again, 26- they, 27- can, 28- take, 29- a, 30- knee, 31- and, 32- fuck, 33- off";"hatespeech targeting African";"https://app.prolific.co/submissions/complete?cc=91442ADD"
"16058746_gab";"HateXplain";"strangely enough the idea that he consumes extraordinary amounts of artificial sweetener was the first thing the kike media has said about trump that gave me pause";"1- strangely, 2- enough, 3- the, 4- idea, 5- that, 6- he, 7- consumes, 8- extraordinary, 9- amounts, 10- of, 11- artificial, 12- sweetener, 13- was, 14- the, 15- first, 16- thing, 17- the, 18- kike, 19- media, 20- has, 21- said, 22- about, 23- trump, 24- that, 25- gave, 26- me, 27- pause";"hatespeech targeting Jewish";"https://app.prolific.co/submissions/complete?cc=91442ADD"
"12419643_gab";"HateXplain";"well if we did not have moslem kids in this country who parents would strap a bomb to we would not have to worry about this moslems ruin everything";"1- well, 2- if, 3- we, 4- did, 5- not, 6- have, 7- moslem, 8- kids, 9- in, 10- this, 11- country, 12- who, 13- parents, 14- would, 15- strap, 16- a, 17- bomb, 18- to, 19- we, 20- would, 21- not, 22- have, 23- to, 24- worry, 25- about, 26- this, 27- moslems, 28- ruin, 29- everything";"hatespeech targeting Islam";"https://app.prolific.co/submissions/complete?cc=91442ADD"
"25224327_gab";"HateXplain";"i do not give a fuck kill them all and let god sort them out i am done with this sandnigger shit";"1- i, 2- do, 3- not, 4- give, 5- a, 6- fuck, 7- kill, 8- them, 9- all, 10- and, 11- let, 12- god, 13- sort, 14- them, 15- out, 16- i, 17- am, 18- done, 19- with, 20- this, 21- sandnigger, 22- shit";"hatespeech targeting Arab";"https://app.prolific.co/submissions/complete?cc=91442ADD"
"19813120_gab";"HateXplain";"punch yourself in the womb kill that nigger baby before you shit it out";"1- punch, 2- yourself, 3- in, 4- the, 5- womb, 6- kill, 7- that, 8- nigger, 9- baby, 10- before, 11- you, 12- shit, 13- it, 14- out";"hatespeech targeting African";"https://app.prolific.co/submissions/complete?cc=91442ADD"
"19110403_gab";"HateXplain";"a sentiment we should all hold we do not run that what the r selected kikenvermin leftists do no we stand and fight for our nation and by extension our race blood and soil";"1- a, 2- sentiment, 3- we, 4- should, 5- all, 6- hold, 7- we, 8- do, 9- not, 10- run, 11- that, 12- what, 13- the, 14- r, 15- selected, 16- kikenvermin, 17- leftists, 18- do, 19- no, 20- we, 21- stand, 22- and, 23- fight, 24- for, 25- our, 26- nation, 27- and, 28- by, 29- extension, 30- our, 31- race, 32- blood, 33- and, 34- soil";"hatespeech targeting Jewish";"https://app.prolific.co/submissions/complete?cc=91442ADD"
"9941154_gab";"HateXplain";"dog backwards is god muslimes do not have dogs therefore muslimes have no god";"1- dog, 2- backwards, 3- is, 4- god, 5- muslimes, 6- do, 7- not, 8- have, 9- dogs, 10- therefore, 11- muslimes, 12- have, 13- no, 14- god";"hatespeech targeting Islam";"https://app.prolific.co/submissions/complete?cc=91442ADD"
"25436838_gab";"HateXplain";"i like to call them paleo stains because all arabs are like a stain from the paleolithic era";"1- i, 2- like, 3- to, 4- call, 5- them, 6- paleo, 7- stains, 8- because, 9- all, 10- arabs, 11- are, 12- like, 13- a, 14- stain, 15- from, 16- the, 17- paleolithic, 18- era";"hatespeech targeting Arab";"https://app.prolific.co/submissions/complete?cc=91442ADD"
"18420909_gab";"HateXplain";"we are not failing at anything you cowardly little tag along and you are not a part of the altright so <number> fuck off and quit countersigning <number> build your own based nigger maga movement <number> send your sheltered followers to us when they wish to have a pair grown";"1- we, 2- are, 3- not, 4- failing, 5- at, 6- anything, 7- you, 8- cowardly, 9- little, 10- tag, 11- along, 12- and, 13- you, 14- are, 15- not, 16- a, 17- part, 18- of, 19- the, 20- altright, 21- so, 22- <number>, 23- fuck, 24- off, 25- and, 26- quit, 27- countersigning, 28- <number>, 29- build, 30- your, 31- own, 32- based, 33- nigger, 34- maga, 35- movement, 36- <number>, 37- send, 38- your, 39- sheltered, 40- followers, 41- to, 42- us, 43- when, 44- they, 45- wish, 46- to, 47- have, 48- a, 49- pair, 50- grown";"hatespeech targeting African";"https://app.prolific.co/submissions/complete?cc=91442ADD"
"19589481_gab";"HateXplain";"so it a desert kike instead of a european one that wrote it duh it does not matter they are all jews";"1- so, 2- it, 3- a, 4- desert, 5- kike, 6- instead, 7- of, 8- a, 9- european, 10- one, 11- that, 12- wrote, 13- it, 14- duh, 15- it, 16- does, 17- not, 18- matter, 19- they, 20- are, 21- all, 22- jews";"hatespeech targeting Jewish";"https://app.prolific.co/submissions/complete?cc=91442ADD"
"19824295_gab";"HateXplain";"our government flooded us with shitlam not tommy";"1- our, 2- government, 3- flooded, 4- us, 5- with, 6- shitlam, 7- not, 8- tommy";"hatespeech targeting Islam";"https://app.prolific.co/submissions/complete?cc=91442ADD"
"25725675_gab";"HateXplain";"wow haha those sand niggers i d love to see em wiped totally out of existance they are absolutely worthless and bring nothing to the western table";"1- wow, 2- haha, 3- those, 4- sand, 5- niggers, 6- i, 7- d, 8- love, 9- to, 10- see, 11- em, 12- wiped, 13- totally, 14- out, 15- of, 16- existance, 17- they, 18- are, 19- absolutely, 20- worthless, 21- and, 22- bring, 23- nothing, 24- to, 25- the, 26- western, 27- table";"hatespeech targeting Arab";"https://app.prolific.co/submissions/complete?cc=91442ADD"
"16959844_gab";"HateXplain";"be armed and avoid travel in cities we can never take the nigger out of the nigger chicago baltimore detroit should be no go zones and let them all kill each other hope the <percent> of good blacks move first";"1- be, 2- armed, 3- and, 4- avoid, 5- travel, 6- in, 7- cities, 8- we, 9- can, 10- never, 11- take, 12- the, 13- nigger, 14- out, 15- of, 16- the, 17- nigger, 18- chicago, 19- baltimore, 20- detroit, 21- should, 22- be, 23- no, 24- go, 25- zones, 26- and, 27- let, 28- them, 29- all, 30- kill, 31- each, 32- other, 33- hope, 34- the, 35- <percent>, 36- of, 37- good, 38- blacks, 39- move, 40- first";"hatespeech targeting African";"https://app.prolific.co/submissions/complete?cc=91442ADD"
"25277773_gab";"HateXplain";"lololol do not comment above your paygrade kike";"1- lololol, 2- do, 3- not, 4- comment, 5- above, 6- your, 7- paygrade, 8- kike";"hatespeech targeting Jewish";"https://app.prolific.co/submissions/complete?cc=91442ADD"
"14923892_gab";"HateXplain";"i had to read up on them when i started playing civilization interesting people lots of animal reverence essentially wiped out by muzzies this is why muzzies hate dogs";"1- i, 2- had, 3- to, 4- read, 5- up, 6- on, 7- them, 8- when, 9- i, 10- started, 11- playing, 12- civilization, 13- interesting, 14- people, 15- lots, 16- of, 17- animal, 18- reverence, 19- essentially, 20- wiped, 21- out, 22- by, 23- muzzies, 24- this, 25- is, 26- why, 27- muzzies, 28- hate, 29- dogs";"hatespeech targeting Islam";"https://app.prolific.co/submissions/complete?cc=91442ADD"
"25762135_gab";"HateXplain";"anyone that stepped foot on desert soil and fought those sand niggers please tell me does it make you sick to see them taking over america";"1- anyone, 2- that, 3- stepped, 4- foot, 5- on, 6- desert, 7- soil, 8- and, 9- fought, 10- those, 11- sand, 12- niggers, 13- please, 14- tell, 15- me, 16- does, 17- it, 18- make, 19- you, 20- sick, 21- to, 22- see, 23- them, 24- taking, 25- over, 26- america";"hatespeech targeting Arab";"https://app.prolific.co/submissions/complete?cc=91442ADD"
"16290102_gab";"HateXplain";"well of course hockey players will have some respect they are mostly white niggers can t play hockey the sport involves too much fast abstract reasoning something the average nigger ain t capable of the few shit skin nhl players i have heard of are watered down quadroons mostly white genes";"1- well, 2- of, 3- course, 4- hockey, 5- players, 6- will, 7- have, 8- some, 9- respect, 10- they, 11- are, 12- mostly, 13- white, 14- niggers, 15- can, 16- t, 17- play, 18- hockey, 19- the, 20- sport, 21- involves, 22- too, 23- much, 24- fast, 25- abstract, 26- reasoning, 27- something, 28- the, 29- average, 30- nigger, 31- ain, 32- t, 33- capable, 34- of, 35- the, 36- few, 37- shit, 38- skin, 39- nhl, 40- players, 41- i, 42- have, 43- heard, 44- of, 45- are, 46- watered, 47- down, 48- quadroons, 49- mostly, 50- white, 51- genes";"hatespeech targeting African";"https://app.prolific.co/submissions/complete?cc=91442ADD"
"19407319_gab";"HateXplain";"the politic boys keep chimin in on my culture war it would be nice if they kindly fucked off and stop counter signaling my kike gassing";"1- the, 2- politic, 3- boys, 4- keep, 5- chimin, 6- in, 7- on, 8- my, 9- culture, 10- war, 11- it, 12- would, 13- be, 14- nice, 15- if, 16- they, 17- kindly, 18- fucked, 19- off, 20- and, 21- stop, 22- counter, 23- signaling, 24- my, 25- kike, 26- gassing";"hatespeech targeting Jewish";"https://app.prolific.co/submissions/complete?cc=91442ADD"
"15074528_gab";"HateXplain";"most deserving since they decided that muzzies make good refugees";"1- most, 2- deserving, 3- since, 4- they, 5- decided, 6- that, 7- muzzies, 8- make, 9- good, 10- refugees";"hatespeech targeting Islam";"https://app.prolific.co/submissions/complete?cc=91442ADD"
"25788932_gab";"HateXplain";"the sand niggers get fucking annihilated but i see your point we just have to make their opposition to us not worth the trouble";"1- the, 2- sand, 3- niggers, 4- get, 5- fucking, 6- annihilated, 7- but, 8- i, 9- see, 10- your, 11- point, 12- we, 13- just, 14- have, 15- to, 16- make, 17- their, 18- opposition, 19- to, 20- us, 21- not, 22- worth, 23- the, 24- trouble";"hatespeech targeting Arab";"https://app.prolific.co/submissions/complete?cc=91442ADD"
"1179051039191904256_twitter";"HateXplain";"niggas really let idubbz say nigger faggot and ain t even care";"1- niggas, 2- really, 3- let, 4- idubbz, 5- say, 6- nigger, 7- faggot, 8- and, 9- ain, 10- t, 11- even, 12- care";"hatespeech targeting African";"https://app.prolific.co/submissions/complete?cc=91442ADD"
"26726148_gab";"HateXplain";"more substance than anything you are ever going to post you disinfo kike";"1- more, 2- substance, 3- than, 4- anything, 5- you, 6- are, 7- ever, 8- going, 9- to, 10- post, 11- you, 12- disinfo, 13- kike";"hatespeech targeting Jewish";"https://app.prolific.co/submissions/complete?cc=91442ADD"
"15333251_gab";"HateXplain";"yep all the moslem cock sucking labour muds out in force talking about inciting religious hatred racial hatred while the videos of moslems show rampant religious hatred of christians racial hatred of whites hate of gays not one word from labour on that cos they rely on moslem votes traitors";"1- yep, 2- all, 3- the, 4- moslem, 5- cock, 6- sucking, 7- labour, 8- muds, 9- out, 10- in, 11- force, 12- talking, 13- about, 14- inciting, 15- religious, 16- hatred, 17- racial, 18- hatred, 19- while, 20- the, 21- videos, 22- of, 23- moslems, 24- show, 25- rampant, 26- religious, 27- hatred, 28- of, 29- christians, 30- racial, 31- hatred, 32- of, 33- whites, 34- hate, 35- of, 36- gays, 37- not, 38- one, 39- word, 40- from, 41- labour, 42- on, 43- that, 44- cos, 45- they, 46- rely, 47- on, 48- moslem, 49- votes, 50- traitors";"hatespeech targeting Islam";"https://app.prolific.co/submissions/complete?cc=91442ADD"
"25856411_gab";"HateXplain";"who gives a fuck about the sand nigger palestinians if they wanted peace there would be peace if isreal wanted war the palestinians would be dead wake the fuck up berry";"1- who, 2- gives, 3- a, 4- fuck, 5- about, 6- the, 7- sand, 8- nigger, 9- palestinians, 10- if, 11- they, 12- wanted, 13- peace, 14- there, 15- would, 16- be, 17- peace, 18- if, 19- isreal, 20- wanted, 21- war, 22- the, 23- palestinians, 24- would, 25- be, 26- dead, 27- wake, 28- the, 29- fuck, 30- up, 31- berry";"hatespeech targeting Arab";"https://app.prolific.co/submissions/complete?cc=91442ADD"
"attention_46";"attention check sentences (HateXplain targeting)";"i will take constantinople back turgay";"1- i, 2- will, 3- take, 4- constantinople, 5- back, 6- turgay";"offensive";"https://app.prolific.co/submissions/complete?cc=91442ADD"