"ID";"dataset";"text";"tokens";"label";"redirectUrl"
"16878430_gab";"HateXplain";"your third reich ended with your retarded fuhrer incinerated like a trash bag his merry gang of homosexual friends hanged <number> million of footpad scum made good and russian soldiers generously donating their slav cum to your women the fourth reich is going same way so bring it on bitch";"1- your, 2- third, 3- reich, 4- ended, 5- with, 6- your, 7- retarded, 8- fuhrer, 9- incinerated, 10- like, 11- a, 12- trash, 13- bag, 14- his, 15- merry, 16- gang, 17- of, 18- homosexual, 19- friends, 20- hanged, 21- <number>, 22- million, 23- of, 24- footpad, 25- scum, 26- made, 27- good, 28- and, 29- russian, 30- soldiers, 31- generously, 32- donating, 33- their, 34- slav, 35- cum, 36- to, 37- your, 38- women, 39- the, 40- fourth, 41- reich, 42- is, 43- going, 44- same, 45- way, 46- so, 47- bring, 48- it, 49- on, 50- bitch";"offensive targeting Homosexual";"https://app.prolific.co/submissions/complete?cc=91442ADD"
"1178852220424445952_twitter";"HateXplain";"<user> a rag makes her a rag head";"1- <user>, 2- a, 3- rag, 4- makes, 5- her, 6- a, 7- rag, 8- head";"hatespeech targeting Islam";"https://app.prolific.co/submissions/complete?cc=91442ADD"
"22627863_gab";"HateXplain";"probably cos you have had the moslem clit clip your pussy sowed up so the goat probably pushes back more enthusiastically fgm moslems are the problem";"1- probably, 2- cos, 3- you, 4- have, 5- had, 6- the, 7- moslem, 8- clit, 9- clip, 10- your, 11- pussy, 12- sowed, 13- up, 14- so, 15- the, 16- goat, 17- probably, 18- pushes, 19- back, 20- more, 21- enthusiastically, 22- fgm, 23- moslems, 24- are, 25- the, 26- problem";"hatespeech targeting Islam";"https://app.prolific.co/submissions/complete?cc=91442ADD"
"1080341574754754561_twitter";"HateXplain";"<user> uk is an islamic state are brits going to take their country back";"1- <user>, 2- uk, 3- is, 4- an, 5- islamic, 6- state, 7- are, 8- brits, 9- going, 10- to, 11- take, 12- their, 13- country, 14- back";"hatespeech targeting Islam";"https://app.prolific.co/submissions/complete?cc=91442ADD"
"12856688_gab";"HateXplain";"two terror attacks on anglo american cities in one night when is enough enough tolerance is the virtue of a dying society trump better come down hard a moslem ban is a good start but we need an exit strategy we need to deport all moslems now lasvegas canadaterrorattack edmonton";"1- two, 2- terror, 3- attacks, 4- on, 5- anglo, 6- american, 7- cities, 8- in, 9- one, 10- night, 11- when, 12- is, 13- enough, 14- enough, 15- tolerance, 16- is, 17- the, 18- virtue, 19- of, 20- a, 21- dying, 22- society, 23- trump, 24- better, 25- come, 26- down, 27- hard, 28- a, 29- moslem, 30- ban, 31- is, 32- a, 33- good, 34- start, 35- but, 36- we, 37- need, 38- an, 39- exit, 40- strategy, 41- we, 42- need, 43- to, 44- deport, 45- all, 46- moslems, 47- now, 48- lasvegas, 49- canadaterrorattack, 50- edmonton";"hatespeech targeting Islam";"https://app.prolific.co/submissions/complete?cc=91442ADD"
"1177715933386870785_twitter";"HateXplain";"<user> get off my twitter feed you towel head go milk a goat or something";"1- <user>, 2- get, 3- off, 4- my, 5- twitter, 6- feed, 7- you, 8- towel, 9- head, 10- go, 11- milk, 12- a, 13- goat, 14- or, 15- something";"hatespeech targeting Arab";"https://app.prolific.co/submissions/complete?cc=91442ADD"
"13318283_gab";"HateXplain";"florida confirmed for sand nigger latitude";"1- florida, 2- confirmed, 3- for, 4- sand, 5- nigger, 6- latitude";"hatespeech targeting Arab";"https://app.prolific.co/submissions/complete?cc=91442ADD"
"1095073483732733954_twitter";"HateXplain";"<user> iranians hate you stupid racist animal more than their criminal rulers";"1- <user>, 2- iranians, 3- hate, 4- you, 5- stupid, 6- racist, 7- animal, 8- more, 9- than, 10- their, 11- criminal, 12- rulers";"hatespeech targeting Arab";"https://app.prolific.co/submissions/complete?cc=91442ADD"
"12903965_gab";"HateXplain";"i forgot to add those poor palestinian towel heads we will ask them how peaceful these so called rat jews are i do not think they will say the jew is very peaceful";"1- i, 2- forgot, 3- to, 4- add, 5- those, 6- poor, 7- palestinian, 8- towel, 9- heads, 10- we, 11- will, 12- ask, 13- them, 14- how, 15- peaceful, 16- these, 17- so, 18- called, 19- rat, 20- jews, 21- are, 22- i, 23- do, 24- not, 25- think, 26- they, 27- will, 28- say, 29- the, 30- jew, 31- is, 32- very, 33- peaceful";"hatespeech targeting Arab";"https://app.prolific.co/submissions/complete?cc=91442ADD"
"1079855403788369920_twitter";"HateXplain";"<user> these stats are so retarded kante aint playing a cdm and still has similar defending stats";"1- <user>, 2- these, 3- stats, 4- are, 5- so, 6- retarded, 7- kante, 8- aint, 9- playing, 10- a, 11- cdm, 12- and, 13- still, 14- has, 15- similar, 16- defending, 17- stats";"offensive targeting Other";"https://app.prolific.co/submissions/complete?cc=91442ADD"
"11549730_gab";"HateXplain";"<number> minutes ago cnn posted the inflammatory line peace through violence and that antifa counters white supremacists and nazis";"1- <number>, 2- minutes, 3- ago, 4- cnn, 5- posted, 6- the, 7- inflammatory, 8- line, 9- peace, 10- through, 11- violence, 12- and, 13- that, 14- antifa, 15- counters, 16- white, 17- supremacists, 18- and, 19- nazis";"hatespeech targeting Other";"https://app.prolific.co/submissions/complete?cc=91442ADD"
"1160522024101535744_twitter";"HateXplain";"<user> <user> clearly name pp and that begherat bilawal corrupt benazir and psycho zardari";"1- <user>, 2- <user>, 3- clearly, 4- name, 5- pp, 6- and, 7- that, 8- begherat, 9- bilawal, 10- corrupt, 11- benazir, 12- and, 13- psycho, 14- zardari";"offensive targeting Other";"https://app.prolific.co/submissions/complete?cc=91442ADD"
"11663975_gab";"HateXplain";"he needs to sue obama for illegally passing legislation that exceeded his legislative power in other words daca was an illegal program he should sue the dems for failure to perform and pass legal legislation for immigrant children";"1- he, 2- needs, 3- to, 4- sue, 5- obama, 6- for, 7- illegally, 8- passing, 9- legislation, 10- that, 11- exceeded, 12- his, 13- legislative, 14- power, 15- in, 16- other, 17- words, 18- daca, 19- was, 20- an, 21- illegal, 22- program, 23- he, 24- should, 25- sue, 26- the, 27- dems, 28- for, 29- failure, 30- to, 31- perform, 32- and, 33- pass, 34- legal, 35- legislation, 36- for, 37- immigrant, 38- children";"offensive targeting Other";"https://app.prolific.co/submissions/complete?cc=91442ADD"
"1168499959412535297_twitter";"HateXplain";"<user> traitors wringing their hands as nazi trump destroys the country is pathetic";"1- <user>, 2- traitors, 3- wringing, 4- their, 5- hands, 6- as, 7- nazi, 8- trump, 9- destroys, 10- the, 11- country, 12- is, 13- pathetic";"offensive targeting Other";"https://app.prolific.co/submissions/complete?cc=91442ADD"
"12995858_gab";"HateXplain";"and yes i expect ryan gosling to be retarded without rachel sean young who is truly insane irl living happily ever after with white replicant children i too fail to see the point of this other than as a typische rebooted hollyjood creativity failure and cash grab";"1- and, 2- yes, 3- i, 4- expect, 5- ryan, 6- gosling, 7- to, 8- be, 9- retarded, 10- without, 11- rachel, 12- sean, 13- young, 14- who, 15- is, 16- truly, 17- insane, 18- irl, 19- living, 20- happily, 21- ever, 22- after, 23- with, 24- white, 25- replicant, 26- children, 27- i, 28- too, 29- fail, 30- to, 31- see, 32- the, 33- point, 34- of, 35- this, 36- other, 37- than, 38- as, 39- a, 40- typische, 41- rebooted, 42- hollyjood, 43- creativity, 44- failure, 45- and, 46- cash, 47- grab";"offensive targeting Other";"https://app.prolific.co/submissions/complete?cc=91442ADD"
"1179089373301792770_twitter";"HateXplain";"nyc threatens to fine ppl who say illegal alien <money> did nyc kill freedom of speech how did we get so out of control so fast";"1- nyc, 2- threatens, 3- to, 4- fine, 5- ppl, 6- who, 7- say, 8- illegal, 9- alien, 10- <money>, 11- did, 12- nyc, 13- kill, 14- freedom, 15- of, 16- speech, 17- how, 18- did, 19- we, 20- get, 21- so, 22- out, 23- of, 24- control, 25- so, 26- fast";"offensive targeting Refugee";"https://app.prolific.co/submissions/complete?cc=91442ADD"
"10662647_gab";"HateXplain";"contrast that with immigration activists claiming that no immigrant is illegal the bastards really do want to replace us ok knowing that what the next step guerrilla warfare memes are fun but they get us only so far";"1- contrast, 2- that, 3- with, 4- immigration, 5- activists, 6- claiming, 7- that, 8- no, 9- immigrant, 10- is, 11- illegal, 12- the, 13- bastards, 14- really, 15- do, 16- want, 17- to, 18- replace, 19- us, 20- ok, 21- knowing, 22- that, 23- what, 24- the, 25- next, 26- step, 27- guerrilla, 28- warfare, 29- memes, 30- are, 31- fun, 32- but, 33- they, 34- get, 35- us, 36- only, 37- so, 38- far";"offensive targeting Refugee";"https://app.prolific.co/submissions/complete?cc=91442ADD"
"1076207084931289093_twitter";"HateXplain";"<user> until your child gets murdered by an illegal immigrant buildthewall";"1- <user>, 2- until, 3- your, 4- child, 5- gets, 6- murdered, 7- by, 8- an, 9- illegal, 10- immigrant, 11- buildthewall";"offensive targeting Refugee";"https://app.prolific.co/submissions/complete?cc=91442ADD"
"11638640_gab";"HateXplain";"vox reported this week that if we get tough on illegal immigrants then a negative consequence will be that they will lie on their census forms stupidlogic if we get tough on illegal immigrants and deport them then they will not be here to lie on their census forms";"1- vox, 2- reported, 3- this, 4- week, 5- that, 6- if, 7- we, 8- get, 9- tough, 10- on, 11- illegal, 12- immigrants, 13- then, 14- a, 15- negative, 16- consequence, 17- will, 18- be, 19- that, 20- they, 21- will, 22- lie, 23- on, 24- their, 25- census, 26- forms, 27- stupidlogic, 28- if, 29- we, 30- get, 31- tough, 32- on, 33- illegal, 34- immigrants, 35- and, 36- deport, 37- them, 38- then, 39- they, 40- will, 41- not, 42- be, 43- here, 44- to, 45- lie, 46- on, 47- their, 48- census, 49- forms";"hatespeech targeting Refugee";"https://app.prolific.co/submissions/complete?cc=91442ADD"
"1180222635596292096_twitter";"HateXplain";"dear liberals why are guns required to be registered but illegal aliens aren ’ t i ’ ll wait";"1- dear, 2- liberals, 3- why, 4- are, 5- guns, 6- required, 7- to, 8- be, 9- registered, 10- but, 11- illegal, 12- aliens, 13- aren, 14- ’, 15- t, 16- i, 17- ’, 18- ll, 19- wait";"offensive targeting Refugee";"https://app.prolific.co/submissions/complete?cc=91442ADD"
"12806975_gab";"HateXplain";"how much mental flip flopping does it require when you are talking about <number> million immigrants and a democratic party that seeks to incite them against a scapegoated native population because they want votes";"1- how, 2- much, 3- mental, 4- flip, 5- flopping, 6- does, 7- it, 8- require, 9- when, 10- you, 11- are, 12- talking, 13- about, 14- <number>, 15- million, 16- immigrants, 17- and, 18- a, 19- democratic, 20- party, 21- that, 22- seeks, 23- to, 24- incite, 25- them, 26- against, 27- a, 28- scapegoated, 29- native, 30- population, 31- because, 32- they, 33- want, 34- votes";"offensive targeting Refugee";"https://app.prolific.co/submissions/complete?cc=91442ADD"
"1178891409484468225_twitter";"HateXplain";"some girls going around exposing ppl aib beh kene sikit nk ching chong lebih haha";"1- some, 2- girls, 3- going, 4- around, 5- exposing, 6- ppl, 7- aib, 8- beh, 9- kene, 10- sikit, 11- nk, 12- ching, 13- chong, 14- lebih, 15- haha";"hatespeech targeting Asian";"https://app.prolific.co/submissions/complete?cc=91442ADD"
"15621599_gab";"HateXplain";"california needs a leader who puts deportation and anti marxism first until you can do that you are just a chink boomercon";"1- california, 2- needs, 3- a, 4- leader, 5- who, 6- puts, 7- deportation, 8- and, 9- anti, 10- marxism, 11- first, 12- until, 13- you, 14- can, 15- do, 16- that, 17- you, 18- are, 19- just, 20- a, 21- chink, 22- boomercon";"hatespeech targeting Asian";"https://app.prolific.co/submissions/complete?cc=91442ADD"
"1178782596064407552_twitter";"HateXplain";"ching chong vibration";"1- ching, 2- chong, 3- vibration";"hatespeech targeting Asian";"https://app.prolific.co/submissions/complete?cc=91442ADD"
"24824526_gab";"HateXplain";"the gook hooker gets lots of shekels from heebs";"1- the, 2- gook, 3- hooker, 4- gets, 5- lots, 6- of, 7- shekels, 8- from, 9- heebs";"hatespeech targeting Asian";"https://app.prolific.co/submissions/complete?cc=91442ADD"
"1179046002503929857_twitter";"HateXplain";"lol we just watched an art thing and i said i loved the japanese artist and my dad said did ching chong chinaman draw it <happy> love that";"1- lol, 2- we, 3- just, 4- watched, 5- an, 6- art, 7- thing, 8- and, 9- i, 10- said, 11- i, 12- loved, 13- the, 14- japanese, 15- artist, 16- and, 17- my, 18- dad, 19- said, 20- did, 21- ching, 22- chong, 23- chinaman, 24- draw, 25- it, 26- <happy>, 27- love, 28- that";"hatespeech targeting Asian";"https://app.prolific.co/submissions/complete?cc=91442ADD"
"26830113_gab";"HateXplain";"beatles when i am <number> you mean london stabbings you got that wrong lennon who fucked a chink";"1- beatles, 2- when, 3- i, 4- am, 5- <number>, 6- you, 7- mean, 8- london, 9- stabbings, 10- you, 11- got, 12- that, 13- wrong, 14- lennon, 15- who, 16- fucked, 17- a, 18- chink";"hatespeech targeting Asian";"https://app.prolific.co/submissions/complete?cc=91442ADD"
"1178330971004751872_twitter";"HateXplain";"<user> ching chong";"1- <user>, 2- ching, 3- chong";"offensive targeting Asian";"https://app.prolific.co/submissions/complete?cc=91442ADD"
"19078434_gab";"HateXplain";"a spic or a chink";"1- a, 2- spic, 3- or, 4- a, 5- chink";"hatespeech targeting Asian";"https://app.prolific.co/submissions/complete?cc=91442ADD"
"attention_34";"attention check sentences (HateXplain targeting)";"heres one of their raghead women now fuckin terrorist";"1- heres, 2- one, 3- of, 4- their, 5- raghead, 6- women, 7- now, 8- fuckin, 9- terrorist";"offensive";"https://app.prolific.co/submissions/complete?cc=91442ADD"