"ID";"dataset";"text";"tokens";"label";"redirectUrl"
"20548529_gab";"HateXplain";"really i think it is retarded skinhead neo nazi britain furst types they are way too thick to create a bomb without blowing themselves up";"1- really, 2- i, 3- think, 4- it, 5- is, 6- retarded, 7- skinhead, 8- neo, 9- nazi, 10- britain, 11- furst, 12- types, 13- they, 14- are, 15- way, 16- too, 17- thick, 18- to, 19- create, 20- a, 21- bomb, 22- without, 23- blowing, 24- themselves, 25- up";"hatespeech targeting Other";"https://app.prolific.co/submissions/complete?cc=91442ADD"
"1242188730099793920_twitter";"HateXplain";"white bitch pink pussy";"1- white, 2- bitch, 3- pink, 4- pussy";"offensive targeting Caucasian";"https://app.prolific.co/submissions/complete?cc=91442ADD"
"24201117_gab";"HateXplain";"no it a fucking retarded idea on par with women suffrage";"1- no, 2- it, 3- a, 4- fucking, 5- retarded, 6- idea, 7- on, 8- par, 9- with, 10- women, 11- suffrage";"offensive targeting Women";"https://app.prolific.co/submissions/complete?cc=91442ADD"
"1252707503441313794_twitter";"HateXplain";"<user> <user> why are you repeating yourself are you a little retarded";"1- <user>, 2- <user>, 3- why, 4- are, 5- you, 6- repeating, 7- yourself, 8- are, 9- you, 10- a, 11- little, 12- retarded";"offensive targeting Other";"https://app.prolific.co/submissions/complete?cc=91442ADD"
"20563689_gab";"HateXplain";"are you this retarded that you can not read it a female to male tranny that been trying to wrestle in the male division but the state of texas athletic commission only allows you to participate in the sports division of your birth gender it texas fault not the tranny";"1- are, 2- you, 3- this, 4- retarded, 5- that, 6- you, 7- can, 8- not, 9- read, 10- it, 11- a, 12- female, 13- to, 14- male, 15- tranny, 16- that, 17- been, 18- trying, 19- to, 20- wrestle, 21- in, 22- the, 23- male, 24- division, 25- but, 26- the, 27- state, 28- of, 29- texas, 30- athletic, 31- commission, 32- only, 33- allows, 34- you, 35- to, 36- participate, 37- in, 38- the, 39- sports, 40- division, 41- of, 42- your, 43- birth, 44- gender, 45- it, 46- texas, 47- fault, 48- not, 49- the, 50- tranny";"hatespeech targeting Other";"https://app.prolific.co/submissions/complete?cc=91442ADD"
"1265324632602787843_twitter";"HateXplain";"i be so tight when my brother bring white bitches home like mcht";"1- i, 2- be, 3- so, 4- tight, 5- when, 6- my, 7- brother, 8- bring, 9- white, 10- bitches, 11- home, 12- like, 13- mcht";"offensive targeting Caucasian";"https://app.prolific.co/submissions/complete?cc=91442ADD"
"24388114_gab";"HateXplain";"that exists lol women are retarded";"1- that, 2- exists, 3- lol, 4- women, 5- are, 6- retarded";"offensive targeting Women";"https://app.prolific.co/submissions/complete?cc=91442ADD"
"1252732696876515328_twitter";"HateXplain";"you are not a squishy smolbean you are <number> pounds overweight you fat fucking retard";"1- you, 2- are, 3- not, 4- a, 5- squishy, 6- smolbean, 7- you, 8- are, 9- <number>, 10- pounds, 11- overweight, 12- you, 13- fat, 14- fucking, 15- retard";"hatespeech targeting Other";"https://app.prolific.co/submissions/complete?cc=91442ADD"
"20571381_gab";"HateXplain";"weed is degenerate but the one good thing about legalization is that white suburban kids will not have to interact with ghetto nogs to score a bag";"1- weed, 2- is, 3- degenerate, 4- but, 5- the, 6- one, 7- good, 8- thing, 9- about, 10- legalization, 11- is, 12- that, 13- white, 14- suburban, 15- kids, 16- will, 17- not, 18- have, 19- to, 20- interact, 21- with, 22- ghetto, 23- nogs, 24- to, 25- score, 26- a, 27- bag";"hatespeech targeting Other";"https://app.prolific.co/submissions/complete?cc=91442ADD"
"1178979391893848065_twitter";"HateXplain";"i hate you bitch i really fucking hate you hoe make me sick asf";"1- i, 2- hate, 3- you, 4- bitch, 5- i, 6- really, 7- fucking, 8- hate, 9- you, 10- hoe, 11- make, 12- me, 13- sick, 14- asf";"hatespeech targeting Women";"https://app.prolific.co/submissions/complete?cc=91442ADD"
"24536498_gab";"HateXplain";"my being a highly educated exemplar equipped with an exemplary mastery of english i call this fucking piece of shit a fucking feminist bitch cunt what do you call it";"1- my, 2- being, 3- a, 4- highly, 5- educated, 6- exemplar, 7- equipped, 8- with, 9- an, 10- exemplary, 11- mastery, 12- of, 13- english, 14- i, 15- call, 16- this, 17- fucking, 18- piece, 19- of, 20- shit, 21- a, 22- fucking, 23- feminist, 24- bitch, 25- cunt, 26- what, 27- do, 28- you, 29- call, 30- it";"offensive targeting Women";"https://app.prolific.co/submissions/complete?cc=91442ADD"
"1254435143927947264_twitter";"HateXplain";"kepurdhat nkonzerve jon si mean girls 2 shi bitch you tried to do sum like the og but you flopped mad";"1- kepurdhat, 2- nkonzerve, 3- jon, 4- si, 5- mean, 6- girls, 7- 2, 8- shi, 9- bitch, 10- you, 11- tried, 12- to, 13- do, 14- sum, 15- like, 16- the, 17- og, 18- but, 19- you, 20- flopped, 21- mad";"offensive targeting Other";"https://app.prolific.co/submissions/complete?cc=91442ADD"
"20622181_gab";"HateXplain";"anyone who still votes for democrats is a fucking retarded idiot";"1- anyone, 2- who, 3- still, 4- votes, 5- for, 6- democrats, 7- is, 8- a, 9- fucking, 10- retarded, 11- idiot";"offensive targeting Other";"https://app.prolific.co/submissions/complete?cc=91442ADD"
"1179056879101779970_twitter";"HateXplain";"so heartless bitch i hate you i can not believe you did me";"1- so, 2- heartless, 3- bitch, 4- i, 5- hate, 6- you, 7- i, 8- can, 9- not, 10- believe, 11- you, 12- did, 13- me";"offensive targeting Women";"https://app.prolific.co/submissions/complete?cc=91442ADD"
"24687177_gab";"HateXplain";"another demonstration of what a useless joke the uk police are especially retarded to send two unarmed women to apprehend a rapist guaranteed fail bad enough for unarmed pansy men but women how very progressive and equality";"1- another, 2- demonstration, 3- of, 4- what, 5- a, 6- useless, 7- joke, 8- the, 9- uk, 10- police, 11- are, 12- especially, 13- retarded, 14- to, 15- send, 16- two, 17- unarmed, 18- women, 19- to, 20- apprehend, 21- a, 22- rapist, 23- guaranteed, 24- fail, 25- bad, 26- enough, 27- for, 28- unarmed, 29- pansy, 30- men, 31- but, 32- women, 33- how, 34- very, 35- progressive, 36- and, 37- equality";"offensive targeting Women";"https://app.prolific.co/submissions/complete?cc=91442ADD"
"1256082039142563840_twitter";"HateXplain";"<user> guys i think stephen miller is a nazi just like other stephen miller is fuck off you white supremacist piece of shit";"1- <user>, 2- guys, 3- i, 4- think, 5- stephen, 6- miller, 7- is, 8- a, 9- nazi, 10- just, 11- like, 12- other, 13- stephen, 14- miller, 15- is, 16- fuck, 17- off, 18- you, 19- white, 20- supremacist, 21- piece, 22- of, 23- shit";"hatespeech targeting Other";"https://app.prolific.co/submissions/complete?cc=91442ADD"
"20869024_gab";"HateXplain";"the shitlibs are clinging to a grain of truth when they bitch about corporate speech it just turns out that all the corporations promote degeneracy leftism anti whiteness etc etc too bad they can not make the connections";"1- the, 2- shitlibs, 3- are, 4- clinging, 5- to, 6- a, 7- grain, 8- of, 9- truth, 10- when, 11- they, 12- bitch, 13- about, 14- corporate, 15- speech, 16- it, 17- just, 18- turns, 19- out, 20- that, 21- all, 22- the, 23- corporations, 24- promote, 25- degeneracy, 26- leftism, 27- anti, 28- whiteness, 29- etc, 30- etc, 31- too, 32- bad, 33- they, 34- can, 35- not, 36- make, 37- the, 38- connections";"offensive targeting Other";"https://app.prolific.co/submissions/complete?cc=91442ADD"
"1178702576726024193_twitter";"HateXplain";"<user> <user> take what you will at the end of the day during our conversation 1 0 0 have probably murdered beaten raped and mutilated babies killed animals tortured all while we talked about fucking private conversations because a feminazi is mad men have private conversations";"1- <user>, 2- <user>, 3- take, 4- what, 5- you, 6- will, 7- at, 8- the, 9- end, 10- of, 11- the, 12- day, 13- during, 14- our, 15- conversation, 16- 1, 17- 0, 18- 0, 19- have, 20- probably, 21- murdered, 22- beaten, 23- raped, 24- and, 25- mutilated, 26- babies, 27- killed, 28- animals, 29- tortured, 30- all, 31- while, 32- we, 33- talked, 34- about, 35- fucking, 36- private, 37- conversations, 38- because, 39- a, 40- feminazi, 41- is, 42- mad, 43- men, 44- have, 45- private, 46- conversations";"offensive targeting Women";"https://app.prolific.co/submissions/complete?cc=91442ADD"
"24941415_gab";"HateXplain";"oh i abuse women alright i abuse the fook out that pwussy han";"1- oh, 2- i, 3- abuse, 4- women, 5- alright, 6- i, 7- abuse, 8- the, 9- fook, 10- out, 11- that, 12- pwussy, 13- han";"offensive targeting Women";"https://app.prolific.co/submissions/complete?cc=91442ADD"
"1257524237977260032_twitter";"HateXplain";"<user> it make poor ghetto trailer park people feel better";"1- <user>, 2- it, 3- make, 4- poor, 5- ghetto, 6- trailer, 7- park, 8- people, 9- feel, 10- better";"offensive targeting Other";"https://app.prolific.co/submissions/complete?cc=91442ADD"
"2126127_gab";"HateXplain";"time kaine deeply saddened by the senseless act of gun violence at ohio state this morning praying for the injured and the entire buckeye community wrong bitch what a dick";"1- time, 2- kaine, 3- deeply, 4- saddened, 5- by, 6- the, 7- senseless, 8- act, 9- of, 10- gun, 11- violence, 12- at, 13- ohio, 14- state, 15- this, 16- morning, 17- praying, 18- for, 19- the, 20- injured, 21- and, 22- the, 23- entire, 24- buckeye, 25- community, 26- wrong, 27- bitch, 28- what, 29- a, 30- dick";"offensive targeting Other";"https://app.prolific.co/submissions/complete?cc=91442ADD"
"1179076499611226112_twitter";"HateXplain";"lmao i am not one of the dykes who you would catch with any bitch who has a baby simple its a deal breaker for me";"1- lmao, 2- i, 3- am, 4- not, 5- one, 6- of, 7- the, 8- dykes, 9- who, 10- you, 11- would, 12- catch, 13- with, 14- any, 15- bitch, 16- who, 17- has, 18- a, 19- baby, 20- simple, 21- its, 22- a, 23- deal, 24- breaker, 25- for, 26- me";"offensive targeting Women";"https://app.prolific.co/submissions/complete?cc=91442ADD"
"25056558_gab";"HateXplain";"the posh slut at the bbc bolshevik broadcasting corporation was literally flicking her bean send the fake ugees to her town 👍 illiberals love getting raped";"1- the, 2- posh, 3- slut, 4- at, 5- the, 6- bbc, 7- bolshevik, 8- broadcasting, 9- corporation, 10- was, 11- literally, 12- flicking, 13- her, 14- bean, 15- send, 16- the, 17- fake, 18- ugees, 19- to, 20- her, 21- town, 22- 👍, 23- illiberals, 24- love, 25- getting, 26- raped";"hatespeech targeting Women";"https://app.prolific.co/submissions/complete?cc=91442ADD"
"1265880998610219008_twitter";"HateXplain";"<user> <user> “ pushed ” lmao she fell fucking forward get this retard shit outta here";"1- <user>, 2- <user>, 3- “, 4- pushed, 5- ”, 6- lmao, 7- she, 8- fell, 9- fucking, 10- forward, 11- get, 12- this, 13- retard, 14- shit, 15- outta, 16- here";"offensive targeting Other";"https://app.prolific.co/submissions/complete?cc=91442ADD"
"21345393_gab";"HateXplain";"that because you are a fucking retard along with twp now you get to be shunned you should have listened";"1- that, 2- because, 3- you, 4- are, 5- a, 6- fucking, 7- retard, 8- along, 9- with, 10- twp, 11- now, 12- you, 13- get, 14- to, 15- be, 16- shunned, 17- you, 18- should, 19- have, 20- listened";"offensive targeting Other";"https://app.prolific.co/submissions/complete?cc=91442ADD"
"1179097640044240899_twitter";"HateXplain";"i amma slut her up though lol";"1- i, 2- amma, 3- slut, 4- her, 5- up, 6- though, 7- lol";"offensive targeting Women";"https://app.prolific.co/submissions/complete?cc=91442ADD"
"25316209_gab";"HateXplain";"what was that english lol that was one too many negatives in a sentence no i did not say you specifically lard ass i said women in general learn to read cleaely i can and you can not";"1- what, 2- was, 3- that, 4- english, 5- lol, 6- that, 7- was, 8- one, 9- too, 10- many, 11- negatives, 12- in, 13- a, 14- sentence, 15- no, 16- i, 17- did, 18- not, 19- say, 20- you, 21- specifically, 22- lard, 23- ass, 24- i, 25- said, 26- women, 27- in, 28- general, 29- learn, 30- to, 31- read, 32- cleaely, 33- i, 34- can, 35- and, 36- you, 37- can, 38- not";"offensive targeting Women";"https://app.prolific.co/submissions/complete?cc=91442ADD"
"1266823114819866627_twitter";"HateXplain";"dis situation really showed me how unaware and retarded dese celebrities are dawg just fools wit bread";"1- dis, 2- situation, 3- really, 4- showed, 5- me, 6- how, 7- unaware, 8- and, 9- retarded, 10- dese, 11- celebrities, 12- are, 13- dawg, 14- just, 15- fools, 16- wit, 17- bread";"offensive targeting Other";"https://app.prolific.co/submissions/complete?cc=91442ADD"
"21549541_gab";"HateXplain";"the retard is angry now";"1- the, 2- retard, 3- is, 4- angry, 5- now";"offensive targeting Other";"https://app.prolific.co/submissions/complete?cc=91442ADD"
"attention_26";"attention check sentences (HateXplain targeting)";"your a welsh cum eating idiot";"1- your, 2- a, 3- welsh, 4- cum, 5- eating, 6- idiot";"offensive";"https://app.prolific.co/submissions/complete?cc=91442ADD"