"ID";"dataset";"text";"tokens";"label";"redirectUrl"
"25789788_gab";"HateXplain";"fuck you trump just fuck you and your kike ass first bitch";"1- fuck, 2- you, 3- trump, 4- just, 5- fuck, 6- you, 7- and, 8- your, 9- kike, 10- ass, 11- first, 12- bitch";"hatespeech targeting Jewish";"https://app.prolific.co/submissions/complete?cc=91442ADD"
"1179099828531281920_twitter";"HateXplain";"<user> it so fucken funny you hating ass muzzie";"1- <user>, 2- it, 3- so, 4- fucken, 5- funny, 6- you, 7- hating, 8- ass, 9- muzzie";"hatespeech targeting Islam";"https://app.prolific.co/submissions/complete?cc=91442ADD"
"27054101_gab";"HateXplain";"arabs may not have invented slavery but they sure did perfect it";"1- arabs, 2- may, 3- not, 4- have, 5- invented, 6- slavery, 7- but, 8- they, 9- sure, 10- did, 11- perfect, 12- it";"offensive targeting Arab";"https://app.prolific.co/submissions/complete?cc=91442ADD"
"19115010_gab";"HateXplain";"black be bootyful sheboons something even their gorillas dont want nobody wants";"1- black, 2- be, 3- bootyful, 4- sheboons, 5- something, 6- even, 7- their, 8- gorillas, 9- dont, 10- want, 11- nobody, 12- wants";"hatespeech targeting African";"https://app.prolific.co/submissions/complete?cc=91442ADD"
"14949935_gab";"HateXplain";"podhoretz is kike trash that needs a horrific reckoning";"1- podhoretz, 2- is, 3- kike, 4- trash, 5- that, 6- needs, 7- a, 8- horrific, 9- reckoning";"hatespeech targeting Jewish";"https://app.prolific.co/submissions/complete?cc=91442ADD"
"10120104_gab";"HateXplain";"the mafia will leave severed goat heads on the beds of moslem refugees";"1- the, 2- mafia, 3- will, 4- leave, 5- severed, 6- goat, 7- heads, 8- on, 9- the, 10- beds, 11- of, 12- moslem, 13- refugees";"hatespeech targeting Islam";"https://app.prolific.co/submissions/complete?cc=91442ADD"
"27103156_gab";"HateXplain";"u really think i a going t waste my time on this antisemitic trope mein little nazi u lost get over it arablies i am an expert on nazilies and their mental affliction srael rising why not have a day of rage like the arabs do";"1- u, 2- really, 3- think, 4- i, 5- a, 6- going, 7- t, 8- waste, 9- my, 10- time, 11- on, 12- this, 13- antisemitic, 14- trope, 15- mein, 16- little, 17- nazi, 18- u, 19- lost, 20- get, 21- over, 22- it, 23- arablies, 24- i, 25- am, 26- an, 27- expert, 28- on, 29- nazilies, 30- and, 31- their, 32- mental, 33- affliction, 34- srael, 35- rising, 36- why, 37- not, 38- have, 39- a, 40- day, 41- of, 42- rage, 43- like, 44- the, 45- arabs, 46- do";"offensive targeting Arab";"https://app.prolific.co/submissions/complete?cc=91442ADD"
"17382908_gab";"HateXplain";"tell sambo samboeta i said fuck off nigger";"1- tell, 2- sambo, 3- samboeta, 4- i, 5- said, 6- fuck, 7- off, 8- nigger";"hatespeech targeting African";"https://app.prolific.co/submissions/complete?cc=91442ADD"
"24894439_gab";"HateXplain";"yea i bet a white nationalist is a real big traitor or maybe i do not like a kike puppet who doing nothing on immigration you retard";"1- yea, 2- i, 3- bet, 4- a, 5- white, 6- nationalist, 7- is, 8- a, 9- real, 10- big, 11- traitor, 12- or, 13- maybe, 14- i, 15- do, 16- not, 17- like, 18- a, 19- kike, 20- puppet, 21- who, 22- doing, 23- nothing, 24- on, 25- immigration, 26- you, 27- retard";"hatespeech targeting Jewish";"https://app.prolific.co/submissions/complete?cc=91442ADD"
"3009341_gab";"HateXplain";"muslim chaplain of the canadian army wtf why i am sure our muzzie friends and allies have a priest in their army hell i doubt there is one in the whole country fk islam can fam speak freely";"1- muslim, 2- chaplain, 3- of, 4- the, 5- canadian, 6- army, 7- wtf, 8- why, 9- i, 10- am, 11- sure, 12- our, 13- muzzie, 14- friends, 15- and, 16- allies, 17- have, 18- a, 19- priest, 20- in, 21- their, 22- army, 23- hell, 24- i, 25- doubt, 26- there, 27- is, 28- one, 29- in, 30- the, 31- whole, 32- country, 33- fk, 34- islam, 35- can, 36- fam, 37- speak, 38- freely";"hatespeech targeting Islam";"https://app.prolific.co/submissions/complete?cc=91442ADD"
"27392816_gab";"HateXplain";"the sand niggers deserve the same";"1- the, 2- sand, 3- niggers, 4- deserve, 5- the, 6- same";"hatespeech targeting Arab";"https://app.prolific.co/submissions/complete?cc=91442ADD"
"24332040_gab";"HateXplain";"he sounds like a nigger trying to cure aids by fucking little girls disgusting piece of shit";"1- he, 2- sounds, 3- like, 4- a, 5- nigger, 6- trying, 7- to, 8- cure, 9- aids, 10- by, 11- fucking, 12- little, 13- girls, 14- disgusting, 15- piece, 16- of, 17- shit";"hatespeech targeting African";"https://app.prolific.co/submissions/complete?cc=91442ADD"
"25296749_gab";"HateXplain";"so i am not white because i want whites to live in a world free of non whites and am willing to use any means necessary to ensure that goal you outright want to murder whites to prove how pro white you are that the same reasoning that the kike weev used";"1- so, 2- i, 3- am, 4- not, 5- white, 6- because, 7- i, 8- want, 9- whites, 10- to, 11- live, 12- in, 13- a, 14- world, 15- free, 16- of, 17- non, 18- whites, 19- and, 20- am, 21- willing, 22- to, 23- use, 24- any, 25- means, 26- necessary, 27- to, 28- ensure, 29- that, 30- goal, 31- you, 32- outright, 33- want, 34- to, 35- murder, 36- whites, 37- to, 38- prove, 39- how, 40- pro, 41- white, 42- you, 43- are, 44- that, 45- the, 46- same, 47- reasoning, 48- that, 49- the, 50- kike, 51- weev, 52- used";"hatespeech targeting Jewish";"https://app.prolific.co/submissions/complete?cc=91442ADD"
"12042275_gab";"HateXplain";"see how lefties turn on their poster girl aung san suu kyi mynarmar cos she will not bend to dhimmi traitor politicians un by appeasing moslems unhcr head is a moslem screams genocide irony yet mentions nothing of ongoing moslem genocide of christians in middle east me says go for it aung";"1- see, 2- how, 3- lefties, 4- turn, 5- on, 6- their, 7- poster, 8- girl, 9- aung, 10- san, 11- suu, 12- kyi, 13- mynarmar, 14- cos, 15- she, 16- will, 17- not, 18- bend, 19- to, 20- dhimmi, 21- traitor, 22- politicians, 23- un, 24- by, 25- appeasing, 26- moslems, 27- unhcr, 28- head, 29- is, 30- a, 31- moslem, 32- screams, 33- genocide, 34- irony, 35- yet, 36- mentions, 37- nothing, 38- of, 39- ongoing, 40- moslem, 41- genocide, 42- of, 43- christians, 44- in, 45- middle, 46- east, 47- me, 48- says, 49- go, 50- for, 51- it, 52- aung";"hatespeech targeting Islam";"https://app.prolific.co/submissions/complete?cc=91442ADD"
"27419445_gab";"HateXplain";"is it just me or are the only people retarded enough to buy the q larp boomers i swear they eat it all up right along with a side of fox news and pro israel propaganda qanon";"1- is, 2- it, 3- just, 4- me, 5- or, 6- are, 7- the, 8- only, 9- people, 10- retarded, 11- enough, 12- to, 13- buy, 14- the, 15- q, 16- larp, 17- boomers, 18- i, 19- swear, 20- they, 21- eat, 22- it, 23- all, 24- up, 25- right, 26- along, 27- with, 28- a, 29- side, 30- of, 31- fox, 32- news, 33- and, 34- pro, 35- israel, 36- propaganda, 37- qanon";"offensive targeting Arab";"https://app.prolific.co/submissions/complete?cc=91442ADD"
"22676953_gab";"HateXplain";"i think you indeed can call people nigger if you so please";"1- i, 2- think, 3- you, 4- indeed, 5- can, 6- call, 7- people, 8- nigger, 9- if, 10- you, 11- so, 12- please";"hatespeech targeting African";"https://app.prolific.co/submissions/complete?cc=91442ADD"
"24307910_gab";"HateXplain";"lying kike filth the false dichotomy here is your false dichotomy between capitalism that mistreats workers and marxism guess what kike there is a capitalism by which workers and owners are complementary fascism";"1- lying, 2- kike, 3- filth, 4- the, 5- false, 6- dichotomy, 7- here, 8- is, 9- your, 10- false, 11- dichotomy, 12- between, 13- capitalism, 14- that, 15- mistreats, 16- workers, 17- and, 18- marxism, 19- guess, 20- what, 21- kike, 22- there, 23- is, 24- a, 25- capitalism, 26- by, 27- which, 28- workers, 29- and, 30- owners, 31- are, 32- complementary, 33- fascism";"hatespeech targeting Jewish";"https://app.prolific.co/submissions/complete?cc=91442ADD"
"11805489_gab";"HateXplain";"behind the rohinya muzzie sob story http :// <url>";"1- behind, 2- the, 3- rohinya, 4- muzzie, 5- sob, 6- story, 7- http, 8- ://, 9- <url>";"hatespeech targeting Islam";"https://app.prolific.co/submissions/complete?cc=91442ADD"
"27833161_gab";"HateXplain";"i hate arabs jews are arabs hebrew is fucking arabic we know";"1- i, 2- hate, 3- arabs, 4- jews, 5- are, 6- arabs, 7- hebrew, 8- is, 9- fucking, 10- arabic, 11- we, 12- know";"hatespeech targeting Arab";"https://app.prolific.co/submissions/complete?cc=91442ADD"
"24032034_gab";"HateXplain";"<user> i hate you for the hairy titty nigger that bullshit wrong on so many levels you suck 😨 😠 👹 💩 👹 💩 👹 💩 👹 💩";"1- <user>, 2- i, 3- hate, 4- you, 5- for, 6- the, 7- hairy, 8- titty, 9- nigger, 10- that, 11- bullshit, 12- wrong, 13- on, 14- so, 15- many, 16- levels, 17- you, 18- suck, 19- 😨, 20- 😠, 21- 👹, 22- 💩, 23- 👹, 24- 💩, 25- 👹, 26- 💩, 27- 👹, 28- 💩";"hatespeech targeting African";"https://app.prolific.co/submissions/complete?cc=91442ADD"
"17265419_gab";"HateXplain";"what the fuck does matt heimbach think he doing is he really punching right for a kike publication";"1- what, 2- the, 3- fuck, 4- does, 5- matt, 6- heimbach, 7- think, 8- he, 9- doing, 10- is, 11- he, 12- really, 13- punching, 14- right, 15- for, 16- a, 17- kike, 18- publication";"hatespeech targeting Jewish";"https://app.prolific.co/submissions/complete?cc=91442ADD"
"10512629_gab";"HateXplain";"we are being taxed with zakat so they can live lavishly fuck their zakat time to enforce the moslem ban that been around since the <number>";"1- we, 2- are, 3- being, 4- taxed, 5- with, 6- zakat, 7- so, 8- they, 9- can, 10- live, 11- lavishly, 12- fuck, 13- their, 14- zakat, 15- time, 16- to, 17- enforce, 18- the, 19- moslem, 20- ban, 21- that, 22- been, 23- around, 24- since, 25- the, 26- <number>";"hatespeech targeting Islam";"https://app.prolific.co/submissions/complete?cc=91442ADD"
"27997027_gab";"HateXplain";"what a lying asshole you are you arab muslim filth are fucking up christian europe liar typical blame shifting lying a rab hook nosed raghead";"1- what, 2- a, 3- lying, 4- asshole, 5- you, 6- are, 7- you, 8- arab, 9- muslim, 10- filth, 11- are, 12- fucking, 13- up, 14- christian, 15- europe, 16- liar, 17- typical, 18- blame, 19- shifting, 20- lying, 21- a, 22- rab, 23- hook, 24- nosed, 25- raghead";"hatespeech targeting Arab";"https://app.prolific.co/submissions/complete?cc=91442ADD"
"26152028_gab";"HateXplain";"move to a nigger neighborhood or gtfo";"1- move, 2- to, 3- a, 4- nigger, 5- neighborhood, 6- or, 7- gtfo";"hatespeech targeting African";"https://app.prolific.co/submissions/complete?cc=91442ADD"
"17382671_gab";"HateXplain";"some butthurt kike reported this display picture i can not understand how it violates any of twitter rules tho";"1- some, 2- butthurt, 3- kike, 4- reported, 5- this, 6- display, 7- picture, 8- i, 9- can, 10- not, 11- understand, 12- how, 13- it, 14- violates, 15- any, 16- of, 17- twitter, 18- rules, 19- tho";"hatespeech targeting Jewish";"https://app.prolific.co/submissions/complete?cc=91442ADD"
"16761817_gab";"HateXplain";"and its muzzie terrorism";"1- and, 2- its, 3- muzzie, 4- terrorism";"hatespeech targeting Islam";"https://app.prolific.co/submissions/complete?cc=91442ADD"
"3012325_gab";"HateXplain";"<user> these elites including merkel can integrate my fuß up their arse i bet they do not have any arabs in their gated communities but they are more than happy to see the world burn speakfreely merkelmussweg afd deutschland welt europe";"1- <user>, 2- these, 3- elites, 4- including, 5- merkel, 6- can, 7- integrate, 8- my, 9- fuß, 10- up, 11- their, 12- arse, 13- i, 14- bet, 15- they, 16- do, 17- not, 18- have, 19- any, 20- arabs, 21- in, 22- their, 23- gated, 24- communities, 25- but, 26- they, 27- are, 28- more, 29- than, 30- happy, 31- to, 32- see, 33- the, 34- world, 35- burn, 36- speakfreely, 37- merkelmussweg, 38- afd, 39- deutschland, 40- welt, 41- europe";"offensive targeting Arab";"https://app.prolific.co/submissions/complete?cc=91442ADD"
"4972974_gab";"HateXplain";"i left a nigger lying dead by the river i left the willow whisps to roam jeffrey lee pierce";"1- i, 2- left, 3- a, 4- nigger, 5- lying, 6- dead, 7- by, 8- the, 9- river, 10- i, 11- left, 12- the, 13- willow, 14- whisps, 15- to, 16- roam, 17- jeffrey, 18- lee, 19- pierce";"hatespeech targeting African";"https://app.prolific.co/submissions/complete?cc=91442ADD"
"25800722_gab";"HateXplain";"lol another salty kike";"1- lol, 2- another, 3- salty, 4- kike";"hatespeech targeting Jewish";"https://app.prolific.co/submissions/complete?cc=91442ADD"
"attention_27";"attention check sentences (HateXplain targeting)";"yo check out that guy in the turban hes probably a terrorist";"1- yo, 2- check, 3- out, 4- that, 5- guy, 6- in, 7- the, 8- turban, 9- hes, 10- probably, 11- a, 12- terrorist";"offensive";"https://app.prolific.co/submissions/complete?cc=91442ADD"