ID;dataset;text;tokens;label;redirectUrl
22503266_gab;HateXplain;tell that cuban communist ugly bull dyke cunt to fuck off;1- tell, 2- that, 3- cuban, 4- communist, 5- ugly, 6- bull, 7- dyke, 8- cunt, 9- to, 10- fuck, 11- off;hatespeech targeting Women;https://app.prolific.co/submissions/complete?cc=91442ADD
1121910981171523585_twitter;HateXplain;idk who cry more servers or bitches with cheating niggas;1- idk, 2- who, 3- cry, 4- more, 5- servers, 6- or, 7- bitches, 8- with, 9- cheating, 10- niggas;offensive targeting Women;https://app.prolific.co/submissions/complete?cc=91442ADD
11947456_gab;HateXplain;well nigger loving whores like you have no shame;1- well, 2- nigger, 3- loving, 4- whores, 5- like, 6- you, 7- have, 8- no, 9- shame;hatespeech targeting Women;https://app.prolific.co/submissions/complete?cc=91442ADD
1179103606752055298_twitter;HateXplain;a literal slut for lana del rey;1- a, 2- literal, 3- slut, 4- for, 5- lana, 6- del, 7- rey;offensive targeting Women;https://app.prolific.co/submissions/complete?cc=91442ADD
14373508_gab;HateXplain;being a disgusting fat dike should be illegal;1- being, 2- a, 3- disgusting, 4- fat, 5- dike, 6- should, 7- be, 8- illegal;hatespeech targeting Women;https://app.prolific.co/submissions/complete?cc=91442ADD
1179093059931377666_twitter;HateXplain;bouta put my professor on queer eye cuz this bitch can not dress;1- bouta, 2- put, 3- my, 4- professor, 5- on, 6- queer, 7- eye, 8- cuz, 9- this, 10- bitch, 11- can, 12- not, 13- dress;offensive targeting Women;https://app.prolific.co/submissions/complete?cc=91442ADD
22398621_gab;HateXplain;skinhead dyke cunt;1- skinhead, 2- dyke, 3- cunt;hatespeech targeting Women;https://app.prolific.co/submissions/complete?cc=91442ADD
1178834447266914310_twitter;HateXplain;i wanted to follow the dumbest hoe on twitter but it said edit profile smh;1- i, 2- wanted, 3- to, 4- follow, 5- the, 6- dumbest, 7- hoe, 8- on, 9- twitter, 10- but, 11- it, 12- said, 13- edit, 14- profile, 15- smh;offensive targeting Women;https://app.prolific.co/submissions/complete?cc=91442ADD
16283023_gab;HateXplain;feminists always gotta turn dyke looking;1- feminists, 2- always, 3- gotta, 4- turn, 5- dyke, 6- looking;offensive targeting Women;https://app.prolific.co/submissions/complete?cc=91442ADD
1179045055136444421_twitter;HateXplain;the same white bitches getting braids be the same girls tryina flex saying black guys only foh you dumb hoe 🙄;1- the, 2- same, 3- white, 4- bitches, 5- getting, 6- braids, 7- be, 8- the, 9- same, 10- girls, 11- tryina, 12- flex, 13- saying, 14- black, 15- guys, 16- only, 17- foh, 18- you, 19- dumb, 20- hoe, 21- 🙄;offensive targeting Women;https://app.prolific.co/submissions/complete?cc=91442ADD
15153292_gab;HateXplain;dumb spic bitch;1- dumb, 2- spic, 3- bitch;hatespeech targeting Women;https://app.prolific.co/submissions/complete?cc=91442ADD
1178907999341072385_twitter;HateXplain;i fuck bitches better watch your hoe;1- i, 2- fuck, 3- bitches, 4- better, 5- watch, 6- your, 7- hoe;offensive targeting Women;https://app.prolific.co/submissions/complete?cc=91442ADD
15882285_gab;HateXplain;american mudshark lindsey vonn is the latest female celebrity to open her mouth and spew bullcrap and now she hurt her back at a ski event 😂 😂 😂 typical thot hates trump yet slept with serial adulterer and frequent user of prostitutes tiger woods 🙈 🙈 gab fam speak freely;1- american, 2- mudshark, 3- lindsey, 4- vonn, 5- is, 6- the, 7- latest, 8- female, 9- celebrity, 10- to, 11- open, 12- her, 13- mouth, 14- and, 15- spew, 16- bullcrap, 17- and, 18- now, 19- she, 20- hurt, 21- her, 22- back, 23- at, 24- a, 25- ski, 26- event, 27- 😂, 28- 😂, 29- 😂, 30- typical, 31- thot, 32- hates, 33- trump, 34- yet, 35- slept, 36- with, 37- serial, 38- adulterer, 39- and, 40- frequent, 41- user, 42- of, 43- prostitutes, 44- tiger, 45- woods, 46- 🙈, 47- 🙈, 48- gab, 49- fam, 50- speak, 51- freely;hatespeech targeting Women;https://app.prolific.co/submissions/complete?cc=91442ADD
1186749782980734977_twitter;HateXplain;giving dis hoe back to da streets;1- giving, 2- dis, 3- hoe, 4- back, 5- to, 6- da, 7- streets;offensive targeting Women;https://app.prolific.co/submissions/complete?cc=91442ADD
2624697_gab;HateXplain;looks like trump is picking his <number> to plug the dyke and maga;1- looks, 2- like, 3- trump, 4- is, 5- picking, 6- his, 7- <number>, 8- to, 9- plug, 10- the, 11- dyke, 12- and, 13- maga;offensive targeting Women;https://app.prolific.co/submissions/complete?cc=91442ADD
1106165429700046853_twitter;HateXplain;you betta go get my money lil bitch i gotta stack whore i can go str8 for the flush or kiss it off the backboard 🦊;1- you, 2- betta, 3- go, 4- get, 5- my, 6- money, 7- lil, 8- bitch, 9- i, 10- gotta, 11- stack, 12- whore, 13- i, 14- can, 15- go, 16- str8, 17- for, 18- the, 19- flush, 20- or, 21- kiss, 22- it, 23- off, 24- the, 25- backboard, 26- 🦊;offensive targeting Women;https://app.prolific.co/submissions/complete?cc=91442ADD
14606703_gab;HateXplain;the golden don is an honorary blonde but his dumbass daughter is a kike by cock;1- the, 2- golden, 3- don, 4- is, 5- an, 6- honorary, 7- blonde, 8- but, 9- his, 10- dumbass, 11- daughter, 12- is, 13- a, 14- kike, 15- by, 16- cock;hatespeech targeting Women;https://app.prolific.co/submissions/complete?cc=91442ADD
1188753196484825091_twitter;HateXplain;stupid goofy opps ass hoes;1- stupid, 2- goofy, 3- opps, 4- ass, 5- hoes;offensive targeting Women;https://app.prolific.co/submissions/complete?cc=91442ADD
13196929_gab;HateXplain;nah i just posted an ugly kikess from anonymous nudes that she was sending to minors on twitter after she claimed she was gonna dox me and purposely endanger any children i may have and she dared me to do it got the whore fired too turnabout is fair play;1- nah, 2- i, 3- just, 4- posted, 5- an, 6- ugly, 7- kikess, 8- from, 9- anonymous, 10- nudes, 11- that, 12- she, 13- was, 14- sending, 15- to, 16- minors, 17- on, 18- twitter, 19- after, 20- she, 21- claimed, 22- she, 23- was, 24- gonna, 25- dox, 26- me, 27- and, 28- purposely, 29- endanger, 30- any, 31- children, 32- i, 33- may, 34- have, 35- and, 36- she, 37- dared, 38- me, 39- to, 40- do, 41- it, 42- got, 43- the, 44- whore, 45- fired, 46- too, 47- turnabout, 48- is, 49- fair, 50- play;hatespeech targeting Women;https://app.prolific.co/submissions/complete?cc=91442ADD
1084364519642669056_twitter;HateXplain;yea ima beat this hoe up;1- yea, 2- ima, 3- beat, 4- this, 5- hoe, 6- up;offensive targeting Women;https://app.prolific.co/submissions/complete?cc=91442ADD
21103062_gab;HateXplain;i d like to introduce these dykes to my <number> oz estwing repeatedly;1- i, 2- d, 3- like, 4- to, 5- introduce, 6- these, 7- dykes, 8- to, 9- my, 10- <number>, 11- oz, 12- estwing, 13- repeatedly;hatespeech targeting Women;https://app.prolific.co/submissions/complete?cc=91442ADD
1179012630813581312_twitter;HateXplain;hello bitch nice tits ahahahahahahhaha milky m ilky milky baby thristy mommy baby want milk suck suck suck suck ahhahahaha stupid cunt give me those big udders you slut ahhahahahah tits tits titty hahahahah honk honk honk slut cunt mommy honk honk milky;1- hello, 2- bitch, 3- nice, 4- tits, 5- ahahahahahahhaha, 6- milky, 7- m, 8- ilky, 9- milky, 10- baby, 11- thristy, 12- mommy, 13- baby, 14- want, 15- milk, 16- suck, 17- suck, 18- suck, 19- suck, 20- ahhahahaha, 21- stupid, 22- cunt, 23- give, 24- me, 25- those, 26- big, 27- udders, 28- you, 29- slut, 30- ahhahahahah, 31- tits, 32- tits, 33- titty, 34- hahahahah, 35- honk, 36- honk, 37- honk, 38- slut, 39- cunt, 40- mommy, 41- honk, 42- honk, 43- milky;offensive targeting Women;https://app.prolific.co/submissions/complete?cc=91442ADD
24604208_gab;HateXplain;oh in light of this new detail her mudshark eligibility is denied and so her crown is revoked this week spot remains open good luck girls <user> ‍ <user> ‍;1- oh, 2- in, 3- light, 4- of, 5- this, 6- new, 7- detail, 8- her, 9- mudshark, 10- eligibility, 11- is, 12- denied, 13- and, 14- so, 15- her, 16- crown, 17- is, 18- revoked, 19- this, 20- week, 21- spot, 22- remains, 23- open, 24- good, 25- luck, 26- girls, 27- <user>, 28- <user>;offensive targeting Women;https://app.prolific.co/submissions/complete?cc=91442ADD
1109918186739122176_twitter;HateXplain;<user> bitch same tho lmfao do not blame you 🥵;1- <user>, 2- bitch, 3- same, 4- tho, 5- lmfao, 6- do, 7- not, 8- blame, 9- you, 10- 🥵;offensive targeting Women;https://app.prolific.co/submissions/complete?cc=91442ADD
14262039_gab;HateXplain;nah baldwin might be making a good point here i have no love for the kike weinstein or the thots who whored themselves for money but baldwin can let the feminists and jews bash him for a while might redpill him and flip him from being a libtard;1- nah, 2- baldwin, 3- might, 4- be, 5- making, 6- a, 7- good, 8- point, 9- here, 10- i, 11- have, 12- no, 13- love, 14- for, 15- the, 16- kike, 17- weinstein, 18- or, 19- the, 20- thots, 21- who, 22- whored, 23- themselves, 24- for, 25- money, 26- but, 27- baldwin, 28- can, 29- let, 30- the, 31- feminists, 32- and, 33- jews, 34- bash, 35- him, 36- for, 37- a, 38- while, 39- might, 40- redpill, 41- him, 42- and, 43- flip, 44- him, 45- from, 46- being, 47- a, 48- libtard;hatespeech targeting Women;https://app.prolific.co/submissions/complete?cc=91442ADD
1178998885555085312_twitter;HateXplain;<user> bitch i hate you;1- <user>, 2- bitch, 3- i, 4- hate, 5- you;offensive targeting Women;https://app.prolific.co/submissions/complete?cc=91442ADD
17303590_gab;HateXplain;bitch is perfect kike example she does not even pretend to be objective somehow honest she just straight up makes shit up naive goyim like kevin macdonald tried to deal with her like a white results are appalling yet predictable google exchange w k mac bitch is evil;1- bitch, 2- is, 3- perfect, 4- kike, 5- example, 6- she, 7- does, 8- not, 9- even, 10- pretend, 11- to, 12- be, 13- objective, 14- somehow, 15- honest, 16- she, 17- just, 18- straight, 19- up, 20- makes, 21- shit, 22- up, 23- naive, 24- goyim, 25- like, 26- kevin, 27- macdonald, 28- tried, 29- to, 30- deal, 31- with, 32- her, 33- like, 34- a, 35- white, 36- results, 37- are, 38- appalling, 39- yet, 40- predictable, 41- google, 42- exchange, 43- w, 44- k, 45- mac, 46- bitch, 47- is, 48- evil;hatespeech targeting Women;https://app.prolific.co/submissions/complete?cc=91442ADD
1179085005030645760_twitter;HateXplain;ben platt and david corenswet called me their bitch;1- ben, 2- platt, 3- and, 4- david, 5- corenswet, 6- called, 7- me, 8- their, 9- bitch;offensive targeting Women;https://app.prolific.co/submissions/complete?cc=91442ADD
21372209_gab;HateXplain;they are actually worse than the sheboons in certain ways very difficult women to deal with;1- they, 2- are, 3- actually, 4- worse, 5- than, 6- the, 7- sheboons, 8- in, 9- certain, 10- ways, 11- very, 12- difficult, 13- women, 14- to, 15- deal, 16- with;hatespeech targeting Women;https://app.prolific.co/submissions/complete?cc=91442ADD
attention_45;attention check sentences (HateXplain targeting);ok person from turgay;1- ok, 2- person, 3- from, 4- turgay;offensive;https://app.prolific.co/submissions/complete?cc=91442ADD