"ID";"dataset";"text";"tokens";"label";"redirectUrl"
"11172572_gab";"HateXplain";"mfw spain is threatened by an isis goatfucker born in spain and we react with meme magic";"1- mfw, 2- spain, 3- is, 4- threatened, 5- by, 6- an, 7- isis, 8- goatfucker, 9- born, 10- in, 11- spain, 12- and, 13- we, 14- react, 15- with, 16- meme, 17- magic";"hatespeech targeting Islam";"https://app.prolific.co/submissions/complete?cc=91442ADD"
"23949507_gab";"HateXplain";"ive been in this coutry for all my <number> years and ive never heard any americn in school college military or in the south ever call it lack of facility perhaps if you said nigge u dumb i would believe you so i guess im a moron";"1- ive, 2- been, 3- in, 4- this, 5- coutry, 6- for, 7- all, 8- my, 9- <number>, 10- years, 11- and, 12- ive, 13- never, 14- heard, 15- any, 16- americn, 17- in, 18- school, 19- college, 20- military, 21- or, 22- in, 23- the, 24- south, 25- ever, 26- call, 27- it, 28- lack, 29- of, 30- facility, 31- perhaps, 32- if, 33- you, 34- said, 35- nigge, 36- u, 37- dumb, 38- i, 39- would, 40- believe, 41- you, 42- so, 43- i, 44- guess, 45- im, 46- a, 47- moron";"offensive targeting African";"https://app.prolific.co/submissions/complete?cc=91442ADD"
"25954119_gab";"HateXplain";"perverted old kike drooling over yentas sad";"1- perverted, 2- old, 3- kike, 4- drooling, 5- over, 6- yentas, 7- sad";"hatespeech targeting Jewish";"https://app.prolific.co/submissions/complete?cc=91442ADD"
"10174926_gab";"HateXplain";"but violating it will not look at the entire structure of censorship sjws need the <number> billion muzzies as cannon fodder for the war on the west but they do not want sharia law prince whatshisname does he is not calling the shots cultural marxists are";"1- but, 2- violating, 3- it, 4- will, 5- not, 6- look, 7- at, 8- the, 9- entire, 10- structure, 11- of, 12- censorship, 13- sjws, 14- need, 15- the, 16- <number>, 17- billion, 18- muzzies, 19- as, 20- cannon, 21- fodder, 22- for, 23- the, 24- war, 25- on, 26- the, 27- west, 28- but, 29- they, 30- do, 31- not, 32- want, 33- sharia, 34- law, 35- prince, 36- whatshisname, 37- does, 38- he, 39- is, 40- not, 41- calling, 42- the, 43- shots, 44- cultural, 45- marxists, 46- are";"hatespeech targeting Islam";"https://app.prolific.co/submissions/complete?cc=91442ADD"
"21359909_gab";"HateXplain";"i hope next time a nigger actually kills tommy gay boy robinson";"1- i, 2- hope, 3- next, 4- time, 5- a, 6- nigger, 7- actually, 8- kills, 9- tommy, 10- gay, 11- boy, 12- robinson";"hatespeech targeting African";"https://app.prolific.co/submissions/complete?cc=91442ADD"
"23559144_gab";"HateXplain";"i do not think the kikes are gonna get this war i mean russia will fuck up the launch sites then what trump attacks a russian base no fucking way i know he is kike owned now but even he can not want nuclear flames in america";"1- i, 2- do, 3- not, 4- think, 5- the, 6- kikes, 7- are, 8- gonna, 9- get, 10- this, 11- war, 12- i, 13- mean, 14- russia, 15- will, 16- fuck, 17- up, 18- the, 19- launch, 20- sites, 21- then, 22- what, 23- trump, 24- attacks, 25- a, 26- russian, 27- base, 28- no, 29- fucking, 30- way, 31- i, 32- know, 33- he, 34- is, 35- kike, 36- owned, 37- now, 38- but, 39- even, 40- he, 41- can, 42- not, 43- want, 44- nuclear, 45- flames, 46- in, 47- america";"hatespeech targeting Jewish";"https://app.prolific.co/submissions/complete?cc=91442ADD"
"14962777_gab";"HateXplain";"if muzzies saw the volume of pork b products they use every day they would shit twinkies";"1- if, 2- muzzies, 3- saw, 4- the, 5- volume, 6- of, 7- pork, 8- b, 9- products, 10- they, 11- use, 12- every, 13- day, 14- they, 15- would, 16- shit, 17- twinkies";"hatespeech targeting Islam";"https://app.prolific.co/submissions/complete?cc=91442ADD"
"14796695_gab";"HateXplain";"but radical leftist propaganda and antifa websites are not dangerous right kys niggerfaggot";"1- but, 2- radical, 3- leftist, 4- propaganda, 5- and, 6- antifa, 7- websites, 8- are, 9- not, 10- dangerous, 11- right, 12- kys, 13- niggerfaggot";"hatespeech targeting African";"https://app.prolific.co/submissions/complete?cc=91442ADD"
"15927948_gab";"HateXplain";"part from da zhid turning up his toes this will serve well if true";"1- part, 2- from, 3- da, 4- zhid, 5- turning, 6- up, 7- his, 8- toes, 9- this, 10- will, 11- serve, 12- well, 13- if, 14- true";"hatespeech targeting Jewish";"https://app.prolific.co/submissions/complete?cc=91442ADD"
"21146846_gab";"HateXplain";"this linda sour asswipe is a filthy muzzie and nightmare not a dreamer dog turd wrapped in funeral netting";"1- this, 2- linda, 3- sour, 4- asswipe, 5- is, 6- a, 7- filthy, 8- muzzie, 9- and, 10- nightmare, 11- not, 12- a, 13- dreamer, 14- dog, 15- turd, 16- wrapped, 17- in, 18- funeral, 19- netting";"hatespeech targeting Islam";"https://app.prolific.co/submissions/complete?cc=91442ADD"
"22771907_gab";"HateXplain";"yes graffiti is nigger behavior";"1- yes, 2- graffiti, 3- is, 4- nigger, 5- behavior";"hatespeech targeting African";"https://app.prolific.co/submissions/complete?cc=91442ADD"
"14281811_gab";"HateXplain";"he posts good stuff but i am just not into fashier than thou bs when we need all hands on deck 8 pol goes off on trs is a kike honeypot bs too it not helpful";"1- he, 2- posts, 3- good, 4- stuff, 5- but, 6- i, 7- am, 8- just, 9- not, 10- into, 11- fashier, 12- than, 13- thou, 14- bs, 15- when, 16- we, 17- need, 18- all, 19- hands, 20- on, 21- deck, 22- 8, 23- pol, 24- goes, 25- off, 26- on, 27- trs, 28- is, 29- a, 30- kike, 31- honeypot, 32- bs, 33- too, 34- it, 35- not, 36- helpful";"offensive targeting Jewish";"https://app.prolific.co/submissions/complete?cc=91442ADD"
"10033731_gab";"HateXplain";"obama should just come out of the moslem closet we all know he a moslem he should end his interviews with allahu akbar";"1- obama, 2- should, 3- just, 4- come, 5- out, 6- of, 7- the, 8- moslem, 9- closet, 10- we, 11- all, 12- know, 13- he, 14- a, 15- moslem, 16- he, 17- should, 18- end, 19- his, 20- interviews, 21- with, 22- allahu, 23- akbar";"hatespeech targeting Islam";"https://app.prolific.co/submissions/complete?cc=91442ADD"
"22295528_gab";"HateXplain";"trump for fuck sake use that military money to instruct the army corps of engineers to build the fucking wall via the <number> fence act you can even declare a national emergency for kicks no dumb nigger can stop you with this supreme court in play like that";"1- trump, 2- for, 3- fuck, 4- sake, 5- use, 6- that, 7- military, 8- money, 9- to, 10- instruct, 11- the, 12- army, 13- corps, 14- of, 15- engineers, 16- to, 17- build, 18- the, 19- fucking, 20- wall, 21- via, 22- the, 23- <number>, 24- fence, 25- act, 26- you, 27- can, 28- even, 29- declare, 30- a, 31- national, 32- emergency, 33- for, 34- kicks, 35- no, 36- dumb, 37- nigger, 38- can, 39- stop, 40- you, 41- with, 42- this, 43- supreme, 44- court, 45- in, 46- play, 47- like, 48- that";"offensive targeting African";"https://app.prolific.co/submissions/complete?cc=91442ADD"
"23265516_gab";"HateXplain";"i went to ds to read the comments for that shill article for ricky bobby and almost all the comments make me feel like i am on the outside looking in on people still trapped inside the kike matrix it a bizarre feeling";"1- i, 2- went, 3- to, 4- ds, 5- to, 6- read, 7- the, 8- comments, 9- for, 10- that, 11- shill, 12- article, 13- for, 14- ricky, 15- bobby, 16- and, 17- almost, 18- all, 19- the, 20- comments, 21- make, 22- me, 23- feel, 24- like, 25- i, 26- am, 27- on, 28- the, 29- outside, 30- looking, 31- in, 32- on, 33- people, 34- still, 35- trapped, 36- inside, 37- the, 38- kike, 39- matrix, 40- it, 41- a, 42- bizarre, 43- feeling";"hatespeech targeting Jewish";"https://app.prolific.co/submissions/complete?cc=91442ADD"
"23334987_gab";"HateXplain";"gab needs to work on making it more user friendly it improving i hate muslimes";"1- gab, 2- needs, 3- to, 4- work, 5- on, 6- making, 7- it, 8- more, 9- user, 10- friendly, 11- it, 12- improving, 13- i, 14- hate, 15- muslimes";"hatespeech targeting Islam";"https://app.prolific.co/submissions/complete?cc=91442ADD"
"15236599_gab";"HateXplain";"one day a nigger will blow your brains out";"1- one, 2- day, 3- a, 4- nigger, 5- will, 6- blow, 7- your, 8- brains, 9- out";"hatespeech targeting African";"https://app.prolific.co/submissions/complete?cc=91442ADD"
"7894283_gab";"HateXplain";"there is a yid involved in very single breaking story out of the white house it interesting that jews are over represented in our government but can somehow avoid blame for any failures in governance it as if the media is somehow colluding to absolve them of any guilt";"1- there, 2- is, 3- a, 4- yid, 5- involved, 6- in, 7- very, 8- single, 9- breaking, 10- story, 11- out, 12- of, 13- the, 14- white, 15- house, 16- it, 17- interesting, 18- that, 19- jews, 20- are, 21- over, 22- represented, 23- in, 24- our, 25- government, 26- but, 27- can, 28- somehow, 29- avoid, 30- blame, 31- for, 32- any, 33- failures, 34- in, 35- governance, 36- it, 37- as, 38- if, 39- the, 40- media, 41- is, 42- somehow, 43- colluding, 44- to, 45- absolve, 46- them, 47- of, 48- any, 49- guilt";"hatespeech targeting Jewish";"https://app.prolific.co/submissions/complete?cc=91442ADD"
"26159937_gab";"HateXplain";"i do not moozlim shitty hands on my food fuck tyson and starbucks";"1- i, 2- do, 3- not, 4- moozlim, 5- shitty, 6- hands, 7- on, 8- my, 9- food, 10- fuck, 11- tyson, 12- and, 13- starbucks";"hatespeech targeting Islam";"https://app.prolific.co/submissions/complete?cc=91442ADD"
"13761233_gab";"HateXplain";"just call her what she really is a nigger";"1- just, 2- call, 3- her, 4- what, 5- she, 6- really, 7- is, 8- a, 9- nigger";"offensive targeting African";"https://app.prolific.co/submissions/complete?cc=91442ADD"
"27767940_gab";"HateXplain";"a vile piece of shit that kidnapped beat and tortured a pregnant woman and got out on 1 0 k bail thanks to his kike lawyers from the music industry";"1- a, 2- vile, 3- piece, 4- of, 5- shit, 6- that, 7- kidnapped, 8- beat, 9- and, 10- tortured, 11- a, 12- pregnant, 13- woman, 14- and, 15- got, 16- out, 17- on, 18- 1, 19- 0, 20- k, 21- bail, 22- thanks, 23- to, 24- his, 25- kike, 26- lawyers, 27- from, 28- the, 29- music, 30- industry";"hatespeech targeting Jewish";"https://app.prolific.co/submissions/complete?cc=91442ADD"
"26590259_gab";"HateXplain";"i am done posting about muzzies today here a kitteh instead";"1- i, 2- am, 3- done, 4- posting, 5- about, 6- muzzies, 7- today, 8- here, 9- a, 10- kitteh, 11- instead";"hatespeech targeting Islam";"https://app.prolific.co/submissions/complete?cc=91442ADD"
"13456793_gab";"HateXplain";"star trek discovery do not have a single straight white male character the crew is full of cunts niggers faggots and have a kike captain start trek was always a liberal franchise full of jews niggers but libshits cut out straight white males from their visions of the future absolutely";"1- star, 2- trek, 3- discovery, 4- do, 5- not, 6- have, 7- a, 8- single, 9- straight, 10- white, 11- male, 12- character, 13- the, 14- crew, 15- is, 16- full, 17- of, 18- cunts, 19- niggers, 20- faggots, 21- and, 22- have, 23- a, 24- kike, 25- captain, 26- start, 27- trek, 28- was, 29- always, 30- a, 31- liberal, 32- franchise, 33- full, 34- of, 35- jews, 36- niggers, 37- but, 38- libshits, 39- cut, 40- out, 41- straight, 42- white, 43- males, 44- from, 45- their, 46- visions, 47- of, 48- the, 49- future, 50- absolutely";"offensive targeting African";"https://app.prolific.co/submissions/complete?cc=91442ADD"
"27656195_gab";"HateXplain";"i am <percent> irish origin both parents irish no dirty jew here the kike never infected ireland";"1- i, 2- am, 3- <percent>, 4- irish, 5- origin, 6- both, 7- parents, 8- irish, 9- no, 10- dirty, 11- jew, 12- here, 13- the, 14- kike, 15- never, 16- infected, 17- ireland";"hatespeech targeting Jewish";"https://app.prolific.co/submissions/complete?cc=91442ADD"
"14537742_gab";"HateXplain";"i always get a kick out of the fact muzzies have <number> civil rights orgs actively functioning in the us via cair the nest of vipers what exactly are the rights they are protecting they condone every single invertebrate tendency already jihad public relations recruitment group";"1- i, 2- always, 3- get, 4- a, 5- kick, 6- out, 7- of, 8- the, 9- fact, 10- muzzies, 11- have, 12- <number>, 13- civil, 14- rights, 15- orgs, 16- actively, 17- functioning, 18- in, 19- the, 20- us, 21- via, 22- cair, 23- the, 24- nest, 25- of, 26- vipers, 27- what, 28- exactly, 29- are, 30- the, 31- rights, 32- they, 33- are, 34- protecting, 35- they, 36- condone, 37- every, 38- single, 39- invertebrate, 40- tendency, 41- already, 42- jihad, 43- public, 44- relations, 45- recruitment, 46- group";"hatespeech targeting Islam";"https://app.prolific.co/submissions/complete?cc=91442ADD"
"18830189_gab";"HateXplain";"this coon is full of shit";"1- this, 2- coon, 3- is, 4- full, 5- of, 6- shit";"hatespeech targeting African";"https://app.prolific.co/submissions/complete?cc=91442ADD"
"15870686_gab";"HateXplain";"ricky is a kike named art tavana so do not waste your breath bro";"1- ricky, 2- is, 3- a, 4- kike, 5- named, 6- art, 7- tavana, 8- so, 9- do, 10- not, 11- waste, 12- your, 13- breath, 14- bro";"hatespeech targeting Jewish";"https://app.prolific.co/submissions/complete?cc=91442ADD"
"8475483_gab";"HateXplain";"sadiq khan kebab givin muzzie love today makes me wanna do this 👇";"1- sadiq, 2- khan, 3- kebab, 4- givin, 5- muzzie, 6- love, 7- today, 8- makes, 9- me, 10- wanna, 11- do, 12- this, 13- 👇";"offensive targeting Islam";"https://app.prolific.co/submissions/complete?cc=91442ADD"
"18100788_gab";"HateXplain";"she not gonna love niggers that for sure if i ever saw that shit i would stomp that nigger to death";"1- she, 2- not, 3- gonna, 4- love, 5- niggers, 6- that, 7- for, 8- sure, 9- if, 10- i, 11- ever, 12- saw, 13- that, 14- shit, 15- i, 16- would, 17- stomp, 18- that, 19- nigger, 20- to, 21- death";"hatespeech targeting African";"https://app.prolific.co/submissions/complete?cc=91442ADD"
"attention_18";"attention check sentences (HateXplain targeting)";"you dam norwegian";"1- you, 2- dam, 3- norwegian";"offensive";"https://app.prolific.co/submissions/complete?cc=91442ADD"