"ID";"dataset";"text";"tokens";"label";"redirectUrl"
"14160724_gab";"HateXplain";"wth i got kicked off twitter all i did was say ghetto hood rat on snop doggs photo of a trump photo";"1- wth, 2- i, 3- got, 4- kicked, 5- off, 6- twitter, 7- all, 8- i, 9- did, 10- was, 11- say, 12- ghetto, 13- hood, 14- rat, 15- on, 16- snop, 17- doggs, 18- photo, 19- of, 20- a, 21- trump, 22- photo";"offensive targeting African";"https://app.prolific.co/submissions/complete?cc=91442ADD"
"1178490316212654085_twitter";"HateXplain";"<user> actually white people are dating back to <number> shit probably even before that you all feel so entitled to everything when you all literally just bring disease and attitude with you everywhere you do white people have been annoying since the beginning of time";"1- <user>, 2- actually, 3- white, 4- people, 5- are, 6- dating, 7- back, 8- to, 9- <number>, 10- shit, 11- probably, 12- even, 13- before, 14- that, 15- you, 16- all, 17- feel, 18- so, 19- entitled, 20- to, 21- everything, 22- when, 23- you, 24- all, 25- literally, 26- just, 27- bring, 28- disease, 29- and, 30- attitude, 31- with, 32- you, 33- everywhere, 34- you, 35- do, 36- white, 37- people, 38- have, 39- been, 40- annoying, 41- since, 42- the, 43- beginning, 44- of, 45- time";"offensive targeting Caucasian";"https://app.prolific.co/submissions/complete?cc=91442ADD"
"18545554_gab";"HateXplain";"yep we need a way to control our women remotely";"1- yep, 2- we, 3- need, 4- a, 5- way, 6- to, 7- control, 8- our, 9- women, 10- remotely";"offensive targeting Women";"https://app.prolific.co/submissions/complete?cc=91442ADD"
"1206249920174477313_twitter";"HateXplain";"<user> <user> so why is not the muslim world sending millions of their jihadist to china";"1- <user>, 2- <user>, 3- so, 4- why, 5- is, 6- not, 7- the, 8- muslim, 9- world, 10- sending, 11- millions, 12- of, 13- their, 14- jihadist, 15- to, 16- china";"offensive targeting Islam";"https://app.prolific.co/submissions/complete?cc=91442ADD"
"16349668_gab";"HateXplain";"this is not shocking this is islam it what they do islam teaches non believers deserve whatever they get the quicker people get this fact the better";"1- this, 2- is, 3- not, 4- shocking, 5- this, 6- is, 7- islam, 8- it, 9- what, 10- they, 11- do, 12- islam, 13- teaches, 14- non, 15- believers, 16- deserve, 17- whatever, 18- they, 19- get, 20- the, 21- quicker, 22- people, 23- get, 24- this, 25- fact, 26- the, 27- better";"hatespeech targeting Islam";"https://app.prolific.co/submissions/complete?cc=91442ADD"
"1201270352258699264_twitter";"HateXplain";"if you defend derek carr after today you ’ re a fucking faggot suspend me i don ’ t care do me a favor and suspend me from this bullshit";"1- if, 2- you, 3- defend, 4- derek, 5- carr, 6- after, 7- today, 8- you, 9- ’, 10- re, 11- a, 12- fucking, 13- faggot, 14- suspend, 15- me, 16- i, 17- don, 18- ’, 19- t, 20- care, 21- do, 22- me, 23- a, 24- favor, 25- and, 26- suspend, 27- me, 28- from, 29- this, 30- bullshit";"offensive targeting Other";"https://app.prolific.co/submissions/complete?cc=91442ADD"
"18147916_gab";"HateXplain";"where can one get this image in full resolution its the perfect emoji to use when a leftist retard says something ludicrous all the time that you can not get enough of go on amuse me more <user>";"1- where, 2- can, 3- one, 4- get, 5- this, 6- image, 7- in, 8- full, 9- resolution, 10- its, 11- the, 12- perfect, 13- emoji, 14- to, 15- use, 16- when, 17- a, 18- leftist, 19- retard, 20- says, 21- something, 22- ludicrous, 23- all, 24- the, 25- time, 26- that, 27- you, 28- can, 29- not, 30- get, 31- enough, 32- of, 33- go, 34- on, 35- amuse, 36- me, 37- more, 38- <user>";"offensive targeting Other";"https://app.prolific.co/submissions/complete?cc=91442ADD"
"1217208944436940800_twitter";"HateXplain";"<user> <user> illegal immigrants aren ’ t americans";"1- <user>, 2- <user>, 3- illegal, 4- immigrants, 5- aren, 6- ’, 7- t, 8- americans";"offensive targeting Refugee";"https://app.prolific.co/submissions/complete?cc=91442ADD"
"19441100_gab";"HateXplain";"good this is not a shithole country it should remain white and all the shit stains should be told the truth you were imported in to ruin the country that was your role";"1- good, 2- this, 3- is, 4- not, 5- a, 6- shithole, 7- country, 8- it, 9- should, 10- remain, 11- white, 12- and, 13- all, 14- the, 15- shit, 16- stains, 17- should, 18- be, 19- told, 20- the, 21- truth, 22- you, 23- were, 24- imported, 25- in, 26- to, 27- ruin, 28- the, 29- country, 30- that, 31- was, 32- your, 33- role";"hatespeech targeting Refugee";"https://app.prolific.co/submissions/complete?cc=91442ADD"
"1219090826766188544_twitter";"HateXplain";"darrell revis took ya <number> receiver and made sure than nigga ain ’ t get <number> yards";"1- darrell, 2- revis, 3- took, 4- ya, 5- <number>, 6- receiver, 7- and, 8- made, 9- sure, 10- than, 11- nigga, 12- ain, 13- ’, 14- t, 15- get, 16- <number>, 17- yards";"offensive targeting African";"https://app.prolific.co/submissions/complete?cc=91442ADD"
"14269466_gab";"HateXplain";"ffs people do unto others does not let foreigners and niggers come to your country and screw your daughters";"1- ffs, 2- people, 3- do, 4- unto, 5- others, 6- does, 7- not, 8- let, 9- foreigners, 10- and, 11- niggers, 12- come, 13- to, 14- your, 15- country, 16- and, 17- screw, 18- your, 19- daughters";"hatespeech targeting African";"https://app.prolific.co/submissions/complete?cc=91442ADD"
"1178778213348237312_twitter";"HateXplain";"<user> <user> <user> you call me names and then you follow me i am sorry i am not that desperate to settle for trailer trash like you";"1- <user>, 2- <user>, 3- <user>, 4- you, 5- call, 6- me, 7- names, 8- and, 9- then, 10- you, 11- follow, 12- me, 13- i, 14- am, 15- sorry, 16- i, 17- am, 18- not, 19- that, 20- desperate, 21- to, 22- settle, 23- for, 24- trailer, 25- trash, 26- like, 27- you";"offensive targeting Caucasian";"https://app.prolific.co/submissions/complete?cc=91442ADD"
"18676042_gab";"HateXplain";"the reason god made women for easily manipulated is so everybody could get laid";"1- the, 2- reason, 3- god, 4- made, 5- women, 6- for, 7- easily, 8- manipulated, 9- is, 10- so, 11- everybody, 12- could, 13- get, 14- laid";"offensive targeting Women";"https://app.prolific.co/submissions/complete?cc=91442ADD"
"1207554952685637633_twitter";"HateXplain";"<user> ahh saba saba you can take the out of work jihadis in the <number> states to one of the congi states it of course kerala";"1- <user>, 2- ahh, 3- saba, 4- saba, 5- you, 6- can, 7- take, 8- the, 9- out, 10- of, 11- work, 12- jihadis, 13- in, 14- the, 15- <number>, 16- states, 17- to, 18- one, 19- of, 20- the, 21- congi, 22- states, 23- it, 24- of, 25- course, 26- kerala";"offensive targeting Islam";"https://app.prolific.co/submissions/complete?cc=91442ADD"
"16428913_gab";"HateXplain";"well i married a cute french girl <number> years ago i bought some land with an old barn on it and restored it over the time of almost <number> years <number> or so for the land in that timelapse the muslim population in marseille raised from <number> to <number>";"1- well, 2- i, 3- married, 4- a, 5- cute, 6- french, 7- girl, 8- <number>, 9- years, 10- ago, 11- i, 12- bought, 13- some, 14- land, 15- with, 16- an, 17- old, 18- barn, 19- on, 20- it, 21- and, 22- restored, 23- it, 24- over, 25- the, 26- time, 27- of, 28- almost, 29- <number>, 30- years, 31- <number>, 32- or, 33- so, 34- for, 35- the, 36- land, 37- in, 38- that, 39- timelapse, 40- the, 41- muslim, 42- population, 43- in, 44- marseille, 45- raised, 46- from, 47- <number>, 48- to, 49- <number>";"offensive targeting Islam";"https://app.prolific.co/submissions/complete?cc=91442ADD"
"1203419557668503553_twitter";"HateXplain";"<user> haha he thinks i ’ m retarded asif id buy from some awful random";"1- <user>, 2- haha, 3- he, 4- thinks, 5- i, 6- ’, 7- m, 8- retarded, 9- asif, 10- id, 11- buy, 12- from, 13- some, 14- awful, 15- random";"offensive targeting Other";"https://app.prolific.co/submissions/complete?cc=91442ADD"
"18170378_gab";"HateXplain";"if you want an answer to that question maybe you should listen to my show instead of that drunk retard who has never made the slightest effort to understand the subject matter";"1- if, 2- you, 3- want, 4- an, 5- answer, 6- to, 7- that, 8- question, 9- maybe, 10- you, 11- should, 12- listen, 13- to, 14- my, 15- show, 16- instead, 17- of, 18- that, 19- drunk, 20- retard, 21- who, 22- has, 23- never, 24- made, 25- the, 26- slightest, 27- effort, 28- to, 29- understand, 30- the, 31- subject, 32- matter";"offensive targeting Other";"https://app.prolific.co/submissions/complete?cc=91442ADD"
"1217250434500517888_twitter";"HateXplain";"<user> does american people include all the illegal immigrants";"1- <user>, 2- does, 3- american, 4- people, 5- include, 6- all, 7- the, 8- illegal, 9- immigrants";"offensive targeting Refugee";"https://app.prolific.co/submissions/complete?cc=91442ADD"
"1946229_gab";"HateXplain";"<user> the definition of mom porn childless white women watching refugee children and babies crying on tv momporn i am a childless white woman but i feel ill at the sight of endless foreign kids better to focus on animalrights they are victims of human behavior sterilize third world";"1- <user>, 2- the, 3- definition, 4- of, 5- mom, 6- porn, 7- childless, 8- white, 9- women, 10- watching, 11- refugee, 12- children, 13- and, 14- babies, 15- crying, 16- on, 17- tv, 18- momporn, 19- i, 20- am, 21- a, 22- childless, 23- white, 24- woman, 25- but, 26- i, 27- feel, 28- ill, 29- at, 30- the, 31- sight, 32- of, 33- endless, 34- foreign, 35- kids, 36- better, 37- to, 38- focus, 39- on, 40- animalrights, 41- they, 42- are, 43- victims, 44- of, 45- human, 46- behavior, 47- sterilize, 48- third, 49- world";"hatespeech targeting Refugee";"https://app.prolific.co/submissions/complete?cc=91442ADD"
"1219176773482471425_twitter";"HateXplain";"rough looking niggas pretty boys";"1- rough, 2- looking, 3- niggas, 4- pretty, 5- boys";"offensive targeting African";"https://app.prolific.co/submissions/complete?cc=91442ADD"
"14293748_gab";"HateXplain";"makes you wonder who looked at this and thought wow this place really needs more niggers and camel jockeys";"1- makes, 2- you, 3- wonder, 4- who, 5- looked, 6- at, 7- this, 8- and, 9- thought, 10- wow, 11- this, 12- place, 13- really, 14- needs, 15- more, 16- niggers, 17- and, 18- camel, 19- jockeys";"hatespeech targeting African";"https://app.prolific.co/submissions/complete?cc=91442ADD"
"1178480625939992576_twitter";"HateXplain";"this white boy is a fucking crack head";"1- this, 2- white, 3- boy, 4- is, 5- a, 6- fucking, 7- crack, 8- head";"offensive targeting Caucasian";"https://app.prolific.co/submissions/complete?cc=91442ADD"
"18777219_gab";"HateXplain";"if a bunch of desert fantasy tales can make white men fight each other then ethnicity and race can not be that interesting racial loyalty only benefits women since men always pass on their genes regardless of who they mate with";"1- if, 2- a, 3- bunch, 4- of, 5- desert, 6- fantasy, 7- tales, 8- can, 9- make, 10- white, 11- men, 12- fight, 13- each, 14- other, 15- then, 16- ethnicity, 17- and, 18- race, 19- can, 20- not, 21- be, 22- that, 23- interesting, 24- racial, 25- loyalty, 26- only, 27- benefits, 28- women, 29- since, 30- men, 31- always, 32- pass, 33- on, 34- their, 35- genes, 36- regardless, 37- of, 38- who, 39- they, 40- mate, 41- with";"offensive targeting Women";"https://app.prolific.co/submissions/complete?cc=91442ADD"
"1208187936065212417_twitter";"HateXplain";"<user> they will never muslims r the most selfish people on earth";"1- <user>, 2- they, 3- will, 4- never, 5- muslims, 6- r, 7- the, 8- most, 9- selfish, 10- people, 11- on, 12- earth";"offensive targeting Islam";"https://app.prolific.co/submissions/complete?cc=91442ADD"
"16430689_gab";"HateXplain";"islam has faith schools which teach children that western society is corrupt and they should not integrate with the natives they also teach women are inferior to men and western women are below contempt that the men have a god given right to rape and abuse women";"1- islam, 2- has, 3- faith, 4- schools, 5- which, 6- teach, 7- children, 8- that, 9- western, 10- society, 11- is, 12- corrupt, 13- and, 14- they, 15- should, 16- not, 17- integrate, 18- with, 19- the, 20- natives, 21- they, 22- also, 23- teach, 24- women, 25- are, 26- inferior, 27- to, 28- men, 29- and, 30- western, 31- women, 32- are, 33- below, 34- contempt, 35- that, 36- the, 37- men, 38- have, 39- a, 40- god, 41- given, 42- right, 43- to, 44- rape, 45- and, 46- abuse, 47- women";"offensive targeting Islam";"https://app.prolific.co/submissions/complete?cc=91442ADD"
"1204150952007208960_twitter";"HateXplain";"ugh u wish everybody stfu talking to me shit retarded";"1- ugh, 2- u, 3- wish, 4- everybody, 5- stfu, 6- talking, 7- to, 8- me, 9- shit, 10- retarded";"offensive targeting Other";"https://app.prolific.co/submissions/complete?cc=91442ADD"
"18190532_gab";"HateXplain";"i blame gamers for convincing the mentally retarded that you can customize your gender like a character build gamergate";"1- i, 2- blame, 3- gamers, 4- for, 5- convincing, 6- the, 7- mentally, 8- retarded, 9- that, 10- you, 11- can, 12- customize, 13- your, 14- gender, 15- like, 16- a, 17- character, 18- build, 19- gamergate";"offensive targeting Other";"https://app.prolific.co/submissions/complete?cc=91442ADD"
"1225777827829567490_twitter";"HateXplain";"<user> were you or your relatives refugees on this boat";"1- <user>, 2- were, 3- you, 4- or, 5- your, 6- relatives, 7- refugees, 8- on, 9- this, 10- boat";"offensive targeting Refugee";"https://app.prolific.co/submissions/complete?cc=91442ADD"
"19466930_gab";"HateXplain";"refugees will always feel threatened here in the us until they reject terrorists turn in the monsters in their communities adopt and support american laws and our constitution in other words assimilate until then refugees will feel threatened and rightly so their choice";"1- refugees, 2- will, 3- always, 4- feel, 5- threatened, 6- here, 7- in, 8- the, 9- us, 10- until, 11- they, 12- reject, 13- terrorists, 14- turn, 15- in, 16- the, 17- monsters, 18- in, 19- their, 20- communities, 21- adopt, 22- and, 23- support, 24- american, 25- laws, 26- and, 27- our, 28- constitution, 29- in, 30- other, 31- words, 32- assimilate, 33- until, 34- then, 35- refugees, 36- will, 37- feel, 38- threatened, 39- and, 40- rightly, 41- so, 42- their, 43- choice";"offensive targeting Refugee";"https://app.prolific.co/submissions/complete?cc=91442ADD"
"attention_36";"attention check sentences (HateXplain targeting)";"fuck sake lik i sed no garlic sauce on ma donna meat and chips ya fuckin rag head";"1- fuck, 2- sake, 3- lik, 4- i, 5- sed, 6- no, 7- garlic, 8- sauce, 9- on, 10- ma, 11- donna, 12- meat, 13- and, 14- chips, 15- ya, 16- fuckin, 17- rag, 18- head";"offensive";"https://app.prolific.co/submissions/complete?cc=91442ADD"