"ID";"dataset";"text";"tokens";"label";"redirectUrl"
"22146626_gab";"HateXplain";"hp sucks just bought a new laptop and it randomly boots me from the internet the only support they have are sand niggers in india no way are they getting access to my computer save your cash this company is selling junk";"1- hp, 2- sucks, 3- just, 4- bought, 5- a, 6- new, 7- laptop, 8- and, 9- it, 10- randomly, 11- boots, 12- me, 13- from, 14- the, 15- internet, 16- the, 17- only, 18- support, 19- they, 20- have, 21- are, 22- sand, 23- niggers, 24- in, 25- india, 26- no, 27- way, 28- are, 29- they, 30- getting, 31- access, 32- to, 33- my, 34- computer, 35- save, 36- your, 37- cash, 38- this, 39- company, 40- is, 41- selling, 42- junk";"offensive targeting Arab";"https://app.prolific.co/submissions/complete?cc=91442ADD"
"12548441_gab";"HateXplain";"why is a black power nigger fist acceptable but a roman salute is not";"1- why, 2- is, 3- a, 4- black, 5- power, 6- nigger, 7- fist, 8- acceptable, 9- but, 10- a, 11- roman, 12- salute, 13- is, 14- not";"hatespeech targeting African";"https://app.prolific.co/submissions/complete?cc=91442ADD"
"25858883_gab";"HateXplain";"fuck you you fucking faggot degenerated kike parasite anti white c we are going to wipe you from the face of this earth you better pray there is not a war soon";"1- fuck, 2- you, 3- you, 4- fucking, 5- faggot, 6- degenerated, 7- kike, 8- parasite, 9- anti, 10- white, 11- c, 12- we, 13- are, 14- going, 15- to, 16- wipe, 17- you, 18- from, 19- the, 20- face, 21- of, 22- this, 23- earth, 24- you, 25- better, 26- pray, 27- there, 28- is, 29- not, 30- a, 31- war, 32- soon";"hatespeech targeting Jewish";"https://app.prolific.co/submissions/complete?cc=91442ADD"
"9173465_gab";"HateXplain";"strangely i dont believe him if its muzrat its lips are moving its lying however lets hope his plea to not be sent back to australia is granted we dont want the bastard to be kind we should send him his entire family stamp never to return";"1- strangely, 2- i, 3- dont, 4- believe, 5- him, 6- if, 7- its, 8- muzrat, 9- its, 10- lips, 11- are, 12- moving, 13- its, 14- lying, 15- however, 16- lets, 17- hope, 18- his, 19- plea, 20- to, 21- not, 22- be, 23- sent, 24- back, 25- to, 26- australia, 27- is, 28- granted, 29- we, 30- dont, 31- want, 32- the, 33- bastard, 34- to, 35- be, 36- kind, 37- we, 38- should, 39- send, 40- him, 41- his, 42- entire, 43- family, 44- stamp, 45- never, 46- to, 47- return";"hatespeech targeting Islam";"https://app.prolific.co/submissions/complete?cc=91442ADD"
"22236011_gab";"HateXplain";"do not do that to a white girl near me or i will drop your raghead guts on your fucking knees then cut your throat and piss in the hole";"1- do, 2- not, 3- do, 4- that, 5- to, 6- a, 7- white, 8- girl, 9- near, 10- me, 11- or, 12- i, 13- will, 14- drop, 15- your, 16- raghead, 17- guts, 18- on, 19- your, 20- fucking, 21- knees, 22- then, 23- cut, 24- your, 25- throat, 26- and, 27- piss, 28- in, 29- the, 30- hole";"hatespeech targeting Arab";"https://app.prolific.co/submissions/complete?cc=91442ADD"
"16122040_gab";"HateXplain";"omg i just read that president trump had to fire omarosa cuz the dumb nigger sow got drunk and had a category <number> chimpout in the white house 🐒";"1- omg, 2- i, 3- just, 4- read, 5- that, 6- president, 7- trump, 8- had, 9- to, 10- fire, 11- omarosa, 12- cuz, 13- the, 14- dumb, 15- nigger, 16- sow, 17- got, 18- drunk, 19- and, 20- had, 21- a, 22- category, 23- <number>, 24- chimpout, 25- in, 26- the, 27- white, 28- house, 29- 🐒";"hatespeech targeting African";"https://app.prolific.co/submissions/complete?cc=91442ADD"
"18326112_gab";"HateXplain";"money grubbing filthy kike in panic mode he has to refund shekels";"1- money, 2- grubbing, 3- filthy, 4- kike, 5- in, 6- panic, 7- mode, 8- he, 9- has, 10- to, 11- refund, 12- shekels";"hatespeech targeting Jewish";"https://app.prolific.co/submissions/complete?cc=91442ADD"
"20548043_gab";"HateXplain";"fuck sharia and fuck muzzies";"1- fuck, 2- sharia, 3- and, 4- fuck, 5- muzzies";"hatespeech targeting Islam";"https://app.prolific.co/submissions/complete?cc=91442ADD"
"22241011_gab";"HateXplain";"mohammed was a pedophile rapist murdering slaving retarded sandnigger prove me wrong";"1- mohammed, 2- was, 3- a, 4- pedophile, 5- rapist, 6- murdering, 7- slaving, 8- retarded, 9- sandnigger, 10- prove, 11- me, 12- wrong";"hatespeech targeting Arab";"https://app.prolific.co/submissions/complete?cc=91442ADD"
"25666114_gab";"HateXplain";"nigger lovers end up knocked up or beat up";"1- nigger, 2- lovers, 3- end, 4- up, 5- knocked, 6- up, 7- or, 8- beat, 9- up";"hatespeech targeting African";"https://app.prolific.co/submissions/complete?cc=91442ADD"
"1520595_gab";"HateXplain";"<user> given that he <percent> of the globalists top <percent> are kikescum and that the dictatorship ruling over americans is largely comprised of jewfilth perverts and criminals pace wikileaks and that the most powerful banking factions are mostly ratfaced yids";"1- <user>, 2- given, 3- that, 4- he, 5- <percent>, 6- of, 7- the, 8- globalists, 9- top, 10- <percent>, 11- are, 12- kikescum, 13- and, 14- that, 15- the, 16- dictatorship, 17- ruling, 18- over, 19- americans, 20- is, 21- largely, 22- comprised, 23- of, 24- jewfilth, 25- perverts, 26- and, 27- criminals, 28- pace, 29- wikileaks, 30- and, 31- that, 32- the, 33- most, 34- powerful, 35- banking, 36- factions, 37- are, 38- mostly, 39- ratfaced, 40- yids";"hatespeech targeting Jewish";"https://app.prolific.co/submissions/complete?cc=91442ADD"
"24049395_gab";"HateXplain";"pft this is not news he plays for palestine and gaza and all that shit all the time he a well known muzzie kook like cat stevens";"1- pft, 2- this, 3- is, 4- not, 5- news, 6- he, 7- plays, 8- for, 9- palestine, 10- and, 11- gaza, 12- and, 13- all, 14- that, 15- shit, 16- all, 17- the, 18- time, 19- he, 20- a, 21- well, 22- known, 23- muzzie, 24- kook, 25- like, 26- cat, 27- stevens";"hatespeech targeting Islam";"https://app.prolific.co/submissions/complete?cc=91442ADD"
"22422214_gab";"HateXplain";"you are already a subhuman life form so for me to further lower your value would literally be in possible have fun being muted sand nigger";"1- you, 2- are, 3- already, 4- a, 5- subhuman, 6- life, 7- form, 8- so, 9- for, 10- me, 11- to, 12- further, 13- lower, 14- your, 15- value, 16- would, 17- literally, 18- be, 19- in, 20- possible, 21- have, 22- fun, 23- being, 24- muted, 25- sand, 26- nigger";"hatespeech targeting Arab";"https://app.prolific.co/submissions/complete?cc=91442ADD"
"16288097_gab";"HateXplain";"fuck off you nigger loving whore your mom need a slap upside the head for boring such a chicken shit pansy";"1- fuck, 2- off, 3- you, 4- nigger, 5- loving, 6- whore, 7- your, 8- mom, 9- need, 10- a, 11- slap, 12- upside, 13- the, 14- head, 15- for, 16- boring, 17- such, 18- a, 19- chicken, 20- shit, 21- pansy";"hatespeech targeting African";"https://app.prolific.co/submissions/complete?cc=91442ADD"
"10763688_gab";"HateXplain";"my problem with these kike lovers is not what they are not doing they are punching right that the problem if they want to keep their fuckin mouths shut fine";"1- my, 2- problem, 3- with, 4- these, 5- kike, 6- lovers, 7- is, 8- not, 9- what, 10- they, 11- are, 12- not, 13- doing, 14- they, 15- are, 16- punching, 17- right, 18- that, 19- the, 20- problem, 21- if, 22- they, 23- want, 24- to, 25- keep, 26- their, 27- fuckin, 28- mouths, 29- shut, 30- fine";"hatespeech targeting Jewish";"https://app.prolific.co/submissions/complete?cc=91442ADD"
"2551865_gab";"HateXplain";"isis isil is boko harem hamas plo pla plj al qaeda taliban hezbollah harakat ul mujahidin ansar al sharia cair muslim brotherhood american muslims for palestine et al all are exactly the same muzzie terrorists";"1- isis, 2- isil, 3- is, 4- boko, 5- harem, 6- hamas, 7- plo, 8- pla, 9- plj, 10- al, 11- qaeda, 12- taliban, 13- hezbollah, 14- harakat, 15- ul, 16- mujahidin, 17- ansar, 18- al, 19- sharia, 20- cair, 21- muslim, 22- brotherhood, 23- american, 24- muslims, 25- for, 26- palestine, 27- et, 28- al, 29- all, 30- are, 31- exactly, 32- the, 33- same, 34- muzzie, 35- terrorists";"hatespeech targeting Islam";"https://app.prolific.co/submissions/complete?cc=91442ADD"
"22436170_gab";"HateXplain";"so the british government did not want you to hear a speech that raises awareness to the fact that the indigenous population is being replaced by muslim immigrants perhaps they are scared of the natives retaliating against this betrayal of the british people";"1- so, 2- the, 3- british, 4- government, 5- did, 6- not, 7- want, 8- you, 9- to, 10- hear, 11- a, 12- speech, 13- that, 14- raises, 15- awareness, 16- to, 17- the, 18- fact, 19- that, 20- the, 21- indigenous, 22- population, 23- is, 24- being, 25- replaced, 26- by, 27- muslim, 28- immigrants, 29- perhaps, 30- they, 31- are, 32- scared, 33- of, 34- the, 35- natives, 36- retaliating, 37- against, 38- this, 39- betrayal, 40- of, 41- the, 42- british, 43- people";"hatespeech targeting Arab";"https://app.prolific.co/submissions/complete?cc=91442ADD"
"19866523_gab";"HateXplain";"nigger queers are the worst";"1- nigger, 2- queers, 3- are, 4- the, 5- worst";"hatespeech targeting African";"https://app.prolific.co/submissions/complete?cc=91442ADD"
"27997868_gab";"HateXplain";"assuming we are on the same side edgy morons like yourself are the enemy have fun alienating people who do not worship your kike on a stick";"1- assuming, 2- we, 3- are, 4- on, 5- the, 6- same, 7- side, 8- edgy, 9- morons, 10- like, 11- yourself, 12- are, 13- the, 14- enemy, 15- have, 16- fun, 17- alienating, 18- people, 19- who, 20- do, 21- not, 22- worship, 23- your, 24- kike, 25- on, 26- a, 27- stick";"hatespeech targeting Jewish";"https://app.prolific.co/submissions/complete?cc=91442ADD"
"2521549_gab";"HateXplain";"<user> cuz it is upsetting all of my muzzie friends fam";"1- <user>, 2- cuz, 3- it, 4- is, 5- upsetting, 6- all, 7- of, 8- my, 9- muzzie, 10- friends, 11- fam";"hatespeech targeting Islam";"https://app.prolific.co/submissions/complete?cc=91442ADD"
"22617100_gab";"HateXplain";"hm isnt yids support arabs invading in eu and they thought arabs would be licking their ass another yid was killed in france few days ag here you go its called karma";"1- hm, 2- isnt, 3- yids, 4- support, 5- arabs, 6- invading, 7- in, 8- eu, 9- and, 10- they, 11- thought, 12- arabs, 13- would, 14- be, 15- licking, 16- their, 17- ass, 18- another, 19- yid, 20- was, 21- killed, 22- in, 23- france, 24- few, 25- days, 26- ag, 27- here, 28- you, 29- go, 30- its, 31- called, 32- karma";"hatespeech targeting Arab";"https://app.prolific.co/submissions/complete?cc=91442ADD"
"15447888_gab";"HateXplain";"what a nigger";"1- what, 2- a, 3- nigger";"hatespeech targeting African";"https://app.prolific.co/submissions/complete?cc=91442ADD"
"15121539_gab";"HateXplain";"figures that this homo would promote kike behavior while saying kikes abhor it and blaspheme at the same time ion";"1- figures, 2- that, 3- this, 4- homo, 5- would, 6- promote, 7- kike, 8- behavior, 9- while, 10- saying, 11- kikes, 12- abhor, 13- it, 14- and, 15- blaspheme, 16- at, 17- the, 18- same, 19- time, 20- ion";"hatespeech targeting Jewish";"https://app.prolific.co/submissions/complete?cc=91442ADD"
"20104013_gab";"HateXplain";"woman in charge of sandwell child services where paki moslem rape gangs are on the rise";"1- woman, 2- in, 3- charge, 4- of, 5- sandwell, 6- child, 7- services, 8- where, 9- paki, 10- moslem, 11- rape, 12- gangs, 13- are, 14- on, 15- the, 16- rise";"hatespeech targeting Islam";"https://app.prolific.co/submissions/complete?cc=91442ADD"
"22707292_gab";"HateXplain";"hello scum bag islam followers give me an arabic equivalent of the word guru no effing imam will not do they poison minds";"1- hello, 2- scum, 3- bag, 4- islam, 5- followers, 6- give, 7- me, 8- an, 9- arabic, 10- equivalent, 11- of, 12- the, 13- word, 14- guru, 15- no, 16- effing, 17- imam, 18- will, 19- not, 20- do, 21- they, 22- poison, 23- minds";"offensive targeting Arab";"https://app.prolific.co/submissions/complete?cc=91442ADD"
"23866657_gab";"HateXplain";"blubber lipped spear chucking jigaboo spook coon bison nostril velcro headed spaboolie niggers 🖕 🐒";"1- blubber, 2- lipped, 3- spear, 4- chucking, 5- jigaboo, 6- spook, 7- coon, 8- bison, 9- nostril, 10- velcro, 11- headed, 12- spaboolie, 13- niggers, 14- 🖕, 15- 🐒";"hatespeech targeting African";"https://app.prolific.co/submissions/complete?cc=91442ADD"
"26432575_gab";"HateXplain";"he rattled a kike";"1- he, 2- rattled, 3- a, 4- kike";"hatespeech targeting Jewish";"https://app.prolific.co/submissions/complete?cc=91442ADD"
"21192067_gab";"HateXplain";"trust me i know it bullshit too but unfortunately the muzzies in england will swallow hook line sinker due to lowered inbred iqs";"1- trust, 2- me, 3- i, 4- know, 5- it, 6- bullshit, 7- too, 8- but, 9- unfortunately, 10- the, 11- muzzies, 12- in, 13- england, 14- will, 15- swallow, 16- hook, 17- line, 18- sinker, 19- due, 20- to, 21- lowered, 22- inbred, 23- iqs";"hatespeech targeting Islam";"https://app.prolific.co/submissions/complete?cc=91442ADD"
"22813282_gab";"HateXplain";"fuck the taxis they are all run by ignorant towel heads anyway i do not use or like uber but i do see many white people driving for them";"1- fuck, 2- the, 3- taxis, 4- they, 5- are, 6- all, 7- run, 8- by, 9- ignorant, 10- towel, 11- heads, 12- anyway, 13- i, 14- do, 15- not, 16- use, 17- or, 18- like, 19- uber, 20- but, 21- i, 22- do, 23- see, 24- many, 25- white, 26- people, 27- driving, 28- for, 29- them";"offensive targeting Arab";"https://app.prolific.co/submissions/complete?cc=91442ADD"
"attention_47";"attention check sentences (HateXplain targeting)";"that nicca told me he wasnt gon na my money till next week";"1- that, 2- nicca, 3- told, 4- me, 5- he, 6- wasnt, 7- gon, 8- na, 9- my, 10- money, 11- till, 12- next, 13- week";"offensive";"https://app.prolific.co/submissions/complete?cc=91442ADD"