ID;dataset;text;tokens;label;redirectUrl
19000737_gab;HateXplain;holy shit another chink at virginia tech was planning a possible mass shooting wtf is up with the asians at virginia tech;1- holy, 2- shit, 3- another, 4- chink, 5- at, 6- virginia, 7- tech, 8- was, 9- planning, 10- a, 11- possible, 12- mass, 13- shooting, 14- wtf, 15- is, 16- up, 17- with, 18- the, 19- asians, 20- at, 21- virginia, 22- tech;offensive targeting Asian;https://app.prolific.co/submissions/complete?cc=91442ADD
1179097340394819586_twitter;HateXplain;<user> help i am retarded idk what it mean;1- <user>, 2- help, 3- i, 4- am, 5- retarded, 6- idk, 7- what, 8- it, 9- mean;offensive targeting Disability;https://app.prolific.co/submissions/complete?cc=91442ADD
5937259_gab;HateXplain;so <number> communist nigger journalist <number> windstorm but trump has caused this terrible wave of hate apparently almighty trump controls both the weather bernie supporters;1- so, 2- <number>, 3- communist, 4- nigger, 5- journalist, 6- <number>, 7- windstorm, 8- but, 9- trump, 10- has, 11- caused, 12- this, 13- terrible, 14- wave, 15- of, 16- hate, 17- apparently, 18- almighty, 19- trump, 20- controls, 21- both, 22- the, 23- weather, 24- bernie, 25- supporters;hatespeech targeting African;https://app.prolific.co/submissions/complete?cc=91442ADD
1100084334843826176_twitter;HateXplain;<user> shit be goofy af lol that ’ that old negro slave talk lol;1- <user>, 2- shit, 3- be, 4- goofy, 5- af, 6- lol, 7- that, 8- ’, 9- that, 10- old, 11- negro, 12- slave, 13- talk, 14- lol;offensive targeting African;https://app.prolific.co/submissions/complete?cc=91442ADD
12844224_gab;HateXplain;loulou lou loulou lou <number> minutes ago they are all felons you can take the man out of the ghetto but can not take the ghetto out of the man ﻿;1- loulou, 2- lou, 3- loulou, 4- lou, 5- <number>, 6- minutes, 7- ago, 8- they, 9- are, 10- all, 11- felons, 12- you, 13- can, 14- take, 15- the, 16- man, 17- out, 18- of, 19- the, 20- ghetto, 21- but, 22- can, 23- not, 24- take, 25- the, 26- ghetto, 27- out, 28- of, 29- the, 30- man;offensive targeting African;https://app.prolific.co/submissions/complete?cc=91442ADD
1258917258610515968_twitter;HateXplain;<user> <user> thoughts on ralph being a kike;1- <user>, 2- <user>, 3- thoughts, 4- on, 5- ralph, 6- being, 7- a, 8- kike;offensive targeting Jewish;https://app.prolific.co/submissions/complete?cc=91442ADD
13789474_gab;HateXplain;i am not denying that romans physically killed jesus you are denying that the jews ordered his murder you are a lying kike;1- i, 2- am, 3- not, 4- denying, 5- that, 6- romans, 7- physically, 8- killed, 9- jesus, 10- you, 11- are, 12- denying, 13- that, 14- the, 15- jews, 16- ordered, 17- his, 18- murder, 19- you, 20- are, 21- a, 22- lying, 23- kike;hatespeech targeting Jewish;https://app.prolific.co/submissions/complete?cc=91442ADD
1178754510027722752_twitter;HateXplain;<user> i am glad you asked such an intelligent question it is in fact this woman did use the same bag to save the turtles but also at the same time pulling some white ass sh*t <censored>;1- <user>, 2- i, 3- am, 4- glad, 5- you, 6- asked, 7- such, 8- an, 9- intelligent, 10- question, 11- it, 12- is, 13- in, 14- fact, 15- this, 16- woman, 17- did, 18- use, 19- the, 20- same, 21- bag, 22- to, 23- save, 24- the, 25- turtles, 26- but, 27- also, 28- at, 29- the, 30- same, 31- time, 32- pulling, 33- some, 34- white, 35- ass, 36- sh*t, 37- <censored>;offensive targeting Caucasian;https://app.prolific.co/submissions/complete?cc=91442ADD
17138805_gab;HateXplain;we are creating the new america now with our niche skills tell me why u whiteboys are such retarded cucks to shy away from college and subjects like engineering do not you realize such skills are required for usa to stay competitive in a global economy usa would not need to import them;1- we, 2- are, 3- creating, 4- the, 5- new, 6- america, 7- now, 8- with, 9- our, 10- niche, 11- skills, 12- tell, 13- me, 14- why, 15- u, 16- whiteboys, 17- are, 18- such, 19- retarded, 20- cucks, 21- to, 22- shy, 23- away, 24- from, 25- college, 26- and, 27- subjects, 28- like, 29- engineering, 30- do, 31- not, 32- you, 33- realize, 34- such, 35- skills, 36- are, 37- required, 38- for, 39- usa, 40- to, 41- stay, 42- competitive, 43- in, 44- a, 45- global, 46- economy, 47- usa, 48- would, 49- not, 50- need, 51- to, 52- import, 53- them;offensive targeting Caucasian;https://app.prolific.co/submissions/complete?cc=91442ADD
1179000518242422784_twitter;HateXplain;un*merce <censored> is just another white bitch trying to look as black as possible;1- un*merce, 2- <censored>, 3- is, 4- just, 5- another, 6- white, 7- bitch, 8- trying, 9- to, 10- look, 11- as, 12- black, 13- as, 14- possible;offensive targeting Women;https://app.prolific.co/submissions/complete?cc=91442ADD
14701455_gab;HateXplain;when i watched clinton play the woman card during the election it seemed pretty clear to me that this is why women can not be in politics the fact that everybody did not immediately conclude that is a mystery i do not even see how people rationalize it;1- when, 2- i, 3- watched, 4- clinton, 5- play, 6- the, 7- woman, 8- card, 9- during, 10- the, 11- election, 12- it, 13- seemed, 14- pretty, 15- clear, 16- to, 17- me, 18- that, 19- this, 20- is, 21- why, 22- women, 23- can, 24- not, 25- be, 26- in, 27- politics, 28- the, 29- fact, 30- that, 31- everybody, 32- did, 33- not, 34- immediately, 35- conclude, 36- that, 37- is, 38- a, 39- mystery, 40- i, 41- do, 42- not, 43- even, 44- see, 45- how, 46- people, 47- rationalize, 48- it;hatespeech targeting Women;https://app.prolific.co/submissions/complete?cc=91442ADD
1105140751673880576_twitter;HateXplain;<user> well during ramadan do muslims sit at home don t work and islam is based on democracy is biggest joke;1- <user>, 2- well, 3- during, 4- ramadan, 5- do, 6- muslims, 7- sit, 8- at, 9- home, 10- don, 11- t, 12- work, 13- and, 14- islam, 15- is, 16- based, 17- on, 18- democracy, 19- is, 20- biggest, 21- joke;offensive targeting Islam;https://app.prolific.co/submissions/complete?cc=91442ADD
14018754_gab;HateXplain;yes it does at our offices we do not do business with muslim cockroaches;1- yes, 2- it, 3- does, 4- at, 5- our, 6- offices, 7- we, 8- do, 9- not, 10- do, 11- business, 12- with, 13- muslim, 14- cockroaches;hatespeech targeting Islam;https://app.prolific.co/submissions/complete?cc=91442ADD
1221028890048716800_twitter;HateXplain;i am ashamed of the arabs on twitter;1- i, 2- am, 3- ashamed, 4- of, 5- the, 6- arabs, 7- on, 8- twitter;offensive targeting Arab;https://app.prolific.co/submissions/complete?cc=91442ADD
14919198_gab;HateXplain;i pull that nazi shit wherever i feel like pulling it sand nigger this is my country and i have freedom of speech remember that;1- i, 2- pull, 3- that, 4- nazi, 5- shit, 6- wherever, 7- i, 8- feel, 9- like, 10- pulling, 11- it, 12- sand, 13- nigger, 14- this, 15- is, 16- my, 17- country, 18- and, 19- i, 20- have, 21- freedom, 22- of, 23- speech, 24- remember, 25- that;hatespeech targeting Arab;https://app.prolific.co/submissions/complete?cc=91442ADD
1105907073156550656_twitter;HateXplain;as muich as i love playing stupid shit if i get <number> retards locking dps imma throw that game as well;1- as, 2- muich, 3- as, 4- i, 5- love, 6- playing, 7- stupid, 8- shit, 9- if, 10- i, 11- get, 12- <number>, 13- retards, 14- locking, 15- dps, 16- imma, 17- throw, 18- that, 19- game, 20- as, 21- well;offensive targeting Other;https://app.prolific.co/submissions/complete?cc=91442ADD
14188630_gab;HateXplain;that stupid mls has been booming for the last decade that just dumb to claim a thing that has massively grown in the past <number> <number> years does not exist seriously that retarded;1- that, 2- stupid, 3- mls, 4- has, 5- been, 6- booming, 7- for, 8- the, 9- last, 10- decade, 11- that, 12- just, 13- dumb, 14- to, 15- claim, 16- a, 17- thing, 18- that, 19- has, 20- massively, 21- grown, 22- in, 23- the, 24- past, 25- <number>, 26- <number>, 27- years, 28- does, 29- not, 30- exist, 31- seriously, 32- that, 33- retarded;offensive targeting Other;https://app.prolific.co/submissions/complete?cc=91442ADD
1083113182632312832_twitter;HateXplain;<user> you mean services like having one less policeman in ca after he was murdered by illegal alien fund the wall;1- <user>, 2- you, 3- mean, 4- services, 5- like, 6- having, 7- one, 8- less, 9- policeman, 10- in, 11- ca, 12- after, 13- he, 14- was, 15- murdered, 16- by, 17- illegal, 18- alien, 19- fund, 20- the, 21- wall;offensive targeting Refugee;https://app.prolific.co/submissions/complete?cc=91442ADD
16089713_gab;HateXplain;hi 🙂 another refugee from twit i just got shoahed 😁 username was msmlies;1- hi, 2- 🙂, 3- another, 4- refugee, 5- from, 6- twit, 7- i, 8- just, 9- got, 10- shoahed, 11- 😁, 12- username, 13- was, 14- msmlies;offensive targeting Refugee;https://app.prolific.co/submissions/complete?cc=91442ADD
1218921638139326467_twitter;HateXplain;i need my back cracked like a mf glow stick by them tiny little asians in la;1- i, 2- need, 3- my, 4- back, 5- cracked, 6- like, 7- a, 8- mf, 9- glow, 10- stick, 11- by, 12- them, 13- tiny, 14- little, 15- asians, 16- in, 17- la;offensive targeting Asian;https://app.prolific.co/submissions/complete?cc=91442ADD
19156228_gab;HateXplain;they also apologized to best korea for ever doubting that midget asians could win against can notada;1- they, 2- also, 3- apologized, 4- to, 5- best, 6- korea, 7- for, 8- ever, 9- doubting, 10- that, 11- midget, 12- asians, 13- could, 14- win, 15- against, 16- can, 17- notada;offensive targeting Asian;https://app.prolific.co/submissions/complete?cc=91442ADD
1179080592115326979_twitter;HateXplain;it was then that gay retard world revealed itself to me;1- it, 2- was, 3- then, 4- that, 5- gay, 6- retard, 7- world, 8- revealed, 9- itself, 10- to, 11- me;offensive targeting Disability;https://app.prolific.co/submissions/complete?cc=91442ADD
21202566_gab;HateXplain;excuse me but those are not people those are niggers 🐒 buffalo nostril shitskin burrheaded knuckle runnin spear chucking welfare monkey spaboolie spook coon moolie niggers 😑 niggers make me fucking sick 😡 😡 😡;1- excuse, 2- me, 3- but, 4- those, 5- are, 6- not, 7- people, 8- those, 9- are, 10- niggers, 11- 🐒, 12- buffalo, 13- nostril, 14- shitskin, 15- burrheaded, 16- knuckle, 17- runnin, 18- spear, 19- chucking, 20- welfare, 21- monkey, 22- spaboolie, 23- spook, 24- coon, 25- moolie, 26- niggers, 27- 😑, 28- niggers, 29- make, 30- me, 31- fucking, 32- sick, 33- 😡, 34- 😡, 35- 😡;hatespeech targeting African;https://app.prolific.co/submissions/complete?cc=91442ADD
1102926042912772096_twitter;HateXplain;<user> ya because a broke nigga got spotted so he ’ back now;1- <user>, 2- ya, 3- because, 4- a, 5- broke, 6- nigga, 7- got, 8- spotted, 9- so, 10- he, 11- ’, 12- back, 13- now;offensive targeting African;https://app.prolific.co/submissions/complete?cc=91442ADD
12864080_gab;HateXplain;lol you can not be this stupid shitskin even when you count the fact there are way more white men than black niggers still outrape them niggers are wild animals that should be in africa;1- lol, 2- you, 3- can, 4- not, 5- be, 6- this, 7- stupid, 8- shitskin, 9- even, 10- when, 11- you, 12- count, 13- the, 14- fact, 15- there, 16- are, 17- way, 18- more, 19- white, 20- men, 21- than, 22- black, 23- niggers, 24- still, 25- outrape, 26- them, 27- niggers, 28- are, 29- wild, 30- animals, 31- that, 32- should, 33- be, 34- in, 35- africa;hatespeech targeting African;https://app.prolific.co/submissions/complete?cc=91442ADD
1260224048543469568_twitter;HateXplain;all because some scumbag capitalists refuse to pay tax looking at the damned jews;1- all, 2- because, 3- some, 4- scumbag, 5- capitalists, 6- refuse, 7- to, 8- pay, 9- tax, 10- looking, 11- at, 12- the, 13- damned, 14- jews;offensive targeting Jewish;https://app.prolific.co/submissions/complete?cc=91442ADD
13844176_gab;HateXplain;my guess jews with mafia connections to cuba;1- my, 2- guess, 3- jews, 4- with, 5- mafia, 6- connections, 7- to, 8- cuba;offensive targeting Jewish;https://app.prolific.co/submissions/complete?cc=91442ADD
1178727925941559296_twitter;HateXplain;<user> he better have cleaned himself up then dude been looking like white trailer trash dating a damn model smh;1- <user>, 2- he, 3- better, 4- have, 5- cleaned, 6- himself, 7- up, 8- then, 9- dude, 10- been, 11- looking, 12- like, 13- white, 14- trailer, 15- trash, 16- dating, 17- a, 18- damn, 19- model, 20- smh;offensive targeting Caucasian;https://app.prolific.co/submissions/complete?cc=91442ADD
18402820_gab;HateXplain;you are still an insufferable snow nigger and indian americans earn more than you trailer trash red necks get fucked 😁;1- you, 2- are, 3- still, 4- an, 5- insufferable, 6- snow, 7- nigger, 8- and, 9- indian, 10- americans, 11- earn, 12- more, 13- than, 14- you, 15- trailer, 16- trash, 17- red, 18- necks, 19- get, 20- fucked, 21- 😁;offensive targeting Caucasian;https://app.prolific.co/submissions/complete?cc=91442ADD
attention_24;attention check sentences (HateXplain targeting);singaporeans have huge cocks;1- singaporeans, 2- have, 3- huge, 4- cocks;offensive;https://app.prolific.co/submissions/complete?cc=91442ADD