"ID";"dataset";"text";"tokens";"label";"redirectUrl"
"21502803_gab";"HateXplain";"i like where your going with this i mean lets call a spade a spade shall we she a fuckin nigger";"1- i, 2- like, 3- where, 4- your, 5- going, 6- with, 7- this, 8- i, 9- mean, 10- lets, 11- call, 12- a, 13- spade, 14- a, 15- spade, 16- shall, 17- we, 18- she, 19- a, 20- fuckin, 21- nigger";"hatespeech targeting African";"https://app.prolific.co/submissions/complete?cc=91442ADD"
"11534429_gab";"HateXplain";"did i say soley you disingenuous kike rat i said <percent> and it would be better without your <percent> plus the other former <percent> thanks kikes for crankung rhat up to <percent>";"1- did, 2- i, 3- say, 4- soley, 5- you, 6- disingenuous, 7- kike, 8- rat, 9- i, 10- said, 11- <percent>, 12- and, 13- it, 14- would, 15- be, 16- better, 17- without, 18- your, 19- <percent>, 20- plus, 21- the, 22- other, 23- former, 24- <percent>, 25- thanks, 26- kikes, 27- for, 28- crankung, 29- rhat, 30- up, 31- to, 32- <percent>";"hatespeech targeting Jewish";"https://app.prolific.co/submissions/complete?cc=91442ADD"
"26461856_gab";"HateXplain";"i am not disagreeing with your version but do not you think that backing off of jewz mudslimes looks awfully suspicious in light of what going on today i do";"1- i, 2- am, 3- not, 4- disagreeing, 5- with, 6- your, 7- version, 8- but, 9- do, 10- not, 11- you, 12- think, 13- that, 14- backing, 15- off, 16- of, 17- jewz, 18- mudslimes, 19- looks, 20- awfully, 21- suspicious, 22- in, 23- light, 24- of, 25- what, 26- going, 27- on, 28- today, 29- i, 30- do";"offensive targeting Islam";"https://app.prolific.co/submissions/complete?cc=91442ADD"
"11886881_gab";"HateXplain";"kim jong un dindunuffin";"1- kim, 2- jong, 3- un, 4- dindunuffin";"hatespeech targeting African";"https://app.prolific.co/submissions/complete?cc=91442ADD"
"15513414_gab";"HateXplain";"weinstein is a kike in america he nearly untouchable no matter how many women he raped";"1- weinstein, 2- is, 3- a, 4- kike, 5- in, 6- america, 7- he, 8- nearly, 9- untouchable, 10- no, 11- matter, 12- how, 13- many, 14- women, 15- he, 16- raped";"hatespeech targeting Jewish";"https://app.prolific.co/submissions/complete?cc=91442ADD"
"26470030_gab";"HateXplain";"tommy robinson might do some good things when it comes to dealing with muslim rapists and child predators but his support of zionism and being a jew convert is cancerous anyone associated with him is a potential zionist shill imo";"1- tommy, 2- robinson, 3- might, 4- do, 5- some, 6- good, 7- things, 8- when, 9- it, 10- comes, 11- to, 12- dealing, 13- with, 14- muslim, 15- rapists, 16- and, 17- child, 18- predators, 19- but, 20- his, 21- support, 22- of, 23- zionism, 24- and, 25- being, 26- a, 27- jew, 28- convert, 29- is, 30- cancerous, 31- anyone, 32- associated, 33- with, 34- him, 35- is, 36- a, 37- potential, 38- zionist, 39- shill, 40- imo";"hatespeech targeting Islam";"https://app.prolific.co/submissions/complete?cc=91442ADD"
"14589326_gab";"HateXplain";"only in america can some useless no talent nigger generate a net worth of <money> million off of degenerate shitheads";"1- only, 2- in, 3- america, 4- can, 5- some, 6- useless, 7- no, 8- talent, 9- nigger, 10- generate, 11- a, 12- net, 13- worth, 14- of, 15- <money>, 16- million, 17- off, 18- of, 19- degenerate, 20- shitheads";"hatespeech targeting African";"https://app.prolific.co/submissions/complete?cc=91442ADD"
"24472750_gab";"HateXplain";"i am so tired of these kike terrorists and their evil lackeys";"1- i, 2- am, 3- so, 4- tired, 5- of, 6- these, 7- kike, 8- terrorists, 9- and, 10- their, 11- evil, 12- lackeys";"hatespeech targeting Jewish";"https://app.prolific.co/submissions/complete?cc=91442ADD"
"26496402_gab";"HateXplain";"myanmar kicked rohinhya muslims out it is the only answer possible to these raping violent incestious pedophile sadistic retarded terrorists";"1- myanmar, 2- kicked, 3- rohinhya, 4- muslims, 5- out, 6- it, 7- is, 8- the, 9- only, 10- answer, 11- possible, 12- to, 13- these, 14- raping, 15- violent, 16- incestious, 17- pedophile, 18- sadistic, 19- retarded, 20- terrorists";"hatespeech targeting Islam";"https://app.prolific.co/submissions/complete?cc=91442ADD"
"24081504_gab";"HateXplain";"lemanuel jackson of the retarded nigger branch of the andrew jackson lineage";"1- lemanuel, 2- jackson, 3- of, 4- the, 5- retarded, 6- nigger, 7- branch, 8- of, 9- the, 10- andrew, 11- jackson, 12- lineage";"hatespeech targeting African";"https://app.prolific.co/submissions/complete?cc=91442ADD"
"2755794_gab";"HateXplain";"<user> let us do the time warp again ist das jew to ein left and a kike to the right yeah i can see <user> singing it";"1- <user>, 2- let, 3- us, 4- do, 5- the, 6- time, 7- warp, 8- again, 9- ist, 10- das, 11- jew, 12- to, 13- ein, 14- left, 15- and, 16- a, 17- kike, 18- to, 19- the, 20- right, 21- yeah, 22- i, 23- can, 24- see, 25- <user>, 26- singing, 27- it";"hatespeech targeting Jewish";"https://app.prolific.co/submissions/complete?cc=91442ADD"
"26539825_gab";"HateXplain";"little boys and little girls are being raped by pedophilles in the elite circles also muslims that why the pedophiles in the government support the muslims for they r pedophilles also sicko perverts";"1- little, 2- boys, 3- and, 4- little, 5- girls, 6- are, 7- being, 8- raped, 9- by, 10- pedophilles, 11- in, 12- the, 13- elite, 14- circles, 15- also, 16- muslims, 17- that, 18- why, 19- the, 20- pedophiles, 21- in, 22- the, 23- government, 24- support, 25- the, 26- muslims, 27- for, 28- they, 29- r, 30- pedophilles, 31- also, 32- sicko, 33- perverts";"offensive targeting Islam";"https://app.prolific.co/submissions/complete?cc=91442ADD"
"9988900_gab";"HateXplain";"long dead redneck friend of mine when discussing basketball said i have never seen a nigger run so fast unless he had a tv under each arm";"1- long, 2- dead, 3- redneck, 4- friend, 5- of, 6- mine, 7- when, 8- discussing, 9- basketball, 10- said, 11- i, 12- have, 13- never, 14- seen, 15- a, 16- nigger, 17- run, 18- so, 19- fast, 20- unless, 21- he, 22- had, 23- a, 24- tv, 25- under, 26- each, 27- arm";"hatespeech targeting African";"https://app.prolific.co/submissions/complete?cc=91442ADD"
"27951683_gab";"HateXplain";"this is an issue i have been negligent in paying attention to lately read my fellow kike killers send that boy a care package a book or if your female i am sure he d like to see a pic of a pretty white woman";"1- this, 2- is, 3- an, 4- issue, 5- i, 6- have, 7- been, 8- negligent, 9- in, 10- paying, 11- attention, 12- to, 13- lately, 14- read, 15- my, 16- fellow, 17- kike, 18- killers, 19- send, 20- that, 21- boy, 22- a, 23- care, 24- package, 25- a, 26- book, 27- or, 28- if, 29- your, 30- female, 31- i, 32- am, 33- sure, 34- he, 35- d, 36- like, 37- to, 38- see, 39- a, 40- pic, 41- of, 42- a, 43- pretty, 44- white, 45- woman";"hatespeech targeting Jewish";"https://app.prolific.co/submissions/complete?cc=91442ADD"
"26596423_gab";"HateXplain";"i noticed some people talking about valerie jarret being white fact most arabs are caucasian also the name iran means land of aryans fact check me eta it still does not detract from the fact that she a muslim cunt from the planet of the apes";"1- i, 2- noticed, 3- some, 4- people, 5- talking, 6- about, 7- valerie, 8- jarret, 9- being, 10- white, 11- fact, 12- most, 13- arabs, 14- are, 15- caucasian, 16- also, 17- the, 18- name, 19- iran, 20- means, 21- land, 22- of, 23- aryans, 24- fact, 25- check, 26- me, 27- eta, 28- it, 29- still, 30- does, 31- not, 32- detract, 33- from, 34- the, 35- fact, 36- that, 37- she, 38- a, 39- muslim, 40- cunt, 41- from, 42- the, 43- planet, 44- of, 45- the, 46- apes";"offensive targeting Islam";"https://app.prolific.co/submissions/complete?cc=91442ADD"
"14804499_gab";"HateXplain";"well ya can not take the nigger out of the nigger but you can leave the black greasy motherfuckers in china";"1- well, 2- ya, 3- can, 4- not, 5- take, 6- the, 7- nigger, 8- out, 9- of, 10- the, 11- nigger, 12- but, 13- you, 14- can, 15- leave, 16- the, 17- black, 18- greasy, 19- motherfuckers, 20- in, 21- china";"hatespeech targeting African";"https://app.prolific.co/submissions/complete?cc=91442ADD"
"27200285_gab";"HateXplain";"big braineded nibbas have culture of critique i have meatballs all the jew tropes you ever need ultimate kike shit on display <number> iq rekt";"1- big, 2- braineded, 3- nibbas, 4- have, 5- culture, 6- of, 7- critique, 8- i, 9- have, 10- meatballs, 11- all, 12- the, 13- jew, 14- tropes, 15- you, 16- ever, 17- need, 18- ultimate, 19- kike, 20- shit, 21- on, 22- display, 23- <number>, 24- iq, 25- rekt";"hatespeech targeting Jewish";"https://app.prolific.co/submissions/complete?cc=91442ADD"
"26815303_gab";"HateXplain";"how on earth did the muslim paedophiles in rotherham operate with impunity for so long";"1- how, 2- on, 3- earth, 4- did, 5- the, 6- muslim, 7- paedophiles, 8- in, 9- rotherham, 10- operate, 11- with, 12- impunity, 13- for, 14- so, 15- long";"offensive targeting Islam";"https://app.prolific.co/submissions/complete?cc=91442ADD"
"23964564_gab";"HateXplain";"always a favorite scene kept the nigger in its place did not it";"1- always, 2- a, 3- favorite, 4- scene, 5- kept, 6- the, 7- nigger, 8- in, 9- its, 10- place, 11- did, 12- not, 13- it";"hatespeech targeting African";"https://app.prolific.co/submissions/complete?cc=91442ADD"
"24549535_gab";"HateXplain";"solo que soy de derecha a l <percent> el virus kike no va con jesús";"1- solo, 2- que, 3- soy, 4- de, 5- derecha, 6- a, 7- l, 8- <percent>, 9- el, 10- virus, 11- kike, 12- no, 13- va, 14- con, 15- jesús";"hatespeech targeting Jewish";"https://app.prolific.co/submissions/complete?cc=91442ADD"
"26972299_gab";"HateXplain";"get the muslin kids to say jesus is the one and only son of god then you will see muslim outrage";"1- get, 2- the, 3- muslin, 4- kids, 5- to, 6- say, 7- jesus, 8- is, 9- the, 10- one, 11- and, 12- only, 13- son, 14- of, 15- god, 16- then, 17- you, 18- will, 19- see, 20- muslim, 21- outrage";"offensive targeting Islam";"https://app.prolific.co/submissions/complete?cc=91442ADD"
"19372617_gab";"HateXplain";"because he is he ruined his life to avenge a stupid crackwhore that sold her body to a fucking nigger for a fix not even worth a little pity neither of them";"1- because, 2- he, 3- is, 4- he, 5- ruined, 6- his, 7- life, 8- to, 9- avenge, 10- a, 11- stupid, 12- crackwhore, 13- that, 14- sold, 15- her, 16- body, 17- to, 18- a, 19- fucking, 20- nigger, 21- for, 22- a, 23- fix, 24- not, 25- even, 26- worth, 27- a, 28- little, 29- pity, 30- neither, 31- of, 32- them";"offensive targeting African";"https://app.prolific.co/submissions/complete?cc=91442ADD"
"17028194_gab";"HateXplain";"you first kike commie";"1- you, 2- first, 3- kike, 4- commie";"hatespeech targeting Jewish";"https://app.prolific.co/submissions/complete?cc=91442ADD"
"26974167_gab";"HateXplain";"why do normal civilized countries want to become retarded islamic nations";"1- why, 2- do, 3- normal, 4- civilized, 5- countries, 6- want, 7- to, 8- become, 9- retarded, 10- islamic, 11- nations";"offensive targeting Islam";"https://app.prolific.co/submissions/complete?cc=91442ADD"
"19848971_gab";"HateXplain";"hope it was a short flight and you did not have to sit near the nigger too long";"1- hope, 2- it, 3- was, 4- a, 5- short, 6- flight, 7- and, 8- you, 9- did, 10- not, 11- have, 12- to, 13- sit, 14- near, 15- the, 16- nigger, 17- too, 18- long";"hatespeech targeting African";"https://app.prolific.co/submissions/complete?cc=91442ADD"
"14640028_gab";"HateXplain";"they all took a a filthy kike raping selling their sexual and moral soul for money and fame you do not get to take it with you filthy shiksas when you die";"1- they, 2- all, 3- took, 4- a, 5- a, 6- filthy, 7- kike, 8- raping, 9- selling, 10- their, 11- sexual, 12- and, 13- moral, 14- soul, 15- for, 16- money, 17- and, 18- fame, 19- you, 20- do, 21- not, 22- get, 23- to, 24- take, 25- it, 26- with, 27- you, 28- filthy, 29- shiksas, 30- when, 31- you, 32- die";"hatespeech targeting Jewish";"https://app.prolific.co/submissions/complete?cc=91442ADD"
"27275450_gab";"HateXplain";"my wish for you virgin types is to understand that <user> is correct random no context replies is a bad experience you can disagree please no muslim gang raping on my tl";"1- my, 2- wish, 3- for, 4- you, 5- virgin, 6- types, 7- is, 8- to, 9- understand, 10- that, 11- <user>, 12- is, 13- correct, 14- random, 15- no, 16- context, 17- replies, 18- is, 19- a, 20- bad, 21- experience, 22- you, 23- can, 24- disagree, 25- please, 26- no, 27- muslim, 28- gang, 29- raping, 30- on, 31- my, 32- tl";"offensive targeting Islam";"https://app.prolific.co/submissions/complete?cc=91442ADD"
"27781574_gab";"HateXplain";"rare photo of the gunmen before fleeing the scene also adios nigger ahaha";"1- rare, 2- photo, 3- of, 4- the, 5- gunmen, 6- before, 7- fleeing, 8- the, 9- scene, 10- also, 11- adios, 12- nigger, 13- ahaha";"hatespeech targeting African";"https://app.prolific.co/submissions/complete?cc=91442ADD"
"18219048_gab";"HateXplain";"bs moralfaggotry salinger fyi was a kike pedo";"1- bs, 2- moralfaggotry, 3- salinger, 4- fyi, 5- was, 6- a, 7- kike, 8- pedo";"hatespeech targeting Jewish";"https://app.prolific.co/submissions/complete?cc=91442ADD"
"attention_6";"attention check sentences (HateXplain targeting)";"when you think of americans the first thing that comes to mind is big fat people sitting on the terrace of mcdonalds stuffing themselves";"1- when, 2- you, 3- think, 4- of, 5- americans, 6- the, 7- first, 8- thing, 9- that, 10- comes, 11- to, 12- mind, 13- is, 14- big, 15- fat, 16- people, 17- sitting, 18- on, 19- the, 20- terrace, 21- of, 22- mcdonalds, 23- stuffing, 24- themselves";"offensive";"https://app.prolific.co/submissions/complete?cc=91442ADD"