"ID";"dataset";"text";"tokens";"label";"redirectUrl"
"3339218_gab";"HateXplain";"<user> first time twitter deleted a remark i made about the muzzie scum i deleted my account i do not need twitter";"1- <user>, 2- first, 3- time, 4- twitter, 5- deleted, 6- a, 7- remark, 8- i, 9- made, 10- about, 11- the, 12- muzzie, 13- scum, 14- i, 15- deleted, 16- my, 17- account, 18- i, 19- do, 20- not, 21- need, 22- twitter";"hatespeech targeting Islam";"https://app.prolific.co/submissions/complete?cc=91442ADD"
"22369823_gab";"HateXplain";"disgusting nigger vermin";"1- disgusting, 2- nigger, 3- vermin";"hatespeech targeting African";"https://app.prolific.co/submissions/complete?cc=91442ADD"
"18749415_gab";"HateXplain";"jones is a kike shill he as well as rush limbaugh never call out those they always refer to as they liberals the left instead of as jews";"1- jones, 2- is, 3- a, 4- kike, 5- shill, 6- he, 7- as, 8- well, 9- as, 10- rush, 11- limbaugh, 12- never, 13- call, 14- out, 15- those, 16- they, 17- always, 18- refer, 19- to, 20- as, 21- they, 22- liberals, 23- the, 24- left, 25- instead, 26- of, 27- as, 28- jews";"hatespeech targeting Jewish";"https://app.prolific.co/submissions/complete?cc=91442ADD"
"14907484_gab";"HateXplain";"i personally prefer to trigger muzzi outrage they are a cult like scientology";"1- i, 2- personally, 3- prefer, 4- to, 5- trigger, 6- muzzi, 7- outrage, 8- they, 9- are, 10- a, 11- cult, 12- like, 13- scientology";"hatespeech targeting Islam";"https://app.prolific.co/submissions/complete?cc=91442ADD"
"19399191_gab";"HateXplain";"it was better off when apartheid existed now its a nigger shithole niggers are killing whites get out or stay away";"1- it, 2- was, 3- better, 4- off, 5- when, 6- apartheid, 7- existed, 8- now, 9- its, 10- a, 11- nigger, 12- shithole, 13- niggers, 14- are, 15- killing, 16- whites, 17- get, 18- out, 19- or, 20- stay, 21- away";"hatespeech targeting African";"https://app.prolific.co/submissions/complete?cc=91442ADD"
"20041645_gab";"HateXplain";"typical for a yid tapeworm";"1- typical, 2- for, 3- a, 4- yid, 5- tapeworm";"hatespeech targeting Jewish";"https://app.prolific.co/submissions/complete?cc=91442ADD"
"9656529_gab";"HateXplain";"sunny day keep the muzzies at bay 😎 👌";"1- sunny, 2- day, 3- keep, 4- the, 5- muzzies, 6- at, 7- bay, 8- 😎, 9- 👌";"hatespeech targeting Islam";"https://app.prolific.co/submissions/complete?cc=91442ADD"
"20317538_gab";"HateXplain";"hey if you want to date a nigger then we want nothing to do with you enjoy your filthy fucking ape whore";"1- hey, 2- if, 3- you, 4- want, 5- to, 6- date, 7- a, 8- nigger, 9- then, 10- we, 11- want, 12- nothing, 13- to, 14- do, 15- with, 16- you, 17- enjoy, 18- your, 19- filthy, 20- fucking, 21- ape, 22- whore";"hatespeech targeting African";"https://app.prolific.co/submissions/complete?cc=91442ADD"
"21106674_gab";"HateXplain";"more kike propaganda this idea is also part of the jew plan for extermination promote masturbation in white men so that their desire for family and white children is diminished";"1- more, 2- kike, 3- propaganda, 4- this, 5- idea, 6- is, 7- also, 8- part, 9- of, 10- the, 11- jew, 12- plan, 13- for, 14- extermination, 15- promote, 16- masturbation, 17- in, 18- white, 19- men, 20- so, 21- that, 22- their, 23- desire, 24- for, 25- family, 26- and, 27- white, 28- children, 29- is, 30- diminished";"hatespeech targeting Jewish";"https://app.prolific.co/submissions/complete?cc=91442ADD"
"14589613_gab";"HateXplain";"tell me again why the bronze medalist muzzy was given this honor white privilege";"1- tell, 2- me, 3- again, 4- why, 5- the, 6- bronze, 7- medalist, 8- muzzy, 9- was, 10- given, 11- this, 12- honor, 13- white, 14- privilege";"hatespeech targeting Islam";"https://app.prolific.co/submissions/complete?cc=91442ADD"
"20645481_gab";"HateXplain";"they should really hate woman is the nigger of the world john lennon then except according to the elders lennon was a rock star beloved by women in his day";"1- they, 2- should, 3- really, 4- hate, 5- woman, 6- is, 7- the, 8- nigger, 9- of, 10- the, 11- world, 12- john, 13- lennon, 14- then, 15- except, 16- according, 17- to, 18- the, 19- elders, 20- lennon, 21- was, 22- a, 23- rock, 24- star, 25- beloved, 26- by, 27- women, 28- in, 29- his, 30- day";"hatespeech targeting African";"https://app.prolific.co/submissions/complete?cc=91442ADD"
"23337099_gab";"HateXplain";"oh god <user> ‍ is still posting hey faggot stop saying we are kike shills dividing your imaginary movement your precious ricky vaughn has been attacking white people and white nationalists for months now you are openly doing it as well";"1- oh, 2- god, 3- <user>, 4- ‍, 5- is, 6- still, 7- posting, 8- hey, 9- faggot, 10- stop, 11- saying, 12- we, 13- are, 14- kike, 15- shills, 16- dividing, 17- your, 18- imaginary, 19- movement, 20- your, 21- precious, 22- ricky, 23- vaughn, 24- has, 25- been, 26- attacking, 27- white, 28- people, 29- and, 30- white, 31- nationalists, 32- for, 33- months, 34- now, 35- you, 36- are, 37- openly, 38- doing, 39- it, 40- as, 41- well";"hatespeech targeting Jewish";"https://app.prolific.co/submissions/complete?cc=91442ADD"
"19624391_gab";"HateXplain";"look a muzrat put out a mat for your dogs to shit on";"1- look, 2- a, 3- muzrat, 4- put, 5- out, 6- a, 7- mat, 8- for, 9- your, 10- dogs, 11- to, 12- shit, 13- on";"hatespeech targeting Islam";"https://app.prolific.co/submissions/complete?cc=91442ADD"
"13846820_gab";"HateXplain";"i would love to see someone bitch slap that smug grin off that nigger faggot face";"1- i, 2- would, 3- love, 4- to, 5- see, 6- someone, 7- bitch, 8- slap, 9- that, 10- smug, 11- grin, 12- off, 13- that, 14- nigger, 15- faggot, 16- face";"hatespeech targeting African";"https://app.prolific.co/submissions/complete?cc=91442ADD"
"20238487_gab";"HateXplain";"as the kike dreidle turns";"1- as, 2- the, 3- kike, 4- dreidle, 5- turns";"hatespeech targeting Jewish";"https://app.prolific.co/submissions/complete?cc=91442ADD"
"8041761_gab";"HateXplain";"i hope there a pig farm nearby or at least someone should bury some pig carcasses on where they are going to build those moslem structures";"1- i, 2- hope, 3- there, 4- a, 5- pig, 6- farm, 7- nearby, 8- or, 9- at, 10- least, 11- someone, 12- should, 13- bury, 14- some, 15- pig, 16- carcasses, 17- on, 18- where, 19- they, 20- are, 21- going, 22- to, 23- build, 24- those, 25- moslem, 26- structures";"hatespeech targeting Islam";"https://app.prolific.co/submissions/complete?cc=91442ADD"
"13869436_gab";"HateXplain";"cultural appropriation is wrong never support this vile act remember this halloween niggers have no right to participate do not give nigglets candy";"1- cultural, 2- appropriation, 3- is, 4- wrong, 5- never, 6- support, 7- this, 8- vile, 9- act, 10- remember, 11- this, 12- halloween, 13- niggers, 14- have, 15- no, 16- right, 17- to, 18- participate, 19- do, 20- not, 21- give, 22- nigglets, 23- candy";"hatespeech targeting African";"https://app.prolific.co/submissions/complete?cc=91442ADD"
"4320599_gab";"HateXplain";"in a gesture of cooperation the mex government extradited el chapo to the u.s. trump should boot international mega kike soros to russia";"1- in, 2- a, 3- gesture, 4- of, 5- cooperation, 6- the, 7- mex, 8- government, 9- extradited, 10- el, 11- chapo, 12- to, 13- the, 14- u.s., 15- trump, 16- should, 17- boot, 18- international, 19- mega, 20- kike, 21- soros, 22- to, 23- russia";"hatespeech targeting Jewish";"https://app.prolific.co/submissions/complete?cc=91442ADD"
"25922772_gab";"HateXplain";"so it appears that being the younger royal lizard bro beds you a <number> <number> mudslime these days what a ripoff";"1- so, 2- it, 3- appears, 4- that, 5- being, 6- the, 7- younger, 8- royal, 9- lizard, 10- bro, 11- beds, 12- you, 13- a, 14- <number>, 15- <number>, 16- mudslime, 17- these, 18- days, 19- what, 20- a, 21- ripoff";"hatespeech targeting Islam";"https://app.prolific.co/submissions/complete?cc=91442ADD"
"27802700_gab";"HateXplain";"kikes like faggots because they make good pets just like the nigger the best kike pet is a nigger faggot";"1- kikes, 2- like, 3- faggots, 4- because, 5- they, 6- make, 7- good, 8- pets, 9- just, 10- like, 11- the, 12- nigger, 13- the, 14- best, 15- kike, 16- pet, 17- is, 18- a, 19- nigger, 20- faggot";"hatespeech targeting African";"https://app.prolific.co/submissions/complete?cc=91442ADD"
"27149193_gab";"HateXplain";"enjoy your kike faith";"1- enjoy, 2- your, 3- kike, 4- faith";"hatespeech targeting Jewish";"https://app.prolific.co/submissions/complete?cc=91442ADD"
"13470886_gab";"HateXplain";"this dipshit libtard let us his muzzie gf tell him what to do america was good to you you dumbfuck";"1- this, 2- dipshit, 3- libtard, 4- let, 5- us, 6- his, 7- muzzie, 8- gf, 9- tell, 10- him, 11- what, 12- to, 13- do, 14- america, 15- was, 16- good, 17- to, 18- you, 19- you, 20- dumbfuck";"hatespeech targeting Islam";"https://app.prolific.co/submissions/complete?cc=91442ADD"
"16921321_gab";"HateXplain";"lol good nigger <user>";"1- lol, 2- good, 3- nigger, 4- <user>";"hatespeech targeting African";"https://app.prolific.co/submissions/complete?cc=91442ADD"
"20763855_gab";"HateXplain";"whose hiding i am right here bro that me in that picture to the top left or some kike who looks like me i can not remember too much drinking and too cheap to buy a mirror anyways i ain t hiding show yourself you pussy";"1- whose, 2- hiding, 3- i, 4- am, 5- right, 6- here, 7- bro, 8- that, 9- me, 10- in, 11- that, 12- picture, 13- to, 14- the, 15- top, 16- left, 17- or, 18- some, 19- kike, 20- who, 21- looks, 22- like, 23- me, 24- i, 25- can, 26- not, 27- remember, 28- too, 29- much, 30- drinking, 31- and, 32- too, 33- cheap, 34- to, 35- buy, 36- a, 37- mirror, 38- anyways, 39- i, 40- ain, 41- t, 42- hiding, 43- show, 44- yourself, 45- you, 46- pussy";"offensive targeting Jewish";"https://app.prolific.co/submissions/complete?cc=91442ADD"
"12994697_gab";"HateXplain";"any wonder police farces do not investigate pedos when labour cover up moslem pedo rape gangs tory criticise for investigating a former pm pedo rapist well documented on internet that edward heath was a gay pedo probably why he lied over eu ref <number> likely blackmailed by eu globalists";"1- any, 2- wonder, 3- police, 4- farces, 5- do, 6- not, 7- investigate, 8- pedos, 9- when, 10- labour, 11- cover, 12- up, 13- moslem, 14- pedo, 15- rape, 16- gangs, 17- tory, 18- criticise, 19- for, 20- investigating, 21- a, 22- former, 23- pm, 24- pedo, 25- rapist, 26- well, 27- documented, 28- on, 29- internet, 30- that, 31- edward, 32- heath, 33- was, 34- a, 35- gay, 36- pedo, 37- probably, 38- why, 39- he, 40- lied, 41- over, 42- eu, 43- ref, 44- <number>, 45- likely, 46- blackmailed, 47- by, 48- eu, 49- globalists";"hatespeech targeting Islam";"https://app.prolific.co/submissions/complete?cc=91442ADD"
"1178367147288010754_twitter";"HateXplain";"should i have been an athlete is this where they are hiding all the niggers";"1- should, 2- i, 3- have, 4- been, 5- an, 6- athlete, 7- is, 8- this, 9- where, 10- they, 11- are, 12- hiding, 13- all, 14- the, 15- niggers";"hatespeech targeting African";"https://app.prolific.co/submissions/complete?cc=91442ADD"
"25297832_gab";"HateXplain";"do we have <user> on the list zionist heeb alert on this guy";"1- do, 2- we, 3- have, 4- <user>, 5- on, 6- the, 7- list, 8- zionist, 9- heeb, 10- alert, 11- on, 12- this, 13- guy";"hatespeech targeting Jewish";"https://app.prolific.co/submissions/complete?cc=91442ADD"
"9623368_gab";"HateXplain";"a radical moslem wants to behead you a moderate moslem wants a radical moslem to behead you";"1- a, 2- radical, 3- moslem, 4- wants, 5- to, 6- behead, 7- you, 8- a, 9- moderate, 10- moslem, 11- wants, 12- a, 13- radical, 14- moslem, 15- to, 16- behead, 17- you";"hatespeech targeting Islam";"https://app.prolific.co/submissions/complete?cc=91442ADD"
"15702025_gab";"HateXplain";"you mean red pills like it ok to fuck half nigger apes and an ethnostate can not work in america because muh magic dirt that not a red pill cuck faggot that jew bullshit that she been pushing from the beginning if you think that helpful kys";"1- you, 2- mean, 3- red, 4- pills, 5- like, 6- it, 7- ok, 8- to, 9- fuck, 10- half, 11- nigger, 12- apes, 13- and, 14- an, 15- ethnostate, 16- can, 17- not, 18- work, 19- in, 20- america, 21- because, 22- muh, 23- magic, 24- dirt, 25- that, 26- not, 27- a, 28- red, 29- pill, 30- cuck, 31- faggot, 32- that, 33- jew, 34- bullshit, 35- that, 36- she, 37- been, 38- pushing, 39- from, 40- the, 41- beginning, 42- if, 43- you, 44- think, 45- that, 46- helpful, 47- kys";"hatespeech targeting African";"https://app.prolific.co/submissions/complete?cc=91442ADD"
"attention_14";"attention check sentences (HateXplain targeting)";"i admit it polish people are an inferior race";"1- i, 2- admit, 3- it, 4- polish, 5- people, 6- are, 7- an, 8- inferior, 9- race";"offensive";"https://app.prolific.co/submissions/complete?cc=91442ADD"