"ID";"dataset";"text";"tokens";"label";"redirectUrl"
"15818321_gab";"HateXplain";"see its going on about iq and shit now lol same shit same kike shit";"1- see, 2- its, 3- going, 4- on, 5- about, 6- iq, 7- and, 8- shit, 9- now, 10- lol, 11- same, 12- shit, 13- same, 14- kike, 15- shit";"hatespeech targeting Jewish";"https://app.prolific.co/submissions/complete?cc=91442ADD"
"25172639_gab";"HateXplain";"and congress went along with everything the muzrat traitors wanted";"1- and, 2- congress, 3- went, 4- along, 5- with, 6- everything, 7- the, 8- muzrat, 9- traitors, 10- wanted";"hatespeech targeting Islam";"https://app.prolific.co/submissions/complete?cc=91442ADD"
"13264549_gab";"HateXplain";"i guess swallowing gallons of nigger semen will do that to a pasty faced traitor such as he 🤔";"1- i, 2- guess, 3- swallowing, 4- gallons, 5- of, 6- nigger, 7- semen, 8- will, 9- do, 10- that, 11- to, 12- a, 13- pasty, 14- faced, 15- traitor, 16- such, 17- as, 18- he, 19- 🤔";"hatespeech targeting African";"https://app.prolific.co/submissions/complete?cc=91442ADD"
"19280968_gab";"HateXplain";"i like bro nathaniel he near the mark on most every topic and is the only kike willing to rip his own to shreds good vids";"1- i, 2- like, 3- bro, 4- nathaniel, 5- he, 6- near, 7- the, 8- mark, 9- on, 10- most, 11- every, 12- topic, 13- and, 14- is, 15- the, 16- only, 17- kike, 18- willing, 19- to, 20- rip, 21- his, 22- own, 23- to, 24- shreds, 25- good, 26- vids";"offensive targeting Jewish";"https://app.prolific.co/submissions/complete?cc=91442ADD"
"22031871_gab";"HateXplain";"brits still calling mudslimes asians";"1- brits, 2- still, 3- calling, 4- mudslimes, 5- asians";"hatespeech targeting Islam";"https://app.prolific.co/submissions/complete?cc=91442ADD"
"19407437_gab";"HateXplain";"keeping in mind that a solid <percent> of the bad reviews were likely from blacks and white sjws saying fuck this nigger movie in order to further their bullshit systemic racism narrative";"1- keeping, 2- in, 3- mind, 4- that, 5- a, 6- solid, 7- <percent>, 8- of, 9- the, 10- bad, 11- reviews, 12- were, 13- likely, 14- from, 15- blacks, 16- and, 17- white, 18- sjws, 19- saying, 20- fuck, 21- this, 22- nigger, 23- movie, 24- in, 25- order, 26- to, 27- further, 28- their, 29- bullshit, 30- systemic, 31- racism, 32- narrative";"hatespeech targeting African";"https://app.prolific.co/submissions/complete?cc=91442ADD"
"24569919_gab";"HateXplain";"if this faggot is not a kike then we are gonna need a new term for whatever he is b c shabbos goy simply does not do justice to this level of cuckoldry";"1- if, 2- this, 3- faggot, 4- is, 5- not, 6- a, 7- kike, 8- then, 9- we, 10- are, 11- gonna, 12- need, 13- a, 14- new, 15- term, 16- for, 17- whatever, 18- he, 19- is, 20- b, 21- c, 22- shabbos, 23- goy, 24- simply, 25- does, 26- not, 27- do, 28- justice, 29- to, 30- this, 31- level, 32- of, 33- cuckoldry";"hatespeech targeting Jewish";"https://app.prolific.co/submissions/complete?cc=91442ADD"
"5553846_gab";"HateXplain";"twitter ban for telling paul nuttall he a muzzie loving cunt";"1- twitter, 2- ban, 3- for, 4- telling, 5- paul, 6- nuttall, 7- he, 8- a, 9- muzzie, 10- loving, 11- cunt";"hatespeech targeting Islam";"https://app.prolific.co/submissions/complete?cc=91442ADD"
"27441881_gab";"HateXplain";"woman like you usally come from the worst type of human formed females screeches the nigger who has spent the last few hours issuing death threats";"1- woman, 2- like, 3- you, 4- usally, 5- come, 6- from, 7- the, 8- worst, 9- type, 10- of, 11- human, 12- formed, 13- females, 14- screeches, 15- the, 16- nigger, 17- who, 18- has, 19- spent, 20- the, 21- last, 22- few, 23- hours, 24- issuing, 25- death, 26- threats";"hatespeech targeting African";"https://app.prolific.co/submissions/complete?cc=91442ADD"
"25665650_gab";"HateXplain";"oh hell no fuck this kike bitch";"1- oh, 2- hell, 3- no, 4- fuck, 5- this, 6- kike, 7- bitch";"hatespeech targeting Jewish";"https://app.prolific.co/submissions/complete?cc=91442ADD"
"20511572_gab";"HateXplain";"islam 💩 caliphate 💩 isis 💩 muslim 💩 al qaeda 💩 sharia law 💩 jihad 💩 all the same family most moslem believe isis sharia law are in compliance with islam do not believe what they tell you believe what you see";"1- islam, 2- 💩, 3- caliphate, 4- 💩, 5- isis, 6- 💩, 7- muslim, 8- 💩, 9- al, 10- qaeda, 11- 💩, 12- sharia, 13- law, 14- 💩, 15- jihad, 16- 💩, 17- all, 18- the, 19- same, 20- family, 21- most, 22- moslem, 23- believe, 24- isis, 25- sharia, 26- law, 27- are, 28- in, 29- compliance, 30- with, 31- islam, 32- do, 33- not, 34- believe, 35- what, 36- they, 37- tell, 38- you, 39- believe, 40- what, 41- you, 42- see";"hatespeech targeting Islam";"https://app.prolific.co/submissions/complete?cc=91442ADD"
"11872452_gab";"HateXplain";"some nigger trying to sell me an ebook";"1- some, 2- nigger, 3- trying, 4- to, 5- sell, 6- me, 7- an, 8- ebook";"hatespeech targeting African";"https://app.prolific.co/submissions/complete?cc=91442ADD"
"23528556_gab";"HateXplain";"i blame all the white guilt commie kike cuck dismay for this violence";"1- i, 2- blame, 3- all, 4- the, 5- white, 6- guilt, 7- commie, 8- kike, 9- cuck, 10- dismay, 11- for, 12- this, 13- violence";"hatespeech targeting Jewish";"https://app.prolific.co/submissions/complete?cc=91442ADD"
"18090053_gab";"HateXplain";"hell no send them <number> a moslem country";"1- hell, 2- no, 3- send, 4- them, 5- <number>, 6- a, 7- moslem, 8- country";"hatespeech targeting Islam";"https://app.prolific.co/submissions/complete?cc=91442ADD"
"13956490_gab";"HateXplain";"i do not hate blacks but i hate the fact that its a perceived crime to say the word nigger if one chooses";"1- i, 2- do, 3- not, 4- hate, 5- blacks, 6- but, 7- i, 8- hate, 9- the, 10- fact, 11- that, 12- its, 13- a, 14- perceived, 15- crime, 16- to, 17- say, 18- the, 19- word, 20- nigger, 21- if, 22- one, 23- chooses";"offensive targeting African";"https://app.prolific.co/submissions/complete?cc=91442ADD"
"12006781_gab";"HateXplain";"maybe a jew doc fixed him up if a kike kept me from going blind i d likely soften up on em a bit such is human nature or at least huwhite nature at least";"1- maybe, 2- a, 3- jew, 4- doc, 5- fixed, 6- him, 7- up, 8- if, 9- a, 10- kike, 11- kept, 12- me, 13- from, 14- going, 15- blind, 16- i, 17- d, 18- likely, 19- soften, 20- up, 21- on, 22- em, 23- a, 24- bit, 25- such, 26- is, 27- human, 28- nature, 29- or, 30- at, 31- least, 32- huwhite, 33- nature, 34- at, 35- least";"hatespeech targeting Jewish";"https://app.prolific.co/submissions/complete?cc=91442ADD"
"18089083_gab";"HateXplain";"god rest the man soul one question how many muzzies die on the street";"1- god, 2- rest, 3- the, 4- man, 5- soul, 6- one, 7- question, 8- how, 9- many, 10- muzzies, 11- die, 12- on, 13- the, 14- street";"hatespeech targeting Islam";"https://app.prolific.co/submissions/complete?cc=91442ADD"
"17825927_gab";"HateXplain";"don lemon is a nigger";"1- don, 2- lemon, 3- is, 4- a, 5- nigger";"hatespeech targeting African";"https://app.prolific.co/submissions/complete?cc=91442ADD"
"25825567_gab";"HateXplain";"yeah i do not believe the come and take it crowd we will see kike controlled cops will put bullets in your children heads just an fyi when supporting law enforcement thin jew line";"1- yeah, 2- i, 3- do, 4- not, 5- believe, 6- the, 7- come, 8- and, 9- take, 10- it, 11- crowd, 12- we, 13- will, 14- see, 15- kike, 16- controlled, 17- cops, 18- will, 19- put, 20- bullets, 21- in, 22- your, 23- children, 24- heads, 25- just, 26- an, 27- fyi, 28- when, 29- supporting, 30- law, 31- enforcement, 32- thin, 33- jew, 34- line";"hatespeech targeting Jewish";"https://app.prolific.co/submissions/complete?cc=91442ADD"
"25643113_gab";"HateXplain";"i would not knowingly patronize any place especially a food or drink store where muzzies are i try to stay as far as i can from those murderous goat phucking freaks i bet they serve with the same hand they wipe their ass with";"1- i, 2- would, 3- not, 4- knowingly, 5- patronize, 6- any, 7- place, 8- especially, 9- a, 10- food, 11- or, 12- drink, 13- store, 14- where, 15- muzzies, 16- are, 17- i, 18- try, 19- to, 20- stay, 21- as, 22- far, 23- as, 24- i, 25- can, 26- from, 27- those, 28- murderous, 29- goat, 30- phucking, 31- freaks, 32- i, 33- bet, 34- they, 35- serve, 36- with, 37- the, 38- same, 39- hand, 40- they, 41- wipe, 42- their, 43- ass, 44- with";"hatespeech targeting Islam";"https://app.prolific.co/submissions/complete?cc=91442ADD"
"2958188_gab";"HateXplain";"i got chapped lips today <number> the 1 st time an when i told my gramma she said be glad ur not a nigger when they get it they wind up in the emergency room and i was like yea thats like reason <number> <number> why im glad 😹 😹 😹";"1- i, 2- got, 3- chapped, 4- lips, 5- today, 6- <number>, 7- the, 8- 1, 9- st, 10- time, 11- an, 12- when, 13- i, 14- told, 15- my, 16- gramma, 17- she, 18- said, 19- be, 20- glad, 21- ur, 22- not, 23- a, 24- nigger, 25- when, 26- they, 27- get, 28- it, 29- they, 30- wind, 31- up, 32- in, 33- the, 34- emergency, 35- room, 36- and, 37- i, 38- was, 39- like, 40- yea, 41- thats, 42- like, 43- reason, 44- <number>, 45- <number>, 46- why, 47- im, 48- glad, 49- 😹, 50- 😹, 51- 😹";"hatespeech targeting African";"https://app.prolific.co/submissions/complete?cc=91442ADD"
"21241796_gab";"HateXplain";"do not forget to add me to your hit list you kike shill";"1- do, 2- not, 3- forget, 4- to, 5- add, 6- me, 7- to, 8- your, 9- hit, 10- list, 11- you, 12- kike, 13- shill";"hatespeech targeting Jewish";"https://app.prolific.co/submissions/complete?cc=91442ADD"
"10161076_gab";"HateXplain";"typical muzrat tactics think they are in a good position they spew their hate but when faced with strength they roll on their back";"1- typical, 2- muzrat, 3- tactics, 4- think, 5- they, 6- are, 7- in, 8- a, 9- good, 10- position, 11- they, 12- spew, 13- their, 14- hate, 15- but, 16- when, 17- faced, 18- with, 19- strength, 20- they, 21- roll, 22- on, 23- their, 24- back";"hatespeech targeting Islam";"https://app.prolific.co/submissions/complete?cc=91442ADD"
"16772076_gab";"HateXplain";"hows her nigger baby doing";"1- hows, 2- her, 3- nigger, 4- baby, 5- doing";"hatespeech targeting African";"https://app.prolific.co/submissions/complete?cc=91442ADD"
"26038110_gab";"HateXplain";"the wtc was built with the understanding that it would be a public works project not a privately owned commercial development that is why it was originally run by the port authority a state government transportation agency turning it over to the kike billionaire silverstein violated that understanding";"1- the, 2- wtc, 3- was, 4- built, 5- with, 6- the, 7- understanding, 8- that, 9- it, 10- would, 11- be, 12- a, 13- public, 14- works, 15- project, 16- not, 17- a, 18- privately, 19- owned, 20- commercial, 21- development, 22- that, 23- is, 24- why, 25- it, 26- was, 27- originally, 28- run, 29- by, 30- the, 31- port, 32- authority, 33- a, 34- state, 35- government, 36- transportation, 37- agency, 38- turning, 39- it, 40- over, 41- to, 42- the, 43- kike, 44- billionaire, 45- silverstein, 46- violated, 47- that, 48- understanding";"hatespeech targeting Jewish";"https://app.prolific.co/submissions/complete?cc=91442ADD"
"16576774_gab";"HateXplain";"another car attack in melbourne australia by an afghan muzrat immigrant new shirt design";"1- another, 2- car, 3- attack, 4- in, 5- melbourne, 6- australia, 7- by, 8- an, 9- afghan, 10- muzrat, 11- immigrant, 12- new, 13- shirt, 14- design";"offensive targeting Islam";"https://app.prolific.co/submissions/complete?cc=91442ADD"
"19429534_gab";"HateXplain";"nothin <number> c here buncha coons lining up <number> free stuff";"1- nothin, 2- <number>, 3- c, 4- here, 5- buncha, 6- coons, 7- lining, 8- up, 9- <number>, 10- free, 11- stuff";"offensive targeting African";"https://app.prolific.co/submissions/complete?cc=91442ADD"
"22409250_gab";"HateXplain";"firstly i never studied the bible too closely secondly i always hear people refer to jesus as a jewish carpenter thirdly and lastly kike jew if my anti semitism to english dictionary is up to date";"1- firstly, 2- i, 3- never, 4- studied, 5- the, 6- bible, 7- too, 8- closely, 9- secondly, 10- i, 11- always, 12- hear, 13- people, 14- refer, 15- to, 16- jesus, 17- as, 18- a, 19- jewish, 20- carpenter, 21- thirdly, 22- and, 23- lastly, 24- kike, 25- jew, 26- if, 27- my, 28- anti, 29- semitism, 30- to, 31- english, 32- dictionary, 33- is, 34- up, 35- to, 36- date";"hatespeech targeting Jewish";"https://app.prolific.co/submissions/complete?cc=91442ADD"
"13930278_gab";"HateXplain";"look at all the shootings of muslimes in canada";"1- look, 2- at, 3- all, 4- the, 5- shootings, 6- of, 7- muslimes, 8- in, 9- canada";"offensive targeting Islam";"https://app.prolific.co/submissions/complete?cc=91442ADD"
"attention_2";"attention check sentences (HateXplain targeting)";"i hate americans theyre all fat and stupid";"1- i, 2- hate, 3- americans, 4- theyre, 5- all, 6- fat, 7- and, 8- stupid";"offensive";"https://app.prolific.co/submissions/complete?cc=91442ADD"