"ID";"dataset";"text";"tokens";"label";"redirectUrl"
"20741822_gab";"HateXplain";"look where iq has gotten us our countries are flooded with brown inbred retards nah i d rather be a nigger at this point";"1- look, 2- where, 3- iq, 4- has, 5- gotten, 6- us, 7- our, 8- countries, 9- are, 10- flooded, 11- with, 12- brown, 13- inbred, 14- retards, 15- nah, 16- i, 17- d, 18- rather, 19- be, 20- a, 21- nigger, 22- at, 23- this, 24- point";"hatespeech targeting African";"https://app.prolific.co/submissions/complete?cc=91442ADD"
"20771302_gab";"HateXplain";"then why are all the white girls being raped and murdered by blacks";"1- then, 2- why, 3- are, 4- all, 5- the, 6- white, 7- girls, 8- being, 9- raped, 10- and, 11- murdered, 12- by, 13- blacks";"offensive targeting African";"https://app.prolific.co/submissions/complete?cc=91442ADD"
"20803751_gab";"HateXplain";"another ghetto fucking nigger ape murdering a white woman and not one mentioned in the fake news media about it white people need to bring back lynching parties again corrupt government law enforcement has neutered white men from justice from these sub human monkeys";"1- another, 2- ghetto, 3- fucking, 4- nigger, 5- ape, 6- murdering, 7- a, 8- white, 9- woman, 10- and, 11- not, 12- one, 13- mentioned, 14- in, 15- the, 16- fake, 17- news, 18- media, 19- about, 20- it, 21- white, 22- people, 23- need, 24- to, 25- bring, 26- back, 27- lynching, 28- parties, 29- again, 30- corrupt, 31- government, 32- law, 33- enforcement, 34- has, 35- neutered, 36- white, 37- men, 38- from, 39- justice, 40- from, 41- these, 42- sub, 43- human, 44- monkeys";"hatespeech targeting African";"https://app.prolific.co/submissions/complete?cc=91442ADD"
"21168353_gab";"HateXplain";"blacksketball is now owned by black rules first they put in the dunk then they stopped calling walking palming the ball carrying the ball and now the college refs are also calling ghetto playground basketball we need a new basketball league where white people again make the rules";"1- blacksketball, 2- is, 3- now, 4- owned, 5- by, 6- black, 7- rules, 8- first, 9- they, 10- put, 11- in, 12- the, 13- dunk, 14- then, 15- they, 16- stopped, 17- calling, 18- walking, 19- palming, 20- the, 21- ball, 22- carrying, 23- the, 24- ball, 25- and, 26- now, 27- the, 28- college, 29- refs, 30- are, 31- also, 32- calling, 33- ghetto, 34- playground, 35- basketball, 36- we, 37- need, 38- a, 39- new, 40- basketball, 41- league, 42- where, 43- white, 44- people, 45- again, 46- make, 47- the, 48- rules";"hatespeech targeting African";"https://app.prolific.co/submissions/complete?cc=91442ADD"
"21324545_gab";"HateXplain";"another hard proof that he left is utterly racist and the retarded black community still calling everyone not far left racist welcome to idiocracy";"1- another, 2- hard, 3- proof, 4- that, 5- he, 6- left, 7- is, 8- utterly, 9- racist, 10- and, 11- the, 12- retarded, 13- black, 14- community, 15- still, 16- calling, 17- everyone, 18- not, 19- far, 20- left, 21- racist, 22- welcome, 23- to, 24- idiocracy";"offensive targeting African";"https://app.prolific.co/submissions/complete?cc=91442ADD"
"21370648_gab";"HateXplain";"they can not be worse than the hoodrat ratchet black and spic bitches i have dealt with my entire life racist spics and black supremacist ghetto bottom feeders are one of the biggest reasons i am right wing and racist";"1- they, 2- can, 3- not, 4- be, 5- worse, 6- than, 7- the, 8- hoodrat, 9- ratchet, 10- black, 11- and, 12- spic, 13- bitches, 14- i, 15- have, 16- dealt, 17- with, 18- my, 19- entire, 20- life, 21- racist, 22- spics, 23- and, 24- black, 25- supremacist, 26- ghetto, 27- bottom, 28- feeders, 29- are, 30- one, 31- of, 32- the, 33- biggest, 34- reasons, 35- i, 36- am, 37- right, 38- wing, 39- and, 40- racist";"hatespeech targeting African";"https://app.prolific.co/submissions/complete?cc=91442ADD"
"21376818_gab";"HateXplain";"jews and vatican using the niggers to do dirty work jews used rome to kill jesus nothing new under sun fuck the vatican and the catholic church with is dead jesus on the cross the cocksuckers of tammuz pope kiss a a babies cock dirty pedo wankers";"1- jews, 2- and, 3- vatican, 4- using, 5- the, 6- niggers, 7- to, 8- do, 9- dirty, 10- work, 11- jews, 12- used, 13- rome, 14- to, 15- kill, 16- jesus, 17- nothing, 18- new, 19- under, 20- sun, 21- fuck, 22- the, 23- vatican, 24- and, 25- the, 26- catholic, 27- church, 28- with, 29- is, 30- dead, 31- jesus, 32- on, 33- the, 34- cross, 35- the, 36- cocksuckers, 37- of, 38- tammuz, 39- pope, 40- kiss, 41- a, 42- a, 43- babies, 44- cock, 45- dirty, 46- pedo, 47- wankers";"hatespeech targeting African";"https://app.prolific.co/submissions/complete?cc=91442ADD"
"21499089_gab";"HateXplain";"top players women jr colleges are black but they are from places like liberia uganda ethiopia senegal they are not american blacks and they are as tall as <number> <number> women many look like men is this really america";"1- top, 2- players, 3- women, 4- jr, 5- colleges, 6- are, 7- black, 8- but, 9- they, 10- are, 11- from, 12- places, 13- like, 14- liberia, 15- uganda, 16- ethiopia, 17- senegal, 18- they, 19- are, 20- not, 21- american, 22- blacks, 23- and, 24- they, 25- are, 26- as, 27- tall, 28- as, 29- <number>, 30- <number>, 31- women, 32- many, 33- look, 34- like, 35- men, 36- is, 37- this, 38- really, 39- america";"offensive targeting African";"https://app.prolific.co/submissions/complete?cc=91442ADD"
"21527223_gab";"HateXplain";"part i the <number> murder trial of oj simpson and his subsequent not guilty verdict was hugely symbolic for many reasons <number> it symbolized the browning of california a place once known for its beauty splendor and prosperity now a hotbed of clash violence and negrofication";"1- part, 2- i, 3- the, 4- <number>, 5- murder, 6- trial, 7- of, 8- oj, 9- simpson, 10- and, 11- his, 12- subsequent, 13- not, 14- guilty, 15- verdict, 16- was, 17- hugely, 18- symbolic, 19- for, 20- many, 21- reasons, 22- <number>, 23- it, 24- symbolized, 25- the, 26- browning, 27- of, 28- california, 29- a, 30- place, 31- once, 32- known, 33- for, 34- its, 35- beauty, 36- splendor, 37- and, 38- prosperity, 39- now, 40- a, 41- hotbed, 42- of, 43- clash, 44- violence, 45- and, 46- negrofication";"hatespeech targeting African";"https://app.prolific.co/submissions/complete?cc=91442ADD"
"21531589_gab";"HateXplain";"nigger can not say that on twitter btw this is why i gotongab";"1- nigger, 2- can, 3- not, 4- say, 5- that, 6- on, 7- twitter, 8- btw, 9- this, 10- is, 11- why, 12- i, 13- gotongab";"hatespeech targeting African";"https://app.prolific.co/submissions/complete?cc=91442ADD"
"21603448_gab";"HateXplain";"you lying nigger the kk did no such thing to your fam the niggers that got lynched were those who raped robbed and attempted to kill whites they were lynched or otherwise for damn good reason gtfo with your pappy bullshit you need to go back to africa";"1- you, 2- lying, 3- nigger, 4- the, 5- kk, 6- did, 7- no, 8- such, 9- thing, 10- to, 11- your, 12- fam, 13- the, 14- niggers, 15- that, 16- got, 17- lynched, 18- were, 19- those, 20- who, 21- raped, 22- robbed, 23- and, 24- attempted, 25- to, 26- kill, 27- whites, 28- they, 29- were, 30- lynched, 31- or, 32- otherwise, 33- for, 34- damn, 35- good, 36- reason, 37- gtfo, 38- with, 39- your, 40- pappy, 41- bullshit, 42- you, 43- need, 44- to, 45- go, 46- back, 47- to, 48- africa";"hatespeech targeting African";"https://app.prolific.co/submissions/complete?cc=91442ADD"
"21672696_gab";"HateXplain";"pimlico racetrack area is weird two sides of it are complete ghetto dumps while the other two sides are still fairly decent even w some upscale people living there i love the track itself just hate the west south sides of the track";"1- pimlico, 2- racetrack, 3- area, 4- is, 5- weird, 6- two, 7- sides, 8- of, 9- it, 10- are, 11- complete, 12- ghetto, 13- dumps, 14- while, 15- the, 16- other, 17- two, 18- sides, 19- are, 20- still, 21- fairly, 22- decent, 23- even, 24- w, 25- some, 26- upscale, 27- people, 28- living, 29- there, 30- i, 31- love, 32- the, 33- track, 34- itself, 35- just, 36- hate, 37- the, 38- west, 39- south, 40- sides, 41- of, 42- the, 43- track";"offensive targeting African";"https://app.prolific.co/submissions/complete?cc=91442ADD"
"21701264_gab";"HateXplain";"i see a lot of brown people and stupid women being the ones in these marches young white men know what is up do not let the msm gaslight you to think otherwise";"1- i, 2- see, 3- a, 4- lot, 5- of, 6- brown, 7- people, 8- and, 9- stupid, 10- women, 11- being, 12- the, 13- ones, 14- in, 15- these, 16- marches, 17- young, 18- white, 19- men, 20- know, 21- what, 22- is, 23- up, 24- do, 25- not, 26- let, 27- the, 28- msm, 29- gaslight, 30- you, 31- to, 32- think, 33- otherwise";"hatespeech targeting African";"https://app.prolific.co/submissions/complete?cc=91442ADD"
"21713356_gab";"HateXplain";"no im waiting til i get bored shooting niggers in gta5 til i buy any new games 🤔";"1- no, 2- im, 3- waiting, 4- til, 5- i, 6- get, 7- bored, 8- shooting, 9- niggers, 10- in, 11- gta5, 12- til, 13- i, 14- buy, 15- any, 16- new, 17- games, 18- 🤔";"hatespeech targeting African";"https://app.prolific.co/submissions/complete?cc=91442ADD"
"21735535_gab";"HateXplain";"who says she even smoks the wed i bet she carries it in case some negro gets uppity she can throw it like bait into on coming traffic to get them to kill themselves";"1- who, 2- says, 3- she, 4- even, 5- smoks, 6- the, 7- wed, 8- i, 9- bet, 10- she, 11- carries, 12- it, 13- in, 14- case, 15- some, 16- negro, 17- gets, 18- uppity, 19- she, 20- can, 21- throw, 22- it, 23- like, 24- bait, 25- into, 26- on, 27- coming, 28- traffic, 29- to, 30- get, 31- them, 32- to, 33- kill, 34- themselves";"hatespeech targeting African";"https://app.prolific.co/submissions/complete?cc=91442ADD"
"21832472_gab";"HateXplain";"we need more women in these fields perfect accelerationism and niggers especially nigger females";"1- we, 2- need, 3- more, 4- women, 5- in, 6- these, 7- fields, 8- perfect, 9- accelerationism, 10- and, 11- niggers, 12- especially, 13- nigger, 14- females";"hatespeech targeting African";"https://app.prolific.co/submissions/complete?cc=91442ADD"
"21873560_gab";"HateXplain";"the problem is britain is you nigger cunts";"1- the, 2- problem, 3- is, 4- britain, 5- is, 6- you, 7- nigger, 8- cunts";"hatespeech targeting African";"https://app.prolific.co/submissions/complete?cc=91442ADD"
"22027528_gab";"HateXplain";"absolutely but do you really think we should be allowing ghetto blacks to redefine our language";"1- absolutely, 2- but, 3- do, 4- you, 5- really, 6- think, 7- we, 8- should, 9- be, 10- allowing, 11- ghetto, 12- blacks, 13- to, 14- redefine, 15- our, 16- language";"offensive targeting African";"https://app.prolific.co/submissions/complete?cc=91442ADD"
"22027993_gab";"HateXplain";"buddy you can be around niggers and kikes without fucking them it pretty easy actually most people manage it every day";"1- buddy, 2- you, 3- can, 4- be, 5- around, 6- niggers, 7- and, 8- kikes, 9- without, 10- fucking, 11- them, 12- it, 13- pretty, 14- easy, 15- actually, 16- most, 17- people, 18- manage, 19- it, 20- every, 21- day";"offensive targeting African";"https://app.prolific.co/submissions/complete?cc=91442ADD"
"22038104_gab";"HateXplain";"it disgusting how i see blacks treat their animals out here in newark these ghetto people are so hypocritical first to complain about how they are treated by white which is completely bullshit then beat their kids and dogs until they die";"1- it, 2- disgusting, 3- how, 4- i, 5- see, 6- blacks, 7- treat, 8- their, 9- animals, 10- out, 11- here, 12- in, 13- newark, 14- these, 15- ghetto, 16- people, 17- are, 18- so, 19- hypocritical, 20- first, 21- to, 22- complain, 23- about, 24- how, 25- they, 26- are, 27- treated, 28- by, 29- white, 30- which, 31- is, 32- completely, 33- bullshit, 34- then, 35- beat, 36- their, 37- kids, 38- and, 39- dogs, 40- until, 41- they, 42- die";"hatespeech targeting African";"https://app.prolific.co/submissions/complete?cc=91442ADD"
"22071431_gab";"HateXplain";"how you all doing today i bet this weather is better on your negro skin than somewhere north like detroit can i get an orah";"1- how, 2- you, 3- all, 4- doing, 5- today, 6- i, 7- bet, 8- this, 9- weather, 10- is, 11- better, 12- on, 13- your, 14- negro, 15- skin, 16- than, 17- somewhere, 18- north, 19- like, 20- detroit, 21- can, 22- i, 23- get, 24- an, 25- orah";"offensive targeting African";"https://app.prolific.co/submissions/complete?cc=91442ADD"
"22088852_gab";"HateXplain";"fbi is all niggers or spiritual mental niggers they get the info that their master demand and fill out the required paperwork like perfect house niggers";"1- fbi, 2- is, 3- all, 4- niggers, 5- or, 6- spiritual, 7- mental, 8- niggers, 9- they, 10- get, 11- the, 12- info, 13- that, 14- their, 15- master, 16- demand, 17- and, 18- fill, 19- out, 20- the, 21- required, 22- paperwork, 23- like, 24- perfect, 25- house, 26- niggers";"hatespeech targeting African";"https://app.prolific.co/submissions/complete?cc=91442ADD"
"22164882_gab";"HateXplain";"look at those two hoes a dirty hoe and a back hoe because she came back to profit off of djt hoe";"1- look, 2- at, 3- those, 4- two, 5- hoes, 6- a, 7- dirty, 8- hoe, 9- and, 10- a, 11- back, 12- hoe, 13- because, 14- she, 15- came, 16- back, 17- to, 18- profit, 19- off, 20- of, 21- djt, 22- hoe";"offensive targeting African";"https://app.prolific.co/submissions/complete?cc=91442ADD"
"22171811_gab";"HateXplain";"he dindu nuffin <user> ‍ might have been right in that you guys are the niggers of white nationalism";"1- he, 2- dindu, 3- nuffin, 4- <user>, 5- ‍, 6- might, 7- have, 8- been, 9- right, 10- in, 11- that, 12- you, 13- guys, 14- are, 15- the, 16- niggers, 17- of, 18- white, 19- nationalism";"hatespeech targeting African";"https://app.prolific.co/submissions/complete?cc=91442ADD"
"22197458_gab";"HateXplain";"maybe it a sign from god that anglin really is a nigger";"1- maybe, 2- it, 3- a, 4- sign, 5- from, 6- god, 7- that, 8- anglin, 9- really, 10- is, 11- a, 12- nigger";"hatespeech targeting African";"https://app.prolific.co/submissions/complete?cc=91442ADD"
"22269252_gab";"HateXplain";"i fucking hate twitter and i hate the niggers who post their whiny crybaby victimhood stories all over it as well there i said it fucking cucks";"1- i, 2- fucking, 3- hate, 4- twitter, 5- and, 6- i, 7- hate, 8- the, 9- niggers, 10- who, 11- post, 12- their, 13- whiny, 14- crybaby, 15- victimhood, 16- stories, 17- all, 18- over, 19- it, 20- as, 21- well, 22- there, 23- i, 24- said, 25- it, 26- fucking, 27- cucks";"hatespeech targeting African";"https://app.prolific.co/submissions/complete?cc=91442ADD"
"22314061_gab";"HateXplain";"this waffin ss ghetto punk would have been worse";"1- this, 2- waffin, 3- ss, 4- ghetto, 5- punk, 6- would, 7- have, 8- been, 9- worse";"offensive targeting African";"https://app.prolific.co/submissions/complete?cc=91442ADD"
"22351012_gab";"HateXplain";"sorry u retarded faggit i could not understand u try spitting the nigger cock out of ur mouth and say it again but grow a pair of balls first ur cucked faggit niggerlover attitude is just embarrassing 🖕 🙄 🖕";"1- sorry, 2- u, 3- retarded, 4- faggit, 5- i, 6- could, 7- not, 8- understand, 9- u, 10- try, 11- spitting, 12- the, 13- nigger, 14- cock, 15- out, 16- of, 17- ur, 18- mouth, 19- and, 20- say, 21- it, 22- again, 23- but, 24- grow, 25- a, 26- pair, 27- of, 28- balls, 29- first, 30- ur, 31- cucked, 32- faggit, 33- niggerlover, 34- attitude, 35- is, 36- just, 37- embarrassing, 38- 🖕, 39- 🙄, 40- 🖕";"hatespeech targeting African";"https://app.prolific.co/submissions/complete?cc=91442ADD"
"22391784_gab";"HateXplain";"ban niggers and beaners poof crime across the board drops <number>";"1- ban, 2- niggers, 3- and, 4- beaners, 5- poof, 6- crime, 7- across, 8- the, 9- board, 10- drops, 11- <number>";"offensive targeting African";"https://app.prolific.co/submissions/complete?cc=91442ADD"
"attention_51";"attention check sentences (HateXplain targeting)";"of course we call them crackers theyre tan on the outside yet white on the inside";"1- of, 2- course, 3- we, 4- call, 5- them, 6- crackers, 7- theyre, 8- tan, 9- on, 10- the, 11- outside, 12- yet, 13- white, 14- on, 15- the, 16- inside";"offensive";"https://app.prolific.co/submissions/complete?cc=91442ADD"