session_id,participant_id,status,started_datetime,completed_date_time,time_taken,age,num_approvals,num_rejections,prolific_score,reviewed_at_datetime,entered_code,Country of Birth,Current Country of Residence,Employment Status,First Language,Fluent languages,Nationality,Nationality (UK),Primary Language,Sex,Student Status
62b728dc7a9e856acfc579cd,5eaaf5a813401e06eb256e9c,RETURNED,2022-06-25 15:25:16.128000,,259648.54174,77,822,10,97,,,CONSENT REVOKED,CONSENT REVOKED,CONSENT REVOKED,CONSENT REVOKED,CONSENT REVOKED,CONSENT REVOKED,CONSENT REVOKED,CONSENT REVOKED,CONSENT REVOKED,CONSENT REVOKED
62b72ca966da703bdd763084,5ed2a7d0fca236226c8ab527,APPROVED,2022-06-25 15:41:29.226000,2022-06-25 15:51:38.573000,609.347,54,395,5,99,2022-06-28 15:11:46.477000,91442ADD,United Kingdom,United Kingdom,Full-Time,English,English,United Kingdom,England,English,Female,No
62b72da6c7f167308d98f5f2,62b5ef2ecccb0a1fdac33218,APPROVED,2022-06-25 15:45:42.060000,2022-06-25 16:01:23.247000,941.187,32,7,0,100,2022-06-28 15:11:46.232000,91442ADD,United Kingdom,United Kingdom,Unemployed (and job seeking),English,English,United Kingdom,England,English,Male,No
62b72dde3248b5d44a1ffd05,6146f7ba26347293afaea791,RETURNED,2022-06-25 15:56:38.273000,,257766.47704,30,438,1,100,,,CONSENT REVOKED,CONSENT REVOKED,CONSENT REVOKED,CONSENT REVOKED,CONSENT REVOKED,CONSENT REVOKED,CONSENT REVOKED,CONSENT REVOKED,CONSENT REVOKED,CONSENT REVOKED
62b72e28b0df3156344f68dc,5985f6bdeef500000111db98,APPROVED,2022-06-25 15:47:52.189000,2022-06-25 15:58:14.769000,622.58,39,867,10,98,2022-06-28 15:11:45.017000,91442ADD,United Kingdom,United Kingdom,Part-Time,English,English,United Kingdom,England,English,Female,No
62b72e63bd45dd693a1a9887,5c3d19e75f5dca00019abdbd,APPROVED,2022-06-25 15:48:54.458000,2022-06-25 15:57:13.854000,499.396,36,537,5,99,2022-06-28 15:11:43.921000,91442ADD,United Kingdom,United Kingdom,"Not in paid work (e.g. homemaker', 'retired or disabled)",English,English,United Kingdom,England,English,Female,No
62b72e714609fd613e400b36,5e7504564414f906de6ce6df,APPROVED,2022-06-25 15:49:10.243000,2022-06-25 15:59:38.744000,628.501,42,769,2,100,2022-06-28 15:11:43.331000,91442ADD,United Kingdom,United Kingdom,Part-Time,English,English,United Kingdom,England,English,Female,No
62b72e73d164f76237446efc,62b1ee5ae17412d15ebd3097,RETURNED,2022-06-25 15:49:13.864000,,258211.012701,52,9,0,100,,,CONSENT REVOKED,CONSENT REVOKED,CONSENT REVOKED,CONSENT REVOKED,CONSENT REVOKED,CONSENT REVOKED,CONSENT REVOKED,CONSENT REVOKED,CONSENT REVOKED,CONSENT REVOKED
62b72e8975be4ad29913ab26,615ded1a0b5ad33384c0326e,REJECTED,2022-06-25 15:49:33.921000,2022-06-25 15:53:40.094000,246.173,37,175,3,99,2022-06-28 15:10:10.957000,91442ADD,United Kingdom,United Kingdom,Part-Time,English,English,United Kingdom,England,English,Female,No
62b72e922541413a482573f1,5ef913ee6095e369eda5b9d7,APPROVED,2022-06-25 15:49:41.303000,2022-06-25 15:59:55.913000,614.61,50,487,13,94,2022-06-28 15:11:42.296000,91442ADD,United Kingdom,United Kingdom,Full-Time,English,English,United Kingdom,Northern Ireland,English,Female,No
62b72e9f4ccc0187179e339a,62a8a76479ed71dc8fab6088,TIMED-OUT,2022-06-25 15:49:54.189000,,258170.754874,42,9,0,100,,,United Kingdom,United Kingdom,Full-Time,English,English,United Kingdom,England,English,Female,No
62b72eba4234c2ee3cc579c8,60cdeff241a42f560409755c,APPROVED,2022-06-25 15:50:21.884000,2022-06-25 15:58:49.999000,508.115,39,312,1,100,2022-06-28 15:11:38.092000,91442ADD,United Kingdom,United Kingdom,Full-Time,English,English,United Kingdom,Scotland,English,Male,No
62b7374ffb96bcfb2bfa46dc,5fa18024e8db28293edae14e,APPROVED,2022-06-25 16:26:57.300000,2022-06-25 16:31:47.299000,289.999,28,406,0,100,2022-06-28 15:11:36.989000,91442ADD,United Kingdom,United Kingdom,Part-Time,English,English,United Kingdom,England,English,Female,No
62b73f199b04d58cc49b90de,572f526c3c27e7000e0b8aaa,APPROVED,2022-06-25 17:00:09.158000,2022-06-25 17:19:24.173000,1155.015,32,2925,11,100,2022-06-28 15:10:32.059000,91442ADD,United Kingdom,United Kingdom,Full-Time,English,English,United Kingdom,England,English,Male,No
62bb1bbe6bf16071e3c11ccc,5c63d35fba64110001161fc0,APPROVED,2022-06-28 15:18:26.183000,2022-06-28 15:28:07.674000,581.491,,594,4,100,2022-06-28 15:32:19.994000,91442ADD,United Kingdom,United Kingdom,"Not in paid work (e.g. homemaker', 'retired or disabled)",English,English,United Kingdom,Northern Ireland,English,Female,No
