session_id,participant_id,status,started_datetime,completed_date_time,time_taken,age,num_approvals,num_rejections,prolific_score,reviewed_at_datetime,entered_code,Country of Birth,Current Country of Residence,Employment Status,First Language,Fluent languages,Nationality,Nationality (UK),Primary Language,Sex,Student Status
62ab0055474c210283d69fc6,5d4d62a0c7f25f0001c86535,APPROVED,2022-06-16 10:05:12.035000,2022-06-16 10:30:29.143000,1517.108,32,698,12,97,2022-06-23 12:38:02.879000,91442ADD,United Kingdom,United Kingdom,Full-Time,English,English,United Kingdom,England,English,Female,No
62ab0078a236f8273b5103a3,5e1e319cac30fa19d1e131fe,RETURNED,2022-06-16 10:06:14.034000,,614280.801204,56,711,4,99,,,CONSENT REVOKED,CONSENT REVOKED,CONSENT REVOKED,CONSENT REVOKED,CONSENT REVOKED,CONSENT REVOKED,CONSENT REVOKED,CONSENT REVOKED,CONSENT REVOKED,CONSENT REVOKED
62ab00aee3550fd467ab71a3,60e76695ce5f16c6848dec5f,APPROVED,2022-06-16 10:07:01.605000,2022-06-16 10:16:49.190000,587.585,29,242,2,100,2022-06-23 12:38:01.889000,91442ADD,United Kingdom,United Kingdom,Full-Time,English,English,United Kingdom,England,English,Female,Yes
62ab00d73d45364354f10aff,5d99d50266dc5d001670d71d,RETURNED,2022-06-16 10:07:29.034000,,614205.830906,23,145,1,100,,,CONSENT REVOKED,CONSENT REVOKED,CONSENT REVOKED,CONSENT REVOKED,CONSENT REVOKED,CONSENT REVOKED,CONSENT REVOKED,CONSENT REVOKED,CONSENT REVOKED,CONSENT REVOKED
62ab01389525f812a5d6af5a,610425ba05c54caf4936bda4,APPROVED,2022-06-16 10:08:59.707000,2022-06-16 10:21:56.743000,777.036,34,287,3,100,2022-06-23 12:38:01.199000,NOCODE,United Kingdom,United Kingdom,Full-Time,English,English,United Kingdom,England,English,Female,Yes
62ab0145e9c46c942c8adf39,615ded1a0b5ad33384c0326e,APPROVED,2022-06-16 10:09:19.466000,2022-06-16 10:23:59.341000,879.875,37,170,2,99,2022-06-23 12:37:59.919000,91442ADD,United Kingdom,United Kingdom,Part-Time,English,English,United Kingdom,England,English,Female,No
62ab018f891739acc95e7c26,5a60b886c0d836000107844d,APPROVED,2022-06-16 10:10:25.860000,2022-06-16 10:16:03.972000,338.112,23,182,1,100,2022-06-23 12:37:58.947000,91442ADD,United Kingdom,United Kingdom,"Not in paid work (e.g. homemaker', 'retired or disabled)",English,English,United Kingdom,England,English,Female,No
62ab01937fc764358c6a0f44,612563160add8583de6d675b,APPROVED,2022-06-16 10:10:29.667000,2022-06-16 10:26:16.704000,947.037,19,103,0,100,2022-06-23 12:37:57.792000,91442ADD,United Kingdom,United Kingdom,Other,English,English,United Kingdom,England,English,Female,Yes
62ab019bf5045bd587c00252,5983095e9bf4fe0001071115,APPROVED,2022-06-16 10:10:42.361000,2022-06-16 10:22:24.904000,702.543,52,965,8,99,2022-06-23 12:37:56.831000,91442ADD,United Kingdom,United Kingdom,"Not in paid work (e.g. homemaker', 'retired or disabled)",English,English,United Kingdom,England,English,Female,No
62ab01b7f5a7832f580e2e22,614851420684860d885f8b29,APPROVED,2022-06-16 10:11:06.160000,2022-06-16 10:26:46.844000,940.684,34,154,2,99,2022-06-23 12:37:55.854000,91442ADD,United Kingdom,United Kingdom,Full-Time,English,English,United Kingdom,England,English,Female,No
62ab01cc9e75c236cceb078b,5f7f93d23baaf8161cd10edd,APPROVED,2022-06-16 10:11:24.279000,2022-06-16 10:22:26.873000,662.594,23,440,2,100,2022-06-23 12:37:55.131000,91442ADD,United Kingdom,Poland,Full-Time,English,"English, German, Dutch, Norwegian",United Kingdom,England,"English, Polish",Male,Yes
62ab01d5da4776ddbb10c587,5df16d597adf4b08a7e779f1,TIMED-OUT,2022-06-16 10:11:37.548000,,613957.446055,39,544,2,100,,,United Kingdom,United Kingdom,Part-Time,English,English,United Kingdom,England,English,Female,No
62ab1444b2d0be31840621eb,5ebd275ec42d33061709cf86,APPROVED,2022-06-16 11:30:41.079000,2022-06-16 11:37:22.643000,401.564,36,259,6,98,2022-06-23 12:37:54.085000,91442ADD,United Kingdom,United Kingdom,Full-Time,English,"English, Spanish",United Kingdom,England,English,Male,No
