"session_id","participant_id","status","started_datetime","completed_date_time","time_taken","age","num_approvals","num_rejections","prolific_score","reviewed_at_datetime","entered_code","Country of Birth","Current Country of Residence","Employment Status","First Language","Fluent languages","Nationality","Nationality (UK)","Primary Language","Sex","Student Status"
"62b5e99ff9ce5506cb5def43","5fa563c02720b50009b8b626","APPROVED","2022-06-24 16:43:17.857000","2022-06-24 16:57:17.113000","839.256","29","292","2","100","2022-06-24 17:03:39.227000","91442ADD","United Kingdom","United Kingdom","Not in paid work (e.g. homemaker', 'retired or disabled)","English","English","United Kingdom","Scotland","English","Female","No"
"62aaff07f99d420a166bd337","5efb03ef4cd406000b96ed93","APPROVED","2022-06-16 09:59:37.318000","2022-06-16 10:11:51.654000","734.336","23","640","7","99","2022-06-23 15:07:26.287000","91442ADD","United Kingdom","United Kingdom","Unemployed (and job seeking)","English","English","United Kingdom","England","English","Male","No"
"62ab03275f82e5dac2132bfb","5cf13e7f89db9a0001aa488e","REJECTED","2022-06-16 10:17:13.647000","2022-06-16 10:32:01.554000","887.907","46","319","6","98","2022-06-23 15:09:35.895000","91442ADD","United Kingdom","United Kingdom","Full-Time","English","English","United Kingdom","England","English","Male","No"
"62ab032f7d611f825a5cf11d","56a896fa7f2472000c93768d","APPROVED","2022-06-16 10:17:21.639000","2022-06-16 10:32:00.701000","879.062","56","687","8","99","2022-06-23 15:04:20.927000","91442ADD","United Kingdom","United Kingdom","Full-Time","English","English","United Kingdom","England","English","Female","No"
"62ab0343a781b46096740e10","5ca356cb72a23200160ce912","APPROVED","2022-06-16 10:17:41.702000","2022-06-16 10:35:32.957000","1071.255","39","569","6","99","2022-06-23 15:06:31.093000","91442ADD","United Kingdom","United Kingdom","Not in paid work (e.g. homemaker', 'retired or disabled)","English","English","United Kingdom","England","English","Female","No"
"62ab034d2a811959f581265f","5aec383502d69a0001f1ff30","RETURNED","2022-06-16 10:17:53.628000","","715733.314624","67","958","7","99","","","CONSENT REVOKED","CONSENT REVOKED","CONSENT REVOKED","CONSENT REVOKED","CONSENT REVOKED","CONSENT REVOKED","CONSENT REVOKED","CONSENT REVOKED","CONSENT REVOKED","CONSENT REVOKED"
"62ab034e8c10f6b343312ae3","615c292d2f6661d09673fa9e","APPROVED","2022-06-16 10:22:24.653000","2022-06-16 10:32:41.973000","617.32","23","230","4","98","2022-06-23 15:09:25.388000","91442ADD","United Kingdom","United Kingdom","Due to start a new job within the next month","English","English","United Kingdom","England","English","Male","No"
"62ab0351bea1cf1ff77db3c6","60fd158b17aecbf0aefaf5e9","APPROVED","2022-06-16 10:17:56.163000","2022-06-16 10:27:37.776000","581.613","23","126","0","100","2022-06-23 15:08:28.360000","91442ADD","United Kingdom","United Kingdom","Due to start a new job within the next month","English","English","United Kingdom","England","English","Female","Yes"
"62ab03526c317c100d4f90a8","5fa93434da1f2403bd803a43","APPROVED","2022-06-16 10:18:05.559000","2022-06-16 10:50:59.999000","1974.44","34","162","1","100","2022-06-23 15:07:53.918000","91442ADD","United Kingdom","United Kingdom","Not in paid work (e.g. homemaker', 'retired or disabled)","English","English","United Kingdom","England","English","Female","Yes"
"62ab0358da4776ddbb10c591","5d29bd465b3b1f001aaaf754","APPROVED","2022-06-16 10:18:03.454000","2022-06-16 10:29:47.676000","704.222","42","417","3","99","2022-06-23 15:06:56.151000","91442ADD","United Kingdom","United Kingdom","Not in paid work (e.g. homemaker', 'retired or disabled)","English","English","United Kingdom","England","English","Female","No"
"62ab03620a8a1ec129b5bdab","6149a2480ec7bd14c9fe92a5","RETURNED","2022-06-16 10:18:19.122000","","715707.873432","39","102","1","100","","","CONSENT REVOKED","CONSENT REVOKED","CONSENT REVOKED","CONSENT REVOKED","CONSENT REVOKED","CONSENT REVOKED","CONSENT REVOKED","CONSENT REVOKED","CONSENT REVOKED","CONSENT REVOKED"
"62ab040f534a083b263d745b","5a402a0258be2b0001983b5e","APPROVED","2022-06-16 10:23:26.170000","2022-06-16 10:34:15.070000","648.9","48","197","4","97","2022-06-23 15:05:51.929000","91442ADD","United Kingdom","United Kingdom","Part-Time","English","English","United Kingdom","England","English","Female","Yes"
"62ab043f006ed9a480ef2cfe","60a2ea384267eac80212ab5c","APPROVED","2022-06-16 10:21:58.937000","2022-06-16 10:36:05.467000","846.53","37","196","4","97","2022-06-23 15:08:10.812000","91442ADD","United Kingdom","United Kingdom","Not in paid work (e.g. homemaker', 'retired or disabled)","English","English","United Kingdom","England","English","Female","No"