session_id,participant_id,status,started_datetime,completed_date_time,time_taken,age,num_approvals,num_rejections,prolific_score,reviewed_at_datetime,entered_code,Country of Birth,Current Country of Residence,Employment Status,First Language,Fluent languages,Nationality,Nationality (UK),Primary Language,Sex,Student Status
62a0882c5cea7722793dceed,58693d5b1ed9d10001050196,APPROVED,2022-06-08 11:29:53.160000,2022-06-08 12:07:13.853000,2240.693,55,1156,2,100,2022-06-09 15:19:44.111000,91442ADD,United Kingdom,United Kingdom,Part-Time,English,English,United Kingdom,England,English,Male,No
62a088af510049c012edbdf9,5f79e004bedcf209c5be2d82,RETURNED,2022-06-08 11:32:02.722000,,104501.101014,36,364,1,100,,,CONSENT REVOKED,CONSENT REVOKED,CONSENT REVOKED,CONSENT REVOKED,CONSENT REVOKED,CONSENT REVOKED,CONSENT REVOKED,CONSENT REVOKED,CONSENT REVOKED,CONSENT REVOKED
62a08928fd8fbcaa9efd5f98,5cb7be4c30e566001a8b04b5,APPROVED,2022-06-08 11:34:06.721000,2022-06-08 11:51:54.889000,1068.168,65,682,1,100,2022-06-09 15:20:42.943000,91442ADD,United Kingdom,United Kingdom,"Not in paid work (e.g. homemaker', 'retired or disabled)",English,English,United Kingdom,England,English,Female,No
62a089532e95e5ca9e2d55df,5be8417e3c03690001d99d2c,APPROVED,2022-06-08 11:34:47.731000,2022-06-08 11:50:37.697000,949.966,24,132,1,100,2022-06-09 15:20:29.094000,91442ADD,United Kingdom,United Kingdom,Other,English,English,United Kingdom,England,English,Female,Yes
62a089c71d5e2239c321c74e,58f34afdc8b7eb0001878fb6,APPROVED,2022-06-08 11:36:42.696000,2022-06-08 11:48:09.022000,686.326,27,494,3,100,2022-06-09 15:19:59.205000,91442ADD,United Kingdom,United Kingdom,Part-Time,English,English,United Kingdom,Scotland,English,Female,No
62a089f47bcb1fd3e2532424,622df5d6cc0f95ff380d5750,APPROVED,2022-06-08 11:37:41.909000,2022-06-08 12:15:18.059000,2256.15,62,57,2,97,2022-06-09 15:22:11.567000,91442ADD,United Kingdom,United Kingdom,"Not in paid work (e.g. homemaker', 'retired or disabled)",English,English,United Kingdom,England,English,Female,No
62a089f560f2cea9f5cb5af7,61f2aedaa09e72f23cbafbf4,APPROVED,2022-06-08 11:37:27.232000,2022-06-08 11:47:44.974000,617.742,31,265,2,100,2022-06-09 15:21:54.355000,91442ADD,United Kingdom,United Kingdom,Full-Time,English,English,United Kingdom,England,English,Male,No
62a08a0a6ee4cf4087e7d781,61681e42c312caa3051e5079,APPROVED,2022-06-08 11:37:53.713000,2022-06-08 11:52:42.822000,889.109,31,104,0,100,2022-06-09 15:21:41.787000,91442ADD,United Kingdom,United Kingdom,Other,English,English,United Kingdom,England,English,Female,No
62a08a23062cecdaab407dde,5a722471f660ae0001a9a51a,APPROVED,2022-06-08 11:38:13.817000,2022-06-08 11:50:34.750000,740.933,47,425,2,100,2022-06-09 15:20:14.540000,91442ADD,United Kingdom,United Kingdom,Full-Time,English,English,United Kingdom,England,English,Female,No
62a08a679ec77169bfd283b9,5fd329adf2515a16ef7d1b58,APPROVED,2022-06-08 11:39:22.498000,2022-06-08 11:48:08.395000,525.897,22,167,3,99,2022-06-09 15:21:16.884000,91442ADD,United Kingdom,United Kingdom,Full-Time,English,English,United Kingdom,England,English,Female,No
62a08a8a3089620af6b6a128,62974ccda8681adc45590f7a,REJECTED,2022-06-08 11:39:57.211000,2022-06-08 11:50:14.040000,616.829,33,2,2,77,2022-06-09 15:22:36.669000,91442ADD,United States,United Kingdom,Full-Time,English,English,United Kingdom,England,English,Female,Yes
62a210a542445e0509b5164b,581f6c63930a280001062e8c,REJECTED,2022-06-09 15:24:25.396000,2022-06-09 15:41:28.225000,1022.829,28,269,2,100,2022-06-09 16:07:13.264000,91442ADD,United Kingdom,United Kingdom,Full-Time,English,English,United Kingdom,England,English,Female,No
62a21b8fbc69d89204d6d2de,5ac8fff9e1546900019c2803,RETURNED,2022-06-09 16:11:10.430000,,1353.840906,47,451,7,98,,,CONSENT REVOKED,CONSENT REVOKED,CONSENT REVOKED,CONSENT REVOKED,CONSENT REVOKED,CONSENT REVOKED,CONSENT REVOKED,CONSENT REVOKED,CONSENT REVOKED,CONSENT REVOKED
62a21d3406e7b37087e75532,59b193aff69f3400018671ba,APPROVED,2022-06-09 16:18:14,2022-06-09 16:30:54.264000,760.264,52,1074,4,100,2022-06-09 16:32:57.831000,91442ADD,United Kingdom,United Kingdom,Part-Time,English,English,United Kingdom,England,English,Male,No
