session_id,participant_id,status,started_datetime,completed_date_time,time_taken,age,num_approvals,num_rejections,prolific_score,reviewed_at_datetime,entered_code,Country of Birth,Current Country of Residence,Employment Status,First Language,Fluent languages,Nationality,Nationality (UK),Primary Language,Sex,Student Status
62a086e9a24b3ff07ff043b5,59de6ff66100f9000194a144,APPROVED,2022-06-08 11:24:32.551000,2022-06-08 11:36:51.250000,738.699,33,331,1,100,2022-06-08 12:19:23.958000,91442ADD,United Kingdom,United Kingdom,Part-Time,English,English,United Kingdom,England,English,Female,No
62a0871d368ed511e12676e8,5ef89ca507b0e3040299f1a3,APPROVED,2022-06-08 11:25:20.949000,2022-06-08 12:11:10.151000,2749.202,39,642,3,100,2022-06-08 12:19:23.230000,91442ADD,United Kingdom,United Kingdom,Part-Time,English,English,United Kingdom,England,English,Female,No
62a0872affe642a401fc0adf,6043d354aefb70408f6aeb94,APPROVED,2022-06-08 11:25:30.738000,2022-06-08 11:32:37.570000,426.832,30,323,0,100,2022-06-08 12:19:21.909000,91442ADD,United Kingdom,United Kingdom,"Not in paid work (e.g. homemaker', 'retired or disabled)",English,English,United Kingdom,England,English,Female,No
62a0872f000dc64e28fe5a28,5c35f95a4bbda70001fa2a42,APPROVED,2022-06-08 11:27:30.861000,2022-06-08 11:42:13.346000,882.485,49,1031,4,100,2022-06-08 12:19:20.613000,91442ADD,United Kingdom,United Kingdom,Full-Time,English,English,United Kingdom,England,English,Female,No
62a0879a389b6350ae1c99be,593181acb967f3000176b1bc,REJECTED,2022-06-08 11:27:24.642000,2022-06-08 11:35:10.165000,465.523,49,902,26,94,2022-06-08 12:15:24.305000,91442ADD,United Kingdom,United Kingdom,Full-Time,English,English,United Kingdom,England,English,Female,No
62a087a8e177bbafe7c605aa,617553614e74074e0b3a90fa,APPROVED,2022-06-08 11:27:39.342000,2022-06-08 11:35:30.385000,471.043,26,35,0,100,2022-06-08 12:19:19.761000,91442ADD,United Kingdom,United Kingdom,Unemployed (and job seeking),English,English,United Kingdom,England,English,Female,No
62a087c235a2fcd931f4aa40,5ce2cadbed552600199dc85c,APPROVED,2022-06-08 11:28:02.794000,2022-06-08 11:45:56.436000,1073.642,43,762,1,100,2022-06-08 12:19:18.608000,91442ADD,United Kingdom,United Kingdom,Unemployed (and job seeking),English,English,United Kingdom,England,English,Male,No
62a087e2510049c012edbdf2,6094f14e5f0014a68821c2c1,APPROVED,2022-06-08 11:28:37.620000,2022-06-08 11:42:09.610000,811.99,41,278,2,100,2022-06-08 12:19:18.217000,91442ADD,United Kingdom,United Kingdom,"Not in paid work (e.g. homemaker', 'retired or disabled)",English,English,United Kingdom,England,English,Male,No
62a087ed26ef8ffb8542be54,5999aa3805a0e30001f1ffa6,APPROVED,2022-06-08 11:28:48.068000,2022-06-08 11:40:12.778000,684.71,33,245,2,100,2022-06-08 12:19:16.958000,91442ADD,United Kingdom,United Kingdom,Full-Time,English,English,United Kingdom,England,English,Female,No
62a08803804a59c191829623,5cb8afb5a9282c0001607a09,APPROVED,2022-06-08 11:29:11.765000,2022-06-08 11:41:02.768000,711.003,30,148,1,100,2022-06-08 12:19:16.178000,91442ADD,United Kingdom,United Kingdom,Full-Time,English,English,United Kingdom,England,English,Female,No
62a093c762ec7cc85e61f8af,5cb24ee57a55ff00168880b3,APPROVED,2022-06-08 12:19:35.849000,2022-06-08 12:26:48.229000,432.38,53,833,1,100,2022-06-09 15:16:58.099000,91442ADD,United Kingdom,United Kingdom,"Not in paid work (e.g. homemaker', 'retired or disabled)",English,English,United Kingdom,England,English,Female,No
