session_id,participant_id,status,started_datetime,completed_date_time,time_taken,age,num_approvals,num_rejections,prolific_score,reviewed_at_datetime,entered_code,Country of Birth,Current Country of Residence,Employment Status,First Language,Fluent languages,Nationality,Nationality (UK),Primary Language,Sex,Student Status
62b7258809c6f64d672cdb87,5ee17767c5575d567bb7ba8d,APPROVED,2022-06-25 15:11:08.025000,2022-06-25 15:27:53.346000,1005.321,26,78,1,100,2022-06-25 16:21:51.772000,91442ADD,United Kingdom,United Kingdom,"Not in paid work (e.g. homemaker', 'retired or disabled)",English,English,United Kingdom,England,English,Female,Yes
62b7259232bc45f66bf14aa2,5a8abde7f1408d000176a76c,APPROVED,2022-06-25 15:11:18.356000,2022-06-25 15:22:12.555000,654.199,24,364,2,100,2022-06-25 16:21:50.512000,91442ADD,United Kingdom,United Kingdom,Full-Time,English,English,United Kingdom,Scotland,English,Female,No
62b7259cd3861e4003a39e82,5c5fe0c18e931700011f9f55,APPROVED,2022-06-25 15:11:28.036000,2022-06-25 15:27:00.432000,932.396,38,600,4,99,2022-06-25 16:21:49.788000,91442ADD,United Kingdom,United Kingdom,"Not in paid work (e.g. homemaker', 'retired or disabled)",English,English,United Kingdom,England,English,Female,No
62b725b3f17f6cfa9edffc5f,5c982494dd325800146f870e,RETURNED,2022-06-25 15:11:51.904000,,4238.504938,30,260,1,100,,,CONSENT REVOKED,CONSENT REVOKED,CONSENT REVOKED,CONSENT REVOKED,CONSENT REVOKED,CONSENT REVOKED,CONSENT REVOKED,CONSENT REVOKED,CONSENT REVOKED,CONSENT REVOKED
62b725ccfa4becd136f14a7f,6147415fd3b1acbb631d2c6c,APPROVED,2022-06-25 15:12:14.804000,2022-06-25 15:24:32.802000,737.998,24,94,2,99,2022-06-25 16:21:48.950000,91442ADD,United Kingdom,United Kingdom,Full-Time,English,English,United Kingdom,England,English,Female,No
62b725fee5c76b96a04f68bd,5c7f82ccd1c9ab0001c548f8,APPROVED,2022-06-25 15:13:07.778000,2022-06-25 15:47:23.356000,2055.578,51,498,3,100,2022-06-25 16:21:47.907000,91442ADD,United Kingdom,United Kingdom,DATA EXPIRED,English,English,United Kingdom,England,English,Female,No
62b726071bc8dbe8d9170f18,59a6aa43b2130b000179d303,APPROVED,2022-06-25 15:13:18.760000,2022-06-25 15:21:31.144000,492.384,44,803,2,100,2022-06-25 16:21:45.957000,91442ADD,United Kingdom,United Kingdom,Part-Time,English,English,United Kingdom,England,English,Female,No
62b726081799fd419fd922d1,5e89d10d70750d6667a2c27a,RETURNED,2022-06-25 15:13:15.802000,,4154.659249,26,366,2,100,,,CONSENT REVOKED,CONSENT REVOKED,CONSENT REVOKED,CONSENT REVOKED,CONSENT REVOKED,CONSENT REVOKED,CONSENT REVOKED,CONSENT REVOKED,CONSENT REVOKED,CONSENT REVOKED
62b7260b07efc75190763099,5916efdd6f61c500017a0d67,APPROVED,2022-06-25 15:13:18.272000,2022-06-25 15:47:53.479000,2075.207,48,932,18,96,2022-06-25 16:21:46.857000,91442ADD,United Kingdom,United Kingdom,Full-Time,English,English,United Kingdom,Scotland,English,Male,No
62b7261a22b15573ee5def6d,60509a0a3b167b0b85516e9a,APPROVED,2022-06-25 15:13:43.995000,2022-06-25 15:56:34.634000,2570.639,54,411,1,100,2022-06-25 16:21:44.814000,91442ADD,United Kingdom,United Kingdom,Part-Time,English,English,United Kingdom,England,English,Female,No
62b7275a96d1048625fa46b1,5cf037cb8f775d001aa89bb7,APPROVED,2022-06-25 15:18:59.054000,2022-06-25 15:33:27.652000,868.598,20,378,0,100,2022-06-25 16:21:44.218000,91442ADD,United Kingdom,United Kingdom,Due to start a new job within the next month,English,"English, French",United Kingdom,England,English,Female,DATA EXPIRED
62b727f4784b099a445f2a5d,5c0950fa600aff0001d7049f,APPROVED,2022-06-25 15:21:26.989000,2022-06-25 15:31:23.969000,596.98,37,488,2,100,2022-06-25 16:21:43.449000,91442ADD,United Kingdom,United Kingdom,Part-Time,English,English,United Kingdom,England,English,Female,No
