"session_id","participant_id","status","started_datetime","completed_date_time","time_taken","age","num_approvals","num_rejections","prolific_score","reviewed_at_datetime","entered_code","Country of Birth","Current Country of Residence","Employment Status","First Language","Fluent languages","Nationality","Nationality (UK)","Primary Language","Sex","Student Status"
"62ab0179892f3bf0761e5276","5c50c17da7761b00014a17d5","APPROVED","2022-06-16 10:10:04.948000","2022-06-16 10:29:46.243000","1181.295","64","853","1","100","2022-06-23 16:20:49.467000","91442ADD","United Kingdom","United Kingdom","Part-Time","English","English","United Kingdom","England","English","Female","No"
"62ab01d77b5471a8f9e7d107","5e8d96efe32229018dec69dd","APPROVED","2022-06-16 10:11:37.975000","2022-06-16 10:20:20.068000","522.093","50","660","1","100","2022-06-23 16:20:48.924000","91442ADD","United Kingdom","United Kingdom","Part-Time","English","English","United Kingdom","England","English","Female","No"
"62ab042fb92ec5eef5a1bfa1","60cb0ce6c8de266cd160b31f","APPROVED","2022-06-16 10:21:38.531000","2022-06-16 10:33:10.679000","692.148","40","567","0","100","2022-06-23 16:20:47.474000","91442ADD","United Kingdom","United Kingdom","Full-Time","English","English","United Kingdom","England","English","Male","No"
"62ab044b1f854f1eb916833d","6151d24c6baf491aa36dd868","APPROVED","2022-06-16 10:22:06.632000","2022-06-16 10:32:24.502000","617.87","29","410","3","100","2022-06-23 16:20:46.568000","91442ADD","United Kingdom","United Kingdom","Full-Time","English","English","United Kingdom","England","English","Female","No"
"62ab044ec40f8caa42800b2e","5e79f9e323a65202fa307222","APPROVED","2022-06-16 10:22:08.837000","2022-06-16 10:31:56.512000","587.675","25","602","7","98","2022-06-23 16:20:45.345000","91442ADD","United Kingdom","United Kingdom","Full-Time","English","English","United Kingdom","England","English","Female","No"
"62ab0457163f195725befb62","5acc6abbfa3b4e000173c8b5","APPROVED","2022-06-16 10:22:15.353000","2022-06-16 10:33:16.503000","661.15","50","999","4","100","2022-06-23 16:20:43.553000","91442ADD","United Kingdom","United Kingdom","Full-Time","English","English","United Kingdom","England","English","Female","No"
"62ab046e738fa424f5b897eb","59839cb9554956000142d95f","RETURNED","2022-06-16 10:22:42.032000","","626306.599294","51","1161","3","100","","","CONSENT REVOKED","CONSENT REVOKED","CONSENT REVOKED","CONSENT REVOKED","CONSENT REVOKED","CONSENT REVOKED","CONSENT REVOKED","CONSENT REVOKED","CONSENT REVOKED","CONSENT REVOKED"
"62ab0477369770bb8ad71ebe","5fecd1ba0c041eebd14ca4f3","APPROVED","2022-06-16 10:22:51.503000","2022-06-16 10:37:46.064000","894.561","33","211","2","100","2022-06-23 16:20:42.119000","91442ADD","United Kingdom","United Kingdom","Full-Time","English","English","United Kingdom","England","English","Female","No"
"62ab047b1e1b9323537bf663","5de572f21a7af84fc3cd0ca7","APPROVED","2022-06-16 10:23:35.216000","2022-06-16 10:32:17.289000","522.073","21","375","0","100","2022-06-23 16:20:41.102000","91442ADD","United Kingdom","United Kingdom","Full-Time","English","English, Danish","United Kingdom","Scotland","English","Female","Yes"
"62ab0480f9fda29ec74e7dc3","5fb6b3bb8639c10d6b00bf95","APPROVED","2022-06-16 10:24:40.005000","2022-06-16 10:34:57.781000","617.776","39","166","0","100","2022-06-23 16:20:39.837000","91442ADD","United Kingdom","United Kingdom","Not in paid work (e.g. homemaker', 'retired or disabled)","English","English","United Kingdom","England","English","Female","No"
"62ab069475dc2237e3bbc00e","5e94721dcf3467000af77d5d","REJECTED","2022-06-16 10:31:50.159000","2022-06-16 10:37:12.438000","322.279","38","644","6","99","2022-06-23 16:19:53.470000","91442ADD","United Kingdom","United Kingdom","Full-Time","English","English","United Kingdom","England","English","Female","No"
"62b5ec1690accb97db9e339e","5cdc899d48d5f100195fafff","RETURNED","2022-06-24 16:53:49.696000","","3403.572186","35","875","7","99","","","CONSENT REVOKED","CONSENT REVOKED","CONSENT REVOKED","CONSENT REVOKED","CONSENT REVOKED","CONSENT REVOKED","CONSENT REVOKED","CONSENT REVOKED","CONSENT REVOKED","CONSENT REVOKED"
"62b5ec57d5c2b4baec784ce2","60dc63cf94238618c443b2d9","APPROVED","2022-06-24 16:54:50.948000","2022-06-24 17:01:14.390000","383.442","30","223","1","100","2022-06-24 17:50:07.372000","91442ADD","United Kingdom","United Kingdom","Full-Time","English","English","United Kingdom","England","English","Female","No"