session_id,participant_id,status,started_datetime,completed_date_time,time_taken,age,num_approvals,num_rejections,prolific_score,reviewed_at_datetime,entered_code,Country of Birth,Current Country of Residence,Employment Status,First Language,Fluent languages,Nationality,Nationality (UK),Primary Language,Sex,Student Status
62a32d5a357089ef3435618a,57f8ddd1be670900012e57ee,APPROVED,2022-06-10 11:39:10.318000,2022-06-10 11:50:02.891000,652.573,48,598,9,98,2022-06-13 10:13:12.797000,91442ADD,United Kingdom,United Kingdom,Full-Time,English,English,United Kingdom,England,English,Male,No
62a32da2fc1b09bf966175f0,5ba7bd66d60daf0001533762,RETURNED,2022-06-10 11:40:21.957000,,263314.485776,29,238,0,100,,,CONSENT REVOKED,CONSENT REVOKED,CONSENT REVOKED,CONSENT REVOKED,CONSENT REVOKED,CONSENT REVOKED,CONSENT REVOKED,CONSENT REVOKED,CONSENT REVOKED,CONSENT REVOKED
62a32dcf9e84a40241b0fe43,5aaa73e3f8a57d00010fe416,REJECTED,2022-06-10 11:41:09.781000,2022-06-10 11:46:33.570000,323.789,23,290,3,100,2022-06-13 10:11:34.635000,91442ADD,United Kingdom,United Kingdom,"Not in paid work (e.g. homemaker', 'retired or disabled)",English,English,United Kingdom,England,English,Female,No
62a32dfd1f0061f67bf1b842,5ede9c9d0ad20d132beece00,APPROVED,2022-06-10 11:41:52.577000,2022-06-10 11:54:50.957000,778.38,32,314,1,100,2022-06-13 10:13:11.642000,91442ADD,United Kingdom,United Kingdom,Full-Time,English,English,United Kingdom,England,English,Male,No
62a32e11b507b76078db5814,5c083bf7133f8700012f74fe,APPROVED,2022-06-10 11:42:12.635000,2022-06-10 11:51:33.939000,561.304,45,861,1,100,2022-06-13 10:13:10.485000,91442ADD,United Kingdom,United Kingdom,"Not in paid work (e.g. homemaker', 'retired or disabled)",English,English,United Kingdom,England,English,Female,No
62a32e2563e0dba3fc6eadee,613b7c1c839761ae93c43696,APPROVED,2022-06-10 11:42:33.571000,2022-06-10 11:55:37.399000,783.828,40,181,1,100,2022-06-13 10:13:10.207000,91442ADD,United Kingdom,United Kingdom,Full-Time,English,English,United Kingdom,Scotland,English,Female,No
62a32e2ae18c60f60c414172,6114528e0f88ea0f77b1e0fc,APPROVED,2022-06-10 11:43:01.301000,2022-06-10 12:04:56.067000,1314.766,48,147,2,99,2022-06-13 10:13:08.730000,91442ADD,United Kingdom,United Kingdom,Full-Time,English,English,United Kingdom,England,English,Female,No
62a32e4d2c488610ccffcfef,542c323bfdf99b324ea3808d,APPROVED,2022-06-10 11:43:13.455000,2022-06-10 11:49:20.937000,367.482,50,1473,10,100,2022-06-13 10:13:07.910000,91442ADD,United Kingdom,United Kingdom,Part-Time,English,"English, French, Spanish",United Kingdom,Scotland,English,Female,Yes
62a32e4f28ef176fb217a00d,62a1f4da9249b63bad06689b,APPROVED,2022-06-10 11:43:13.606000,2022-06-10 11:57:50.155000,876.549,34,7,0,100,2022-06-13 10:13:07.263000,91442ADD,United Kingdom,United Kingdom,Full-Time,English,English,United Kingdom,England,English,Male,No
62a32e5ffb7331f11ecc5113,5d012374106b92001ba0b24b,APPROVED,2022-06-10 11:43:31.213000,2022-06-10 12:04:41.670000,1270.457,54,503,6,97,2022-06-13 10:13:05.852000,91442ADD,United Kingdom,United Kingdom,"Not in paid work (e.g. homemaker', 'retired or disabled)",English,English,United Kingdom,Wales,English,Female,No
62a32e9c5770cfeab4ff8fd5,59526333fd03ae00011b19e9,APPROVED,2022-06-10 11:44:31.582000,2022-06-10 11:57:57.668000,806.086,35,436,5,99,2022-06-13 10:13:04.900000,91442ADD,United Kingdom,United Kingdom,Part-Time,English,English,United Kingdom,England,English,Female,No
62a70defc3c90d282611dc4a,598ac35ad3262c00016674db,APPROVED,2022-06-13 10:14:13.945000,2022-06-13 10:26:57.973000,764.028,57,318,3,99,2022-06-13 12:48:51.832000,91442ADD,United Kingdom,United Kingdom,DATA EXPIRED,English,English,United Kingdom,England,English,Female,DATA EXPIRED
