"session_id","participant_id","status","started_datetime","completed_date_time","time_taken","age","num_approvals","num_rejections","prolific_score","reviewed_at_datetime","entered_code","Country of Birth","Current Country of Residence","Employment Status","First Language","Fluent languages","Nationality","Nationality (UK)","Primary Language","Sex","Student Status"
"62b728a8541cd8e9461a9862","5f973a30ff83410e76a91c16","REJECTED","2022-06-25 15:24:24.081000","2022-06-25 15:41:54.340000","1050.259","29","120","2","99","2022-06-28 19:26:50.346000","91442ADD","United Kingdom","United Kingdom","Full-Time","English","English","United Kingdom","Scotland","English","Female","No"
"62b72c61b9e19fa6d9257406","5fc4c0f61de4be951356ef9b","APPROVED","2022-06-25 15:40:19.262000","2022-06-25 15:51:34.770000","675.508","19","495","0","100","2022-06-28 19:29:05.399000","91442ADD","United Kingdom","United Kingdom","Unemployed (and job seeking)","English","English","United Kingdom","England","English","Male","No"
"62b72cb8177c8e27f2f14a94","6025b64f6cc5b61b12738d60","APPROVED","2022-06-25 15:41:46.526000","2022-06-25 16:00:15.490000","1108.964","38","274","0","100","2022-06-28 19:29:05.015000","91442ADD","United Kingdom","United Kingdom","Full-Time","English","English","United Kingdom","England","English","Female","No"
"62b72d74108fe14332704671","5ca35f23219293001653e971","APPROVED","2022-06-25 15:44:56.207000","2022-06-25 15:57:33.382000","757.175","56","811","10","98","2022-06-28 19:29:03.584000","91442ADD","United Kingdom","United Kingdom","Part-Time","English","English","United Kingdom","England","English","Female","No"
"62b72e59f1853a03e26ead99","6075cf6a32bc258a1bb6eac8","APPROVED","2022-06-25 15:48:44.835000","2022-06-25 16:02:37.071000","832.236","45","340","0","100","2022-06-28 19:29:03.877000","91442ADD","United Kingdom","United Kingdom","Full-Time","English","English","United Kingdom","England","English","Female","No"
"62b72ee2ecd22dab5c34150e","6234c92505f5da87dc18f828@email.prolific.co","APPROVED","2022-06-25 15:51:04.232000","2022-06-25 16:02:44.478000","700.246","52","140","1","100","2022-06-28 19:29:02.598000","91442ADD","United Kingdom","United Kingdom","Part-Time","English","English","United Kingdom","England","English","Female","No"
"62b72f8623daea76f258ca5a","5eadc384e00264461f74d7c8","APPROVED","2022-06-25 15:53:45.907000","2022-06-25 16:10:29.924000","1004.017","48","811","2","100","2022-06-28 19:29:01.592000","91442ADD","United Kingdom","United Kingdom","Full-Time","English","English","United Kingdom","England","English","Female","DATA EXPIRED"
"62b72f90738526b1e7257406","5beab62b2bb2960001c9b288","APPROVED","2022-06-25 15:54:22.474000","2022-06-25 16:19:24.262000","1501.788","57","1307","5","99","2022-06-26 21:09:29.471000","91442ADD","United Kingdom","United Kingdom","Not in paid work (e.g. homemaker', 'retired or disabled)","English","English","United Kingdom","Scotland","English","Male","No"
"62b72fa3a33f3d874534150a","5e2f291e81f6df4e781294ed","APPROVED","2022-06-25 15:54:23.629000","2022-06-25 16:03:13.020000","529.391","20","169","0","100","2022-06-28 19:28:59.226000","91442ADD","United Kingdom","United Kingdom","Other","English","English","United Kingdom","England","English","Female","Yes"
"62b72fbc41b2fb65d66ead87","5f8ea9364cec4802021bd171","APPROVED","2022-06-25 15:54:39.375000","2022-06-25 16:03:07.860000","508.485","31","488","8","96","2022-06-28 19:28:58.336000","91442ADD","United Kingdom","United Kingdom","Part-Time","English","English","United Kingdom","England","English","Female","No"
"62bb577a2be19f9161101e4d","609d952e0aeb66af769d89cb","APPROVED","2022-06-28 19:33:52.186000","2022-06-28 19:52:45.185000","1132.999","20","399","0","100","2022-06-28 20:00:25.065000","91442ADD","United Kingdom","United Kingdom","Full-Time","English","English","United Kingdom","England","English","Female","Yes"