session_id,participant_id,status,started_datetime,completed_date_time,time_taken,age,num_approvals,num_rejections,prolific_score,reviewed_at_datetime,entered_code,Country of Birth,Current Country of Residence,Employment Status,First Language,Fluent languages,Nationality,Nationality (UK),Primary Language,Sex,Student Status
62b72906fbdae8f187dffc76,5df6deb85cc3804b5b1eb8f7,APPROVED,2022-06-25 15:27:41.458000,2022-06-25 15:43:19.105000,937.647,26,541,1,100,2022-06-28 09:54:20.035000,91442ADD,United Kingdom,United Kingdom,DATA EXPIRED,English,English,United Kingdom,England,English,Male,No
62b72a785a1b29ed3ca39e74,5fc95de1cdee3944d33d6eb1,APPROVED,2022-06-25 15:32:11.398000,2022-06-25 15:44:19.699000,728.301,37,371,6,98,2022-06-28 09:54:19.379000,91442ADD,United Kingdom,United Kingdom,Part-Time,English,English,United Kingdom,England,English,Female,No
62b72bd567f2267a94d922f2,5a6879cdc0d8360001081410,APPROVED,2022-06-25 15:38:03.035000,2022-06-25 16:26:12.306000,2889.271,76,378,3,100,2022-06-28 09:54:17.207000,91442ADD,United Kingdom,United Kingdom,"Not in paid work (e.g. homemaker', 'retired or disabled)",English,English,United Kingdom,England,English,Female,No
62b72bd6f754332a63d8bdd4,5dc3224ff3795b23e5ec7c65,APPROVED,2022-06-25 15:38:01.146000,2022-06-25 15:49:45.914000,704.768,29,1100,1,100,2022-06-28 09:54:18.653000,91442ADD,United Kingdom,United Kingdom,Full-Time,English,English,United Kingdom,England,English,Male,No
62b72c1c9a602a137ec09291,5f088353b8a5fc0a5c0f9fac,APPROVED,2022-06-25 15:39:10.765000,2022-06-25 15:55:43.127000,992.362,23,465,0,100,2022-06-28 09:54:16.709000,91442ADD,United Kingdom,United Kingdom,Unemployed (and job seeking),English,English,United Kingdom,England,English,Male,No
62b72c22672c864c671ffd12,5ec28a6332a7510637436a57,APPROVED,2022-06-25 15:39:22.938000,2022-06-25 15:51:56.085000,753.147,46,231,2,100,2022-06-28 09:54:16.069000,91442ADD,United Kingdom,United Kingdom,Part-Time,English,English,United Kingdom,England,English,Female,No
62b72c72672c864c671ffd15,6083e4575dc56d8ed869d70f,APPROVED,2022-06-25 15:40:36.707000,2022-06-25 15:47:44.137000,427.43,20,420,1,100,2022-06-28 09:54:15.178000,91442ADD,United Kingdom,United Kingdom,Due to start a new job within the next month,English,English,United Kingdom,England,English,Male,Yes
62b72c8019ded834359b90f9,627e79e832735d7aaa0b4684,APPROVED,2022-06-25 15:40:51.410000,2022-06-25 15:46:41.374000,349.964,30,54,0,100,2022-06-28 09:54:14.514000,91442ADD,United Kingdom,United Kingdom,"Not in paid work (e.g. homemaker', 'retired or disabled)",English,English,United Kingdom,England,English,Female,No
62b72c980450d51813fa46e5,5d1e7bb7de0c2b000198d2ab,APPROVED,2022-06-25 15:41:16.352000,2022-06-25 15:57:15.103000,958.751,51,294,0,100,2022-06-28 09:54:13.873000,91442ADD,United Kingdom,United Kingdom,Other,English,English,United Kingdom,England,English,Male,No
62b72c989a9c168d443fc240,5ea0640d5e69f001859b6e45,RETURNED,2022-06-25 15:41:16.983000,,238408.978466,58,339,4,99,,,CONSENT REVOKED,CONSENT REVOKED,CONSENT REVOKED,CONSENT REVOKED,CONSENT REVOKED,CONSENT REVOKED,CONSENT REVOKED,CONSENT REVOKED,CONSENT REVOKED,CONSENT REVOKED
62b72dfff2b652b20d471544,59a05bb44d25e800012fcab6,APPROVED,2022-06-25 15:47:14.282000,2022-06-25 15:59:22.213000,727.931,63,1130,13,98,2022-06-28 09:54:12.712000,91442ADD,United Kingdom,United Kingdom,"Not in paid work (e.g. homemaker', 'retired or disabled)",English,English,United Kingdom,England,English,Female,No
