session_id,participant_id,status,started_datetime,completed_date_time,time_taken,age,num_approvals,num_rejections,prolific_score,reviewed_at_datetime,entered_code,Country of Birth,Current Country of Residence,Employment Status,First Language,Fluent languages,Nationality,Nationality (UK),Primary Language,Sex,Student Status
62b72554ab1cdaf88c58ca54,5c0950fa600aff0001d7049f,APPROVED,2022-06-25 15:10:16.184000,2022-06-25 15:20:42.917000,626.733,37,489,2,100,2022-06-25 17:43:58.802000,91442ADD,United Kingdom,United Kingdom,Part-Time,English,English,United Kingdom,England,English,Female,No
62b727b579ee16667e4f68c3,62b2f74cf3794e252cc7d1a7,RETURNED,2022-06-25 15:20:23.769000,2022-06-25 15:21:06.684000,42.915,20,6,1,96,,NOCODE,CONSENT REVOKED,CONSENT REVOKED,CONSENT REVOKED,CONSENT REVOKED,CONSENT REVOKED,CONSENT REVOKED,CONSENT REVOKED,CONSENT REVOKED,CONSENT REVOKED,CONSENT REVOKED
62b728ece6b3f6da44f6cc7c,6083e4575dc56d8ed869d70f,APPROVED,2022-06-25 15:25:33.585000,2022-06-25 15:32:51.586000,438.001,20,417,1,100,2022-06-25 17:43:57.369000,91442ADD,United Kingdom,United Kingdom,Due to start a new job within the next month,English,English,United Kingdom,England,English,Male,Yes
62b7293673c6f39f0e98f5c4,5e6a923f59a3bd04d5edc606,APPROVED,2022-06-25 15:26:51.305000,2022-06-25 15:35:23.822000,512.517,34,646,1,100,2022-06-25 17:43:56.056000,91442ADD,United Kingdom,United Kingdom,"Not in paid work (e.g. homemaker', 'retired or disabled)",English,"Dutch, English",United Kingdom,England,"English, Dutch",Female,No
62b72937073a5ea3ebba2741,6294b77f8782497d0f35bd25,RETURNED,2022-06-25 15:26:50.575000,,102071.799368,46,43,0,100,,,CONSENT REVOKED,CONSENT REVOKED,CONSENT REVOKED,CONSENT REVOKED,CONSENT REVOKED,CONSENT REVOKED,CONSENT REVOKED,CONSENT REVOKED,CONSENT REVOKED,CONSENT REVOKED
62b7295dbd3e9c61673fc263,5aeb5aba7ed5460001572dad,APPROVED,2022-06-25 15:28:08.988000,2022-06-25 15:40:01.294000,712.306,28,89,1,100,2022-06-25 17:43:46.544000,91442ADD,United Kingdom,United Kingdom,Full-Time,English,English,United Kingdom,Scotland,English,Female,No
62b72979f2e7f5e34aeb05b0,5e41db9df2f6bc0781878555,APPROVED,2022-06-25 15:27:56.071000,2022-06-25 15:42:33.338000,877.267,21,41,0,100,2022-06-25 17:43:54.735000,91442ADD,United Kingdom,United Kingdom,Part-Time,English,"English, Scots",United Kingdom,Scotland,English,Female,Yes
62b7298d1c87177cc134150c,627e79e832735d7aaa0b4684,APPROVED,2022-06-25 15:28:16.966000,2022-06-25 15:34:24.437000,367.471,30,51,0,100,2022-06-25 17:43:44.730000,91442ADD,United Kingdom,United Kingdom,"Not in paid work (e.g. homemaker', 'retired or disabled)",English,English,United Kingdom,England,English,Female,No
62b72990fc05a4b387516ad7,5800eb53beccf8000100cb06,APPROVED,2022-06-25 15:28:16.093000,2022-06-25 15:44:19.030000,962.937,49,899,7,99,2022-06-25 17:43:45.687000,91442ADD,United Kingdom,United Kingdom,"Not in paid work (e.g. homemaker', 'retired or disabled)",English,"English, Spanish, Portuguese",United Kingdom,Scotland,English,Male,No
62b7299bbec0f37ae5784cf7,5cd6c6fd987ddd00187b79fd,APPROVED,2022-06-25 15:28:27.888000,2022-06-25 15:36:25.980000,478.092,28,1099,1,100,2022-06-25 17:43:44.110000,91442ADD,United Kingdom,United Kingdom,Full-Time,English,English,United Kingdom,England,English,Male,No
62b729a1b4c33d1c399e339e,613a7f00971ae32baca75813,REJECTED,2022-06-25 15:28:36.857000,2022-06-25 15:43:16.414000,879.557,41,125,1,100,2022-06-25 17:43:16.904000,91442ADD,United Kingdom,United Kingdom,Full-Time,English,English,United Kingdom,England,English,Female,No
62b729b26129ed9ba42573f7,615875cd00a23fb41e865fc0,APPROVED,2022-06-25 15:29:44.076000,2022-06-25 15:41:47.784000,723.708,52,317,4,98,2022-06-25 17:43:42.053000,91442ADD,United Kingdom,United Kingdom,Part-Time,English,English,United Kingdom,England,English,Female,No
62b7498cbbd0e658b62573fc,5a90460d1eda41000135f918,TIMED-OUT,2022-06-25 17:45:10.279000,,93772.261877,37,544,2,100,,,United Kingdom,United Kingdom,Part-Time,English,English,United Kingdom,England,English,Female,No
62b75b383082a80002f5c5a7,594abd98215cbd000146debc,APPROVED,2022-06-25 19:00:08.456000,2022-06-25 19:32:37.841000,1949.385,53,2226,4,100,2022-06-26 19:47:37.664000,91442ADD,United Kingdom,United Kingdom,DATA EXPIRED,English,English,United Kingdom,Scotland,English,Female,No
