session_id,participant_id,status,started_datetime,completed_date_time,time_taken,age,num_approvals,num_rejections,prolific_score,reviewed_at_datetime,entered_code,Country of Birth,Current Country of Residence,Employment Status,First Language,Fluent languages,Nationality,Nationality (UK),Primary Language,Sex,Student Status
62b72a2c2bba99b4a05f2a5f,5d3869444a0f0500198dc192,RETURNED,2022-06-25 15:40:23.750000,,152280.083549,31,571,2,100,,,CONSENT REVOKED,CONSENT REVOKED,CONSENT REVOKED,CONSENT REVOKED,CONSENT REVOKED,CONSENT REVOKED,CONSENT REVOKED,CONSENT REVOKED,CONSENT REVOKED,CONSENT REVOKED
62b72ae0be7ad32a5a98f5cb,5c69aa58a70f0f0001606d01,REJECTED,2022-06-25 15:33:56.463000,2022-06-25 15:47:07.186000,790.723,50,286,3,99,2022-06-26 20:25:25.772000,91442ADD,United Kingdom,United Kingdom,Full-Time,English,English,United Kingdom,England,English,Female,No
62b72b0e81096fd027ed0652,5c0950fa600aff0001d7049f,APPROVED,2022-06-25 15:34:40.549000,2022-06-25 15:42:51.721000,491.172,37,490,2,100,2022-06-26 20:26:53.364000,91442ADD,United Kingdom,United Kingdom,Part-Time,English,English,United Kingdom,England,English,Female,No
62b72b2ff34c932104fcc52a,5bb72c8d924d9300019e587f,APPROVED,2022-06-25 15:35:16.432000,2022-06-25 15:47:42.556000,746.124,59,426,1,100,2022-06-26 20:26:53.281000,91442ADD,United Kingdom,United Kingdom,Full-Time,English,English,United Kingdom,England,English,Male,No
62b72b370450d51813fa46ca,60705ec072fce615131f89aa,APPROVED,2022-06-25 15:35:24.241000,2022-06-25 15:46:06.363000,642.122,41,156,2,100,2022-06-26 20:26:52.178000,91442ADD,United Kingdom,United Kingdom,Full-Time,English,English,United Kingdom,Scotland,English,Male,No
62b72b5073c6f39f0e98f5e0,5a89afc90f1bce00012242d8,APPROVED,2022-06-25 15:36:08.204000,2022-06-25 15:48:40.026000,751.822,41,842,4,100,2022-06-26 20:26:51.576000,91442ADD,United Kingdom,United Kingdom,Full-Time,English,English,United Kingdom,England,English,Female,Yes
62b72b76cacdf2b3d34f68da,62a8a76479ed71dc8fab6088,APPROVED,2022-06-25 15:36:25.791000,2022-06-25 15:49:30.388000,784.597,42,9,0,100,2022-06-26 20:26:50.715000,91442ADD,United Kingdom,United Kingdom,Full-Time,English,English,United Kingdom,England,English,Female,No
62b72b776a99e88aa3471548,60d49fffba229b26fbb8e0e2,APPROVED,2022-06-25 15:36:26.224000,2022-06-25 15:45:43.775000,557.551,19,126,2,99,2022-06-26 20:26:49.935000,91442ADD,United Kingdom,United Kingdom,Part-Time,English,"Gaelic, English",United Kingdom,Scotland,English,Female,No
62b72b83573120723fba272a,5c5b29035e09ea0001552e37,APPROVED,2022-06-25 15:36:43.231000,2022-06-25 15:55:46.437000,1143.206,70,458,6,98,2022-06-26 20:26:48.303000,91442ADD,United Kingdom,United Kingdom,"Not in paid work (e.g. homemaker', 'retired or disabled)",English,English,United Kingdom,England,English,Female,No
62b72b86875957a2a5c579bd,609bea211aa125abbb0c65e1,APPROVED,2022-06-25 15:36:42.721000,2022-06-25 15:56:47.208000,1204.487,59,262,3,99,2022-06-26 20:26:49.364000,91442ADD,United Kingdom,United Kingdom,Full-Time,English,English,United Kingdom,England,English,Female,No
62b72d0288ffe14e70f6cc70,5c93ccad08c71e0015ad2f0a,APPROVED,2022-06-25 15:43:04.528000,2022-06-25 15:56:42.890000,818.362,59,532,4,100,2022-06-26 20:26:45.181000,91442ADD,United Kingdom,United Kingdom,Full-Time,English,English,United Kingdom,England,English,Female,No
62b8c2dbf8f38d73fe3fc23e,55d7805c69dbc30012b67f32,REJECTED,2022-06-26 20:34:46.043000,2022-06-26 20:49:38.605000,892.562,63,1484,10,99,2022-06-26 21:00:23.350000,91442ADD,United Kingdom,United Kingdom,Part-Time,English,English,United Kingdom,England,English,Female,No
62b8c908e7d43e3fecba2725,5bb0ec06de6f510001012819,RETURNED,2022-06-26 21:00:59.746000,,46644.537967,24,233,3,99,,,CONSENT REVOKED,CONSENT REVOKED,CONSENT REVOKED,CONSENT REVOKED,CONSENT REVOKED,CONSENT REVOKED,CONSENT REVOKED,CONSENT REVOKED,CONSENT REVOKED,CONSENT REVOKED
62b8c952f4439b48679e339b,57eee744e62704000199d5ec,RETURNED,2022-06-26 21:02:14.052000,,46570.252174,48,536,12,97,,,CONSENT REVOKED,CONSENT REVOKED,CONSENT REVOKED,CONSENT REVOKED,CONSENT REVOKED,CONSENT REVOKED,CONSENT REVOKED,CONSENT REVOKED,CONSENT REVOKED,CONSENT REVOKED
62b8ca29ba390c6dff80c288,561b942e811d22000af314b4,APPROVED,2022-06-26 21:05:50.401000,2022-06-26 21:25:13.108000,1162.707,32,53,0,100,2022-06-27 09:57:38.107000,91442ADD,United Kingdom,United Kingdom,Part-Time,English,English,United Kingdom,England,English,Female,No
