session_id,participant_id,status,started_datetime,completed_date_time,time_taken,age,num_approvals,num_rejections,prolific_score,reviewed_at_datetime,entered_code,Country of Birth,Current Country of Residence,Employment Status,First Language,Fluent languages,Nationality,Nationality (UK),Primary Language,Sex,Student Status
62ab0291e3550fd467ab71b3,62aa505b26242275dbd489c3,APPROVED,2022-06-16 10:14:48.017000,2022-06-16 10:28:17.088000,809.071,23,5,0,100,2022-06-23 17:12:07.425000,91442ADD,United Kingdom,United Kingdom,Other,English,English,United Kingdom,England,English,Male,Yes
62ab02979e6b7fa0d8358e00,622df5d6cc0f95ff380d5750,APPROVED,2022-06-16 10:14:59.294000,2022-06-16 10:34:06.035000,1146.741,62,64,2,98,2022-06-23 17:12:07.801000,91442ADD,United Kingdom,United Kingdom,"Not in paid work (e.g. homemaker', 'retired or disabled)",English,English,United Kingdom,England,English,Female,No
62ab03f616b7d44ec042bab7,5f53a673a2278108cc3fdc60,RETURNED,2022-06-16 10:20:41.503000,,629490.929374,50,593,2,100,,,CONSENT REVOKED,CONSENT REVOKED,CONSENT REVOKED,CONSENT REVOKED,CONSENT REVOKED,CONSENT REVOKED,CONSENT REVOKED,CONSENT REVOKED,CONSENT REVOKED,CONSENT REVOKED
62ab040a45da21eb109b7e2a,5a59c1dfeedc32000142835a,RETURNED,2022-06-16 10:21:14.199000,,629458.258309,53,670,8,98,,,CONSENT REVOKED,CONSENT REVOKED,CONSENT REVOKED,CONSENT REVOKED,CONSENT REVOKED,CONSENT REVOKED,CONSENT REVOKED,CONSENT REVOKED,CONSENT REVOKED,CONSENT REVOKED
62ab043d4c9dd9dea1e20c27,60d42bb2a94bb76934476fd1,RETURNED,2022-06-16 10:21:55.033000,,629417.441088,19,88,2,98,,,CONSENT REVOKED,CONSENT REVOKED,CONSENT REVOKED,CONSENT REVOKED,CONSENT REVOKED,CONSENT REVOKED,CONSENT REVOKED,CONSENT REVOKED,CONSENT REVOKED,CONSENT REVOKED
62ab04bf49baeef607bb14bb,60ddac198fff815a0e7c4e0e,RETURNED,2022-06-16 10:24:02.688000,,629289.818245,20,309,0,100,,,CONSENT REVOKED,CONSENT REVOKED,CONSENT REVOKED,CONSENT REVOKED,CONSENT REVOKED,CONSENT REVOKED,CONSENT REVOKED,CONSENT REVOKED,CONSENT REVOKED,CONSENT REVOKED
62ab04cc55870f507a015a38,615ded1a0b5ad33384c0326e,APPROVED,2022-06-16 10:24:16.441000,2022-06-16 10:39:40.983000,924.542,37,170,2,99,2022-06-23 17:12:05.074000,91442ADD,United Kingdom,United Kingdom,Part-Time,English,English,United Kingdom,England,English,Female,No
62ab04e37fc764358c6a0f65,5be0662dea836b0001e9870f,APPROVED,2022-06-16 10:24:47.084000,2022-06-16 10:42:18.031000,1050.947,43,1000,2,100,2022-06-23 17:12:03.902000,91442ADD,United Kingdom,United Kingdom,"Not in paid work (e.g. homemaker', 'retired or disabled)",English,English,United Kingdom,England,English,Female,No
62ab052a4296b0fa60124786,59269aac7724de000109190f,APPROVED,2022-06-16 10:25:49.749000,2022-06-16 10:34:15.577000,505.828,31,927,7,99,2022-06-23 17:12:03.578000,91442ADD,United Kingdom,United Kingdom,"Not in paid work (e.g. homemaker', 'retired or disabled)",English,English,United Kingdom,England,English,Female,No
62ab0568788b4d151595dc28,5ed12a5eec9433042524d6ee,APPROVED,2022-06-16 10:26:54.597000,2022-06-16 10:36:22.015000,567.418,44,219,0,100,2022-06-23 17:12:02.380000,91442ADD,United Kingdom,Spain,Full-Time,English,"Spanish, English",United Kingdom,England,English,Female,No
62ab056c9118f38a7b480990,591ae79648e91b00014bcdbb,APPROVED,2022-06-16 10:26:55.654000,2022-06-16 10:32:53.781000,358.127,31,405,7,97,2022-06-23 17:12:01.354000,91442ADD,United Kingdom,United Kingdom,Part-Time,English,English,United Kingdom,England,English,Female,Yes
62ab05d56b4172e1cffbecd0,5f7f93d23baaf8161cd10edd,APPROVED,2022-06-16 10:28:37.360000,2022-06-16 10:40:29.049000,711.689,23,443,2,100,2022-06-23 17:12:00.801000,91442ADD,United Kingdom,Poland,Full-Time,English,"English, German, Dutch, Norwegian",United Kingdom,England,"English, Polish",Male,Yes
62ab05db950a929f3f6dfdcb,5e8564ad2c33ae156b696c95,APPROVED,2022-06-16 10:28:46.679000,2022-06-16 10:42:30.120000,823.441,30,211,0,100,2022-06-23 17:11:59.879000,91442ADD,United Kingdom,United Kingdom,DATA EXPIRED,English,English,United Kingdom,England,English,Male,No
62ab074e565360f10edc5560,60e0a88df1b74e4422a4910e,APPROVED,2022-06-16 10:35:02.050000,2022-06-16 10:45:20.263000,618.213,27,94,2,99,2022-06-23 17:11:59.161000,91442ADD,United Kingdom,United Kingdom,Unemployed (and job seeking),English,English,United Kingdom,England,English,Female,No
