session_id,participant_id,status,started_datetime,completed_date_time,time_taken,age,num_approvals,num_rejections,prolific_score,reviewed_at_datetime,entered_code,Country of Birth,Current Country of Residence,Employment Status,First Language,Fluent languages,Nationality,Nationality (UK),Primary Language,Sex,Student Status
62a32bc1f937c4bc6cb9238a,5f2ae0278a626e3f58647be5,APPROVED,2022-06-10 11:32:24.048000,2022-06-10 11:49:32.564000,1028.516,28,37,0,100,2022-06-10 12:02:52.268000,91442ADD,United Kingdom,United Kingdom,Part-Time,English,English,United Kingdom,England,English,Female,No
62a32c0192d15701815c2994,616afbc8492bc24f909b4434,APPROVED,2022-06-10 11:33:29.741000,2022-06-10 11:44:25.377000,655.636,26,120,1,99,2022-06-10 12:02:51.580000,91442ADD,United Kingdom,United Kingdom,"Not in paid work (e.g. homemaker', 'retired or disabled)",English,English,United Kingdom,England,English,Female,No
62a32ca0c11859f6c3b1bd38,5c54464a7f5e0c000143dfc4,APPROVED,2022-06-10 11:36:04.429000,2022-06-10 11:51:24.383000,919.954,49,173,1,100,2022-06-10 12:02:50.622000,91442ADD,United Kingdom,United Kingdom,DATA EXPIRED,English,English,United Kingdom,England,English,Female,DATA EXPIRED
62a32cc16b3824f64b4349b7,6022caa67bff04090d2f2d06,APPROVED,2022-06-10 11:36:33.906000,2022-06-10 11:49:47.244000,793.338,57,471,2,100,2022-06-10 12:02:49.521000,91442ADD,United Kingdom,United Kingdom,Part-Time,English,English,United Kingdom,Scotland,English,Female,No
62a32cefcfce30793086fa38,5f07fa8eb11b0f44a40cf0a3,APPROVED,2022-06-10 11:37:46.924000,2022-06-10 11:46:22.186000,515.262,66,281,3,99,2022-06-10 12:02:46.673000,91442ADD,United Kingdom,Greece,"Not in paid work (e.g. homemaker', 'retired or disabled)",English,English,United Kingdom,England,English,Male,No
62a32cf579d5480bfb07c3bc,5bbe3c5cee6586000142be43,RETURNED,2022-06-10 11:37:25.330000,,1790.813382,29,330,1,100,,,CONSENT REVOKED,CONSENT REVOKED,CONSENT REVOKED,CONSENT REVOKED,CONSENT REVOKED,CONSENT REVOKED,CONSENT REVOKED,CONSENT REVOKED,CONSENT REVOKED,CONSENT REVOKED
62a32cfaf937c4bc6cb9239a,57ce950be3221e00010e6120,APPROVED,2022-06-10 11:38:17.471000,2022-06-10 11:48:31.608000,614.137,34,87,1,100,2022-06-10 12:02:43.647000,91442ADD,United Kingdom,United Kingdom,Part-Time,English,English,United Kingdom,Wales,English,Female,Yes
62a32d08a14fef0bf24009a6,5b7c4d7d8c721a00015d2bea,APPROVED,2022-06-10 11:37:44.971000,2022-06-10 11:59:09.823000,1284.852,62,663,0,100,2022-06-10 12:02:47.041000,91442ADD,United Kingdom,United Kingdom,"Not in paid work (e.g. homemaker', 'retired or disabled)",English,English,United Kingdom,England,English,Male,No
62a32d0df2488ff3f374383f,5a3681bf9f2e74000138022e,APPROVED,2022-06-10 11:37:52.586000,2022-06-10 11:59:01.032000,1268.446,38,492,11,97,2022-06-10 12:02:44.879000,91442ADD,United Kingdom,United Kingdom,"Not in paid work (e.g. homemaker', 'retired or disabled)",English,English,United Kingdom,England,English,Female,No
62a32d20841240ad46dc043f,5b4f26873d01bd0001ec8088,RETURNED,2022-06-10 11:38:12.992000,,1743.266889,46,202,3,97,,,CONSENT REVOKED,CONSENT REVOKED,CONSENT REVOKED,CONSENT REVOKED,CONSENT REVOKED,CONSENT REVOKED,CONSENT REVOKED,CONSENT REVOKED,CONSENT REVOKED,CONSENT REVOKED
62a32d6f5c4cf9845358fc8d,623490be391d9f93ebea0a61,APPROVED,2022-06-10 11:39:42.172000,2022-06-10 11:46:41.842000,419.67,45,123,0,100,2022-06-10 12:02:42.532000,91442ADD,United Kingdom,United Kingdom,Full-Time,English,English,United Kingdom,England,English,Female,No
62a32d8f8d344d002389763d,5dc8dff727a26762edc4c858,APPROVED,2022-06-10 11:40:04.546000,2022-06-10 11:48:16.683000,492.137,34,92,0,100,2022-06-10 12:02:41.176000,91442ADD,United Kingdom,United Kingdom,Other,English,English,United Kingdom,Scotland,English,Female,DATA EXPIRED
