"session_id","participant_id","status","started_datetime","completed_date_time","time_taken","age","num_approvals","num_rejections","prolific_score","reviewed_at_datetime","entered_code","Country of Birth","Current Country of Residence","Employment Status","First Language","Fluent languages","Nationality","Nationality (UK)","Primary Language","Sex","Student Status"
"629f1b7a76d4f898dd6d0efe","5e64cb22b7d70b23933e7676","APPROVED","2022-06-07 09:33:56.445000","2022-06-07 09:56:47.022000","1370.577","57","314","1","100","2022-06-07 15:05:17.131000","91442ADD","United Kingdom","United Kingdom","Full-Time","English","English","United Kingdom","England","English","Female","No"
"629f1be960f6eae2c867e3a1","5fd7c24af6c81206248add88","RETURNED","2022-06-07 09:35:40.112000","","1815154.748323","38","221","1","100","","","CONSENT REVOKED","CONSENT REVOKED","CONSENT REVOKED","CONSENT REVOKED","CONSENT REVOKED","CONSENT REVOKED","CONSENT REVOKED","CONSENT REVOKED","CONSENT REVOKED","CONSENT REVOKED"
"629f1c2266612f2d9366f4bb","5cadb55b180b26000111530f","REJECTED","2022-06-07 09:36:37.783000","2022-06-07 09:49:25.863000","768.08","25","238","3","99","2022-06-07 15:03:39.012000","91442ADD","United Kingdom","United Kingdom","Full-Time","English","English","United Kingdom","England","English","Female","No"
"629f1c752a0c797cb572e758","615ddd76e242790b9c3215ca","APPROVED","2022-06-07 09:38:01.191000","2022-06-07 09:47:31.428000","570.237","35","211","2","99","2022-06-07 15:08:44.236000","91442ADD","United Kingdom","United Kingdom","Part-Time","English","English","United Kingdom","England","English","Female","No"
"629f1c754e27037fba11b77c","614f40be2fd4052c9f0990fe","APPROVED","2022-06-07 09:38:01.373000","2022-06-07 10:00:38.564000","1357.191","34","149","0","100","2022-06-07 15:08:29.057000","91442ADD","United Kingdom","United Kingdom","Other","English","English, French","United Kingdom","England","English","Female","No"
"629f1c8a9bc215a1321f9e07","6072c60712f88f017616ca75","APPROVED","2022-06-07 09:38:25.763000","2022-06-07 09:59:48.443000","1282.68","66","194","1","99","2022-06-07 15:08:06.929000","91442ADD","United Kingdom","United Kingdom","Part-Time","English","English","United Kingdom","England","English","Female","No"
"629f1cae7bf222cc84bc4457","5f8836a5fb70462a169fc0ac","RETURNED","2022-06-07 09:48:54.307000","","1814360.615694","26","332","5","99","","","CONSENT REVOKED","CONSENT REVOKED","CONSENT REVOKED","CONSENT REVOKED","CONSENT REVOKED","CONSENT REVOKED","CONSENT REVOKED","CONSENT REVOKED","CONSENT REVOKED","CONSENT REVOKED"
"629f1cd90db0a1aacd006a2c","5ef3bdbee9ae7a16241451c1","REJECTED","2022-06-07 09:39:48.223000","2022-06-07 09:53:55.528000","847.305","33","538","5","99","2022-06-07 15:06:04.764000","91442ADD","United Kingdom","United Kingdom","Full-Time","English","English","United Kingdom","England","English","Male","DATA EXPIRED"
"629f1cfa864843fdb08b137f","60dc87dbcf11f3474cc177f3","RETURNED","2022-06-07 09:40:30.813000","","1814864.135256","63","199","0","100","","","CONSENT REVOKED","CONSENT REVOKED","CONSENT REVOKED","CONSENT REVOKED","CONSENT REVOKED","CONSENT REVOKED","CONSENT REVOKED","CONSENT REVOKED","CONSENT REVOKED","CONSENT REVOKED"
"629f1d38de56c8802083ae7f","5ea0355ad8cdd9000a122a30","RETURNED","2022-06-07 09:41:15.503000","","1814819.457425","57","709","4","100","","","CONSENT REVOKED","CONSENT REVOKED","CONSENT REVOKED","CONSENT REVOKED","CONSENT REVOKED","CONSENT REVOKED","CONSENT REVOKED","CONSENT REVOKED","CONSENT REVOKED","CONSENT REVOKED"
"629f1d3b2739f04a0fba7432","5f2aa1f221e0b130418a9093","REJECTED","2022-06-07 09:41:22.488000","2022-06-07 09:54:24.546000","782.058","34","262","2","100","2022-06-07 15:07:21.126000","91442ADD","United Kingdom","United Kingdom","Part-Time","English","English","United Kingdom","England","English","Female","No"
"629f1d644f24d84eb3b03a88","6229f0ee59fdd4afa7df116d","REJECTED","2022-06-07 09:42:02.192000","2022-06-07 10:09:58.885000","1676.693","53","36","1","99","2022-06-07 15:09:09.920000","91442ADD","United Kingdom","United Kingdom","Full-Time","English","English","United Kingdom","England","English","Female","No"
"629f1e851e5bdc9e4d83aafb","5c56eb0e59095a0001bac969","APPROVED","2022-06-07 09:46:45.045000","2022-06-07 10:18:46.876000","1921.831","50","792","1","100","2022-06-07 15:02:43.292000","91442ADD","United Kingdom","United Kingdom","Not in paid work (e.g. homemaker', 'retired or disabled)","English","English","United Kingdom","England","English","Female","No"
"629f1eefc18c540ef23bf51c","61018dadbe79c7f799e9cddb","TIMED-OUT","2022-06-07 09:48:35.236000","","1814379.774026","26","161","0","100","","","United Kingdom","United Kingdom","Full-Time","English","English","United Kingdom","England","English","Female","No"
"629f2fb81370ed766dcc3179","hellsing","APPROVED","2022-06-07 11:00:17.453000","2022-06-07 11:10:36.907000","619.454","53","973","1","100","2022-06-14 13:35:16.100000","91442ADD","United Kingdom","United Kingdom","Unemployed (and job seeking)","English","French, English","United Kingdom","England","English","Male","No"
"629f6a02b50b53da376d08e2","5ec9313c4e028f4247cacaa8","APPROVED","2022-06-07 15:08:56.221000","2022-06-07 15:19:41.106000","644.885","23","290","1","100","2022-06-07 16:12:56.569000","91442ADD","United Kingdom","United Kingdom","Full-Time","English","English","United Kingdom","England","English","Female","No"
"629f6a51e907ef48ba57e195","5dfcec870db8929de9e5c158","APPROVED","2022-06-07 15:10:13.620000","2022-06-07 15:25:49.431000","935.811","28","52","2","96","2022-06-07 16:12:26.901000","91442ADD","United Kingdom","United Kingdom","Full-Time","English","English","United Kingdom","Scotland","English","Female","No"
"629f6b06a490d6156771b5de","608bb101c63691fab3e01f87","RETURNED","2022-06-07 15:13:13.538000","2022-06-07 15:27:29.771000","856.233","52","70","0","100","","91442ADD","CONSENT REVOKED","CONSENT REVOKED","CONSENT REVOKED","CONSENT REVOKED","CONSENT REVOKED","CONSENT REVOKED","CONSENT REVOKED","CONSENT REVOKED","CONSENT REVOKED","CONSENT REVOKED"
"629f6b58a383d039c8aaceeb","5f0545e40329ec83c8bd50cb","RETURNED","2022-06-07 15:14:35.248000","2022-06-07 15:29:39.850000","904.602","23","162","1","100","","91442ADD","CONSENT REVOKED","CONSENT REVOKED","CONSENT REVOKED","CONSENT REVOKED","CONSENT REVOKED","CONSENT REVOKED","CONSENT REVOKED","CONSENT REVOKED","CONSENT REVOKED","CONSENT REVOKED"
"62b8beb27f9b95e5c1f6cc5b","5b257364a7cee100011d8831","APPROVED","2022-06-26 20:16:54.638000","2022-06-26 20:27:38.932000","644.294","51","635","1","100","2022-06-26 20:31:45.225000","91442ADD","United Kingdom","United Kingdom","Other","English","English","United Kingdom","England","English","Male","No"
"62bacb98a141af4d28d04591","5c7fd0c8cfd4e30016991f5e","APPROVED","2022-06-28 09:36:27.498000","2022-06-28 09:43:23.210000","415.712","45","643","6","99","2022-06-28 09:47:49.311000","91442ADD","United Kingdom","United Kingdom","Part-Time","English","English","United Kingdom","England","English","Female","DATA EXPIRED"