session_id,participant_id,status,started_datetime,completed_date_time,time_taken,age,num_approvals,num_rejections,prolific_score,reviewed_at_datetime,entered_code,Country of Birth,Current Country of Residence,Employment Status,First Language,Fluent languages,Nationality,Nationality (UK),Primary Language,Sex,Student Status
62b72b0c603a441ce1f27ad6,614cb567e0c04279293aeed9,APPROVED,2022-06-25 15:34:52.684000,2022-06-25 15:46:33.401000,700.717,42,176,1,100,2022-06-28 15:22:14.740000,91442ADD,United Kingdom,United Kingdom,Full-Time,English,English,United Kingdom,England,English,Female,Yes
62b72c4d1945bdddfa47153a,61081159bf709b4ff3398093,APPROVED,2022-06-25 15:39:59.768000,2022-06-25 15:49:45.818000,586.05,20,116,1,99,2022-06-28 15:22:09.891000,91442ADD,United Kingdom,United Kingdom,Unemployed (and job seeking),English,English,United Kingdom,England,English,Female,Yes
62b72d4538fbebb76ff14a84,59d418c3b37d52000122ece0,APPROVED,2022-06-25 15:44:09.072000,2022-06-25 16:00:51.899000,1002.827,40,791,8,98,2022-06-28 15:22:09.534000,91442ADD,United Kingdom,United Kingdom,"Not in paid work (e.g. homemaker', 'retired or disabled)",English,English,United Kingdom,England,English,Female,No
62b72d788905c82276e691d5,5ea00067d330db1ac58c6163,RETURNED,2022-06-25 15:45:04.274000,,259282.381796,66,705,2,100,,,CONSENT REVOKED,CONSENT REVOKED,CONSENT REVOKED,CONSENT REVOKED,CONSENT REVOKED,CONSENT REVOKED,CONSENT REVOKED,CONSENT REVOKED,CONSENT REVOKED,CONSENT REVOKED
62b72db16070bea90780c28c,5f989d04ea2a0b1a62bfa524,RETURNED,2022-06-25 15:45:55.351000,,259231.325069,32,115,0,100,,,CONSENT REVOKED,CONSENT REVOKED,CONSENT REVOKED,CONSENT REVOKED,CONSENT REVOKED,CONSENT REVOKED,CONSENT REVOKED,CONSENT REVOKED,CONSENT REVOKED,CONSENT REVOKED
62b72df7dd673a2379c0927f,5e7f5cf737976e000850a4bb,APPROVED,2022-06-25 15:47:06.551000,2022-06-25 15:53:40.955000,394.404,47,840,7,99,2022-06-28 15:22:07.702000,91442ADD,United Kingdom,United Kingdom,Full-Time,English,English,United Kingdom,England,English,Male,No
62b72e1fac1cbb2290341521,5f4a33e6d0e4f9031cdc7428,APPROVED,2022-06-25 15:47:45.232000,2022-06-25 16:04:37.446000,1012.214,29,299,0,100,2022-06-28 15:22:04.363000,91442ADD,United Kingdom,Sweden,Full-Time,English,English,United Kingdom,England,English,Female,No
62b72eabb5542aa336ba2734,5e9ef64dd3afb4045beb611b,RETURNED,2022-06-25 15:50:15.215000,,258971.50474,25,290,1,100,,,CONSENT REVOKED,CONSENT REVOKED,CONSENT REVOKED,CONSENT REVOKED,CONSENT REVOKED,CONSENT REVOKED,CONSENT REVOKED,CONSENT REVOKED,CONSENT REVOKED,CONSENT REVOKED
62b72eae2671d51b4e9b90f5,62b1e62ceeb7b5456fa9f6e8,RETURNED,2022-06-25 15:51:02.692000,,258924.043019,56,10,1,97,,,CONSENT REVOKED,CONSENT REVOKED,CONSENT REVOKED,CONSENT REVOKED,CONSENT REVOKED,CONSENT REVOKED,CONSENT REVOKED,CONSENT REVOKED,CONSENT REVOKED,CONSENT REVOKED
62b72ebd1b839881b798f5de,5be06a1fd5686800011016a2,REJECTED,2022-06-25 15:50:25.286000,2022-06-25 15:56:56.902000,391.616,32,388,9,97,2022-06-28 15:20:18.236000,91442ADD,United Kingdom,United Kingdom,Full-Time,English,English,United Kingdom,England,"English, Punjabi",Male,No
62b72ec988f8f746dd4f68d2,5f0c7fb61fa6930c50a6a29b,APPROVED,2022-06-25 15:53:24.169000,2022-06-25 16:07:11.402000,827.233,55,897,13,97,2022-06-28 15:22:00.100000,91442ADD,United Kingdom,United Kingdom,Full-Time,English,English,United Kingdom,England,English,Male,No
62b72fa38df4236a81fa46b3,57698d52688a5c00018d958d,APPROVED,2022-06-25 15:54:11.220000,2022-06-25 16:10:37.735000,986.515,62,1761,16,99,2022-06-28 15:21:58.686000,91442ADD,United Kingdom,United Kingdom,Part-Time,English,English,United Kingdom,England,English,Female,No
62b7304101d8e61c5e9e3379,5a88a9efeea3d300016e8661,APPROVED,2022-06-25 15:56:52.008000,2022-06-25 16:14:59.022000,1087.014,32,698,7,99,2022-06-28 15:21:57.570000,91442ADD,United Kingdom,United Kingdom,Part-Time,English,English,United Kingdom,England,English,Female,No
62b7305322c4207b8b63c07d,604291e4c7cb5419f0cada14,APPROVED,2022-06-25 16:02:10.405000,2022-06-25 16:22:56.734000,1246.329,24,207,2,100,2022-06-28 15:22:17.727000,91442ADD,United Kingdom,United Kingdom,"Not in paid work (e.g. homemaker', 'retired or disabled)",English,English,United Kingdom,Scotland,English,Female,No
62bb1ded6665f1545108d7d2,5e6fabc4f3fe5202f1346543,APPROVED,2022-06-28 15:27:46.200000,2022-06-28 15:41:02.737000,796.537,44,831,7,99,2022-06-28 15:45:58.780000,91442ADD,United Kingdom,United Kingdom,Full-Time,English,English,United Kingdom,England,English,Male,No
