session_id,participant_id,status,started_datetime,completed_date_time,time_taken,age,num_approvals,num_rejections,prolific_score,reviewed_at_datetime,entered_code,Country of Birth,Current Country of Residence,Employment Status,First Language,Fluent languages,Nationality,Nationality (UK),Primary Language,Sex,Student Status
62aafd82740b3a53e8c56a0c,58f271e6c31d4d00015aa785,APPROVED,2022-06-16 09:53:12.614000,2022-06-16 10:13:54.795000,1242.181,30,325,4,99,2022-06-23 14:57:38.770000,91442ADD,United Kingdom,United Kingdom,Full-Time,English,English,United Kingdom,England,English,Female,No
62ab02413e0cfe80c2b87166,5810a2fa7d3e6d0001df294c,APPROVED,2022-06-16 10:13:35.544000,2022-06-16 10:26:38.928000,783.384,38,876,1,100,2022-06-23 14:57:37.993000,91442ADD,United Kingdom,United Kingdom,Full-Time,English,English,United Kingdom,England,English,Male,No
62ab02eb92479a023481af29,571a1295c97ad400123ab3bd,APPROVED,2022-06-16 10:16:25.963000,2022-06-16 10:30:56.889000,870.926,42,535,2,100,2022-06-23 14:57:37.030000,91442ADD,United Kingdom,United Kingdom,DATA EXPIRED,English,English,United Kingdom,England,English,Female,DATA EXPIRED
62ab02ed949e0ab173bfe634,59d3958ed552520001fe6dfc,APPROVED,2022-06-16 10:19:02.637000,2022-06-16 10:33:55.546000,892.909,41,629,4,99,2022-06-23 14:57:30.522000,91442ADD,United Kingdom,United Kingdom,Other,English,English,United Kingdom,England,English,Male,No
62ab0309a61adfa4028d69d8,612559b9c857f439e364c96d,APPROVED,2022-06-16 10:16:58.644000,2022-06-16 10:37:28.575000,1229.931,59,262,0,100,2022-06-23 14:57:35.042000,91442ADD,United Kingdom,United Kingdom,Part-Time,English,English,United Kingdom,England,English,Female,No
62ab0310a00dd137b4c40017,5c61b5da31489a0001fa81c5,APPROVED,2022-06-16 10:16:56.747000,2022-06-16 10:30:29.381000,812.634,57,1072,8,99,2022-06-23 14:57:35.884000,91442ADD,United Kingdom,United Kingdom,Other,English,English,United Kingdom,England,English,Female,No
62ab0311626bd3bbb343773b,5dc55126dd2b773d2aec4ced,APPROVED,2022-06-16 10:16:51.526000,2022-06-16 10:32:00.418000,908.892,28,613,5,99,2022-06-23 14:57:36.493000,91442ADD,United Kingdom,United Kingdom,"Not in paid work (e.g. homemaker', 'retired or disabled)",English,"English, Bengali",United Kingdom,England,"Bengali, English",Female,No
62ab031ecb3bafeda759c02b,5ef7cf0ecedc3d1009540a68,RETURNED,2022-06-16 10:17:18.561000,,621647.702977,24,449,0,100,,,CONSENT REVOKED,CONSENT REVOKED,CONSENT REVOKED,CONSENT REVOKED,CONSENT REVOKED,CONSENT REVOKED,CONSENT REVOKED,CONSENT REVOKED,CONSENT REVOKED,CONSENT REVOKED
62ab031f9525f812a5d6af71,5a2b023f0a95ab0001dc6928,APPROVED,2022-06-16 10:17:07.880000,2022-06-16 10:30:06.493000,778.613,44,490,5,98,2022-06-23 14:57:33.325000,91442ADD,United Kingdom,United Kingdom,Full-Time,English,English,United Kingdom,England,English,Female,No
62ab03243191ab371d6fd770,616730370609638f039e4b59,APPROVED,2022-06-16 10:17:34.328000,2022-06-16 10:32:34.505000,900.177,37,248,2,99,2022-06-23 14:57:32.334000,91442ADD,United Kingdom,United Kingdom,Part-Time,English,English,United Kingdom,England,English,Female,No
62ab056c163f195725befb6b,5efa4bdaca4722143101c0bc,APPROVED,2022-06-16 10:29:39.901000,2022-06-16 10:41:48.016000,728.115,48,709,6,99,2022-06-23 14:57:29.863000,91442ADD,United Kingdom,United Kingdom,Part-Time,English,English,United Kingdom,England,English,Female,No
