session_id,participant_id,status,started_datetime,completed_date_time,time_taken,age,num_approvals,num_rejections,prolific_score,reviewed_at_datetime,entered_code,Country of Birth,Current Country of Residence,Employment Status,First Language,Fluent languages,Nationality,Nationality (UK),Primary Language,Sex,Student Status
6256f033326ac7be85493aa7,58f501db575c01000180b65e,RETURNED,2022-04-13 15:45:55.459000,,19260.846528,44,897,6,99,,,CONSENT REVOKED,CONSENT REVOKED,CONSENT REVOKED,CONSENT REVOKED,CONSENT REVOKED,CONSENT REVOKED,CONSENT REVOKED,CONSENT REVOKED,CONSENT REVOKED,CONSENT REVOKED
6256f06355d4122ce8c82a1e,617024b44fdf415d1611a9ea,APPROVED,2022-04-13 15:46:47.446000,2022-04-13 16:12:29.092000,1541.646,41,46,0,100,2022-04-13 17:34:53.733000,NOCODE,United Kingdom,United Kingdom,"Not in paid work (e.g. homemaker', 'retired or disabled)",English,English,United Kingdom,England,English,Female,No
6256f0b1ba0f315aaefa94b5,5caf3e5b8648a80001190091,APPROVED,2022-04-13 15:48:04.312000,2022-04-13 15:59:58.187000,713.875,41,512,7,98,2022-04-13 17:34:52.744000,Nocode,United Kingdom,United Kingdom,Part-Time,English,English,United Kingdom,England,English,Female,No
6256f12817ed148e45868408,6014883e2654fb4e2ceeff05,APPROVED,2022-04-13 15:50:03.763000,2022-04-13 15:58:44.220000,520.457,19,145,1,100,2022-04-13 17:34:51.590000,NOCODE,United Kingdom,United Kingdom,Other,English,English,United Kingdom,England,English,Female,Yes
6256f180968d5dc0b4bcb64f,6133e4e3019f5f53a9f5eca0,APPROVED,2022-04-13 15:51:31.664000,2022-04-13 16:06:00.735000,869.071,32,221,1,100,2022-04-13 16:37:59.329000,NOCODE,United Kingdom,United Kingdom,Full-Time,English,English,United Kingdom,Scotland,English,Female,No
6256f1a159db096cab29fdd0,5f311268d61f1459361c6c06,APPROVED,2022-04-13 15:52:04.459000,2022-04-13 15:58:32.401000,387.942,31,153,1,100,2022-04-13 17:34:49.295000,NOCODE,United Kingdom,United Kingdom,Full-Time,English,English,United Kingdom,England,English,Female,No
6256f1dd28815d62307438a9,5f034e4e4e80ca2344b11ae1,APPROVED,2022-04-13 15:53:03.115000,2022-04-13 15:59:02.913000,359.798,21,314,7,95,2022-04-13 16:35:43.321000,nocode,United Kingdom,United Kingdom,Unemployed (and job seeking),English,"English, Urdu",United Kingdom,England,"English, Urdu",Male,Yes
6256f1e22fff0853768e70c1,5f1d3667ed2efa62bbcfe896,APPROVED,2022-04-13 15:53:06.457000,2022-04-13 16:21:57.349000,1730.892,31,343,0,100,2022-04-13 17:34:46.555000,NOCODE,United Kingdom,United Kingdom,DATA EXPIRED,English,English,United Kingdom,England,English,Male,No
6256f2257438e22c6b9c533d,5b200564e1d14a0001f7008b,APPROVED,2022-04-13 15:54:17.799000,2022-04-13 16:06:38.824000,741.025,29,203,1,100,2022-04-13 17:34:45.327000,NOCODE,United Kingdom,United Kingdom,Full-Time,English,English,United Kingdom,England,English,Female,No
6256f23524ec43f84ba95d7f,59d68c3fe776fd00015ec519,APPROVED,2022-04-13 15:54:47.220000,2022-04-13 16:12:15.251000,1048.031,36,731,2,100,2022-04-13 17:34:41.337000,NOCODE,United Kingdom,United Kingdom,Unemployed (and job seeking),English,"English, French",United Kingdom,Scotland,English,Female,No
6256f23f6437615d25a12b81,5f0576c2b5b074000a8664cc,TIMED-OUT,2022-04-13 15:54:44.622000,,18731.848028,26,214,2,99,,,United Kingdom,United Kingdom,Full-Time,English,English,United Kingdom,England,English,Female,No
6257051c8580c5f69841bb9a,60aa79fa99f7d53701b02256,APPROVED,2022-04-13 17:15:18.964000,2022-04-13 17:32:57.513000,1058.549,26,308,4,99,2022-04-13 17:34:39.354000,NOCODE,United Kingdom,United Kingdom,"Not in paid work (e.g. homemaker', 'retired or disabled)",English,English,United Kingdom,England,English,Female,No
