session_id,participant_id,status,started_datetime,completed_date_time,time_taken,age,num_approvals,num_rejections,prolific_score,reviewed_at_datetime,entered_code,Country of Birth,Current Country of Residence,Employment Status,First Language,Fluent languages,Nationality,Nationality (UK),Primary Language,Sex,Student Status
62ab0259ca6bbbad99e0e812,5de572f21a7af84fc3cd0ca7,APPROVED,2022-06-16 10:13:47.634000,2022-06-16 10:22:27.108000,519.474,21,376,0,100,2022-06-23 16:58:39.002000,91442ADD,United Kingdom,United Kingdom,Full-Time,English,"English, Danish",United Kingdom,Scotland,English,Female,Yes
62ab0447a6850f5d5f860fa9,5c50b130d5172600019f156f,RETURNED,2022-06-16 10:22:02.959000,,628601.606153,51,544,1,100,,,CONSENT REVOKED,CONSENT REVOKED,CONSENT REVOKED,CONSENT REVOKED,CONSENT REVOKED,CONSENT REVOKED,CONSENT REVOKED,CONSENT REVOKED,CONSENT REVOKED,CONSENT REVOKED
62ab05649e3d774692cae8f6,60ce59806a88034d7e9456da,APPROVED,2022-06-16 10:26:52.498000,2022-06-16 10:47:31.447000,1238.949,21,222,2,100,2022-06-23 16:58:38.088000,91442ADD,United Kingdom,United Kingdom,DATA EXPIRED,English,English,United Kingdom,England,English,Male,DATA EXPIRED
62ab0575be1d22ae9980c47a,60a2b9d8fa2aa6187bcd9cce,APPROVED,2022-06-16 10:27:04.655000,2022-06-16 10:34:06.616000,421.961,31,265,5,97,2022-06-23 16:58:35.315000,91442ADD,United Kingdom,United Kingdom,Full-Time,English,English,United Kingdom,England,English,Female,No
62ab0575da01cee1fc67d3cf,6147733299655bdb3bd8ecec,APPROVED,2022-06-16 10:27:04.111000,2022-06-16 10:39:56.622000,772.511,31,446,1,100,2022-06-23 16:58:36.231000,91442ADD,United Kingdom,United Kingdom,Part-Time,English,English,United Kingdom,England,English,Female,No
62ab05834296b0fa60124789,6083bef2122452ac905adc01,APPROVED,2022-06-16 10:27:17.994000,2022-06-16 10:33:46.558000,388.564,32,223,1,100,2022-06-23 16:58:34.831000,91442ADD,United Kingdom,United Kingdom,Part-Time,English,English,United Kingdom,England,English,Female,Yes
62ab058716b9a6c619b13c17,62aaeff33bd7f922e4e5a567,RETURNED,2022-06-16 10:27:22.705000,,628281.923717,26,10,1,96,,,CONSENT REVOKED,CONSENT REVOKED,CONSENT REVOKED,CONSENT REVOKED,CONSENT REVOKED,CONSENT REVOKED,CONSENT REVOKED,CONSENT REVOKED,CONSENT REVOKED,CONSENT REVOKED
62ab058ca7124c1d81684860,58ff31a1d10e2b000108579e,APPROVED,2022-06-16 10:27:31.623000,2022-06-16 10:38:44.391000,672.768,54,68,0,100,2022-06-23 16:58:31.672000,91442ADD,United Kingdom,United Kingdom,"Not in paid work (e.g. homemaker', 'retired or disabled)",English,English,United Kingdom,England,English,Male,No
62ab0591445938a8a501c1a8,5a0416c8c259f30001765443,RETURNED,2022-06-16 10:27:37.774000,,628266.880934,53,608,2,100,,,CONSENT REVOKED,CONSENT REVOKED,CONSENT REVOKED,CONSENT REVOKED,CONSENT REVOKED,CONSENT REVOKED,CONSENT REVOKED,CONSENT REVOKED,CONSENT REVOKED,CONSENT REVOKED
62ab05ac19131fc998d2d918,5d923331f688d40018fa2465,RETURNED,2022-06-16 10:37:56.898000,,627647.769325,66,532,0,100,,,CONSENT REVOKED,CONSENT REVOKED,CONSENT REVOKED,CONSENT REVOKED,CONSENT REVOKED,CONSENT REVOKED,CONSENT REVOKED,CONSENT REVOKED,CONSENT REVOKED,CONSENT REVOKED
62ab05b756b349a34011923e,613b36fbcb6c33f4175f3deb,APPROVED,2022-06-16 10:28:12.073000,2022-06-16 10:39:33.741000,681.668,25,90,3,97,2022-06-23 16:58:29.272000,91442ADD,United Kingdom,United Kingdom,Part-Time,English,English,United Kingdom,England,English,Female,Yes
62ab05c6f56c14020e8ca28c,59b4f7c39f80a10001e82697,APPROVED,2022-06-16 10:28:24.767000,2022-06-16 10:39:44.578000,679.811,65,505,6,98,2022-06-23 16:58:28.829000,91442ADD,United Kingdom,United Kingdom,"Not in paid work (e.g. homemaker', 'retired or disabled)",English,English,United Kingdom,England,English,Female,No
62ab05df248c82be0053445e,5e9d8ae6cc1b5806962d735f,APPROVED,2022-06-16 10:28:49.779000,2022-06-16 10:41:33.199000,763.42,30,397,1,100,2022-06-23 16:58:27.309000,91442ADD,United Kingdom,United Kingdom,Part-Time,English,English,United Kingdom,England,English,Female,No
62ab07456570387447461ac3,5b99663d4cefb60001e7a214,RETURNED,2022-06-16 10:35:14.894000,,627809.828049,46,957,6,100,,,CONSENT REVOKED,CONSENT REVOKED,CONSENT REVOKED,CONSENT REVOKED,CONSENT REVOKED,CONSENT REVOKED,CONSENT REVOKED,CONSENT REVOKED,CONSENT REVOKED,CONSENT REVOKED
62ab0772ca24b12cf9483f54,5e18d20ae4398b19caaddaa8,RETURNED,2022-06-16 10:35:41.498000,,627783.235557,48,464,6,98,,,CONSENT REVOKED,CONSENT REVOKED,CONSENT REVOKED,CONSENT REVOKED,CONSENT REVOKED,CONSENT REVOKED,CONSENT REVOKED,CONSENT REVOKED,CONSENT REVOKED,CONSENT REVOKED
62ab08e5694f285bc268e085,5d049f0e0b54cc0001dad5ba,APPROVED,2022-06-16 10:41:46.942000,2022-06-16 10:58:30.115000,1003.173,53,786,9,98,2022-06-23 16:58:25.341000,91442ADD,United Kingdom,United Kingdom,Full-Time,English,English,United Kingdom,England,English,Female,No
