session_id,participant_id,status,started_datetime,completed_date_time,time_taken,age,num_approvals,num_rejections,prolific_score,reviewed_at_datetime,entered_code,Country of Birth,Current Country of Residence,Employment Status,First Language,Fluent languages,Nationality,Nationality (UK),Primary Language,Sex,Student Status
625589db354e10fc9b08d886,611ff63f75657a80c3e9a52b,RETURNED,2022-04-12 14:27:04.338000,,109665.341069,29,28,1,99,,,CONSENT REVOKED,CONSENT REVOKED,CONSENT REVOKED,CONSENT REVOKED,CONSENT REVOKED,CONSENT REVOKED,CONSENT REVOKED,CONSENT REVOKED,CONSENT REVOKED,CONSENT REVOKED
62558a0cb29fe37d9d177ac0,5ff7320620d7133805a3cac7,RETURNED,2022-04-12 14:18:01.099000,,110208.634607,37,244,0,100,,,CONSENT REVOKED,CONSENT REVOKED,CONSENT REVOKED,CONSENT REVOKED,CONSENT REVOKED,CONSENT REVOKED,CONSENT REVOKED,CONSENT REVOKED,CONSENT REVOKED,CONSENT REVOKED
62558aefbcd7a9df1685a421,609fa09ded5dd5b4ee42cc4c,APPROVED,2022-04-12 14:21:40.454000,2022-04-12 14:32:04.070000,623.616,55,271,1,100,2022-04-12 15:11:35.146000,91442ADD,United Kingdom,United Kingdom,Full-Time,English,English,United Kingdom,England,English,Female,No
62558b1888735420578b3ea2,60d8680d01f6504a1e3132d8,APPROVED,2022-04-12 14:22:24.944000,2022-04-12 14:39:23.009000,1018.065,61,181,0,100,2022-04-12 15:12:01.344000,91442ADD,United Kingdom,United Kingdom,Part-Time,English,English,United Kingdom,England,English,Female,No
62558b5b9bf8764e58df9cdf,5aae420ec4e8f200014b3d4e,APPROVED,2022-04-12 14:23:26.141000,2022-04-12 14:35:04.133000,697.992,35,291,2,99,2022-04-12 15:09:41.274000,91442ADD,United Kingdom,United Kingdom,Part-Time,English,English,United Kingdom,Scotland,English,Female,No
62558b8a42fa03fe7e940ebe,6075fd35899067f58004fd5c,APPROVED,2022-04-12 14:24:15.753000,2022-04-12 14:32:22.014000,486.261,38,136,1,100,2022-04-12 15:11:23.012000,91442ADD,United Kingdom,United Kingdom,Unemployed (and job seeking),English,English,United Kingdom,England,English,Male,No
62558bc4b34388bbf0fb75ed,5f43c9fbe038cc0b2deb75d8,APPROVED,2022-04-12 14:25:11.664000,2022-04-12 14:36:07.397000,655.733,48,372,5,98,2022-04-12 15:10:37.181000,91442ADD,United Kingdom,United Kingdom,Full-Time,English,English,United Kingdom,England,English,Female,No
62558bc71226d4873a67fb60,5fe9f4af50c73d970297ecc1,APPROVED,2022-04-12 14:25:15.081000,2022-04-12 14:34:26.849000,551.768,20,197,1,100,2022-04-12 15:10:53.649000,91442ADD,United Kingdom,United Kingdom,Other,English,English,United Kingdom,England,English,Female,Yes
62558be1c8dc80633ef924f5,5e10a8d7082675772608b463,APPROVED,2022-04-12 14:25:41.292000,2022-04-12 14:37:30.469000,709.177,30,141,1,99,2022-04-12 15:09:57.704000,91442ADD,United Kingdom,United Kingdom,Full-Time,English,English,United Kingdom,England,English,Female,No
62558be751b8201eec70b5de,5e57d38b533eec1818078f0b,APPROVED,2022-04-12 14:25:44.780000,2022-04-12 15:06:59.396000,2474.616,22,330,6,97,2022-04-12 15:10:16.840000,91442ADD,United Kingdom,United Kingdom,Part-Time,English,English,United Kingdom,England,English,Female,No
62558bee547716679bb42447,602d0d644ae79165540824c7,APPROVED,2022-04-12 14:25:56.403000,2022-04-12 14:41:57.806000,961.403,20,159,1,100,2022-04-12 15:11:09.593000,91442ADD,United Kingdom,United Kingdom,Unemployed (and job seeking),English,English,United Kingdom,England,English,Female,Yes
62558c43bf8c0b88c7a7a005,60e5868ac61a421238cac7f6,APPROVED,2022-04-12 14:27:36.171000,2022-04-12 14:45:58.816000,1102.645,36,116,0,100,2022-04-12 15:12:18.353000,91442ADD,United Kingdom,United Kingdom,Part-Time,English,English,United Kingdom,England,English,Female,No
