session_id,participant_id,status,started_datetime,completed_date_time,time_taken,age,num_approvals,num_rejections,prolific_score,reviewed_at_datetime,entered_code,Country of Birth,Current Country of Residence,Employment Status,First Language,Fluent languages,Nationality,Nationality (UK),Primary Language,Sex,Student Status
62a08415dddf9066ca5092fd,60f4448530a3c3a9e18bcf32,APPROVED,2022-06-08 11:12:25.541000,2022-06-08 11:23:01.640000,636.099,19,76,2,98,2022-06-08 11:57:53.542000,91442ADD,United Kingdom,United Kingdom,Unemployed (and job seeking),English,English,United Kingdom,England,English,Female,Yes
62a084d47493243bcc993fa7,5fa9a4789785cb1d1735dba4,APPROVED,2022-06-08 11:15:35.756000,2022-06-08 11:22:05.563000,389.807,34,243,0,100,2022-06-08 11:57:52.821000,91442ADD,United Kingdom,United Kingdom,"Not in paid work (e.g. homemaker', 'retired or disabled)",English,English,United Kingdom,England,English,Female,No
62a0852b40497fea17ab07ca,5df15ea015ef4007148e0c99,APPROVED,2022-06-08 11:17:04.718000,2022-06-08 11:40:21.744000,1397.026,37,150,1,100,2022-06-08 11:57:51.396000,91442ADD,United Kingdom,United Kingdom,Full-Time,English,English,United Kingdom,Wales,English,Female,No
62a0856f4532712fbb3d779f,5d2e5d1c649703001a9c920d,APPROVED,2022-06-08 11:18:11.276000,2022-06-08 11:32:51.944000,880.668,37,404,1,100,2022-06-08 11:57:50.272000,91442ADD,United Kingdom,United Kingdom,Full-Time,English,English,United Kingdom,England,English,Male,No
62a08575f074a0433106afed,5bef322e52de3c0001c508e5,REJECTED,2022-06-08 11:19:18.439000,2022-06-08 11:33:02.370000,823.931,33,100,2,99,2022-06-08 11:54:08.289000,91442ADD,United Kingdom,United Kingdom,Other,English,English,United Kingdom,England,English,Female,No
62a085e3f074a0433106aff5,61706570a9e63ca091ea26b1,APPROVED,2022-06-08 11:20:07.812000,2022-06-08 11:31:46.106000,698.294,30,82,0,100,2022-06-08 11:57:48.706000,91442ADD,United Kingdom,United Kingdom,Full-Time,English,English,United Kingdom,England,English,Male,No
62a085ebb66aa1c7c8a61709,5a538952f6c517000194916e,APPROVED,2022-06-08 11:20:15.387000,2022-06-08 11:35:08.578000,893.191,41,665,5,99,2022-06-08 11:57:47.663000,91442ADD,United Kingdom,United Kingdom,Part-Time,English,English,United Kingdom,England,English,Female,No
62a086056195ca642e8daa39,5c3f7631ca00d30001c50a32,APPROVED,2022-06-08 11:20:44.898000,2022-06-08 11:32:47.811000,722.913,31,70,1,100,2022-06-08 11:57:46.412000,91442ADD,United Kingdom,United Kingdom,Due to start a new job within the next month,English,"Farsi, Urdu, Hindi, English, Pashto",United Kingdom,England,English,Female,No
62a0860cc8fc7c907645fb1c,5f8b3e21f8638825023495db,APPROVED,2022-06-08 11:20:49.093000,2022-06-08 11:39:08.947000,1099.854,38,308,2,100,2022-06-08 11:57:44.556000,91442ADD,United Kingdom,United Kingdom,Part-Time,English,English,United Kingdom,England,English,Female,No
62a0866bc4c5dfcae8e517db,6149b27bd1d1f40ed535c2b4,APPROVED,2022-06-08 11:22:23.094000,2022-06-08 11:51:56.122000,1773.028,29,276,0,100,2022-06-08 11:57:43.315000,91442ADD,United Kingdom,United Kingdom,Full-Time,English,English,United Kingdom,England,English,Female,No
62a08dfb2f23e6d711a2e6ac,5aa7a5cc6475f90001a06c6c,RETURNED,2022-06-08 12:04:35.159000,,97658.077194,32,739,11,98,,,CONSENT REVOKED,CONSENT REVOKED,CONSENT REVOKED,CONSENT REVOKED,CONSENT REVOKED,CONSENT REVOKED,CONSENT REVOKED,CONSENT REVOKED,CONSENT REVOKED,CONSENT REVOKED
62a08e08e80577159c3b30f1,61f2aaaaa09e72f23cbaf1d0,REJECTED,2022-06-08 11:55:02.618000,2022-06-08 12:05:54.553000,651.935,32,220,1,100,2022-06-08 12:09:06.546000,91442ADD,United Kingdom,United Kingdom,Part-Time,English,English,United Kingdom,Wales,English,Female,No
62a0917d08a6710a89c146da,5f3ebe53b9a7b3150f539bde,APPROVED,2022-06-08 12:09:35.691000,2022-06-08 12:17:42.377000,486.686,35,548,2,100,2022-06-09 15:11:22.489000,91442ADD,United Kingdom,United Kingdom,"Not in paid work (e.g. homemaker', 'retired or disabled)",English,English,United Kingdom,England,English,Female,No
