"session_id","participant_id","status","started_datetime","completed_date_time","time_taken","age","num_approvals","num_rejections","prolific_score","reviewed_at_datetime","entered_code","Country of Birth","Current Country of Residence","Employment Status","First Language","Fluent languages","Nationality","Nationality (UK)","Primary Language","Sex","Student Status"
"6299f9a8b20adacbb8c24064","5a8ad484f1408d000176a87d","APPROVED","2022-06-03 12:08:12.238000","2022-06-03 12:19:35.997000","683.759","32","50","1","100","2022-06-03 13:34:32.289000","91442ADD","United Kingdom","United Kingdom","Not in paid work (e.g. homemaker', 'retired or disabled)","English","English","United Kingdom","Scotland","English","Female","Yes"
"6299f9e42b85c7407c84340f","5c9d0dae3392c0001648e2df","RETURNED","2022-06-03 12:09:11.855000","2022-06-03 13:34:29.955000","5118.1","54","367","2","100","2022-06-03 13:34:30.233000","Manual Completion","United Kingdom","United Kingdom","Not in paid work (e.g. homemaker', 'retired or disabled)","English","English","United Kingdom","England","English","Female","No"
"6299faacaa88fab55637b2f2","5d209fd7518e5a001729b2a4","APPROVED","2022-06-03 12:12:34.673000","2022-06-03 12:27:59.231000","924.558","32","35","1","99","2022-06-03 13:34:27.144000","91442ADD","United Kingdom","United Kingdom","Full-Time","English","English","United Kingdom","Northern Ireland","English","Female","No"
"6299facbb6254f8ae72f8837","56b88bf7e1d0a2000b145037","APPROVED","2022-06-03 12:13:03.241000","2022-06-03 12:24:23.964000","680.723","41","392","2","100","2022-06-03 13:34:26.338000","91442ADD","United Kingdom","United Kingdom","Part-Time","English","English","United Kingdom","England","English, Spanish","Female","No"
"6299fb1e7e83e998f0874e4f","6159d839d1c2e3ed7c5e4208","APPROVED","2022-06-03 12:14:25.520000","2022-06-03 12:29:02.091000","876.571","40","95","4","97","2022-06-03 13:34:25.542000","91442ADD","United Kingdom","United Kingdom","Unemployed (and job seeking)","English","English","United Kingdom","England","English","Female","No"
"6299fb41743038df6e47b847","5731e0665b8b06000f7e359f","APPROVED","2022-06-03 12:15:00.765000","2022-06-03 12:22:27.369000","446.604","28","417","4","100","2022-06-03 13:34:24.194000","91442ADD","United Kingdom","United Kingdom","Full-Time","English","English","United Kingdom","England","English","Female","No"
"6299fbc3e2ef07696670d26d","5f2ad1ce2bd6f93cc9ffe00e","APPROVED","2022-06-03 12:17:26.040000","2022-06-03 12:25:50.533000","504.493","31","345","3","100","2022-06-03 13:34:23.315000","91442ADD","United Kingdom","United Kingdom","Full-Time","English","English","United Kingdom","England","English","Female","No"
"6299fbe71718d1aa26883a35","607047e8bf8855d7e3112b91","RETURNED","2022-06-03 12:28:00.060000","","4100.918974","31","261","3","99","","","CONSENT REVOKED","CONSENT REVOKED","CONSENT REVOKED","CONSENT REVOKED","CONSENT REVOKED","CONSENT REVOKED","CONSENT REVOKED","CONSENT REVOKED","CONSENT REVOKED","CONSENT REVOKED"
"6299fbf0545a23e4cf2d18bd","5bfdd2bc11e618000158834f","APPROVED","2022-06-03 12:17:57.109000","2022-06-03 12:27:50.547000","593.438","26","431","2","100","2022-06-03 13:34:22.436000","91442ADD","United Kingdom","United Kingdom","Full-Time","English","English","United Kingdom","England","English","Female","No"
"6299fc65568f97e1ae0ee805","5e5137be2f1d9c163f82331d","APPROVED","2022-06-03 12:19:54.672000","2022-06-03 12:47:30.300000","1655.628","54","533","2","100","2022-06-03 13:34:20.169000","91442ADD","United Kingdom","United Kingdom","Part-Time","English","English","United Kingdom","England","English","Female","No"
"6299fc686ceefdf423978e80","611cdbc193e877feb68b0765","RETURNED","2022-06-03 12:19:58.251000","","4582.788971","59","254","0","100","","","CONSENT REVOKED","CONSENT REVOKED","CONSENT REVOKED","CONSENT REVOKED","CONSENT REVOKED","CONSENT REVOKED","CONSENT REVOKED","CONSENT REVOKED","CONSENT REVOKED","CONSENT REVOKED"
"6299fd0ee7a6504220581758","614efec3c2a8c6cdc116f224","APPROVED","2022-06-03 12:22:40.784000","2022-06-03 12:31:04.204000","503.42","33","114","1","100","2022-06-03 13:34:18.897000","91442ADD","United Kingdom","United Kingdom","Full-Time","English","English","United Kingdom","England","English","Female","No"
"6299fe67e1b1351ae664ce84","62029c8fef1cb18a1337ca27","APPROVED","2022-06-03 12:33:14.028000","2022-06-03 12:46:16.769000","782.741","25","185","2","100","2022-06-03 13:34:16.506000","91442ADD","United Kingdom","United Kingdom","Full-Time","English","English","United Kingdom","England","English","Male","No"