session_id,participant_id,status,started_datetime,completed_date_time,time_taken,age,num_approvals,num_rejections,prolific_score,reviewed_at_datetime,entered_code,Country of Birth,Current Country of Residence,Employment Status,First Language,Fluent languages,Nationality,Nationality (UK),Primary Language,Sex,Student Status
62ab0098ce0ec831bb32e508,5b704c7f4ee52200010f68b0,APPROVED,2022-06-16 10:06:26.132000,2022-06-16 10:23:56.010000,1049.878,53,934,0,100,2022-06-23 16:38:05.209000,91442ADD,United Kingdom,United Kingdom,Full-Time,English,English,United Kingdom,England,English,Female,No
62ab0140ce6bd38aa9bb85c8,5d3983cb8580230018bbf15f,APPROVED,2022-06-16 10:09:06.043000,2022-06-16 10:15:50.293000,404.25,26,780,4,100,2022-06-23 16:38:04.469000,91442ADD,United Kingdom,United Kingdom,Part-Time,English,English,United Kingdom,England,English,Female,No
62ab02d236dc4fbbfa758b0e,591ae79648e91b00014bcdbb,APPROVED,2022-06-16 10:15:52.419000,2022-06-16 10:22:44.519000,412.1,31,404,7,97,2022-06-23 16:38:04.023000,91442ADD,United Kingdom,United Kingdom,Part-Time,English,English,United Kingdom,England,English,Female,Yes
62ab032bc8ddf33f7b1ebb48,5ece7b97ba09f5253c4c0238,APPROVED,2022-06-16 10:17:19.624000,2022-06-16 10:59:03.348000,2503.724,32,567,11,98,2022-06-23 16:38:02.866000,91442ADD,United Kingdom,United Kingdom,Full-Time,English,"Spanish, English",United Kingdom,England,English,Female,No
62ab043e90c88728bd2e572e,5d68574c986129000153debb,APPROVED,2022-06-16 10:21:53.799000,2022-06-16 10:31:26.317000,572.518,36,666,1,100,2022-06-23 16:38:02.020000,91442ADD,United Kingdom,United Kingdom,Full-Time,English,English,United Kingdom,Scotland,English,Female,No
62ab04742a811959f5812666,5d17465e530c4b0001528297,RETURNED,2022-06-16 10:22:46.501000,,627322.29129,32,240,0,100,,,CONSENT REVOKED,CONSENT REVOKED,CONSENT REVOKED,CONSENT REVOKED,CONSENT REVOKED,CONSENT REVOKED,CONSENT REVOKED,CONSENT REVOKED,CONSENT REVOKED,CONSENT REVOKED
62ab048529c0ca924955a432,60cb3a3ab0d7a06e179900cd,APPROVED,2022-06-16 10:23:04.787000,2022-06-16 10:34:31.235000,686.448,27,139,4,97,2022-06-23 16:38:00.508000,91442ADD,United Kingdom,United Kingdom,Full-Time,English,English,United Kingdom,England,English,Female,No
62ab04a7e2a3467306c15bae,5b545133b3c9400001f27aa3,RETURNED,2022-06-16 10:23:42.433000,,627266.406323,53,419,2,100,,,CONSENT REVOKED,CONSENT REVOKED,CONSENT REVOKED,CONSENT REVOKED,CONSENT REVOKED,CONSENT REVOKED,CONSENT REVOKED,CONSENT REVOKED,CONSENT REVOKED,CONSENT REVOKED
62ab04a8b6be736936664095,60ad47245d61f9a76954184c,APPROVED,2022-06-16 10:23:39.791000,2022-06-16 10:35:26.647000,706.856,43,167,1,100,2022-06-23 16:37:59.298000,91442ADD,United Kingdom,United Kingdom,Full-Time,English,English,United Kingdom,Northern Ireland,English,Male,Yes
62ab04ae31a2fbe035445257,60ac039704adca8fafc902a1,RETURNED,2022-06-16 10:24:17.941000,,627230.940832,58,405,0,100,,,CONSENT REVOKED,CONSENT REVOKED,CONSENT REVOKED,CONSENT REVOKED,CONSENT REVOKED,CONSENT REVOKED,CONSENT REVOKED,CONSENT REVOKED,CONSENT REVOKED,CONSENT REVOKED
62ab04b72ecfca159cfb1b75,5ea14cb6d3625c16063a9410,APPROVED,2022-06-16 10:23:57.356000,2022-06-16 10:35:09.892000,672.536,42,7,0,100,2022-06-23 16:37:57.774000,91442ADD,United Kingdom,United Kingdom,Part-Time,English,English,United Kingdom,England,English,Female,Yes
62ab054418404086919f1427,5e57e67bb836e0000d222062,APPROVED,2022-06-16 10:26:16.124000,2022-06-16 10:38:09.819000,713.695,56,734,7,99,2022-06-23 16:37:56.838000,91442ADD,United Kingdom,United Kingdom,"Not in paid work (e.g. homemaker', 'retired or disabled)",English,English,United Kingdom,England,English,Female,Yes
62ab057c1424420a8711dd31,5c67d319dcdfb700014b065f,APPROVED,2022-06-16 10:27:12.672000,2022-06-16 10:37:50.025000,637.353,45,580,3,100,2022-06-23 16:37:56.478000,91442ADD,United Kingdom,United Kingdom,Part-Time,English,English,United Kingdom,England,English,Male,No
