session_id,participant_id,status,started_datetime,completed_date_time,time_taken,age,num_approvals,num_rejections,prolific_score,reviewed_at_datetime,entered_code,Country of Birth,Current Country of Residence,Employment Status,First Language,Fluent languages,Nationality,Nationality (UK),Primary Language,Sex,Student Status
62b7287569b759904013ab45,60d49fffba229b26fbb8e0e2,APPROVED,2022-06-25 15:23:37.260000,2022-06-25 15:36:07.051000,749.791,19,126,2,99,2022-06-26 20:56:10.923000,91442ADD,United Kingdom,United Kingdom,Part-Time,English,"Gaelic, English",United Kingdom,Scotland,English,Female,No
62b729e0f77b9236548fa224,62b6122cb1c41f966e3fc242,TIMED-OUT,2022-06-25 15:29:39.855000,,238044.103375,37,1,0,100,,,United Kingdom,United Kingdom,Full-Time,English,English,United Kingdom,England,English,Male,No
62b72b8d50f1623e10eb05b8,60ccdc25fd512fd47ae6d64c,REJECTED,2022-06-25 15:36:51.544000,2022-06-25 16:10:23.701000,2012.157,63,14,1,97,2022-06-26 20:55:03.023000,91442ADD,United Kingdom,United Kingdom,"Not in paid work (e.g. homemaker', 'retired or disabled)",English,English,United Kingdom,England,English,Female,No
62b72c31e8a27dbcfb80c2a5,5c096343d833b40001e06ca0,RETURNED,2022-06-25 15:39:34.876000,,237449.110832,21,138,0,100,,,CONSENT REVOKED,CONSENT REVOKED,CONSENT REVOKED,CONSENT REVOKED,CONSENT REVOKED,CONSENT REVOKED,CONSENT REVOKED,CONSENT REVOKED,CONSENT REVOKED,CONSENT REVOKED
62b72c48bc2fac16e8d922cd,5dacdf401e90f600132de0e6,APPROVED,2022-06-25 15:39:55.029000,2022-06-25 15:48:37.832000,522.803,22,413,1,100,2022-06-26 20:56:07.840000,91442ADD,United Kingdom,United Kingdom,Part-Time,English,English,United Kingdom,England,English,Male,No
62b72c4bdcf8af7413c579bc,5c3cb454e02c6a000100e4fe,APPROVED,2022-06-25 15:39:58.226000,2022-06-25 15:50:27.386000,629.16,27,193,1,99,2022-06-26 20:56:07.341000,91442ADD,United Kingdom,United Kingdom,Full-Time,English,English,United Kingdom,Northern Ireland,English,Female,No
62b72c5816500f2124f14a9e,59f7c290f4217300016cc2fb,RETURNED,2022-06-25 15:40:12.229000,,237411.797994,43,1036,2,100,,,CONSENT REVOKED,CONSENT REVOKED,CONSENT REVOKED,CONSENT REVOKED,CONSENT REVOKED,CONSENT REVOKED,CONSENT REVOKED,CONSENT REVOKED,CONSENT REVOKED,CONSENT REVOKED
62b72c5e5c25dd58727d1f26,60187851316976127d909f30,APPROVED,2022-06-25 15:40:20.495000,2022-06-25 15:51:48.275000,687.78,41,373,4,99,2022-06-26 20:56:04.672000,91442ADD,United Kingdom,United Kingdom,Part-Time,English,English,United Kingdom,England,English,Female,No
62b72c6043899dc6d43f02bd,5fd76b7d246a3705a25c9a94,RETURNED,2022-06-25 15:40:19.229000,,237404.824695,35,302,2,99,,,CONSENT REVOKED,CONSENT REVOKED,CONSENT REVOKED,CONSENT REVOKED,CONSENT REVOKED,CONSENT REVOKED,CONSENT REVOKED,CONSENT REVOKED,CONSENT REVOKED,CONSENT REVOKED
62b72c68941894b18d516aba,62ad9574778df45973491084,APPROVED,2022-06-25 15:40:28.624000,2022-06-25 15:57:16.660000,1008.036,45,17,0,100,2022-06-26 20:56:03.778000,91442ADD,United Kingdom,United Kingdom,Part-Time,English,English,United Kingdom,Scotland,English,Male,No
62b72cbfe9bc0ffceb70467c,5e149092de8da6aad28ebd3c,APPROVED,2022-06-25 15:41:59.523000,2022-06-25 16:04:28.272000,1348.749,63,29,0,100,2022-06-26 20:56:03.120000,91442ADD,United Kingdom,United Kingdom,"Not in paid work (e.g. homemaker', 'retired or disabled)",English,English,United Kingdom,England,English,Female,No
62b72cd7c57ba2d55b7d1f37,5f92b0152a19e11eeb4a401c,APPROVED,2022-06-25 15:42:21.121000,2022-06-25 15:51:41.869000,560.748,45,379,1,100,2022-06-26 20:56:02.139000,91442ADD,United Kingdom,United Kingdom,Full-Time,English,English,United Kingdom,England,English,Male,DATA EXPIRED
62b72d1dba8258ad9d2573f7,5ee88ac870e42201873816b1,APPROVED,2022-06-25 15:43:32.133000,2022-06-25 15:53:30.602000,598.469,24,175,0,100,2022-06-26 20:56:01.371000,91442ADD,United Kingdom,United Kingdom,Full-Time,English,English,United Kingdom,England,English,Male,No
62b73b98d72c1cb8e3eb05a9,5f0a14c3d362030c483654a3,RETURNED,2022-06-25 16:45:12.878000,2022-06-25 17:02:46.440000,1053.562,20,913,4,100,,91442ADD,CONSENT REVOKED,CONSENT REVOKED,CONSENT REVOKED,CONSENT REVOKED,CONSENT REVOKED,CONSENT REVOKED,CONSENT REVOKED,CONSENT REVOKED,CONSENT REVOKED,CONSENT REVOKED
62b8c82616b2d616751a9874,605e7fad494f5b1efc65db99,APPROVED,2022-06-26 20:57:29.424000,2022-06-26 21:05:08.297000,458.873,33,192,2,99,2022-06-28 09:36:35.147000,91442ADD,United Kingdom,United Kingdom,Full-Time,English,English,United Kingdom,England,English,Male,No
62b8c83fb34418636080c283,6164b52a49d266694dc0c986,RETURNED,2022-06-26 21:08:00.058000,,131344.104186,27,93,2,99,,,CONSENT REVOKED,CONSENT REVOKED,CONSENT REVOKED,CONSENT REVOKED,CONSENT REVOKED,CONSENT REVOKED,CONSENT REVOKED,CONSENT REVOKED,CONSENT REVOKED,CONSENT REVOKED
62b8cb0ad2cfd95ca62cdbae,5b905d5d2f789f00011c4cc2,APPROVED,2022-06-26 21:09:33.227000,2022-06-26 21:20:12.078000,638.851,32,550,2,100,2022-06-28 09:35:09.170000,91442ADD,United Kingdom,United Kingdom,Full-Time,English,English,United Kingdom,Wales,English,Female,Yes
