"session_id","participant_id","status","started_datetime","completed_date_time","time_taken","age","num_approvals","num_rejections","prolific_score","reviewed_at_datetime","entered_code","Country of Birth","Current Country of Residence","Employment Status","First Language","Fluent languages","Nationality","Nationality (UK)","Primary Language","Sex","Student Status"
"62ab029c08d24892611824dc","5f7c63ce425bd406179a22a5","APPROVED","2022-06-16 10:14:58.806000","2022-06-16 10:44:58.751000","1799.945","65","490","3","100","2022-06-23 15:34:24.006000","91442ADD","United Kingdom","United Kingdom","Not in paid work (e.g. homemaker', 'retired or disabled)","English","English","United Kingdom","England","English","Male","No"
"62ab038f09fcfebf16950a99","5d4ff1c3c7f29300011e42d1","RETURNED","2022-06-16 10:18:57.980000","","623748.613411","49","467","1","100","","","CONSENT REVOKED","CONSENT REVOKED","CONSENT REVOKED","CONSENT REVOKED","CONSENT REVOKED","CONSENT REVOKED","CONSENT REVOKED","CONSENT REVOKED","CONSENT REVOKED","CONSENT REVOKED"
"62ab03e3f4cd3f4d140cd10e","61279233f23b3065ac707f40","RETURNED","2022-06-16 10:20:22.648000","","623663.957556","43","95","0","100","","","CONSENT REVOKED","CONSENT REVOKED","CONSENT REVOKED","CONSENT REVOKED","CONSENT REVOKED","CONSENT REVOKED","CONSENT REVOKED","CONSENT REVOKED","CONSENT REVOKED","CONSENT REVOKED"
"62ab03f22175f07272eccf1c","581ba6684182b600017306fa","RETURNED","2022-06-16 10:20:38.688000","","623647.929936","42","936","6","100","","","CONSENT REVOKED","CONSENT REVOKED","CONSENT REVOKED","CONSENT REVOKED","CONSENT REVOKED","CONSENT REVOKED","CONSENT REVOKED","CONSENT REVOKED","CONSENT REVOKED","CONSENT REVOKED"
"62ab03f48194b8311516a40a","5f8d8af5eadf4d08f6c460f3","REJECTED","2022-06-16 10:20:38.777000","2022-06-16 10:49:33.061000","1734.284","37","511","5","99","2022-06-23 15:33:06.449000","91442ADD","United Kingdom","United Kingdom","Other","English","English","United Kingdom","England","English","Male","No"
"62ab03fd0bdd5eaeec2a9a35","5f4a33e6d0e4f9031cdc7428","APPROVED","2022-06-16 10:29:09.289000","2022-06-16 10:39:36.215000","626.926","29","294","0","100","2022-06-23 15:34:17.973000","91442ADD","United Kingdom","Sweden","Full-Time","English","English","United Kingdom","England","English","Female","No"
"62ab03ffe6b1d98d3ad8dd30","5de39f38a1a3fb39ee68f7ab","RETURNED","2022-06-16 10:20:49.414000","","623637.242741","51","591","2","100","","","CONSENT REVOKED","CONSENT REVOKED","CONSENT REVOKED","CONSENT REVOKED","CONSENT REVOKED","CONSENT REVOKED","CONSENT REVOKED","CONSENT REVOKED","CONSENT REVOKED","CONSENT REVOKED"
"62ab0403845ea3f5990eb6bb","5e9edad6e7784d016ed87b36","APPROVED","2022-06-16 10:20:51.460000","2022-06-16 10:33:00.948000","729.488","44","738","0","100","2022-06-23 15:34:22.011000","91442ADD","United Kingdom","United Kingdom","Unemployed (and job seeking)","English","English","United Kingdom","England","English","Male","No"
"62ab040faa056ae12341e916","5788e1834a84da00014c4199","APPROVED","2022-06-16 10:21:06.955000","2022-06-16 10:31:56.425000","649.47","36","572","4","100","2022-06-23 15:34:21.355000","91442ADD","United Kingdom","United Kingdom","Part-Time","English","English","United Kingdom","England","English","Female","No"
"62ab0411ca51b55597b5fa7e","6164acc0f56f7d1919dc53bf","REJECTED","2022-06-16 10:21:07.179000","2022-06-16 10:34:43.218000","816.039","24","184","2","100","2022-06-23 15:34:13.446000","91442ADD","United Kingdom","United Kingdom","Full-Time","English","English","United Kingdom","England","English","Female","No"
"62ab04674b3bcc69faac4348","60fd6e3aad5f27a0eec524e4","RETURNED","2022-06-16 10:22:35.379000","","623531.32885","42","129","0","100","","","CONSENT REVOKED","CONSENT REVOKED","CONSENT REVOKED","CONSENT REVOKED","CONSENT REVOKED","CONSENT REVOKED","CONSENT REVOKED","CONSENT REVOKED","CONSENT REVOKED","CONSENT REVOKED"
"62ab046eea2414365c8a8a81","60c1f0e3708c6bcc65473102","APPROVED","2022-06-16 10:22:41.958000","2022-06-16 10:35:20.672000","758.714","43","264","0","100","2022-06-23 15:34:19.115000","91442ADD","United Kingdom","United Kingdom","Part-Time","English","English","United Kingdom","England","English","Female","No"
"62ab0470fb1a03692b1f4a08","5f7f93d23baaf8161cd10edd","APPROVED","2022-06-16 10:22:41.935000","2022-06-16 10:27:45.521000","303.586","23","442","2","100","2022-06-23 15:34:20.125000","91442ADD","United Kingdom","Poland","Full-Time","English","English, German, Dutch, Norwegian","United Kingdom","England","English, Polish","Male","Yes"
"62ab04fe29c0ca924955a438","5ab8ce6da3ba7a0001b41664","APPROVED","2022-06-16 10:25:11.106000","2022-06-16 10:38:41.910000","810.804","55","836","14","97","2022-06-23 15:34:18.038000","91442ADD","United Kingdom","United Kingdom","Not in paid work (e.g. homemaker', 'retired or disabled)","English","English","United Kingdom","England","English","Female","No"
"62ab0bc35e441f0f913f56c8","602ef06cc29fb1b6de051e11","APPROVED","2022-06-16 10:54:04.422000","2022-06-16 11:03:22.817000","558.395","31","412","2","100","2022-06-23 15:34:16.913000","91442ADD","United Kingdom","United Kingdom","Full-Time","English","English","United Kingdom","England","English","Female","No"
"62b5e8d3ce41954e77f14a7d","5e3752a476397a6e638bfc5e","APPROVED","2022-06-24 16:39:55.234000","2022-06-24 17:39:27.848000","3572.614","32","385","5","97","2022-06-24 17:43:50.591000","91442ADD","United Kingdom","United Kingdom","Part-Time","English","English","United Kingdom","England","English","Female","No"
"62b5eb9fa098f66a868fa241","5c545b99c3d94f00014a2149","APPROVED","2022-06-24 16:51:51.912000","2022-06-24 17:02:54.634000","662.722","44","698","4","100","2022-06-24 17:43:26.944000","91442ADD","United Kingdom","United Kingdom","Part-Time","English","English","United Kingdom","England","English","Female","No"