session_id,participant_id,status,started_datetime,completed_date_time,time_taken,age,num_approvals,num_rejections,prolific_score,reviewed_at_datetime,entered_code,Country of Birth,Current Country of Residence,Employment Status,First Language,Fluent languages,Nationality,Nationality (UK),Primary Language,Sex,Student Status
62b72756ee86d7746b58ca68,602a51d7cfb3130009967bc7,APPROVED,2022-06-25 15:18:51.255000,2022-06-25 15:28:57.844000,606.589,32,222,0,100,2022-06-25 17:37:26.439000,91442ADD,United Kingdom,United Kingdom,Full-Time,English,English,United Kingdom,England,English,Male,No
62b7275f4477ec7fc0f14a94,5c9a9e88d6cd7600156ea804,APPROVED,2022-06-25 15:18:57.870000,2022-06-25 15:30:27.501000,689.631,29,375,6,98,2022-06-25 17:37:24.331000,91442ADD,United Kingdom,United Kingdom,Full-Time,English,English,United Kingdom,England,English,Female,No
62b728c624600b83d3516ac6,60fd25510798968879706a10,APPROVED,2022-06-25 15:25:00.970000,2022-06-25 15:38:34.614000,813.644,22,161,0,100,2022-06-25 17:37:22.409000,91442ADD,United Kingdom,United Kingdom,Other,English,English,United Kingdom,England,English,Female,Yes
62b728d84457d7ff24d922c8,62a345fc036f091995c29ae9,APPROVED,2022-06-25 15:25:17.198000,2022-06-25 15:40:26.910000,909.712,47,16,0,100,2022-06-25 17:37:21.586000,91442ADD,United Kingdom,United Kingdom,Full-Time,English,English,United Kingdom,England,English,Male,No
62b72904e03d54c3c8d8bdea,62b627e2ed6eb246e558ca5f,RETURNED,2022-06-25 15:35:56.173000,,7319.917654,26,3,0,100,,,CONSENT REVOKED,CONSENT REVOKED,CONSENT REVOKED,CONSENT REVOKED,CONSENT REVOKED,CONSENT REVOKED,CONSENT REVOKED,CONSENT REVOKED,CONSENT REVOKED,CONSENT REVOKED
62b7291daa2fe39f2c1c577e,60576919e7608354530a110c,RETURNED,2022-06-25 15:26:24.446000,,7891.658648,30,145,0,100,,,CONSENT REVOKED,CONSENT REVOKED,CONSENT REVOKED,CONSENT REVOKED,CONSENT REVOKED,CONSENT REVOKED,CONSENT REVOKED,CONSENT REVOKED,CONSENT REVOKED,CONSENT REVOKED
62b7292492990a86ba0c5794,6127df68fee23c5dc14b6aeb,APPROVED,2022-06-25 15:26:31.072000,2022-06-25 15:39:59.727000,808.655,39,402,4,99,2022-06-25 17:37:19.763000,91442ADD,United Kingdom,United Kingdom,Full-Time,English,English,United Kingdom,England,English,Female,No
62b7295c1088922e83f6cc69,6294b77f8782497d0f35bd25,APPROVED,2022-06-25 15:27:26.661000,2022-06-25 15:35:28.086000,481.425,46,42,0,100,2022-06-25 17:37:18.831000,91442ADD,United Kingdom,United Kingdom,Full-Time,English,English,United Kingdom,England,English,Female,No
62b7296bb7b2227f23341525,5ae76ee9a740ff0001937dba,APPROVED,2022-06-25 15:27:41.567000,2022-06-25 15:34:30.313000,408.746,42,600,13,96,2022-06-25 17:37:17.422000,91442ADD,United Kingdom,United Kingdom,Full-Time,English,English,United Kingdom,England,English,Female,No
62b7296ce68fe080916ead7e,5cf67b231a364e00170a8ca4,RETURNED,2022-06-25 15:27:50.053000,,7806.109644,38,366,8,96,,,CONSENT REVOKED,CONSENT REVOKED,CONSENT REVOKED,CONSENT REVOKED,CONSENT REVOKED,CONSENT REVOKED,CONSENT REVOKED,CONSENT REVOKED,CONSENT REVOKED,CONSENT REVOKED
62b7298c1bb710aebe5f2a55,5c5fe0c18e931700011f9f55,APPROVED,2022-06-25 15:28:14.859000,2022-06-25 15:38:06.779000,591.92,38,601,4,99,2022-06-25 17:37:16.171000,91442ADD,United Kingdom,United Kingdom,"Not in paid work (e.g. homemaker', 'retired or disabled)",English,English,United Kingdom,England,English,Female,No
62b72a011c628c8059c3320e,59d3bb3200d4940001817436,TIMED-OUT,2022-06-25 15:30:11.776000,,7664.415665,31,81,1,100,,,United Kingdom,United Kingdom,Full-Time,English,English,United Kingdom,England,English,Female,No
62b72a9fc08bb6b8e09b90f3,601a788b7ab49028cd7a4ad4,APPROVED,2022-06-25 15:33:00.011000,2022-06-25 15:49:35.758000,995.747,49,295,3,100,2022-06-25 17:37:13.813000,91442ADD,United Kingdom,Spain,Other,English,"English, Spanish",United Kingdom,England,English,Female,No
62b73b9576c49035b8c579bc,62b33b02025e169cc480c307,APPROVED,2022-06-25 16:46:37.201000,2022-06-25 17:12:59.810000,1582.609,19,12,0,100,2022-06-25 17:37:12.649000,91442ADD,United Kingdom,United Kingdom,Part-Time,English,English,United Kingdom,England,English,Female,Yes
