session_id,participant_id,status,started_datetime,completed_date_time,time_taken,age,num_approvals,num_rejections,prolific_score,reviewed_at_datetime,entered_code,Country of Birth,Current Country of Residence,Employment Status,First Language,Fluent languages,Nationality,Nationality (UK),Primary Language,Sex,Student Status
62b724e1a625b1ecfb76307f,60dcf992cb217d7b8e8c368a,APPROVED,2022-06-25 15:08:17.235000,2022-06-25 15:17:57.133000,579.898,27,259,6,96,2022-06-26 19:54:49.170000,91442ADD,United Kingdom,United Kingdom,Full-Time,English,English,United Kingdom,England,English,Female,No
62b7288c24773aa51af5c5c5,5de68ecb287f24011e3b24bd,APPROVED,2022-06-25 15:23:59.495000,2022-06-25 15:36:06.689000,727.194,35,416,5,98,2022-06-26 19:54:48.976000,91442ADD,United Kingdom,United Kingdom,Part-Time,English,English,United Kingdom,England,English,Female,No
62b72a0637bb98f260c0928e,5ea3fc787c48522165e5e4a5,RETURNED,2022-06-25 15:30:22.272000,,103371.700061,76,880,5,99,,,CONSENT REVOKED,CONSENT REVOKED,CONSENT REVOKED,CONSENT REVOKED,CONSENT REVOKED,CONSENT REVOKED,CONSENT REVOKED,CONSENT REVOKED,CONSENT REVOKED,CONSENT REVOKED
62b72a09ef0fffd46d7630b2,5e7388c7cbf8d82e7843bdc5,APPROVED,2022-06-25 15:30:18.634000,2022-06-25 15:41:14.738000,656.104,21,354,3,100,2022-06-26 19:54:47.193000,91442ADD,United Kingdom,United Kingdom,Due to start a new job within the next month,English,English,United Kingdom,England,English,Male,Yes
62b72a0c7834b78df113ab2f,5f5baa07da1b62322690b68c,APPROVED,2022-06-25 15:30:21.576000,2022-06-25 15:38:44.059000,502.483,24,268,3,100,2022-06-26 19:54:46.760000,91442ADD,United Kingdom,United Kingdom,Other,English,English,United Kingdom,England,English,Female,No
62b72a2da9e161011e58ca6e,59836c8b06cd1f0001f8e111,REJECTED,2022-06-25 15:30:53.828000,2022-06-25 15:47:06.106000,972.278,40,464,7,98,2022-06-26 19:52:04.776000,91442ADD,United Kingdom,United Kingdom,Part-Time,English,English,United Kingdom,England,English,Female,No
62b72a319a602a137ec0926a,6009b7359e9b700008905dfa,APPROVED,2022-06-25 15:30:57.174000,2022-06-25 15:48:28.325000,1051.151,42,240,5,97,2022-06-26 19:54:43.022000,91442ADD,United Kingdom,Spain,Full-Time,English,"English, Catalan, Italian, Portuguese, French",United Kingdom,England,"English, French, Spanish",Male,No
62b72a37294b7570609e33a3,5e77795324d7c92e567b3e82,RETURNED,2022-06-25 15:31:06.256000,,103327.778444,28,346,7,97,,,CONSENT REVOKED,CONSENT REVOKED,CONSENT REVOKED,CONSENT REVOKED,CONSENT REVOKED,CONSENT REVOKED,CONSENT REVOKED,CONSENT REVOKED,CONSENT REVOKED,CONSENT REVOKED
62b72a3a2bba99b4a05f2a61,59ddb39f62637600014a71c0,APPROVED,2022-06-25 15:31:09.591000,2022-06-25 16:15:04.195000,2634.604,42,292,4,99,2022-06-26 19:54:39.292000,91442ADD,United Kingdom,United Kingdom,"Not in paid work (e.g. homemaker', 'retired or disabled)",English,English,United Kingdom,England,English,Female,No
62b72a4c053aa72095f6cc78,5c58919fe13eef00014215a2,APPROVED,2022-06-25 15:31:26.844000,2022-06-25 15:47:51.537000,984.693,25,166,0,100,2022-06-26 19:54:38.493000,91442ADD,United Kingdom,United Kingdom,Full-Time,English,English,United Kingdom,England,English,Female,No
62b72a60c6806846e013ab2a,615df2a40b24c3727d3a0e4d,RETURNED,2022-06-25 15:31:46.117000,,103287.954611,29,68,1,98,,,CONSENT REVOKED,CONSENT REVOKED,CONSENT REVOKED,CONSENT REVOKED,CONSENT REVOKED,CONSENT REVOKED,CONSENT REVOKED,CONSENT REVOKED,CONSENT REVOKED,CONSENT REVOKED
62b72b2ede5197190e47152c,5be5b43e9633790001c8fd75,APPROVED,2022-06-25 15:35:13.936000,2022-06-25 15:47:02.742000,708.806,36,464,0,100,2022-06-26 19:54:37.172000,91442ADD,United Kingdom,United Kingdom,Full-Time,English,English,United Kingdom,Wales,English,Male,No
62b72b78be7ad32a5a98f5d2,6277fa58c449d119007f774e,APPROVED,2022-06-25 15:36:30.643000,2022-06-25 15:59:41.943000,1391.3,51,27,0,100,2022-06-26 19:54:36.297000,91442ADD,United Kingdom,United Kingdom,Part-Time,English,English,United Kingdom,England,English,Female,No
62b8b9ef2fd67bf655f6cc76,60172619600dc1955ba05f5c,APPROVED,2022-06-26 19:57:05.516000,2022-06-26 20:10:54.186000,828.67,34,367,0,100,2022-06-26 20:12:40.496000,91442ADD,United Kingdom,United Kingdom,"Not in paid work (e.g. homemaker', 'retired or disabled)",English,English,United Kingdom,England,English,Female,No
