session_id,participant_id,status,started_datetime,completed_date_time,time_taken,age,num_approvals,num_rejections,prolific_score,reviewed_at_datetime,entered_code,Country of Birth,Current Country of Residence,Employment Status,First Language,Fluent languages,Nationality,Nationality (UK),Primary Language,Sex,Student Status
62574385ca2ff5c08567dc00,615730e930e2a471ec558454,APPROVED,2022-04-13 21:41:49.383000,2022-04-13 21:52:12.184000,622.801,29,221,4,98,2022-04-14 12:05:11.166000,91442ADD,United Kingdom,United Kingdom,Full-Time,English,English,United Kingdom,England,English,Female,No
6257440b5249a6d7dc05e57d,5b2200bb38fc0c0001312c02,RETURNED,2022-04-13 21:43:44.061000,,51708.175696,39,117,0,100,,,CONSENT REVOKED,CONSENT REVOKED,CONSENT REVOKED,CONSENT REVOKED,CONSENT REVOKED,CONSENT REVOKED,CONSENT REVOKED,CONSENT REVOKED,CONSENT REVOKED,CONSENT REVOKED
62574412aaf802f1b83a5fa6,5a40ee7656ec1100014a21a1,RETURNED,2022-04-13 21:43:49.936000,,51702.314475,42,229,1,100,,,CONSENT REVOKED,CONSENT REVOKED,CONSENT REVOKED,CONSENT REVOKED,CONSENT REVOKED,CONSENT REVOKED,CONSENT REVOKED,CONSENT REVOKED,CONSENT REVOKED,CONSENT REVOKED
62574475156abc9eb20218cf,5a3d8f026d85f80001c23abe,APPROVED,2022-04-13 21:45:31.099000,2022-04-13 22:13:09.387000,1658.288,37,334,1,100,2022-04-14 12:05:08.681000,91442ADD,United Kingdom,United Kingdom,"Not in paid work (e.g. homemaker', 'retired or disabled)",English,English,United Kingdom,England,English,Female,No
62574483f3387d556e2ca4c3,60fdcd3d6b87209860cfad5b,APPROVED,2022-04-13 21:46:01.663000,2022-04-13 22:00:36.872000,875.209,31,56,0,100,2022-04-14 12:05:08.136000,91442ADD,United Kingdom,United Kingdom,Part-Time,English,English,United Kingdom,England,English,Female,No
625744d6e84e09801e878f23,61482d18dbce23237a0dffec,APPROVED,2022-04-13 21:47:05.416000,2022-04-13 21:59:55.451000,770.035,26,102,2,99,2022-04-14 12:05:06.808000,91442ADD,United Kingdom,United Kingdom,Part-Time,English,English,United Kingdom,England,English,Female,No
625744de59458c1d0041df5a,615880bab602227ef02f60f9,APPROVED,2022-04-13 21:47:13.791000,2022-04-13 21:58:37.983000,684.192,41,31,0,100,2022-04-14 12:05:06.119000,91442ADD,United Kingdom,United Kingdom,DATA EXPIRED,English,English,United Kingdom,England,English,Female,No
625744fed2ac401c03b7aad4,6131057db82458b8609961c1,APPROVED,2022-04-13 21:47:45.692000,2022-04-13 21:59:21.322000,695.63,45,155,0,100,2022-04-14 12:05:04.691000,91442ADD,United Kingdom,United Kingdom,Full-Time,English,English,United Kingdom,England,English,Female,No
625744ff23136dd9648bc404,5aae8f78811b2000016f7c7b,APPROVED,2022-04-13 21:47:47.396000,2022-04-13 22:10:14.887000,1347.491,53,589,5,99,2022-04-14 12:05:03.556000,91442ADD,United Kingdom,United Kingdom,"Not in paid work (e.g. homemaker', 'retired or disabled)",English,English,United Kingdom,England,English,Female,No
6257451079e482a5755be4ca,5d8b485caa868c001a4417d5,TIMED-OUT,2022-04-13 21:48:14.386000,,51437.953193,59,243,1,100,,,United Kingdom,United Kingdom,Full-Time,English,English,United Kingdom,England,English,Female,No
62574564b0525e6c8b9c3dff,614755483784c5b133e7d354,APPROVED,2022-04-13 21:49:26.658000,2022-04-13 21:55:14.269000,347.611,39,212,1,100,2022-04-14 12:05:02.002000,91442ADD,United Kingdom,United Kingdom,Full-Time,English,English,United Kingdom,Scotland,English,Female,No
6257459b44b41856f2f7983e,5afdda0456fe2c0001690b1e,APPROVED,2022-04-13 21:50:29.678000,2022-04-13 21:59:03.836000,514.158,43,652,4,99,2022-04-14 12:05:01.128000,91442ADD,United Kingdom,United Kingdom,"Not in paid work (e.g. homemaker', 'retired or disabled)",English,English,United Kingdom,England,English,Female,No
6257560147f3e41499bb78fa,6235af7cfcf3953dab9f365c,APPROVED,2022-04-13 23:00:23.132000,2022-04-13 23:05:35.002000,311.87,49,10,0,100,2022-04-14 12:04:59.577000,91442ADD,United Kingdom,United Kingdom,Full-Time,English,English,United Kingdom,England,English,Female,No
