session_id,participant_id,status,started_datetime,completed_date_time,time_taken,age,num_approvals,num_rejections,prolific_score,reviewed_at_datetime,entered_code,Country of Birth,Current Country of Residence,Employment Status,First Language,Fluent languages,Nationality,Nationality (UK),Primary Language,Sex,Student Status
62b7278a69b759904013ab26,5bf5a1a597b27300017579e5,APPROVED,2022-06-25 15:19:52.434000,2022-06-25 15:28:08.613000,496.179,26,169,3,98,2022-06-25 17:59:12.106000,91442ADD,United Kingdom,United Kingdom,Full-Time,English,English,United Kingdom,England,English,Female,No
62b7295cb4c33d1c399e3398,5a203bca391e270001a0fe37,RETURNED,2022-06-25 15:27:27.822000,,102164.767311,34,434,0,100,,,CONSENT REVOKED,CONSENT REVOKED,CONSENT REVOKED,CONSENT REVOKED,CONSENT REVOKED,CONSENT REVOKED,CONSENT REVOKED,CONSENT REVOKED,CONSENT REVOKED,CONSENT REVOKED
62b729b7b4c33d1c399e339f,613bae70cab01ced932e5e9f,APPROVED,2022-06-25 15:28:58.145000,2022-06-25 15:38:58.445000,600.3,29,369,2,100,2022-06-25 17:59:11.034000,91442ADD,United Kingdom,United Kingdom,Full-Time,English,"English, French",United Kingdom,England,English,Female,No
62b729c28d327f35a5a39e6f,62b2a82f4b92ab8fbee13640,APPROVED,2022-06-25 15:29:17.401000,2022-06-25 15:52:11.560000,1374.159,35,2,0,100,2022-06-25 17:59:05.707000,91442ADD,United Kingdom,United Kingdom,Part-Time,English,English,United Kingdom,England,English,Male,No
62b729c59fd6fc8f3fd922d2,59a6aa43b2130b000179d303,APPROVED,2022-06-25 15:29:11.879000,2022-06-25 15:37:27.355000,495.476,44,805,2,100,2022-06-25 17:59:08.100000,91442ADD,United Kingdom,United Kingdom,Part-Time,English,English,United Kingdom,England,English,Female,No
62b729c90c0ff30ecf5f2a45,6022b5e07dd30c044c6f881c,APPROVED,2022-06-25 15:29:17.359000,2022-06-25 15:46:39.776000,1042.417,42,345,1,100,2022-06-25 17:59:07.176000,91442ADD,United Kingdom,United Kingdom,Full-Time,English,English,United Kingdom,England,English,Male,No
62b729c9bad875e45398f5ed,5f95f7f71193824c90e0b5ef,APPROVED,2022-06-25 15:29:24.599000,2022-06-25 15:41:41.946000,737.347,50,404,7,97,2022-06-25 17:59:04.734000,91442ADD,United Kingdom,United Kingdom,Full-Time,English,English,United Kingdom,England,English,Female,No
62b729d00626db8a972573f6,5f724555188259161d9426c1,APPROVED,2022-06-25 15:29:26.793000,2022-06-25 15:51:21.834000,1315.041,79,589,6,99,2022-06-25 17:59:01.191000,91442ADD,United Kingdom,United Kingdom,"Not in paid work (e.g. homemaker', 'retired or disabled)",English,"Esperanto, English",United Kingdom,Wales,English,Male,No
62b729e3bd3e9c61673fc26c,5dcfd2d783e3090dc7155733,APPROVED,2022-06-25 15:29:54.682000,2022-06-25 15:45:11.348000,916.666,52,390,2,100,2022-06-25 17:59:00.279000,91442ADD,United Kingdom,United Kingdom,Full-Time,English,English,United Kingdom,England,English,Female,No
62b729eab7fc1122e798f5c6,62b22949a3d0a8d422573f97,APPROVED,2022-06-25 15:30:18.679000,2022-06-25 15:48:13.474000,1074.795,57,5,0,100,2022-06-25 17:58:59.211000,91442ADD,United Kingdom,United Kingdom,Full-Time,English,English,United Kingdom,England,English,Male,No
62b72a7a1ac129572d9e3383,5fe72287e7fadb575f94885a,REJECTED,2022-06-25 15:32:20.784000,2022-06-25 15:36:40.806000,260.022,25,375,5,99,2022-06-25 17:54:28.988000,91442ADD,United Kingdom,United Kingdom,Unemployed (and job seeking),English,"English, Urdu, Punjabi, Rather not say",United Kingdom,England,English,Female,No
62b74cff6868635ea234150d,5b71c3960413a1000105f5a9,TIMED-OUT,2022-06-25 17:59:31.244000,,93041.505003,25,186,7,95,,,United Kingdom,United Kingdom,Full-Time,English,English,United Kingdom,England,English,Female,No
62b75ebf8774803a28a89dd3,5c0ca233632102000147c7db,APPROVED,2022-06-25 19:15:11.706000,2022-06-25 19:29:30.536000,858.83,36,924,5,100,2022-06-26 19:49:46.760000,91442ADD,United Kingdom,United Kingdom,Unemployed (and job seeking),English,English,United Kingdom,England,English,Male,No
