session_id,participant_id,status,started_datetime,completed_date_time,time_taken,age,num_approvals,num_rejections,prolific_score,reviewed_at_datetime,entered_code,Country of Birth,Current Country of Residence,Employment Status,First Language,Fluent languages,Nationality,Nationality (UK),Primary Language,Sex,Student Status
62567cf25f212a7f1a525d6f,566d632657f93300052cc296,TIMED-OUT,2022-04-13 07:34:12.876000,,48465.575579,47,72,2,99,,,United Kingdom,United Kingdom,Part-Time,English,English,United Kingdom,England,English,Female,No
62567e1923dc9ad8e6cdece1,5ef239e5d2b90606d74b7561,APPROVED,2022-04-13 07:39:10.721000,2022-04-13 08:05:27.504000,1576.783,22,423,0,100,2022-04-13 10:31:08.119000,91442ADD,United Kingdom,United Kingdom,Unemployed (and job seeking),English,English,United Kingdom,England,English,Female,No
62567e6f6f438c55d4c0eb97,612395735190f6092f35e7dd,APPROVED,2022-04-13 07:40:36.023000,2022-04-13 08:11:26.160000,1850.137,27,123,1,100,2022-04-13 10:31:07.682000,91442ADD,United Kingdom,United Kingdom,Full-Time,English,English,United Kingdom,England,English,Female,No
62567e9c4529b19c9df732c6,59bcd18d3c45a10001ccc88a,APPROVED,2022-04-13 07:41:20.961000,2022-04-13 07:55:35.962000,855.001,33,665,4,100,2022-04-13 10:31:06.595000,91442ADD,United Kingdom,United Kingdom,Full-Time,English,English,United Kingdom,Scotland,English,Male,No
62567e9f3e1b15fbaf985108,5e5fa18acf9c042ddcb82a8a,APPROVED,2022-04-13 07:41:23.903000,2022-04-13 07:53:52.387000,748.484,54,354,2,100,2022-04-13 10:31:06.455000,91442ADD,United Kingdom,United Kingdom,Full-Time,English,English,United Kingdom,England,English,Male,No
62567eb6675e724399671fea,613eefd901a93887944f4a5d,APPROVED,2022-04-13 07:41:47.405000,2022-04-13 08:00:58.092000,1150.687,37,146,1,100,2022-04-13 10:31:06.142000,91442ADD,United Kingdom,United Kingdom,Part-Time,English,English,United Kingdom,England,English,Female,No
62567ed082658a7f6d23d999,5ff8c84b13d09115adf1b49d,APPROVED,2022-04-13 07:42:11.152000,2022-04-13 07:52:35.466000,624.314,25,365,0,100,2022-04-13 10:31:04.828000,91442ADD,United Kingdom,United Kingdom,Full-Time,English,English,United Kingdom,Scotland,English,Female,No
62567f1c7cb61454093c1176,610e4499b18b42ed1a08c16b,APPROVED,2022-04-13 07:43:31.567000,2022-04-13 08:07:14.605000,1423.038,40,168,2,100,2022-04-13 10:31:02.465000,91442ADD,United Kingdom,United Kingdom,Part-Time,English,English,United Kingdom,England,English,Female,No
62567f3d0923b25ab04a0253,616ec78853c823f61fc7afbb,TIMED-OUT,2022-04-13 07:44:02.419000,,47876.190536,28,75,2,99,,,United Kingdom,United Kingdom,Full-Time,English,English,United Kingdom,England,English,Female,No
62567f3ea89d1f6219f3e55e,5c697649ec1fb80001c179e6,RETURNED,2022-04-13 07:44:14.238000,,47864.389105,72,188,3,98,,,CONSENT REVOKED,CONSENT REVOKED,CONSENT REVOKED,CONSENT REVOKED,CONSENT REVOKED,CONSENT REVOKED,CONSENT REVOKED,CONSENT REVOKED,CONSENT REVOKED,CONSENT REVOKED
6256810f20da60d3acc8a48f,5fa4b51274ac2816b05d409a,APPROVED,2022-04-13 07:51:59.371000,2022-04-13 08:09:02.090000,1022.719,48,388,3,99,2022-04-13 10:31:00.154000,91442ADD,United Kingdom,United Kingdom,"Not in paid work (e.g. homemaker', 'retired or disabled)",English,English,United Kingdom,Scotland,English,Female,No
62568d95475210bf5d1b9c15,6130d57da0b6aefe269f63a6,APPROVED,2022-04-13 08:45:13.776000,2022-04-13 08:51:24.438000,370.662,19,273,4,98,2022-04-13 10:30:58.657000,91442ADD,United Kingdom,United Kingdom,Unemployed (and job seeking),English,English,United Kingdom,England,English,Female,No
62568f8001f4161ec64a25f1,611112e93084c23106c91e03,APPROVED,2022-04-13 08:53:32.231000,2022-04-13 09:06:15.536000,763.305,37,388,6,98,2022-04-13 10:30:56.994000,91442ADD,United Kingdom,United Kingdom,Part-Time,English,English,United Kingdom,England,English,Female,No
