"session_id","participant_id","status","started_datetime","completed_date_time","time_taken","age","num_approvals","num_rejections","prolific_score","reviewed_at_datetime","entered_code","Country of Birth","Current Country of Residence","Employment Status","First Language","Fluent languages","Nationality","Nationality (UK)","Primary Language","Sex","Student Status"
"6299ff2324037c3f1919cbee","6294b55e642b7f8a1bda0b19","RETURNED","2022-06-03 12:31:37.907000","","4718.295046","35","4","0","100","","","CONSENT REVOKED","CONSENT REVOKED","CONSENT REVOKED","CONSENT REVOKED","CONSENT REVOKED","CONSENT REVOKED","CONSENT REVOKED","CONSENT REVOKED","CONSENT REVOKED","CONSENT REVOKED"
"6299ffb7fc4f2d42857bfce6","60ad694bb375aaecf92a8ea3","APPROVED","2022-06-03 12:34:04.765000","2022-06-03 12:53:10.695000","1145.93","62","160","1","100","2022-06-03 13:43:47.569000","91442ADD","United Kingdom","United Kingdom","Part-Time","English","English","United Kingdom","England","English","Female","No"
"6299ffc41bfe17afb9dab962","6103ecec19120bbb47800858","APPROVED","2022-06-03 12:34:20.643000","2022-06-03 12:45:01.336000","640.693","49","416","2","100","2022-06-03 13:43:46.509000","91442ADD","United Kingdom","United Kingdom","Full-Time","English","English","United Kingdom","England","English","Male","No"
"6299ffcf37cd9fe1055c2c49","6041432b35b371016982aba7","RETURNED","2022-06-03 12:34:25.493000","","4550.758532","19","241","3","99","","","CONSENT REVOKED","CONSENT REVOKED","CONSENT REVOKED","CONSENT REVOKED","CONSENT REVOKED","CONSENT REVOKED","CONSENT REVOKED","CONSENT REVOKED","CONSENT REVOKED","CONSENT REVOKED"
"6299ffd36250e85a3a4a4e31","5f8351e305d2664b42d85c33","APPROVED","2022-06-03 12:34:30.783000","2022-06-03 12:52:45.403000","1094.62","51","230","2","100","2022-06-03 13:43:44.977000","91442ADD","United Kingdom","United Kingdom","Part-Time","English","English","United Kingdom","England","English","Female","No"
"6299ffd7321416c8169ba3c3","5c8c20361bb19f00169d4f63","APPROVED","2022-06-03 12:34:34.785000","2022-06-03 12:45:04.715000","629.93","28","368","2","100","2022-06-03 13:43:43.609000","91442ADD","United Kingdom","United Kingdom","Full-Time","English","English","United Kingdom","England","English","Female","No"
"629a00269df07a88a44a0479","5b7453a708a01e0001fcece3","APPROVED","2022-06-03 12:35:55.887000","2022-06-03 12:44:25.990000","510.103","37","783","3","100","2022-06-03 13:43:42.276000","91442ADD","United Kingdom","United Kingdom","Full-Time","English","English","United Kingdom","England","English","Female","No"
"629a008adbb034d03578e0d9","6120d5adee3f8ab3d67373f7","APPROVED","2022-06-03 12:37:33.361000","2022-06-03 12:46:47.267000","553.906","28","102","0","100","2022-06-03 13:43:41.279000","91442ADD","United Kingdom","United Kingdom","Full-Time","English","English","United Kingdom","England","English","Female","No"
"629a0090acdea20961dcbfb7","5a5a6c99ac5624000153e40b","APPROVED","2022-06-03 12:37:39.196000","2022-06-03 12:49:24.508000","705.312","25","16","0","100","2022-06-03 13:43:40.170000","91442ADD","United Kingdom","United Kingdom","Full-Time","English","English","United Kingdom","England","English","Female","No"
"629a015bf9e6bcdeada1319a","6299076f5cb59bc2a8ce1ac3","APPROVED","2022-06-03 12:40:59.510000","2022-06-03 12:50:27.389000","567.879","28","1","0","100","2022-06-03 13:43:39.119000","91442ADD","United Kingdom","United Kingdom","Full-Time","English","English","United Kingdom","England","English","Male","No"
"629a01644ca198ec673feea6","5e518637f728911b666282e6","APPROVED","2022-06-03 12:41:10.865000","2022-06-03 12:49:23.357000","492.492","25","718","8","99","2022-06-03 13:43:17.426000","91442ADD","United Kingdom","United Kingdom","Not in paid work (e.g. homemaker', 'retired or disabled)","English","English","United Kingdom","England","English","Female","No"
"629a02d9c0d7ed5a2186fc29","629961ec5a0e68159b296b66","APPROVED","2022-06-03 12:47:25.865000","2022-06-03 12:57:20.574000","594.709","19","2","0","100","2022-06-03 13:42:52.263000","91442ADD","United Kingdom","United Kingdom","Full-Time","English","English","United Kingdom","England","English","Male","No"