session_id,participant_id,status,started_datetime,completed_date_time,time_taken,age,num_approvals,num_rejections,prolific_score,reviewed_at_datetime,entered_code,Country of Birth,Current Country of Residence,Employment Status,First Language,Fluent languages,Nationality,Nationality (UK),Primary Language,Sex,Student Status
62aafe9766bc34a45c27517d,60da00d7b3771bbfa2d42297,APPROVED,2022-06-16 09:57:47.636000,2022-06-16 10:06:50.039000,542.403,36,109,0,100,2022-06-23 12:55:29.184000,91442ADD,United Kingdom,United Kingdom,Full-Time,English,English,United Kingdom,England,English,Male,Yes
62ab0144b243e69c76470421,5ce0ac2b00d670000184f68a,RETURNED,2022-06-16 10:20:00.058000,,614164.40713,36,232,6,97,,,CONSENT REVOKED,CONSENT REVOKED,CONSENT REVOKED,CONSENT REVOKED,CONSENT REVOKED,CONSENT REVOKED,CONSENT REVOKED,CONSENT REVOKED,CONSENT REVOKED,CONSENT REVOKED
62ab02506904d860c6e3b81c,5e4a7021b58e624c9e8e1df4,APPROVED,2022-06-16 10:13:39.738000,2022-06-16 10:41:30.768000,1671.03,29,244,1,100,2022-06-23 12:55:28.644000,91442ADD,United Kingdom,United Kingdom,Full-Time,English,English,United Kingdom,England,English,Female,No
62ab0259da912f857111d21f,613a328e1b4cb4d9c08837a3,APPROVED,2022-06-16 10:13:47.348000,2022-06-16 10:20:31.727000,404.379,26,149,1,100,2022-06-23 12:55:27.155000,91442ADD,United Kingdom,United Kingdom,Part-Time,English,English,United Kingdom,England,English,Female,No
62ab0272676cf3e2258ba748,5d1aaa554d7eea00170c45c3,RETURNED,2022-06-16 10:14:15.102000,,614509.40697,62,803,4,100,,,CONSENT REVOKED,CONSENT REVOKED,CONSENT REVOKED,CONSENT REVOKED,CONSENT REVOKED,CONSENT REVOKED,CONSENT REVOKED,CONSENT REVOKED,CONSENT REVOKED,CONSENT REVOKED
62ab0277d399c35391e9eea2,6127d45336e0be10a96fa925,APPROVED,2022-06-16 10:14:19.041000,2022-06-16 10:31:46.475000,1047.434,34,143,0,100,2022-06-23 12:55:25.273000,91442ADD,United Kingdom,United Kingdom,Full-Time,English,English,United Kingdom,Wales,English,Female,No
62ab027a40eb1612a48ea4b7,5f56c84476632c13430bf939,APPROVED,2022-06-16 10:17:10.345000,2022-06-16 10:48:43.574000,1893.229,21,495,4,99,2022-06-23 12:55:20.464000,91442ADD,United Kingdom,Australia,Part-Time,English,English,United Kingdom,England,English,Male,Yes
62ab0286f3844cea372e0258,5ed12a5eec9433042524d6ee,APPROVED,2022-06-16 10:14:33.727000,2022-06-16 10:25:46.538000,672.811,44,219,0,100,2022-06-23 12:55:24.779000,91442ADD,United Kingdom,Spain,Full-Time,English,"Spanish, English",United Kingdom,England,English,Female,No
62ab028bc0eb98f246e5e7cc,5e282ee3db62baa4628b16ba,RETURNED,2022-06-16 10:14:39.619000,,614484.951423,41,462,1,100,,,CONSENT REVOKED,CONSENT REVOKED,CONSENT REVOKED,CONSENT REVOKED,CONSENT REVOKED,CONSENT REVOKED,CONSENT REVOKED,CONSENT REVOKED,CONSENT REVOKED,CONSENT REVOKED
62ab0293ea2414365c8a8a71,59269aac7724de000109190f,APPROVED,2022-06-16 10:14:45.183000,2022-06-16 10:23:11.516000,506.333,31,927,7,99,2022-06-23 12:55:23.038000,91442ADD,United Kingdom,United Kingdom,"Not in paid work (e.g. homemaker', 'retired or disabled)",English,English,United Kingdom,England,English,Female,No
62ab02f739d947cf518f93c3,5a60b886c0d836000107844d,APPROVED,2022-06-16 10:16:25.660000,2022-06-16 10:24:05.498000,459.838,23,183,1,100,2022-06-23 12:55:21.660000,91442ADD,United Kingdom,United Kingdom,"Not in paid work (e.g. homemaker', 'retired or disabled)",English,English,United Kingdom,England,English,Female,No
62ab03c421d9882c4c632dda,6116e4520a3169da20557a17,APPROVED,2022-06-16 10:19:51.748000,2022-06-16 10:28:03.553000,491.805,24,57,0,100,2022-06-23 12:55:19.947000,91442ADD,United Kingdom,United Kingdom,Full-Time,English,"English, Welsh",United Kingdom,Wales,"English, Welsh",Male,No
62ab03d8098091403d23784f,608fc59b536792be564376d1,RETURNED,2022-06-16 10:20:13.228000,,614151.398899,63,236,1,100,,,CONSENT REVOKED,CONSENT REVOKED,CONSENT REVOKED,CONSENT REVOKED,CONSENT REVOKED,CONSENT REVOKED,CONSENT REVOKED,CONSENT REVOKED,CONSENT REVOKED,CONSENT REVOKED
62ab045ea6850f5d5f860faa,5980e0d4f379630001ecd289,APPROVED,2022-06-16 10:22:24.995000,2022-06-16 10:32:05.551000,580.556,42,1087,22,94,2022-06-23 12:55:18.198000,91442ADD,United Kingdom,United Kingdom,"Not in paid work (e.g. homemaker', 'retired or disabled)",English,English,United Kingdom,England,English,Female,No
