"session_id","participant_id","status","started_datetime","completed_date_time","time_taken","age","num_approvals","num_rejections","prolific_score","reviewed_at_datetime","entered_code","Country of Birth","Current Country of Residence","Employment Status","First Language","Fluent languages","Nationality","Nationality (UK)","Primary Language","Sex","Student Status"
"625599bbdf3fc1b4160c303d","5ea1ce235451670b8c161030","APPROVED","2022-04-12 15:24:45.856000","2022-04-12 15:31:07.473000","381.617","33","317","2","100","2022-04-12 16:41:20.045000","91442ADD","United Kingdom","United Kingdom","Part-Time","English","English","United Kingdom","England","English","Female","No"
"62559a12e71c7eafbd611691","5ab27f8020c3270001dd41d8","APPROVED","2022-04-12 15:26:10.446000","2022-04-12 15:34:29.404000","498.958","46","136","0","100","2022-04-12 16:41:18.105000","91442ADD","United Kingdom","United Kingdom","Part-Time","English","English","United Kingdom","Northern Ireland","English","Female","No"
"62559ac621e027921459d2e3","5c89510e12c937001745a2ed","RETURNED","2022-04-12 15:29:26.743000","","106128.995572","62","601","3","100","","","CONSENT REVOKED","CONSENT REVOKED","CONSENT REVOKED","CONSENT REVOKED","CONSENT REVOKED","CONSENT REVOKED","CONSENT REVOKED","CONSENT REVOKED","CONSENT REVOKED","CONSENT REVOKED"
"62559ad2173b846a5f1229d2","586fbaa37e187d0001cb36d5","APPROVED","2022-04-12 15:29:26.134000","2022-04-12 15:54:15.592000","1489.458","48","1234","1","100","2022-04-12 16:40:22.137000","91442ADD","United Kingdom","United Kingdom","Part-Time","English","English","United Kingdom","England","English","Female","No"
"62559afa4ed67f3162761b57","5f513b56ab1deb33d94b3e4f","RETURNED","2022-04-12 15:30:03.910000","","106091.862442","31","121","0","100","","","CONSENT REVOKED","CONSENT REVOKED","CONSENT REVOKED","CONSENT REVOKED","CONSENT REVOKED","CONSENT REVOKED","CONSENT REVOKED","CONSENT REVOKED","CONSENT REVOKED","CONSENT REVOKED"
"62559b038cdb4f394f7d99f0","6160b7d85ad795c43cbd9530","APPROVED","2022-04-12 15:30:17.349000","2022-04-12 15:48:33.746000","1096.397","55","315","2","99","2022-04-12 16:41:13.704000","91442ADD","United Kingdom","United Kingdom","Part-Time","English","English","United Kingdom","England","English","Male","No"
"62559b25e79f777c6c854b9e","5bb3bac16322c5000158da04","APPROVED","2022-04-12 15:30:50.370000","2022-04-12 15:39:44.689000","534.319","38","459","2","100","2022-04-12 16:41:10.351000","91442ADD","United Kingdom","United Kingdom","Not in paid work (e.g. homemaker', 'retired or disabled)","English","English","United Kingdom","England","English","Female","No"
"62559b337f74336ec42e0958","596386246e30d40001a8c3fc","APPROVED","2022-04-12 15:31:09.736000","2022-04-12 15:45:59.710000","889.974","38","67","0","100","2022-04-12 16:40:39.670000","91442ADD","United Kingdom","United Kingdom","Part-Time","English","English","United Kingdom","England","English","Male","No"
"62559b3885a88f6aaab2aac9","5ca8e124b98ee20016d6e048","APPROVED","2022-04-12 15:31:07.270000","2022-04-12 15:43:38.589000","751.319","32","77","0","100","2022-04-12 16:41:08.848000","91442ADD","United Kingdom","United Kingdom","Full-Time","English","English","United Kingdom","England","English","Female","No"
"62559b4acb02e708f71f5e91","5cf67b231a364e00170a8ca4","APPROVED","2022-04-12 15:31:27.391000","2022-04-12 15:59:47.990000","1700.599","38","323","7","96","2022-04-12 16:41:07.285000","91442ADD","United Kingdom","United Kingdom","Other","English","English","United Kingdom","England","English","Female","No"
"62559cabfe10af65c98aaa6d","5c7320196908be0001b480db","APPROVED","2022-04-12 15:37:44.721000","2022-04-12 15:52:08.042000","863.321","40","124","1","100","2022-04-12 16:41:05.604000","91442ADD","United Kingdom","United Kingdom","Part-Time","English","English","United Kingdom","England","English","Female","No"
"62559cd896f28063b831591d","5c8ba4994fafad0017d758ce","APPROVED","2022-04-12 15:38:22.466000","2022-04-12 15:48:09.825000","587.359","25","31","0","100","2022-04-12 16:41:03.968000","91442ADD","United Kingdom","United Kingdom","Not in paid work (e.g. homemaker', 'retired or disabled)","English","Norwegian, English","United Kingdom","England","English","Female","Yes"