session_id,participant_id,status,started_datetime,completed_date_time,time_taken,age,num_approvals,num_rejections,prolific_score,reviewed_at_datetime,entered_code,Country of Birth,Current Country of Residence,Employment Status,First Language,Fluent languages,Nationality,Nationality (UK),Primary Language,Sex,Student Status
62b72a05189acae49adffc7b,5d56e42779c6ca0001c071b7,RETURNED,2022-06-25 15:30:17.337000,,274245.64935,45,524,4,100,,,CONSENT REVOKED,CONSENT REVOKED,CONSENT REVOKED,CONSENT REVOKED,CONSENT REVOKED,CONSENT REVOKED,CONSENT REVOKED,CONSENT REVOKED,CONSENT REVOKED,CONSENT REVOKED
62b72ae155b8c9dd153fc261,6148f254e3e9781ace195ec0,RETURNED,2022-06-25 15:34:08.504000,,274014.50024,40,344,4,99,,,CONSENT REVOKED,CONSENT REVOKED,CONSENT REVOKED,CONSENT REVOKED,CONSENT REVOKED,CONSENT REVOKED,CONSENT REVOKED,CONSENT REVOKED,CONSENT REVOKED,CONSENT REVOKED
62b72d3cdcf8af7413c579cf,60e0ac8e365f0b68f81e4ba2,APPROVED,2022-06-25 15:44:00.297000,2022-06-25 16:00:02.674000,962.377,60,254,3,99,2022-06-28 19:18:43.650000,91442ADD,United Kingdom,United Kingdom,Part-Time,English,English,United Kingdom,England,English,Female,No
62b72e597fb5e230373fc240,5c71b88ae559500001d1fcf2,APPROVED,2022-06-25 15:48:47.240000,2022-06-25 16:13:43.174000,1495.934,49,689,1,100,2022-06-28 19:18:40.276000,91442ADD,United Kingdom,United Kingdom,DATA EXPIRED,English,"English, German, French",United Kingdom,England,English,Female,DATA EXPIRED
62b72ea06b7e08d5dac579b5,610147745f4b8aea552cc248,APPROVED,2022-06-25 15:49:58.741000,2022-06-25 16:14:03.525000,1444.784,26,321,0,100,2022-06-28 19:18:38.717000,91442ADD,United Kingdom,United Kingdom,Part-Time,English,English,United Kingdom,England,English,Male,No
62b72f5c266b46b8b89e337b,5f61371454efa10bdcfc588d,APPROVED,2022-06-25 15:53:04.283000,2022-06-25 15:58:47.066000,342.783,61,449,4,99,2022-06-28 19:18:38.056000,91442ADD,United Kingdom,United Kingdom,Full-Time,English,English,United Kingdom,England,English,Male,No
62b72f63d10027ed25f6cc5c,6164e2477856c140865063c0,APPROVED,2022-06-25 15:53:41.184000,2022-06-25 16:08:44.115000,902.931,24,98,0,100,2022-06-28 19:17:35.752000,91442ADD,United Kingdom,United Kingdom,Full-Time,English,English,United Kingdom,England,English,Female,Yes
62b72f64c9d55061e8d922e4,5d6a0be3d6abaa001b2fb96a,RETURNED,2022-06-25 15:53:16.283000,,272866.82654,54,468,1,100,,,CONSENT REVOKED,CONSENT REVOKED,CONSENT REVOKED,CONSENT REVOKED,CONSENT REVOKED,CONSENT REVOKED,CONSENT REVOKED,CONSENT REVOKED,CONSENT REVOKED,CONSENT REVOKED
62b72f69b4d8c666a0ba2731,610e4499b18b42ed1a08c16b,APPROVED,2022-06-25 15:53:19.339000,2022-06-25 16:14:19.146000,1259.807,40,204,2,100,2022-06-28 19:17:36.790000,91442ADD,United Kingdom,United Kingdom,Part-Time,English,English,United Kingdom,England,English,Female,No
62b72fc7e5b01eb6a1c09271,5c852c65f8e57d00158a12ca,RETURNED,2022-06-25 15:54:50.725000,,272772.416666,65,877,2,100,,,CONSENT REVOKED,CONSENT REVOKED,CONSENT REVOKED,CONSENT REVOKED,CONSENT REVOKED,CONSENT REVOKED,CONSENT REVOKED,CONSENT REVOKED,CONSENT REVOKED,CONSENT REVOKED
62b72fc838e841d84f9b90ff,62a345fc036f091995c29ae9,APPROVED,2022-06-25 15:54:53.192000,2022-06-25 16:09:59.615000,906.423,47,26,0,100,2022-06-28 19:17:33.799000,91442ADD,United Kingdom,United Kingdom,Full-Time,English,English,United Kingdom,England,English,Male,No
62b72fdc24c1aab4ad400b44,629898de865eca62db050b71,APPROVED,2022-06-25 15:55:12.274000,2022-06-25 16:11:07.710000,955.436,26,30,0,100,2022-06-28 19:17:32.921000,91442ADD,United Kingdom,United Kingdom,"Not in paid work (e.g. homemaker', 'retired or disabled)",English,English,United Kingdom,England,English,Male,No
62b72fdf37dc48bf6d0c57a0,61668d00d12cac88caa9186e,RETURNED,2022-06-25 16:05:11.073000,,272152.119516,33,221,1,100,,,CONSENT REVOKED,CONSENT REVOKED,CONSENT REVOKED,CONSENT REVOKED,CONSENT REVOKED,CONSENT REVOKED,CONSENT REVOKED,CONSENT REVOKED,CONSENT REVOKED,CONSENT REVOKED
62b72fe46b9cc46ea90c576f,604210bd30e44b000bf2544c,REJECTED,2022-06-25 15:55:25.617000,2022-06-25 16:15:19.922000,1194.305,62,419,2,100,2022-06-28 19:12:32.441000,91442ADD,United Kingdom,United Kingdom,Full-Time,English,English,United Kingdom,England,English,Female,No
62b7303119efd8e55feb05aa,61587f16e25d1946774ea99a,APPROVED,2022-06-25 15:56:39.169000,2022-06-25 16:10:36.151000,836.982,46,351,1,100,2022-06-28 19:17:30.696000,91442ADD,United Kingdom,Ireland,Full-Time,English,English,United Kingdom,England,English,Male,No
62bb557f3a2ff2e7be5cb4ce,6071c8c1b41ae0c188450dc0,APPROVED,2022-06-28 19:24:53.532000,2022-06-28 19:36:45.526000,711.994,35,139,0,100,2022-06-28 19:40:37.180000,91442ADD,United Kingdom,United Kingdom,Part-Time,English,English,United Kingdom,England,English,Female,No
