session_id,participant_id,status,started_datetime,completed_date_time,time_taken,age,num_approvals,num_rejections,prolific_score,reviewed_at_datetime,entered_code,Country of Birth,Current Country of Residence,Employment Status,First Language,Fluent languages,Nationality,Nationality (UK),Primary Language,Sex,Student Status
62ab043eb0e48c3f730eb702,5ca0b46e8265280015164984,APPROVED,2022-06-16 10:21:53.899000,2022-06-16 10:30:33.971000,520.072,53,777,6,99,2022-06-23 16:53:36.750000,91442ADD,United Kingdom,United Kingdom,Part-Time,English,English,United Kingdom,England,English,Female,No
62ab0444a7da6b42355d9e68,5e56bea5817a2406b438e438,RETURNED,2022-06-16 10:22:02.373000,,628301.902515,58,321,1,100,,,CONSENT REVOKED,CONSENT REVOKED,CONSENT REVOKED,CONSENT REVOKED,CONSENT REVOKED,CONSENT REVOKED,CONSENT REVOKED,CONSENT REVOKED,CONSENT REVOKED,CONSENT REVOKED
62ab04ae7fc764358c6a0f62,5f68c02bfe85b202e0f00cc7,APPROVED,2022-06-16 10:23:46.377000,2022-06-16 10:34:10.953000,624.576,57,669,7,98,2022-06-23 16:53:34.953000,91442ADD,United Kingdom,United Kingdom,Part-Time,English,English,United Kingdom,England,English,Male,No
62ab04f34111b17596b95b2a,6046796053ec5305cb6c4ffc,APPROVED,2022-06-16 10:24:55.074000,2022-06-16 10:41:16.563000,981.489,26,251,2,100,2022-06-23 16:53:33.851000,91442ADD,United Kingdom,United Kingdom,Full-Time,English,"English, Italian, Spanish, Welsh",United Kingdom,England,English,Male,No
62ab05466590a4250b3d0e58,5bab64edcb1094000199743d,APPROVED,2022-06-16 10:26:20.121000,2022-06-16 10:42:22.670000,962.549,22,148,1,100,2022-06-23 16:53:32.664000,91442ADD,United Kingdom,United Kingdom,Due to start a new job within the next month,English,English,United Kingdom,England,English,Female,Yes
62ab0548b5292e0159c9cc64,6149c322d7184311d5a2c54d,APPROVED,2022-06-16 10:26:26.726000,2022-06-16 10:55:31.380000,1744.654,56,209,1,100,2022-06-23 16:53:31.650000,91442ADD,United Kingdom,United Kingdom,Part-Time,English,English,United Kingdom,England,English,Female,No
62ab0548cd65b2df61bd20b2,603d12efefab50b0ee60e09c,APPROVED,2022-06-16 10:26:30.308000,2022-06-16 10:35:23.392000,533.084,42,199,1,100,2022-06-23 16:53:30.619000,91442ADD,United Kingdom,United Kingdom,Full-Time,English,English,United Kingdom,England,English,Female,No
62ab05623c64ee95021883f3,573b71ac67421f000e19120e,RETURNED,2022-06-16 10:26:55.234000,,628009.128797,57,1769,23,98,,,CONSENT REVOKED,CONSENT REVOKED,CONSENT REVOKED,CONSENT REVOKED,CONSENT REVOKED,CONSENT REVOKED,CONSENT REVOKED,CONSENT REVOKED,CONSENT REVOKED,CONSENT REVOKED
62ab056ab1cd12c528be26a1,5960b6b187bef300013a4b37,APPROVED,2022-06-16 10:26:54.451000,2022-06-16 10:42:51.579000,957.128,41,827,7,100,2022-06-23 16:53:30.309000,91442ADD,United Kingdom,United Kingdom,"Not in paid work (e.g. homemaker', 'retired or disabled)",English,English,United Kingdom,England,English,Female,No
62ab058bf4d075d5ef59b997,5df227eb99b2821302e8dd5b,APPROVED,2022-06-16 10:27:29.123000,2022-06-16 10:46:22.894000,1133.771,27,201,2,100,2022-06-23 16:53:27.923000,91442ADD,United Kingdom,United Kingdom,DATA EXPIRED,English,English,United Kingdom,Northern Ireland,English,Male,No
62ab07462f994d0d5c8f6486,5af5a6464cca7000010c5c6a,APPROVED,2022-06-16 10:34:55.515000,2022-06-16 10:54:31.330000,1175.815,50,251,3,99,2022-06-23 16:53:27.317000,91442ADD,United Kingdom,United Kingdom,"Not in paid work (e.g. homemaker', 'retired or disabled)",English,English,United Kingdom,England,English,Female,No
62ab0814ab324f7b043ce6fb,5f5b8a0de610d92df74219d7,APPROVED,2022-06-16 10:39:14.061000,2022-06-16 10:46:50.231000,456.17,29,351,2,100,2022-06-23 16:53:26.268000,91442ADD,United Kingdom,United Kingdom,Part-Time,English,English,United Kingdom,England,English,Female,No
