session_id,participant_id,status,started_datetime,completed_date_time,time_taken,age,num_approvals,num_rejections,prolific_score,reviewed_at_datetime,entered_code,Country of Birth,Current Country of Residence,Employment Status,First Language,Fluent languages,Nationality,Nationality (UK),Primary Language,Sex,Student Status
62a32da13a011d452ad6a893,5d9d0bd7203419001125dbd7,APPROVED,2022-06-10 11:40:22.595000,2022-06-10 11:52:54.009000,751.414,42,557,1,100,2022-06-13 10:15:47.318000,91442ADD,United Kingdom,United Kingdom,"Not in paid work (e.g. homemaker', 'retired or disabled)",English,English,United Kingdom,England,English,Female,No
62a32e8bf7311938dd3bde3b,5ed7655f65b9ae02428c4cdb,APPROVED,2022-06-10 11:44:13.587000,2022-06-10 11:52:14.210000,480.623,44,357,3,100,2022-06-13 10:15:46.423000,91442ADD,United Kingdom,United Kingdom,Full-Time,English,English,United Kingdom,Scotland,English,Female,No
62a32eec6f874f7abfd3390a,5c8c2e09b828c80018deaced,APPROVED,2022-06-10 11:45:52.433000,2022-06-10 11:57:36.215000,703.782,55,441,0,100,2022-06-13 10:15:45.128000,91442ADD,United Kingdom,United Kingdom,"Not in paid work (e.g. homemaker', 'retired or disabled)",English,English,United Kingdom,England,English,Female,No
62a32f224ab12d8517673896,62794dfe3a158eec2f81fb0b,APPROVED,2022-06-10 11:46:45.885000,2022-06-10 11:58:09.541000,683.656,26,13,0,100,2022-06-13 10:15:44.803000,91442ADD,United Kingdom,United Kingdom,DATA EXPIRED,English,English,United Kingdom,England,English,Female,No
62a32f883d8e40ba68bbbe61,5bfadae32dd20c00013226ca,REJECTED,2022-06-10 11:48:27.202000,2022-06-10 11:57:00.634000,513.432,29,243,1,100,2022-06-13 10:14:43.360000,91442ADD,United Kingdom,United Kingdom,Full-Time,English,English,United Kingdom,Wales,English,Female,No
62a32f9d5c16a05f3a2ddcef,603d0646ae671eb670bc09b9,APPROVED,2022-06-10 11:48:51.232000,2022-06-10 12:05:06.914000,975.682,53,489,1,100,2022-06-13 10:15:43.126000,91442ADD,United Kingdom,United Kingdom,Full-Time,English,English,United Kingdom,England,English,Female,No
62a32f9f56087844b4872148,629f56ce57fed40a48d5567e,APPROVED,2022-06-10 11:48:51.785000,2022-06-10 11:59:16.737000,624.952,35,5,0,100,2022-06-13 10:15:42.032000,91442ADD,United Kingdom,United Kingdom,Unemployed (and job seeking),English,English,United Kingdom,England,English,Male,No
62a32fa01ad0258ab1741cb1,5f8e9f576e3bb70107972a3e,RETURNED,2022-06-10 11:48:51.842000,,262897.862062,36,191,4,95,,,CONSENT REVOKED,CONSENT REVOKED,CONSENT REVOKED,CONSENT REVOKED,CONSENT REVOKED,CONSENT REVOKED,CONSENT REVOKED,CONSENT REVOKED,CONSENT REVOKED,CONSENT REVOKED
62a32fa535ab32945b1291ee,5f84727e4235a10c9117b7a2,APPROVED,2022-06-10 11:48:57.615000,2022-06-10 12:07:09.810000,1092.195,33,219,0,100,2022-06-13 10:15:37.972000,91442ADD,United Kingdom,United Kingdom,Unemployed (and job seeking),English,English,United Kingdom,England,English,Female,No
62a32fb85df127e7dd329181,611bdc0a559f692248bf1c54,APPROVED,2022-06-10 11:49:15.096000,2022-06-10 12:07:09.570000,1074.474,34,194,1,100,2022-06-13 10:15:37.572000,91442ADD,United Kingdom,United Kingdom,Part-Time,English,English,United Kingdom,England,English,Female,No
62a3301727d61f433cdbed8b,610890b3f16ce2a44b73b74a,APPROVED,2022-06-10 11:50:52.474000,2022-06-10 12:00:43.209000,590.735,39,256,0,100,2022-06-13 10:15:36.286000,91442ADD,United Kingdom,United Kingdom,Unemployed (and job seeking),English,English,United Kingdom,England,English,Female,No
62a70eacf8637e11cc32dc21,616ae9c2a6c0fec55d16c130,APPROVED,2022-06-13 10:17:25.451000,2022-06-13 10:29:20.072000,714.621,21,123,0,100,2022-06-13 12:50:24.208000,91442ADD,United Kingdom,United Kingdom,Unemployed (and job seeking),English,English,United Kingdom,England,English,Female,Yes
