"ID";"dataset";"text";"tokens";"label";"redirectUrl"
"1090145948280459264_twitter";"HateXplain";"<user> <user> shut up retard im going to sleep dont do anything dumb";"1- <user>, 2- <user>, 3- shut, 4- up, 5- retard, 6- im, 7- going, 8- to, 9- sleep, 10- dont, 11- do, 12- anything, 13- dumb";"offensive targeting Other";"https://app.prolific.co/submissions/complete?cc=91442ADD"
"2380519_gab";"HateXplain";"the daughter of a high ranking eu official was recently raped and murdered by a refugee centuries later and we are back to child sacrifice";"1- the, 2- daughter, 3- of, 4- a, 5- high, 6- ranking, 7- eu, 8- official, 9- was, 10- recently, 11- raped, 12- and, 13- murdered, 14- by, 15- a, 16- refugee, 17- centuries, 18- later, 19- and, 20- we, 21- are, 22- back, 23- to, 24- child, 25- sacrifice";"hatespeech targeting Refugee";"https://app.prolific.co/submissions/complete?cc=91442ADD"
"1251542925596667904_twitter";"HateXplain";"my mom went out and wore a mask and she said two old men told her that she “ looks like the asians ” i cant believe";"1- my, 2- mom, 3- went, 4- out, 5- and, 6- wore, 7- a, 8- mask, 9- and, 10- she, 11- said, 12- two, 13- old, 14- men, 15- told, 16- her, 17- that, 18- she, 19- “, 20- looks, 21- like, 22- the, 23- asians, 24- ”, 25- i, 26- cant, 27- believe";"hatespeech targeting Asian";"https://app.prolific.co/submissions/complete?cc=91442ADD"
"10938753_gab";"HateXplain";"when i was like <number> i used a stick to wipe a wet dog turd on a little toddler nigger girl and we laughed so hard omg 😹 😹 😹";"1- when, 2- i, 3- was, 4- like, 5- <number>, 6- i, 7- used, 8- a, 9- stick, 10- to, 11- wipe, 12- a, 13- wet, 14- dog, 15- turd, 16- on, 17- a, 18- little, 19- toddler, 20- nigger, 21- girl, 22- and, 23- we, 24- laughed, 25- so, 26- hard, 27- omg, 28- 😹, 29- 😹, 30- 😹";"hatespeech targeting African";"https://app.prolific.co/submissions/complete?cc=91442ADD"
"24227903_gab";"HateXplain";"what the hell is it with shitty gab trolls and calling people monkeys maybe that kike freud was right";"1- what, 2- the, 3- hell, 4- is, 5- it, 6- with, 7- shitty, 8- gab, 9- trolls, 10- and, 11- calling, 12- people, 13- monkeys, 14- maybe, 15- that, 16- kike, 17- freud, 18- was, 19- right";"offensive targeting Jewish";"https://app.prolific.co/submissions/complete?cc=91442ADD"
"1142522499831226368_twitter";"HateXplain";"got into my first car accident 🙄 a bitch was shook";"1- got, 2- into, 3- my, 4- first, 5- car, 6- accident, 7- 🙄, 8- a, 9- bitch, 10- was, 11- shook";"offensive targeting Women";"https://app.prolific.co/submissions/complete?cc=91442ADD"
"1573304_gab";"HateXplain";"in all seriousness there a probability of moslem men attending the million woman march and sexually assaulting them i hope i am wrong";"1- in, 2- all, 3- seriousness, 4- there, 5- a, 6- probability, 7- of, 8- moslem, 9- men, 10- attending, 11- the, 12- million, 13- woman, 14- march, 15- and, 16- sexually, 17- assaulting, 18- them, 19- i, 20- hope, 21- i, 22- am, 23- wrong";"offensive targeting Islam";"https://app.prolific.co/submissions/complete?cc=91442ADD"
"27175705_gab";"HateXplain";"do some research tony you will find out that mohammed was an illiterate sand nigger married to jewesses rabbis were behind the whole islamic scam jews and arabs are basically inbred cousins neither jews or muzzies have any business being in white civilizations";"1- do, 2- some, 3- research, 4- tony, 5- you, 6- will, 7- find, 8- out, 9- that, 10- mohammed, 11- was, 12- an, 13- illiterate, 14- sand, 15- nigger, 16- married, 17- to, 18- jewesses, 19- rabbis, 20- were, 21- behind, 22- the, 23- whole, 24- islamic, 25- scam, 26- jews, 27- and, 28- arabs, 29- are, 30- basically, 31- inbred, 32- cousins, 33- neither, 34- jews, 35- or, 36- muzzies, 37- have, 38- any, 39- business, 40- being, 41- in, 42- white, 43- civilizations";"hatespeech targeting Arab";"https://app.prolific.co/submissions/complete?cc=91442ADD"
"1115717688624668674_twitter";"HateXplain";"<user> ah hes a fuckin retard";"1- <user>, 2- ah, 3- hes, 4- a, 5- fuckin, 6- retard";"offensive targeting Other";"https://app.prolific.co/submissions/complete?cc=91442ADD"
"2408325_gab";"HateXplain";"how many refugees should be admitted to the united states if your answer was greater than zero we have got a problem immigration";"1- how, 2- many, 3- refugees, 4- should, 5- be, 6- admitted, 7- to, 8- the, 9- united, 10- states, 11- if, 12- your, 13- answer, 14- was, 15- greater, 16- than, 17- zero, 18- we, 19- have, 20- got, 21- a, 22- problem, 23- immigration";"offensive targeting Refugee";"https://app.prolific.co/submissions/complete?cc=91442ADD"
"1267061401597521920_twitter";"HateXplain";"<user> and the chinaman will eat both";"1- <user>, 2- and, 3- the, 4- chinaman, 5- will, 6- eat, 7- both";"offensive targeting Asian";"https://app.prolific.co/submissions/complete?cc=91442ADD"
"1927923_gab";"HateXplain";"cant wait to form a rightwingdeathsquad ™ with a few mates and lynch some obnoxious sheboons this black friday";"1- cant, 2- wait, 3- to, 4- form, 5- a, 6- rightwingdeathsquad, 7- ™, 8- with, 9- a, 10- few, 11- mates, 12- and, 13- lynch, 14- some, 15- obnoxious, 16- sheboons, 17- this, 18- black, 19- friday";"hatespeech targeting African";"https://app.prolific.co/submissions/complete?cc=91442ADD"
"24921934_gab";"HateXplain";"when your pussy self is worth a grammatically sound and proper editing then perhaps you will get to read without using your little brain to decipher i really do not have to impress a little kike minded subversive like yourself peace tho trumpowitz so ironical ironybro faggot";"1- when, 2- your, 3- pussy, 4- self, 5- is, 6- worth, 7- a, 8- grammatically, 9- sound, 10- and, 11- proper, 12- editing, 13- then, 14- perhaps, 15- you, 16- will, 17- get, 18- to, 19- read, 20- without, 21- using, 22- your, 23- little, 24- brain, 25- to, 26- decipher, 27- i, 28- really, 29- do, 30- not, 31- have, 32- to, 33- impress, 34- a, 35- little, 36- kike, 37- minded, 38- subversive, 39- like, 40- yourself, 41- peace, 42- tho, 43- trumpowitz, 44- so, 45- ironical, 46- ironybro, 47- faggot";"hatespeech targeting Jewish";"https://app.prolific.co/submissions/complete?cc=91442ADD"
"1089938921633378304_twitter";"HateXplain";"cum in eye ball faggot dickhead fucking cunt slut cakes";"1- cum, 2- in, 3- eye, 4- ball, 5- faggot, 6- dickhead, 7- fucking, 8- cunt, 9- slut, 10- cakes";"offensive targeting Women";"https://app.prolific.co/submissions/complete?cc=91442ADD"
"9993012_gab";"HateXplain";"bill clinton is an evil creature um maybe slick is a mussie rapist all this time";"1- bill, 2- clinton, 3- is, 4- an, 5- evil, 6- creature, 7- um, 8- maybe, 9- slick, 10- is, 11- a, 12- mussie, 13- rapist, 14- all, 15- this, 16- time";"offensive targeting Islam";"https://app.prolific.co/submissions/complete?cc=91442ADD"
"17889104_gab";"HateXplain";"good question if i have not eaten already i would of been triggered into getting one right now however that can wait tomorrow mm the one pizza you know a sand nigger will not make touch";"1- good, 2- question, 3- if, 4- i, 5- have, 6- not, 7- eaten, 8- already, 9- i, 10- would, 11- of, 12- been, 13- triggered, 14- into, 15- getting, 16- one, 17- right, 18- now, 19- however, 20- that, 21- can, 22- wait, 23- tomorrow, 24- mm, 25- the, 26- one, 27- pizza, 28- you, 29- know, 30- a, 31- sand, 32- nigger, 33- will, 34- not, 35- make, 36- touch";"hatespeech targeting Arab";"https://app.prolific.co/submissions/complete?cc=91442ADD"
"1123553860688187394_twitter";"HateXplain";"<user> <user> once a retard always a retard";"1- <user>, 2- <user>, 3- once, 4- a, 5- retard, 6- always, 7- a, 8- retard";"offensive targeting Other";"https://app.prolific.co/submissions/complete?cc=91442ADD"
"24118535_gab";"HateXplain";"i do not lilke the refugee stuff it will come back to bite oz in the ass let them stand and fight";"1- i, 2- do, 3- not, 4- lilke, 5- the, 6- refugee, 7- stuff, 8- it, 9- will, 10- come, 11- back, 12- to, 13- bite, 14- oz, 15- in, 16- the, 17- ass, 18- let, 19- them, 20- stand, 21- and, 22- fight";"offensive targeting Refugee";"https://app.prolific.co/submissions/complete?cc=91442ADD"
"2867779_gab";"HateXplain";"i am an american but i am ethnically chinese people often ask me what does ching chong ching chong mean i always answer it means go fuck yourself you retarded democrat speakfreely";"1- i, 2- am, 3- an, 4- american, 5- but, 6- i, 7- am, 8- ethnically, 9- chinese, 10- people, 11- often, 12- ask, 13- me, 14- what, 15- does, 16- ching, 17- chong, 18- ching, 19- chong, 20- mean, 21- i, 22- always, 23- answer, 24- it, 25- means, 26- go, 27- fuck, 28- yourself, 29- you, 30- retarded, 31- democrat, 32- speakfreely";"offensive targeting Asian";"https://app.prolific.co/submissions/complete?cc=91442ADD"
"19456053_gab";"HateXplain";"apples and oranges you said you liked a paki and loved a nigger not that you enjoyed watching the show they were on hypocrisy";"1- apples, 2- and, 3- oranges, 4- you, 5- said, 6- you, 7- liked, 8- a, 9- paki, 10- and, 11- loved, 12- a, 13- nigger, 14- not, 15- that, 16- you, 17- enjoyed, 18- watching, 19- the, 20- show, 21- they, 22- were, 23- on, 24- hypocrisy";"hatespeech targeting African";"https://app.prolific.co/submissions/complete?cc=91442ADD"
"20773435_gab";"HateXplain";"saint sir adolf was the most lied about person in history for financial political and kike reasons alt right history lesson";"1- saint, 2- sir, 3- adolf, 4- was, 5- the, 6- most, 7- lied, 8- about, 9- person, 10- in, 11- history, 12- for, 13- financial, 14- political, 15- and, 16- kike, 17- reasons, 18- alt, 19- right, 20- history, 21- lesson";"hatespeech targeting Jewish";"https://app.prolific.co/submissions/complete?cc=91442ADD"
"1179055795385831424_twitter";"HateXplain";"my mom be like kill yourself bitch me do not temp me with a good time hoe";"1- my, 2- mom, 3- be, 4- like, 5- kill, 6- yourself, 7- bitch, 8- me, 9- do, 10- not, 11- temp, 12- me, 13- with, 14- a, 15- good, 16- time, 17- hoe";"offensive targeting Women";"https://app.prolific.co/submissions/complete?cc=91442ADD"
"12204885_gab";"HateXplain";"and all the muzzies in the world combined";"1- and, 2- all, 3- the, 4- muzzies, 5- in, 6- the, 7- world, 8- combined";"offensive targeting Islam";"https://app.prolific.co/submissions/complete?cc=91442ADD"
"22283835_gab";"HateXplain";"who the fuck is goatfucker hamed halts maul du beschissener hinterlader";"1- who, 2- the, 3- fuck, 4- is, 5- goatfucker, 6- hamed, 7- halts, 8- maul, 9- du, 10- beschissener, 11- hinterlader";"hatespeech targeting Arab";"https://app.prolific.co/submissions/complete?cc=91442ADD"
"1215641843402203137_twitter";"HateXplain";"🤣 this so ghetto i ’ m ready to get tf";"1- 🤣, 2- this, 3- so, 4- ghetto, 5- i, 6- ’, 7- m, 8- ready, 9- to, 10- get, 11- tf";"offensive targeting Other";"https://app.prolific.co/submissions/complete?cc=91442ADD"
"2457842_gab";"HateXplain";"you can call me extremist degenerate deplorable kk whitest or whatever other name you like immigrants have taken what few job american have and corrupt politicians and corporation have taken the rest so do not give us any of this poor immigrant crap then use our taxes to support them";"1- you, 2- can, 3- call, 4- me, 5- extremist, 6- degenerate, 7- deplorable, 8- kk, 9- whitest, 10- or, 11- whatever, 12- other, 13- name, 14- you, 15- like, 16- immigrants, 17- have, 18- taken, 19- what, 20- few, 21- job, 22- american, 23- have, 24- and, 25- corrupt, 26- politicians, 27- and, 28- corporation, 29- have, 30- taken, 31- the, 32- rest, 33- so, 34- do, 35- not, 36- give, 37- us, 38- any, 39- of, 40- this, 41- poor, 42- immigrant, 43- crap, 44- then, 45- use, 46- our, 47- taxes, 48- to, 49- support, 50- them";"hatespeech targeting Refugee";"https://app.prolific.co/submissions/complete?cc=91442ADD"
"5311962_gab";"HateXplain";"we had a day with immigrants mexicans literally nothing what about days without other groups a day w o asians car accidents fall to all time low math left unsolved";"1- we, 2- had, 3- a, 4- day, 5- with, 6- immigrants, 7- mexicans, 8- literally, 9- nothing, 10- what, 11- about, 12- days, 13- without, 14- other, 15- groups, 16- a, 17- day, 18- w, 19- o, 20- asians, 21- car, 22- accidents, 23- fall, 24- to, 25- all, 26- time, 27- low, 28- math, 29- left, 30- unsolved";"offensive targeting Asian";"https://app.prolific.co/submissions/complete?cc=91442ADD"
"9658057_gab";"HateXplain";"last week i ate at a new hipster bbq restaurant and heard the most god awful nigger noise ever blaring from the speakers it turned out to be what apparently passes for country music these days what the fuck happened";"1- last, 2- week, 3- i, 4- ate, 5- at, 6- a, 7- new, 8- hipster, 9- bbq, 10- restaurant, 11- and, 12- heard, 13- the, 14- most, 15- god, 16- awful, 17- nigger, 18- noise, 19- ever, 20- blaring, 21- from, 22- the, 23- speakers, 24- it, 25- turned, 26- out, 27- to, 28- be, 29- what, 30- apparently, 31- passes, 32- for, 33- country, 34- music, 35- these, 36- days, 37- what, 38- the, 39- fuck, 40- happened";"hatespeech targeting African";"https://app.prolific.co/submissions/complete?cc=91442ADD"
"18979487_gab";"HateXplain";"is luke ford on a mission to infiltrate the altright to prove his kike conversion bona fides";"1- is, 2- luke, 3- ford, 4- on, 5- a, 6- mission, 7- to, 8- infiltrate, 9- the, 10- altright, 11- to, 12- prove, 13- his, 14- kike, 15- conversion, 16- bona, 17- fides";"hatespeech targeting Jewish";"https://app.prolific.co/submissions/complete?cc=91442ADD"
"attention_52";"attention check sentences (HateXplain targeting)";"wish i were there in with you homie we can dominate that white slave together in his bussy and make him entertain us";"1- wish, 2- i, 3- were, 4- there, 5- in, 6- with, 7- you, 8- homie, 9- we, 10- can, 11- dominate, 12- that, 13- white, 14- slave, 15- together, 16- in, 17- his, 18- bussy, 19- and, 20- make, 21- him, 22- entertain, 23- us";"offensive";"https://app.prolific.co/submissions/complete?cc=91442ADD"