"ID";"dataset";"text";"tokens";"label";"redirectUrl"
"12856590_gab";"HateXplain";"last time in vegas there was a shooting it turned out to be a nigger doing it";"1- last, 2- time, 3- in, 4- vegas, 5- there, 6- was, 7- a, 8- shooting, 9- it, 10- turned, 11- out, 12- to, 13- be, 14- a, 15- nigger, 16- doing, 17- it";"hatespeech targeting African";"https://app.prolific.co/submissions/complete?cc=91442ADD"
"1187888012203454464_twitter";"HateXplain";"impression your nigger your scrawny nigger again what a lesbian to keep yourself around for your nigger";"1- impression, 2- your, 3- nigger, 4- your, 5- scrawny, 6- nigger, 7- again, 8- what, 9- a, 10- lesbian, 11- to, 12- keep, 13- yourself, 14- around, 15- for, 16- your, 17- nigger";"hatespeech targeting African";"https://app.prolific.co/submissions/complete?cc=91442ADD"
"17759444_gab";"HateXplain";"how else is a nigger actress going to get a job aside from black woman does dance for visiting white person";"1- how, 2- else, 3- is, 4- a, 5- nigger, 6- actress, 7- going, 8- to, 9- get, 10- a, 11- job, 12- aside, 13- from, 14- black, 15- woman, 16- does, 17- dance, 18- for, 19- visiting, 20- white, 21- person";"hatespeech targeting African";"https://app.prolific.co/submissions/complete?cc=91442ADD"
"1179011901629587467_twitter";"HateXplain";"the person below is a nigger";"1- the, 2- person, 3- below, 4- is, 5- a, 6- nigger";"hatespeech targeting African";"https://app.prolific.co/submissions/complete?cc=91442ADD"
"11142985_gab";"HateXplain";"i have always considered that nigger one of the many anti christ saying name of jesus to do the work of the devil";"1- i, 2- have, 3- always, 4- considered, 5- that, 6- nigger, 7- one, 8- of, 9- the, 10- many, 11- anti, 12- christ, 13- saying, 14- name, 15- of, 16- jesus, 17- to, 18- do, 19- the, 20- work, 21- of, 22- the, 23- devil";"hatespeech targeting African";"https://app.prolific.co/submissions/complete?cc=91442ADD"
"1143985405953564672_twitter";"HateXplain";"i wanna go back to miami and be niggerish";"1- i, 2- wanna, 3- go, 4- back, 5- to, 6- miami, 7- and, 8- be, 9- niggerish";"hatespeech targeting African";"https://app.prolific.co/submissions/complete?cc=91442ADD"
"13690920_gab";"HateXplain";"hollywood does not want to know a fucking thing about this crime unless the nigger is acquitted";"1- hollywood, 2- does, 3- not, 4- want, 5- to, 6- know, 7- a, 8- fucking, 9- thing, 10- about, 11- this, 12- crime, 13- unless, 14- the, 15- nigger, 16- is, 17- acquitted";"hatespeech targeting African";"https://app.prolific.co/submissions/complete?cc=91442ADD"
"1178867951732248577_twitter";"HateXplain";"<user> <user> lmao larry are you a nigger";"1- <user>, 2- <user>, 3- lmao, 4- larry, 5- are, 6- you, 7- a, 8- nigger";"hatespeech targeting African";"https://app.prolific.co/submissions/complete?cc=91442ADD"
"12370283_gab";"HateXplain";"holy crap <user> on twitter is nigger meme central look at this gem from trump un speech";"1- holy, 2- crap, 3- <user>, 4- on, 5- twitter, 6- is, 7- nigger, 8- meme, 9- central, 10- look, 11- at, 12- this, 13- gem, 14- from, 15- trump, 16- un, 17- speech";"hatespeech targeting African";"https://app.prolific.co/submissions/complete?cc=91442ADD"
"1178508067958382592_twitter";"HateXplain";"saints please go get a white qb this week anybody better than that nigger teddy";"1- saints, 2- please, 3- go, 4- get, 5- a, 6- white, 7- qb, 8- this, 9- week, 10- anybody, 11- better, 12- than, 13- that, 14- nigger, 15- teddy";"hatespeech targeting African";"https://app.prolific.co/submissions/complete?cc=91442ADD"
"16728755_gab";"HateXplain";"reality is <percent> of whites vote only <percent> niggers voted trump reality is all one only needs to do is pull <percent> of the <percent> of whites who voted for democrats this is an easier path than trying to muh based maga hat nigger shit <user> is trying to pull";"1- reality, 2- is, 3- <percent>, 4- of, 5- whites, 6- vote, 7- only, 8- <percent>, 9- niggers, 10- voted, 11- trump, 12- reality, 13- is, 14- all, 15- one, 16- only, 17- needs, 18- to, 19- do, 20- is, 21- pull, 22- <percent>, 23- of, 24- the, 25- <percent>, 26- of, 27- whites, 28- who, 29- voted, 30- for, 31- democrats, 32- this, 33- is, 34- an, 35- easier, 36- path, 37- than, 38- trying, 39- to, 40- muh, 41- based, 42- maga, 43- hat, 44- nigger, 45- shit, 46- <user>, 47- is, 48- trying, 49- to, 50- pull";"hatespeech targeting African";"https://app.prolific.co/submissions/complete?cc=91442ADD"
"1178959013842694144_twitter";"HateXplain";"<user> she wanted some of that nigger d";"1- <user>, 2- she, 3- wanted, 4- some, 5- of, 6- that, 7- nigger, 8- d";"offensive targeting African";"https://app.prolific.co/submissions/complete?cc=91442ADD"
"12556329_gab";"HateXplain";"brother azz doing god work and preachin the gospel raise hell and kill nigger babies st robert ray and all god children said amen";"1- brother, 2- azz, 3- doing, 4- god, 5- work, 6- and, 7- preachin, 8- the, 9- gospel, 10- raise, 11- hell, 12- and, 13- kill, 14- nigger, 15- babies, 16- st, 17- robert, 18- ray, 19- and, 20- all, 21- god, 22- children, 23- said, 24- amen";"hatespeech targeting African";"https://app.prolific.co/submissions/complete?cc=91442ADD"
"1178547315872804864_twitter";"HateXplain";"on god ion like white women niggers move";"1- on, 2- god, 3- ion, 4- like, 5- white, 6- women, 7- niggers, 8- move";"hatespeech targeting African";"https://app.prolific.co/submissions/complete?cc=91442ADD"
"20824229_gab";"HateXplain";"where terry a davis when we need him to expose this whiny rat as a vicious cia nigger attemting to bring communism in america";"1- where, 2- terry, 3- a, 4- davis, 5- when, 6- we, 7- need, 8- him, 9- to, 10- expose, 11- this, 12- whiny, 13- rat, 14- as, 15- a, 16- vicious, 17- cia, 18- nigger, 19- attemting, 20- to, 21- bring, 22- communism, 23- in, 24- america";"hatespeech targeting African";"https://app.prolific.co/submissions/complete?cc=91442ADD"
"1143333665671434241_twitter";"HateXplain";"lmao niggas ruin literally everything";"1- lmao, 2- niggas, 3- ruin, 4- literally, 5- everything";"offensive targeting African";"https://app.prolific.co/submissions/complete?cc=91442ADD"
"22626955_gab";"HateXplain";"can you guys say nigger without getting arrested lol";"1- can, 2- you, 3- guys, 4- say, 5- nigger, 6- without, 7- getting, 8- arrested, 9- lol";"offensive targeting African";"https://app.prolific.co/submissions/complete?cc=91442ADD"
"1178771153156018176_twitter";"HateXplain";"black billionaire you know booty suckin this niggers";"1- black, 2- billionaire, 3- you, 4- know, 5- booty, 6- suckin, 7- this, 8- niggers";"offensive targeting African";"https://app.prolific.co/submissions/complete?cc=91442ADD"
"20428009_gab";"HateXplain";"ya because nigger sheboons are so much better lmao oil driller";"1- ya, 2- because, 3- nigger, 4- sheboons, 5- are, 6- so, 7- much, 8- better, 9- lmao, 10- oil, 11- driller";"offensive targeting African";"https://app.prolific.co/submissions/complete?cc=91442ADD"
"1178499104864964610_twitter";"HateXplain";"you are a hennessy bugatti can this nigger make up";"1- you, 2- are, 3- a, 4- hennessy, 5- bugatti, 6- can, 7- this, 8- nigger, 9- make, 10- up";"hatespeech targeting African";"https://app.prolific.co/submissions/complete?cc=91442ADD"
"25108940_gab";"HateXplain";"does not look like an anglo saxon to me fucking piece of nigger shit he will feel right at home in jail he dindu nuffin";"1- does, 2- not, 3- look, 4- like, 5- an, 6- anglo, 7- saxon, 8- to, 9- me, 10- fucking, 11- piece, 12- of, 13- nigger, 14- shit, 15- he, 16- will, 17- feel, 18- right, 19- at, 20- home, 21- in, 22- jail, 23- he, 24- dindu, 25- nuffin";"hatespeech targeting African";"https://app.prolific.co/submissions/complete?cc=91442ADD"
"1178669378700812294_twitter";"HateXplain";"<user> where your ravens stuff trash ass niggers";"1- <user>, 2- where, 3- your, 4- ravens, 5- stuff, 6- trash, 7- ass, 8- niggers";"hatespeech targeting African";"https://app.prolific.co/submissions/complete?cc=91442ADD"
"12770966_gab";"HateXplain";"no she really loved the ugly nigger lol";"1- no, 2- she, 3- really, 4- loved, 5- the, 6- ugly, 7- nigger, 8- lol";"hatespeech targeting African";"https://app.prolific.co/submissions/complete?cc=91442ADD"
"1178321642650587137_twitter";"HateXplain";"<user> people like you are supposed to be in the streets protesting and fighting for your rights coward wignats dindu nuffin ever except cry";"1- <user>, 2- people, 3- like, 4- you, 5- are, 6- supposed, 7- to, 8- be, 9- in, 10- the, 11- streets, 12- protesting, 13- and, 14- fighting, 15- for, 16- your, 17- rights, 18- coward, 19- wignats, 20- dindu, 21- nuffin, 22- ever, 23- except, 24- cry";"hatespeech targeting African";"https://app.prolific.co/submissions/complete?cc=91442ADD"
"15451081_gab";"HateXplain";"are not you late for watching your wife getting gang banged by nigger apes you race traitor cuck a war is coming asshole";"1- are, 2- not, 3- you, 4- late, 5- for, 6- watching, 7- your, 8- wife, 9- getting, 10- gang, 11- banged, 12- by, 13- nigger, 14- apes, 15- you, 16- race, 17- traitor, 18- cuck, 19- a, 20- war, 21- is, 22- coming, 23- asshole";"hatespeech targeting African";"https://app.prolific.co/submissions/complete?cc=91442ADD"
"1178858529370857474_twitter";"HateXplain";"destroy the niggers and the niggers the n ice people";"1- destroy, 2- the, 3- niggers, 4- and, 5- the, 6- niggers, 7- the, 8- n, 9- ice, 10- people";"hatespeech targeting African";"https://app.prolific.co/submissions/complete?cc=91442ADD"
"13075034_gab";"HateXplain";"jim daughty at the croton gazette is a nigger lover dickens sneezed a lot";"1- jim, 2- daughty, 3- at, 4- the, 5- croton, 6- gazette, 7- is, 8- a, 9- nigger, 10- lover, 11- dickens, 12- sneezed, 13- a, 14- lot";"hatespeech targeting African";"https://app.prolific.co/submissions/complete?cc=91442ADD"
"1178778954007810049_twitter";"HateXplain";"for now on if blacks refer to whites as vinallas i will refer blacks as chocolates or niggers";"1- for, 2- now, 3- on, 4- if, 5- blacks, 6- refer, 7- to, 8- whites, 9- as, 10- vinallas, 11- i, 12- will, 13- refer, 14- blacks, 15- as, 16- chocolates, 17- or, 18- niggers";"hatespeech targeting African";"https://app.prolific.co/submissions/complete?cc=91442ADD"
"24665773_gab";"HateXplain";"amy loves to guzzle down nigger cum";"1- amy, 2- loves, 3- to, 4- guzzle, 5- down, 6- nigger, 7- cum";"hatespeech targeting African";"https://app.prolific.co/submissions/complete?cc=91442ADD"
"attention_20";"attention check sentences (HateXplain targeting)";"my country philippines is kickass so back off you damn spanard";"1- my, 2- country, 3- philippines, 4- is, 5- kickass, 6- so, 7- back, 8- off, 9- you, 10- damn, 11- spanard";"offensive";"https://app.prolific.co/submissions/complete?cc=91442ADD"