ID;dataset;text;tokens;label;redirectUrl
15922609_gab;HateXplain;why are retarded lefties even attempting to embarrass him;1- why, 2- are, 3- retarded, 4- lefties, 5- even, 6- attempting, 7- to, 8- embarrass, 9- him;offensive targeting Other;https://app.prolific.co/submissions/complete?cc=91442ADD
1104779161930006530_twitter;HateXplain;<user> and hire illegal aliens to nanny so they can save money;1- <user>, 2- and, 3- hire, 4- illegal, 5- aliens, 6- to, 7- nanny, 8- so, 9- they, 10- can, 11- save, 12- money;offensive targeting Refugee;https://app.prolific.co/submissions/complete?cc=91442ADD
18073241_gab;HateXplain;if someone comes to america legally but then loses their rights after commuting crimes which keeps them incarcerated in american prisons should not they also be deported since they are not protected by the constitution why fill up prisons with immigrants who did not come here for a better life cleanprisons;1- if, 2- someone, 3- comes, 4- to, 5- america, 6- legally, 7- but, 8- then, 9- loses, 10- their, 11- rights, 12- after, 13- commuting, 14- crimes, 15- which, 16- keeps, 17- them, 18- incarcerated, 19- in, 20- american, 21- prisons, 22- should, 23- not, 24- they, 25- also, 26- be, 27- deported, 28- since, 29- they, 30- are, 31- not, 32- protected, 33- by, 34- the, 35- constitution, 36- why, 37- fill, 38- up, 39- prisons, 40- with, 41- immigrants, 42- who, 43- did, 44- not, 45- come, 46- here, 47- for, 48- a, 49- better, 50- life, 51- cleanprisons;offensive targeting Refugee;https://app.prolific.co/submissions/complete?cc=91442ADD
1170701033699495937_twitter;HateXplain;bitch how you like my nigga picture but don ’ t like mine 🤔 🤔 it ’ clearly the same picture of my son;1- bitch, 2- how, 3- you, 4- like, 5- my, 6- nigga, 7- picture, 8- but, 9- don, 10- ’, 11- t, 12- like, 13- mine, 14- 🤔, 15- 🤔, 16- it, 17- ’, 18- clearly, 19- the, 20- same, 21- picture, 22- of, 23- my, 24- son;offensive targeting African;https://app.prolific.co/submissions/complete?cc=91442ADD
13351205_gab;HateXplain;another voat gem i think we should start shaming the pro diversity people that do not live in the middle of a ghetto like they are advocating;1- another, 2- voat, 3- gem, 4- i, 5- think, 6- we, 7- should, 8- start, 9- shaming, 10- the, 11- pro, 12- diversity, 13- people, 14- that, 15- do, 16- not, 17- live, 18- in, 19- the, 20- middle, 21- of, 22- a, 23- ghetto, 24- like, 25- they, 26- are, 27- advocating;hatespeech targeting African;https://app.prolific.co/submissions/complete?cc=91442ADD
1178902223868370944_twitter;HateXplain;<user> i wanna get my redneck friends to jump them and run them over with our trucks;1- <user>, 2- i, 3- wanna, 4- get, 5- my, 6- redneck, 7- friends, 8- to, 9- jump, 10- them, 11- and, 12- run, 13- them, 14- over, 15- with, 16- our, 17- trucks;offensive targeting Caucasian;https://app.prolific.co/submissions/complete?cc=91442ADD
4812102_gab;HateXplain;the solution to save the white race is clearly to vilify women and not have children after all who wants the burdens of marriage like our dumb ancestors they should have probably just chosen to stroke it out rather than continue on our race;1- the, 2- solution, 3- to, 4- save, 5- the, 6- white, 7- race, 8- is, 9- clearly, 10- to, 11- vilify, 12- women, 13- and, 14- not, 15- have, 16- children, 17- after, 18- all, 19- who, 20- wants, 21- the, 22- burdens, 23- of, 24- marriage, 25- like, 26- our, 27- dumb, 28- ancestors, 29- they, 30- should, 31- have, 32- probably, 33- just, 34- chosen, 35- to, 36- stroke, 37- it, 38- out, 39- rather, 40- than, 41- continue, 42- on, 43- our, 44- race;offensive targeting Caucasian;https://app.prolific.co/submissions/complete?cc=91442ADD
1178833419423354881_twitter;HateXplain;<user> <user> <user> um lol stop being dramatic i was joking that the extra x chromosome is what makes us want to win arguments i never said men can not have emotions or be the same tone it down feminazi;1- <user>, 2- <user>, 3- <user>, 4- um, 5- lol, 6- stop, 7- being, 8- dramatic, 9- i, 10- was, 11- joking, 12- that, 13- the, 14- extra, 15- x, 16- chromosome, 17- is, 18- what, 19- makes, 20- us, 21- want, 22- to, 23- win, 24- arguments, 25- i, 26- never, 27- said, 28- men, 29- can, 30- not, 31- have, 32- emotions, 33- or, 34- be, 35- the, 36- same, 37- tone, 38- it, 39- down, 40- feminazi;offensive targeting Women;https://app.prolific.co/submissions/complete?cc=91442ADD
16275795_gab;HateXplain;reminds me of the salem witch hunts back in the <number> bunch of hysterical women did that too;1- reminds, 2- me, 3- of, 4- the, 5- salem, 6- witch, 7- hunts, 8- back, 9- in, 10- the, 11- <number>, 12- bunch, 13- of, 14- hysterical, 15- women, 16- did, 17- that, 18- too;offensive targeting Women;https://app.prolific.co/submissions/complete?cc=91442ADD
1159079342917292032_twitter;HateXplain;<user> this is a islamic handle;1- <user>, 2- this, 3- is, 4- a, 5- islamic, 6- handle;offensive targeting Islam;https://app.prolific.co/submissions/complete?cc=91442ADD
14906322_gab;HateXplain;<user> pearl clutching beta male hug a muslim soy boys i have got to remember that one;1- <user>, 2- pearl, 3- clutching, 4- beta, 5- male, 6- hug, 7- a, 8- muslim, 9- soy, 10- boys, 11- i, 12- have, 13- got, 14- to, 15- remember, 16- that, 17- one;offensive targeting Islam;https://app.prolific.co/submissions/complete?cc=91442ADD
1125023867741847553_twitter;HateXplain;<user> oh look the nacho nazi is up an tweeting;1- <user>, 2- oh, 3- look, 4- the, 5- nacho, 6- nazi, 7- is, 8- up, 9- an, 10- tweeting;offensive targeting Other;https://app.prolific.co/submissions/complete?cc=91442ADD
15984370_gab;HateXplain;children that do not even exist you bottom feeding retarded sjw go back to twitter if you want to be a virtue signaling libtard;1- children, 2- that, 3- do, 4- not, 5- even, 6- exist, 7- you, 8- bottom, 9- feeding, 10- retarded, 11- sjw, 12- go, 13- back, 14- to, 15- twitter, 16- if, 17- you, 18- want, 19- to, 20- be, 21- a, 22- virtue, 23- signaling, 24- libtard;offensive targeting Other;https://app.prolific.co/submissions/complete?cc=91442ADD
1106611770754564096_twitter;HateXplain;<user> be best my racist violence inciting ass you are complicit in the killing of immigrants;1- <user>, 2- be, 3- best, 4- my, 5- racist, 6- violence, 7- inciting, 8- ass, 9- you, 10- are, 11- complicit, 12- in, 13- the, 14- killing, 15- of, 16- immigrants;offensive targeting Refugee;https://app.prolific.co/submissions/complete?cc=91442ADD
18091796_gab;HateXplain;❓ ❓ if the story is that the right wants immigrants because they are cheap labor just how does that work if all of the immigrants are on welfare as far as lefties wanting votes is concerned we already know that illegals do vote;1- ❓, 2- ❓, 3- if, 4- the, 5- story, 6- is, 7- that, 8- the, 9- right, 10- wants, 11- immigrants, 12- because, 13- they, 14- are, 15- cheap, 16- labor, 17- just, 18- how, 19- does, 20- that, 21- work, 22- if, 23- all, 24- of, 25- the, 26- immigrants, 27- are, 28- on, 29- welfare, 30- as, 31- far, 32- as, 33- lefties, 34- wanting, 35- votes, 36- is, 37- concerned, 38- we, 39- already, 40- know, 41- that, 42- illegals, 43- do, 44- vote;offensive targeting Refugee;https://app.prolific.co/submissions/complete?cc=91442ADD
1170951699554557954_twitter;HateXplain;i pray to god my baby don ’ t come out acting like this retarded ass nigga 🙌 🏽 lord cause he really got issues;1- i, 2- pray, 3- to, 4- god, 5- my, 6- baby, 7- don, 8- ’, 9- t, 10- come, 11- out, 12- acting, 13- like, 14- this, 15- retarded, 16- ass, 17- nigga, 18- 🙌, 19- 🏽, 20- lord, 21- cause, 22- he, 23- really, 24- got, 25- issues;offensive targeting African;https://app.prolific.co/submissions/complete?cc=91442ADD
13415327_gab;HateXplain;who cares they are only soulless niggers;1- who, 2- cares, 3- they, 4- are, 5- only, 6- soulless, 7- niggers;hatespeech targeting African;https://app.prolific.co/submissions/complete?cc=91442ADD
1179031715194511360_twitter;HateXplain;<user> if its not hillbilly cousin fucking town then yes for that price 🤣;1- <user>, 2- if, 3- its, 4- not, 5- hillbilly, 6- cousin, 7- fucking, 8- town, 9- then, 10- yes, 11- for, 12- that, 13- price, 14- 🤣;offensive targeting Caucasian;https://app.prolific.co/submissions/complete?cc=91442ADD
8966174_gab;HateXplain;there is a negative attitude towards whites to many nonwhites we are parasitic and cannot be trusted we uphold institutionalized racism and embrace white privilege these same people find our neighborhoods and our schools to be the most desirable this only creates a hostile environment for us;1- there, 2- is, 3- a, 4- negative, 5- attitude, 6- towards, 7- whites, 8- to, 9- many, 10- nonwhites, 11- we, 12- are, 13- parasitic, 14- and, 15- cannot, 16- be, 17- trusted, 18- we, 19- uphold, 20- institutionalized, 21- racism, 22- and, 23- embrace, 24- white, 25- privilege, 26- these, 27- same, 28- people, 29- find, 30- our, 31- neighborhoods, 32- and, 33- our, 34- schools, 35- to, 36- be, 37- the, 38- most, 39- desirable, 40- this, 41- only, 42- creates, 43- a, 44- hostile, 45- environment, 46- for, 47- us;offensive targeting Caucasian;https://app.prolific.co/submissions/complete?cc=91442ADD
1115856536876847105_twitter;HateXplain;she call me a thot lil bitch you is a ho too 💀;1- she, 2- call, 3- me, 4- a, 5- thot, 6- lil, 7- bitch, 8- you, 9- is, 10- a, 11- ho, 12- too, 13- 💀;offensive targeting Women;https://app.prolific.co/submissions/complete?cc=91442ADD
1639890_gab;HateXplain;a b testing is a bitch when you can not find a delete button <user>;1- a, 2- b, 3- testing, 4- is, 5- a, 6- bitch, 7- when, 8- you, 9- can, 10- not, 11- find, 12- a, 13- delete, 14- button, 15- <user>;offensive targeting Women;https://app.prolific.co/submissions/complete?cc=91442ADD
1160429099321561090_twitter;HateXplain;<user> swear that almost <number> of school shooters are white americans but yeah no watch out for them scary muslims they might getcha;1- <user>, 2- swear, 3- that, 4- almost, 5- <number>, 6- of, 7- school, 8- shooters, 9- are, 10- white, 11- americans, 12- but, 13- yeah, 14- no, 15- watch, 16- out, 17- for, 18- them, 19- scary, 20- muslims, 21- they, 22- might, 23- getcha;offensive targeting Islam;https://app.prolific.co/submissions/complete?cc=91442ADD
14950628_gab;HateXplain;yazidi women were much sought after by isis monsters due to their quite undiluted aryan beauty fair skin blue eyes often blonde their religion has kept their blood too unlike other moslem kurds;1- yazidi, 2- women, 3- were, 4- much, 5- sought, 6- after, 7- by, 8- isis, 9- monsters, 10- due, 11- to, 12- their, 13- quite, 14- undiluted, 15- aryan, 16- beauty, 17- fair, 18- skin, 19- blue, 20- eyes, 21- often, 22- blonde, 23- their, 24- religion, 25- has, 26- kept, 27- their, 28- blood, 29- too, 30- unlike, 31- other, 32- moslem, 33- kurds;hatespeech targeting Islam;https://app.prolific.co/submissions/complete?cc=91442ADD
1144541730055680001_twitter;HateXplain;<user> <user> you are so fucking retarded;1- <user>, 2- <user>, 3- you, 4- are, 5- so, 6- fucking, 7- retarded;offensive targeting Other;https://app.prolific.co/submissions/complete?cc=91442ADD
16031140_gab;HateXplain;justin trudeau is the retarded asshole bastard son of fidel castro;1- justin, 2- trudeau, 3- is, 4- the, 5- retarded, 6- asshole, 7- bastard, 8- son, 9- of, 10- fidel, 11- castro;offensive targeting Other;https://app.prolific.co/submissions/complete?cc=91442ADD
1109574857803616257_twitter;HateXplain;<user> once we cut down the amount of illegal aliens coming in we can spend that money on americans;1- <user>, 2- once, 3- we, 4- cut, 5- down, 6- the, 7- amount, 8- of, 9- illegal, 10- aliens, 11- coming, 12- in, 13- we, 14- can, 15- spend, 16- that, 17- money, 18- on, 19- americans;offensive targeting Refugee;https://app.prolific.co/submissions/complete?cc=91442ADD
18108537_gab;HateXplain;i am shocked at he fucking refugees in our news media;1- i, 2- am, 3- shocked, 4- at, 5- he, 6- fucking, 7- refugees, 8- in, 9- our, 10- news, 11- media;offensive targeting Refugee;https://app.prolific.co/submissions/complete?cc=91442ADD
1171063882946732032_twitter;HateXplain;i think small side face tats are so ghetto fabulous ugh when i make it in this world i might have to fuck around amp cop one;1- i, 2- think, 3- small, 4- side, 5- face, 6- tats, 7- are, 8- so, 9- ghetto, 10- fabulous, 11- ugh, 12- when, 13- i, 14- make, 15- it, 16- in, 17- this, 18- world, 19- i, 20- might, 21- have, 22- to, 23- fuck, 24- around, 25- amp, 26- cop, 27- one;offensive targeting African;https://app.prolific.co/submissions/complete?cc=91442ADD
13528053_gab;HateXplain;willard spratt willard spratt <number> hours ago these thugs do not have enough sense to understand what there doing we need more white players anyway let them go back to ghetto and shoot one another ﻿;1- willard, 2- spratt, 3- willard, 4- spratt, 5- <number>, 6- hours, 7- ago, 8- these, 9- thugs, 10- do, 11- not, 12- have, 13- enough, 14- sense, 15- to, 16- understand, 17- what, 18- there, 19- doing, 20- we, 21- need, 22- more, 23- white, 24- players, 25- anyway, 26- let, 27- them, 28- go, 29- back, 30- to, 31- ghetto, 32- and, 33- shoot, 34- one, 35- another;hatespeech targeting African;https://app.prolific.co/submissions/complete?cc=91442ADD
attention_47;attention check sentences (HateXplain targeting);that nicca told me he wasnt gon na my money till next week;1- that, 2- nicca, 3- told, 4- me, 5- he, 6- wasnt, 7- gon, 8- na, 9- my, 10- money, 11- till, 12- next, 13- week;offensive;https://app.prolific.co/submissions/complete?cc=91442ADD