ID;dataset;text;tokens;label;redirectUrl
1080587314005458944_twitter;HateXplain;<user> you are gay right;1- <user>, 2- you, 3- are, 4- gay, 5- right;offensive targeting Homosexual;https://app.prolific.co/submissions/complete?cc=91442ADD
1082144856229756928_twitter;HateXplain;<user> hux is literally gay and kylo is an ally;1- <user>, 2- hux, 3- is, 4- literally, 5- gay, 6- and, 7- kylo, 8- is, 9- an, 10- ally;offensive targeting Homosexual;https://app.prolific.co/submissions/complete?cc=91442ADD
1082741788375465986_twitter;HateXplain;y ’ all logging onto grindr i am logging into blackboard lmfao i aint that kind of gay like you all;1- y, 2- ’, 3- all, 4- logging, 5- onto, 6- grindr, 7- i, 8- am, 9- logging, 10- into, 11- blackboard, 12- lmfao, 13- i, 14- aint, 15- that, 16- kind, 17- of, 18- gay, 19- like, 20- you, 21- all;offensive targeting Homosexual;https://app.prolific.co/submissions/complete?cc=91442ADD
1083863233201688579_twitter;HateXplain;<user> <user> ur mom is homosexuans;1- <user>, 2- <user>, 3- ur, 4- mom, 5- is, 6- homosexuans;offensive targeting Homosexual;https://app.prolific.co/submissions/complete?cc=91442ADD
1085024874408624128_twitter;HateXplain;man i wish a corny ass rappers like ra the puppet man and chance the faggot would call me to battle <phone>;1- man, 2- i, 3- wish, 4- a, 5- corny, 6- ass, 7- rappers, 8- like, 9- ra, 10- the, 11- puppet, 12- man, 13- and, 14- chance, 15- the, 16- faggot, 17- would, 18- call, 19- me, 20- to, 21- battle, 22- <phone>;offensive targeting Homosexual;https://app.prolific.co/submissions/complete?cc=91442ADD
1085616691348819968_twitter;HateXplain;<user> i say it all the time and is like whatever but tbh those white boots are gay af 😂 😂;1- <user>, 2- i, 3- say, 4- it, 5- all, 6- the, 7- time, 8- and, 9- is, 10- like, 11- whatever, 12- but, 13- tbh, 14- those, 15- white, 16- boots, 17- are, 18- gay, 19- af, 20- 😂, 21- 😂;offensive targeting Homosexual;https://app.prolific.co/submissions/complete?cc=91442ADD
1086804965186830338_twitter;HateXplain;“ i don ’ t have to respect women i ’ m gay ” kevin;1- “, 2- i, 3- don, 4- ’, 5- t, 6- have, 7- to, 8- respect, 9- women, 10- i, 11- ’, 12- m, 13- gay, 14- ”, 15- kevin;offensive targeting Homosexual;https://app.prolific.co/submissions/complete?cc=91442ADD
1087432275158093825_twitter;HateXplain;some of you girls and gays never played with a huge bratz doll head and it shows;1- some, 2- of, 3- you, 4- girls, 5- and, 6- gays, 7- never, 8- played, 9- with, 10- a, 11- huge, 12- bratz, 13- doll, 14- head, 15- and, 16- it, 17- shows;offensive targeting Homosexual;https://app.prolific.co/submissions/complete?cc=91442ADD
1089190993361018881_twitter;HateXplain;<user> and ungrateful bitch still chatted that homophobic chat wow;1- <user>, 2- and, 3- ungrateful, 4- bitch, 5- still, 6- chatted, 7- that, 8- homophobic, 9- chat, 10- wow;offensive targeting Homosexual;https://app.prolific.co/submissions/complete?cc=91442ADD
10900943_gab;HateXplain;faggot we aim to have a fascist echo chamber you faggots have yours on fb and twitter where we are censored you can not be edgy or meme and you control everything now we deserve ours;1- faggot, 2- we, 3- aim, 4- to, 5- have, 6- a, 7- fascist, 8- echo, 9- chamber, 10- you, 11- faggots, 12- have, 13- yours, 14- on, 15- fb, 16- and, 17- twitter, 18- where, 19- we, 20- are, 21- censored, 22- you, 23- can, 24- not, 25- be, 26- edgy, 27- or, 28- meme, 29- and, 30- you, 31- control, 32- everything, 33- now, 34- we, 35- deserve, 36- ours;hatespeech targeting Homosexual;https://app.prolific.co/submissions/complete?cc=91442ADD
1090741502320488448_twitter;HateXplain;i just know that gays with airpods are gonna cheat on me;1- i, 2- just, 3- know, 4- that, 5- gays, 6- with, 7- airpods, 8- are, 9- gonna, 10- cheat, 11- on, 12- me;offensive targeting Homosexual;https://app.prolific.co/submissions/complete?cc=91442ADD
1092414944245673984_twitter;HateXplain;i am the king of the homos;1- i, 2- am, 3- the, 4- king, 5- of, 6- the, 7- homos;offensive targeting Homosexual;https://app.prolific.co/submissions/complete?cc=91442ADD
1093143978059464704_twitter;HateXplain;highlight of my day being shouted at by some randoms in a car for being ‘ dressed like a lesbian ’;1- highlight, 2- of, 3- my, 4- day, 5- being, 6- shouted, 7- at, 8- by, 9- some, 10- randoms, 11- in, 12- a, 13- car, 14- for, 15- being, 16- ‘, 17- dressed, 18- like, 19- a, 20- lesbian, 21- ’;offensive targeting Homosexual;https://app.prolific.co/submissions/complete?cc=91442ADD
1094756935428161536_twitter;HateXplain;<user> can i argue with you about how traps are gay;1- <user>, 2- can, 3- i, 4- argue, 5- with, 6- you, 7- about, 8- how, 9- traps, 10- are, 11- gay;offensive targeting Homosexual;https://app.prolific.co/submissions/complete?cc=91442ADD
1103471143040794624_twitter;HateXplain;<user> u <number> gay my man;1- <user>, 2- u, 3- <number>, 4- gay, 5- my, 6- man;offensive targeting Homosexual;https://app.prolific.co/submissions/complete?cc=91442ADD
1103783031482081286_twitter;HateXplain;oomf just said i shouldn ’ t joke about being homophobic first of all it ’ not a joke fuck gays 😂 😴;1- oomf, 2- just, 3- said, 4- i, 5- shouldn, 6- ’, 7- t, 8- joke, 9- about, 10- being, 11- homophobic, 12- first, 13- of, 14- all, 15- it, 16- ’, 17- not, 18- a, 19- joke, 20- fuck, 21- gays, 22- 😂, 23- 😴;offensive targeting Homosexual;https://app.prolific.co/submissions/complete?cc=91442ADD
1103794245121515520_twitter;HateXplain;don ’ t play gay w me i ’ ll really fuck you;1- don, 2- ’, 3- t, 4- play, 5- gay, 6- w, 7- me, 8- i, 9- ’, 10- ll, 11- really, 12- fuck, 13- you;offensive targeting Homosexual;https://app.prolific.co/submissions/complete?cc=91442ADD
1104763364721475585_twitter;HateXplain;hey ladies did you know that um jungkook gay;1- hey, 2- ladies, 3- did, 4- you, 5- know, 6- that, 7- um, 8- jungkook, 9- gay;offensive targeting Homosexual;https://app.prolific.co/submissions/complete?cc=91442ADD
11060265_gab;HateXplain;admit it grockly you are a fag that can not get your priorities straight other than watching gay porn and fantasizing about milo cock;1- admit, 2- it, 3- grockly, 4- you, 5- are, 6- a, 7- fag, 8- that, 9- can, 10- not, 11- get, 12- your, 13- priorities, 14- straight, 15- other, 16- than, 17- watching, 18- gay, 19- porn, 20- and, 21- fantasizing, 22- about, 23- milo, 24- cock;offensive targeting Homosexual;https://app.prolific.co/submissions/complete?cc=91442ADD
1106029081299058688_twitter;HateXplain;<user> <user> could it be possible to sound more like a faggot;1- <user>, 2- <user>, 3- could, 4- it, 5- be, 6- possible, 7- to, 8- sound, 9- more, 10- like, 11- a, 12- faggot;offensive targeting Homosexual;https://app.prolific.co/submissions/complete?cc=91442ADD
1107038725773627393_twitter;HateXplain;noir is so good you gays;1- noir, 2- is, 3- so, 4- good, 5- you, 6- gays;offensive targeting Homosexual;https://app.prolific.co/submissions/complete?cc=91442ADD
1108075259897352193_twitter;HateXplain;you should go kill yourself for being a lesbian ew don ’ t think of me;1- you, 2- should, 3- go, 4- kill, 5- yourself, 6- for, 7- being, 8- a, 9- lesbian, 10- ew, 11- don, 12- ’, 13- t, 14- think, 15- of, 16- me;hatespeech targeting Homosexual;https://app.prolific.co/submissions/complete?cc=91442ADD
1110220889688145921_twitter;HateXplain;faggot so gay dyke no homo;1- faggot, 2- so, 3- gay, 4- dyke, 5- no, 6- homo;offensive targeting Homosexual;https://app.prolific.co/submissions/complete?cc=91442ADD
1112728630478716928_twitter;HateXplain;<user> you ’ re so gay lmao;1- <user>, 2- you, 3- ’, 4- re, 5- so, 6- gay, 7- lmao;offensive targeting Homosexual;https://app.prolific.co/submissions/complete?cc=91442ADD
1112770907884437505_twitter;HateXplain;nobody gays after a minor inconvenience ok this is homophobic;1- nobody, 2- gays, 3- after, 4- a, 5- minor, 6- inconvenience, 7- ok, 8- this, 9- is, 10- homophobic;offensive targeting Homosexual;https://app.prolific.co/submissions/complete?cc=91442ADD
11130826_gab;HateXplain;unitetheright fucking alt lite shitcucks they all suck that gay jew milo cock and do not hate baste black men guys;1- unitetheright, 2- fucking, 3- alt, 4- lite, 5- shitcucks, 6- they, 7- all, 8- suck, 9- that, 10- gay, 11- jew, 12- milo, 13- cock, 14- and, 15- do, 16- not, 17- hate, 18- baste, 19- black, 20- men, 21- guys;hatespeech targeting Homosexual;https://app.prolific.co/submissions/complete?cc=91442ADD
1114061114743107590_twitter;HateXplain;aventura is coming a celebration for spic hoes and spic gays only;1- aventura, 2- is, 3- coming, 4- a, 5- celebration, 6- for, 7- spic, 8- hoes, 9- and, 10- spic, 11- gays, 12- only;offensive targeting Homosexual;https://app.prolific.co/submissions/complete?cc=91442ADD
1114145629935108096_twitter;HateXplain;<user> he ’ just gay in general no stipulations are needed;1- <user>, 2- he, 3- ’, 4- just, 5- gay, 6- in, 7- general, 8- no, 9- stipulations, 10- are, 11- needed;offensive targeting Homosexual;https://app.prolific.co/submissions/complete?cc=91442ADD
1114610623072088064_twitter;HateXplain;<user> idk man apparently you gotta be a queer to have morals we all must be gay then only explanation;1- <user>, 2- idk, 3- man, 4- apparently, 5- you, 6- gotta, 7- be, 8- a, 9- queer, 10- to, 11- have, 12- morals, 13- we, 14- all, 15- must, 16- be, 17- gay, 18- then, 19- only, 20- explanation;offensive targeting Homosexual;https://app.prolific.co/submissions/complete?cc=91442ADD
attention_32;attention chack sentences (HateXplain targeting);LOOK ARABS Theyre terrorists;1- LOOK, 2- ARABS, 3- Theyre, 4- terrorists;offensive;https://app.prolific.co/submissions/complete?cc=91442ADD