ID;dataset;text;tokens;label;redirectUrl
21362231_gab;HateXplain;did you offa to say which dyke it was btw british history offa dyke <happy>;1- did, 2- you, 3- offa, 4- to, 5- say, 6- which, 7- dyke, 8- it, 9- was, 10- btw, 11- british, 12- history, 13- offa, 14- dyke, 15- <happy>;offensive targeting Homosexual;https://app.prolific.co/submissions/complete?cc=91442ADD
1178915039924895744_twitter;HateXplain;<user> <user> this is why no one likes ugly faggots out of my sight you roach;1- <user>, 2- <user>, 3- this, 4- is, 5- why, 6- no, 7- one, 8- likes, 9- ugly, 10- faggots, 11- out, 12- of, 13- my, 14- sight, 15- you, 16- roach;hatespeech targeting Homosexual;https://app.prolific.co/submissions/complete?cc=91442ADD
3M7OI89LVYPH1HX3DNMAD4RW6BM6CJ_nf_6;HateXplain;you all niggas different act like faggots;1- you, 2- all, 3- niggas, 4- different, 5- act, 6- like, 7- faggots;offensive targeting Homosexual;https://app.prolific.co/submissions/complete?cc=91442ADD
1178740819529891840_twitter;HateXplain;lmao faggot fell lmao fuck the white boys;1- lmao, 2- faggot, 3- fell, 4- lmao, 5- fuck, 6- the, 7- white, 8- boys;hatespeech targeting Homosexual;https://app.prolific.co/submissions/complete?cc=91442ADD
1178522691382456321_twitter;HateXplain;this faggots came back like go home get a life;1- this, 2- faggots, 3- came, 4- back, 5- like, 6- go, 7- home, 8- get, 9- a, 10- life;offensive targeting Homosexual;https://app.prolific.co/submissions/complete?cc=91442ADD
1179002593172869123_twitter;HateXplain;sado <number> right from the hill into a stream rover dirty waters crystal clear pig dogs caught on a gutless now hung on the tree dry pierced heart you come with fly and maggots a life lived to eat found faggots bud;1- sado, 2- <number>, 3- right, 4- from, 5- the, 6- hill, 7- into, 8- a, 9- stream, 10- rover, 11- dirty, 12- waters, 13- crystal, 14- clear, 15- pig, 16- dogs, 17- caught, 18- on, 19- a, 20- gutless, 21- now, 22- hung, 23- on, 24- the, 25- tree, 26- dry, 27- pierced, 28- heart, 29- you, 30- come, 31- with, 32- fly, 33- and, 34- maggots, 35- a, 36- life, 37- lived, 38- to, 39- eat, 40- found, 41- faggots, 42- bud;offensive targeting Homosexual;https://app.prolific.co/submissions/complete?cc=91442ADD
1178981521459335168_twitter;HateXplain;look man i am sorry i am such a faggot hoe;1- look, 2- man, 3- i, 4- am, 5- sorry, 6- i, 7- am, 8- such, 9- a, 10- faggot, 11- hoe;offensive targeting Homosexual;https://app.prolific.co/submissions/complete?cc=91442ADD
1178044392851959808_twitter;HateXplain;supra is a fucking faggot;1- supra, 2- is, 3- a, 4- fucking, 5- faggot;hatespeech targeting Homosexual;https://app.prolific.co/submissions/complete?cc=91442ADD
7528097_gab;HateXplain;fdr wife was an out and out dyke;1- fdr, 2- wife, 3- was, 4- an, 5- out, 6- and, 7- out, 8- dyke;offensive targeting Homosexual;https://app.prolific.co/submissions/complete?cc=91442ADD
1178738662919589894_twitter;HateXplain;<user> honey i aint u r just into dykes 🥺;1- <user>, 2- honey, 3- i, 4- aint, 5- u, 6- r, 7- just, 8- into, 9- dykes, 10- 🥺;offensive targeting Homosexual;https://app.prolific.co/submissions/complete?cc=91442ADD
1178291985741795329_twitter;HateXplain;<user> <user> love this faggot slutty voice;1- <user>, 2- <user>, 3- love, 4- this, 5- faggot, 6- slutty, 7- voice;offensive targeting Homosexual;https://app.prolific.co/submissions/complete?cc=91442ADD
12846110_gab;HateXplain;stop acting like a dyke and people will not call you a dyke simple;1- stop, 2- acting, 3- like, 4- a, 5- dyke, 6- and, 7- people, 8- will, 9- not, 10- call, 11- you, 12- a, 13- dyke, 14- simple;hatespeech targeting Homosexual;https://app.prolific.co/submissions/complete?cc=91442ADD
13508921_gab;HateXplain;i swear these little queers have nothing better to than make themselves miserable;1- i, 2- swear, 3- these, 4- little, 5- queers, 6- have, 7- nothing, 8- better, 9- to, 10- than, 11- make, 12- themselves, 13- miserable;offensive targeting Homosexual;https://app.prolific.co/submissions/complete?cc=91442ADD
4569323_gab;HateXplain;<user> cell em with the biggest hairiest bull dykes in the joint;1- <user>, 2- cell, 3- em, 4- with, 5- the, 6- biggest, 7- hairiest, 8- bull, 9- dykes, 10- in, 11- the, 12- joint;offensive targeting Homosexual;https://app.prolific.co/submissions/complete?cc=91442ADD
3990041_gab;HateXplain;<user> have observed meltdown in bars before alphas dyke partners storm off mad funny as hell;1- <user>, 2- have, 3- observed, 4- meltdown, 5- in, 6- bars, 7- before, 8- alphas, 9- dyke, 10- partners, 11- storm, 12- off, 13- mad, 14- funny, 15- as, 16- hell;offensive targeting Homosexual;https://app.prolific.co/submissions/complete?cc=91442ADD
1178360025993142275_twitter;HateXplain;<user> i long for the days where faggots who tried to erect some satanic statue wouldve been shot on the spot;1- <user>, 2- i, 3- long, 4- for, 5- the, 6- days, 7- where, 8- faggots, 9- who, 10- tried, 11- to, 12- erect, 13- some, 14- satanic, 15- statue, 16- wouldve, 17- been, 18- shot, 19- on, 20- the, 21- spot;hatespeech targeting Homosexual;https://app.prolific.co/submissions/complete?cc=91442ADD
1178105646454960128_twitter;HateXplain;raindrawp drawp top i look like a faggot in a crop top;1- raindrawp, 2- drawp, 3- top, 4- i, 5- look, 6- like, 7- a, 8- faggot, 9- in, 10- a, 11- crop, 12- top;offensive targeting Homosexual;https://app.prolific.co/submissions/complete?cc=91442ADD
1178494897176711169_twitter;HateXplain;when your dad almost calls you a faggot haha;1- when, 2- your, 3- dad, 4- almost, 5- calls, 6- you, 7- a, 8- faggot, 9- haha;offensive targeting Homosexual;https://app.prolific.co/submissions/complete?cc=91442ADD
12095199_gab;HateXplain;a dyke puts the mannish moves on a femme at a lesbian bar in paris <number> photograph by george brassai;1- a, 2- dyke, 3- puts, 4- the, 5- mannish, 6- moves, 7- on, 8- a, 9- femme, 10- at, 11- a, 12- lesbian, 13- bar, 14- in, 15- paris, 16- <number>, 17- photograph, 18- by, 19- george, 20- brassai;offensive targeting Homosexual;https://app.prolific.co/submissions/complete?cc=91442ADD
22804322_gab;HateXplain;i do not condone bullying but should not the ugly bald commie bull dyke be the one getting bullied not doing the bullying;1- i, 2- do, 3- not, 4- condone, 5- bullying, 6- but, 7- should, 8- not, 9- the, 10- ugly, 11- bald, 12- commie, 13- bull, 14- dyke, 15- be, 16- the, 17- one, 18- getting, 19- bullied, 20- not, 21- doing, 22- the, 23- bullying;hatespeech targeting Homosexual;https://app.prolific.co/submissions/complete?cc=91442ADD
10147013_gab;HateXplain;god hates queers they curse themselves to hell with them thank god for trump and his great decision to protect our military why shud our tax dollars support sin freeks;1- god, 2- hates, 3- queers, 4- they, 5- curse, 6- themselves, 7- to, 8- hell, 9- with, 10- them, 11- thank, 12- god, 13- for, 14- trump, 15- and, 16- his, 17- great, 18- decision, 19- to, 20- protect, 21- our, 22- military, 23- why, 24- shud, 25- our, 26- tax, 27- dollars, 28- support, 29- sin, 30- freeks;offensive targeting Homosexual;https://app.prolific.co/submissions/complete?cc=91442ADD
1505491_gab;HateXplain;<user> i do not know that it means anything more than an observation but he she it lea is the most feminine butch dyke i have ever seen;1- <user>, 2- i, 3- do, 4- not, 5- know, 6- that, 7- it, 8- means, 9- anything, 10- more, 11- than, 12- an, 13- observation, 14- but, 15- he, 16- she, 17- it, 18- lea, 19- is, 20- the, 21- most, 22- feminine, 23- butch, 24- dyke, 25- i, 26- have, 27- ever, 28- seen;offensive targeting Homosexual;https://app.prolific.co/submissions/complete?cc=91442ADD
1178837672699269126_twitter;HateXplain;dababy security explaining why he knocked out that dyke should not be as funny as it is;1- dababy, 2- security, 3- explaining, 4- why, 5- he, 6- knocked, 7- out, 8- that, 9- dyke, 10- should, 11- not, 12- be, 13- as, 14- funny, 15- as, 16- it, 17- is;hatespeech targeting Homosexual;https://app.prolific.co/submissions/complete?cc=91442ADD
1178034572531044352_twitter;HateXplain;you can not speak abt lesbian issues you are a kpop stan ah yes i forgot jungkook took away my dyke card;1- you, 2- can, 3- not, 4- speak, 5- abt, 6- lesbian, 7- issues, 8- you, 9- are, 10- a, 11- kpop, 12- stan, 13- ah, 14- yes, 15- i, 16- forgot, 17- jungkook, 18- took, 19- away, 20- my, 21- dyke, 22- card;offensive targeting Homosexual;https://app.prolific.co/submissions/complete?cc=91442ADD
1178302810007293952_twitter;HateXplain;found a dairy today from when i was like <number> and id written a story in it the story was ben met candy she was one good looking girl and i think that maybe when i started being a secret unknowing faggot;1- found, 2- a, 3- dairy, 4- today, 5- from, 6- when, 7- i, 8- was, 9- like, 10- <number>, 11- and, 12- id, 13- written, 14- a, 15- story, 16- in, 17- it, 18- the, 19- story, 20- was, 21- ben, 22- met, 23- candy, 24- she, 25- was, 26- one, 27- good, 28- looking, 29- girl, 30- and, 31- i, 32- think, 33- that, 34- maybe, 35- when, 36- i, 37- started, 38- being, 39- a, 40- secret, 41- unknowing, 42- faggot;hatespeech targeting Homosexual;https://app.prolific.co/submissions/complete?cc=91442ADD
16288244_gab;HateXplain;even when queers do it only a show henry makow proves that queers are like dogs;1- even, 2- when, 3- queers, 4- do, 5- it, 6- only, 7- a, 8- show, 9- henry, 10- makow, 11- proves, 12- that, 13- queers, 14- are, 15- like, 16- dogs;offensive targeting Homosexual;https://app.prolific.co/submissions/complete?cc=91442ADD
1184694032947007491_twitter;HateXplain;so yes you are still stupid faggots;1- so, 2- yes, 3- you, 4- are, 5- still, 6- stupid, 7- faggots;offensive targeting Homosexual;https://app.prolific.co/submissions/complete?cc=91442ADD
1179013578487037952_twitter;HateXplain;<user> shut up faggot 🤬;1- <user>, 2- shut, 3- up, 4- faggot, 5- 🤬;offensive targeting Homosexual;https://app.prolific.co/submissions/complete?cc=91442ADD
1178696300251926530_twitter;HateXplain;<user> <user> <user> <user> <user> congrats to blues i can appreciate their fans not complete faggots like calgary;1- <user>, 2- <user>, 3- <user>, 4- <user>, 5- <user>, 6- congrats, 7- to, 8- blues, 9- i, 10- can, 11- appreciate, 12- their, 13- fans, 14- not, 15- complete, 16- faggots, 17- like, 18- calgary;hatespeech targeting Homosexual;https://app.prolific.co/submissions/complete?cc=91442ADD
attention_42;attention chack sentences (HateXplain targeting);hes trying to bang a white chick;1- hes, 2- trying, 3- to, 4- bang, 5- a, 6- white, 7- chick;offensive;https://app.prolific.co/submissions/complete?cc=91442ADD