"ID";"dataset";"text";"tokens";"label";"redirectUrl"
"11070324_gab";"HateXplain";"ghetto whites influenced by ghetto blacks can you give one example of when black culture has influenced whites positively nb4 rock n roll";"1- ghetto, 2- whites, 3- influenced, 4- by, 5- ghetto, 6- blacks, 7- can, 8- you, 9- give, 10- one, 11- example, 12- of, 13- when, 14- black, 15- culture, 16- has, 17- influenced, 18- whites, 19- positively, 20- nb4, 21- rock, 22- n, 23- roll";"offensive targeting African";"https://app.prolific.co/submissions/complete?cc=91442ADD"
"1116696609826508800_twitter";"HateXplain";"i hate a nigga with bitch ass tendencies lmfaoo u just got a extra leg u fuckin peon";"1- i, 2- hate, 3- a, 4- nigga, 5- with, 6- bitch, 7- ass, 8- tendencies, 9- lmfaoo, 10- u, 11- just, 12- got, 13- a, 14- extra, 15- leg, 16- u, 17- fuckin, 18- peon";"offensive targeting African";"https://app.prolific.co/submissions/complete?cc=91442ADD"
"11258511_gab";"HateXplain";"yfw deadpool is trolling niggers to death irl";"1- yfw, 2- deadpool, 3- is, 4- trolling, 5- niggers, 6- to, 7- death, 8- irl";"hatespeech targeting African";"https://app.prolific.co/submissions/complete?cc=91442ADD"
"1142817141332291587_twitter";"HateXplain";"😂 😂 😂 😂 😂 y ’ all be so mad at caucasians failing to forget blacks was selling us";"1- 😂, 2- 😂, 3- 😂, 4- 😂, 5- 😂, 6- y, 7- ’, 8- all, 9- be, 10- so, 11- mad, 12- at, 13- caucasians, 14- failing, 15- to, 16- forget, 17- blacks, 18- was, 19- selling, 20- us";"offensive targeting African";"https://app.prolific.co/submissions/complete?cc=91442ADD"
"11544111_gab";"HateXplain";"no it will not we are a movement not a group of atomized individuals you are a very stupid person btw you meant dregs but you have the vocabulary of a retarded nigger";"1- no, 2- it, 3- will, 4- not, 5- we, 6- are, 7- a, 8- movement, 9- not, 10- a, 11- group, 12- of, 13- atomized, 14- individuals, 15- you, 16- are, 17- a, 18- very, 19- stupid, 20- person, 21- btw, 22- you, 23- meant, 24- dregs, 25- but, 26- you, 27- have, 28- the, 29- vocabulary, 30- of, 31- a, 32- retarded, 33- nigger";"hatespeech targeting African";"https://app.prolific.co/submissions/complete?cc=91442ADD"
"1163989090330730498_twitter";"HateXplain";"<user> eggzactamundo negro im just saying im looking thru her tweets and ion think she gets it";"1- <user>, 2- eggzactamundo, 3- negro, 4- im, 5- just, 6- saying, 7- im, 8- looking, 9- thru, 10- her, 11- tweets, 12- and, 13- ion, 14- think, 15- she, 16- gets, 17- it";"offensive targeting African";"https://app.prolific.co/submissions/complete?cc=91442ADD"
"11797678_gab";"HateXplain";"go to any whole foods in a swipple neighborhood and watch the hillary and bernie supporters quietly avoid the lines with negro cashiers similarly there are not many leftists who seek out negro physicians and dentists when your health is on the line race realism trumps race quotas";"1- go, 2- to, 3- any, 4- whole, 5- foods, 6- in, 7- a, 8- swipple, 9- neighborhood, 10- and, 11- watch, 12- the, 13- hillary, 14- and, 15- bernie, 16- supporters, 17- quietly, 18- avoid, 19- the, 20- lines, 21- with, 22- negro, 23- cashiers, 24- similarly, 25- there, 26- are, 27- not, 28- many, 29- leftists, 30- who, 31- seek, 32- out, 33- negro, 34- physicians, 35- and, 36- dentists, 37- when, 38- your, 39- health, 40- is, 41- on, 42- the, 43- line, 44- race, 45- realism, 46- trumps, 47- race, 48- quotas";"offensive targeting African";"https://app.prolific.co/submissions/complete?cc=91442ADD"
"1183869751564668928_twitter";"HateXplain";"atp i need to fuck w a <number> old man that ’ the only way a nigga gone ever understand what i ’ m saying";"1- atp, 2- i, 3- need, 4- to, 5- fuck, 6- w, 7- a, 8- <number>, 9- old, 10- man, 11- that, 12- ’, 13- the, 14- only, 15- way, 16- a, 17- nigga, 18- gone, 19- ever, 20- understand, 21- what, 22- i, 23- ’, 24- m, 25- saying";"hatespeech targeting African";"https://app.prolific.co/submissions/complete?cc=91442ADD"
"11936180_gab";"HateXplain";"actually blacks arabs and jews are the ones who are inbred it appears your mother mated with a monkey though";"1- actually, 2- blacks, 3- arabs, 4- and, 5- jews, 6- are, 7- the, 8- ones, 9- who, 10- are, 11- inbred, 12- it, 13- appears, 14- your, 15- mother, 16- mated, 17- with, 18- a, 19- monkey, 20- though";"hatespeech targeting African";"https://app.prolific.co/submissions/complete?cc=91442ADD"
"1194397681067663360_twitter";"HateXplain";"adjusting for these niggas is ghetto let him adjust to you sis";"1- adjusting, 2- for, 3- these, 4- niggas, 5- is, 6- ghetto, 7- let, 8- him, 9- adjust, 10- to, 11- you, 12- sis";"offensive targeting African";"https://app.prolific.co/submissions/complete?cc=91442ADD"
"11980925_gab";"HateXplain";"a majority white area is a suburb a majority non white area is a ghetto";"1- a, 2- majority, 3- white, 4- area, 5- is, 6- a, 7- suburb, 8- a, 9- majority, 10- non, 11- white, 12- area, 13- is, 14- a, 15- ghetto";"offensive targeting African";"https://app.prolific.co/submissions/complete?cc=91442ADD"
"1200417140647636994_twitter";"HateXplain";"y ’ all niggas is hoes";"1- y, 2- ’, 3- all, 4- niggas, 5- is, 6- hoes";"hatespeech targeting African";"https://app.prolific.co/submissions/complete?cc=91442ADD"
"12070680_gab";"HateXplain";"cyph · <user> · <time> thanks to the slave trade blacks already lost pieces of their identity whe nthe ycame to america and adopted new ones to signal that they had certain shared experiences agreed gabskampf";"1- cyph, 2- ·, 3- <user>, 4- ·, 5- <time>, 6- thanks, 7- to, 8- the, 9- slave, 10- trade, 11- blacks, 12- already, 13- lost, 14- pieces, 15- of, 16- their, 17- identity, 18- whe, 19- nthe, 20- ycame, 21- to, 22- america, 23- and, 24- adopted, 25- new, 26- ones, 27- to, 28- signal, 29- that, 30- they, 31- had, 32- certain, 33- shared, 34- experiences, 35- agreed, 36- gabskampf";"offensive targeting African";"https://app.prolific.co/submissions/complete?cc=91442ADD"
"1209247794755776514_twitter";"HateXplain";"fuck all you gay bitches that are gonna buy the codename elf bundle kys niggers";"1- fuck, 2- all, 3- you, 4- gay, 5- bitches, 6- that, 7- are, 8- gonna, 9- buy, 10- the, 11- codename, 12- elf, 13- bundle, 14- kys, 15- niggers";"hatespeech targeting African";"https://app.prolific.co/submissions/complete?cc=91442ADD"
"12105871_gab";"HateXplain";"negro his biological son there to take back his property i can not find any discrepancies between observed reality and this hypothetical situation";"1- negro, 2- his, 3- biological, 4- son, 5- there, 6- to, 7- take, 8- back, 9- his, 10- property, 11- i, 12- can, 13- not, 14- find, 15- any, 16- discrepancies, 17- between, 18- observed, 19- reality, 20- and, 21- this, 22- hypothetical, 23- situation";"offensive targeting African";"https://app.prolific.co/submissions/complete?cc=91442ADD"
"1212091792893583360_twitter";"HateXplain";"<user> why do u live in the ghetto ratatata";"1- <user>, 2- why, 3- do, 4- u, 5- live, 6- in, 7- the, 8- ghetto, 9- ratatata";"offensive targeting African";"https://app.prolific.co/submissions/complete?cc=91442ADD"
"12137752_gab";"HateXplain";"fucking niggers man";"1- fucking, 2- niggers, 3- man";"hatespeech targeting African";"https://app.prolific.co/submissions/complete?cc=91442ADD"
"1215119887456251904_twitter";"HateXplain";"so this negro told u i lost my voice";"1- so, 2- this, 3- negro, 4- told, 5- u, 6- i, 7- lost, 8- my, 9- voice";"offensive targeting African";"https://app.prolific.co/submissions/complete?cc=91442ADD"
"12171004_gab";"HateXplain";"well <number> there are hundreds of thousands if not millions of instances of blacks saying kill all whites on twitter that will never get removed <number> even in the rare instance of a tweet post removal it almost certain the user wasn t banned point being google apple do not enforce their standard";"1- well, 2- <number>, 3- there, 4- are, 5- hundreds, 6- of, 7- thousands, 8- if, 9- not, 10- millions, 11- of, 12- instances, 13- of, 14- blacks, 15- saying, 16- kill, 17- all, 18- whites, 19- on, 20- twitter, 21- that, 22- will, 23- never, 24- get, 25- removed, 26- <number>, 27- even, 28- in, 29- the, 30- rare, 31- instance, 32- of, 33- a, 34- tweet, 35- post, 36- removal, 37- it, 38- almost, 39- certain, 40- the, 41- user, 42- wasn, 43- t, 44- banned, 45- point, 46- being, 47- google, 48- apple, 49- do, 50- not, 51- enforce, 52- their, 53- standard";"offensive targeting African";"https://app.prolific.co/submissions/complete?cc=91442ADD"
"1217648591403020289_twitter";"HateXplain";"i ’ m tryna get drunk and this negro playing w my emotions";"1- i, 2- ’, 3- m, 4- tryna, 5- get, 6- drunk, 7- and, 8- this, 9- negro, 10- playing, 11- w, 12- my, 13- emotions";"offensive targeting African";"https://app.prolific.co/submissions/complete?cc=91442ADD"
"12203974_gab";"HateXplain";"advocating violence means your either a fed or an idiot tough talk is for soulless niggers you should learn to shit up or think straight";"1- advocating, 2- violence, 3- means, 4- your, 5- either, 6- a, 7- fed, 8- or, 9- an, 10- idiot, 11- tough, 12- talk, 13- is, 14- for, 15- soulless, 16- niggers, 17- you, 18- should, 19- learn, 20- to, 21- shit, 22- up, 23- or, 24- think, 25- straight";"offensive targeting African";"https://app.prolific.co/submissions/complete?cc=91442ADD"
"1221314471794069505_twitter";"HateXplain";"this nigga too good to be true ain ’ t no way he show up to my crib wit a bag full of my favorite food";"1- this, 2- nigga, 3- too, 4- good, 5- to, 6- be, 7- true, 8- ain, 9- ’, 10- t, 11- no, 12- way, 13- he, 14- show, 15- up, 16- to, 17- my, 18- crib, 19- wit, 20- a, 21- bag, 22- full, 23- of, 24- my, 25- favorite, 26- food";"offensive targeting African";"https://app.prolific.co/submissions/complete?cc=91442ADD"
"12223373_gab";"HateXplain";"based on your logic we should be hanging niggers today too";"1- based, 2- on, 3- your, 4- logic, 5- we, 6- should, 7- be, 8- hanging, 9- niggers, 10- today, 11- too";"hatespeech targeting African";"https://app.prolific.co/submissions/complete?cc=91442ADD"
"1222876686477406213_twitter";"HateXplain";"no good in being a good girl when these niggas like these ghetto hoes";"1- no, 2- good, 3- in, 4- being, 5- a, 6- good, 7- girl, 8- when, 9- these, 10- niggas, 11- like, 12- these, 13- ghetto, 14- hoes";"offensive targeting African";"https://app.prolific.co/submissions/complete?cc=91442ADD"
"12296231_gab";"HateXplain";"my mom was watching blues brothers the movie there a part where neo nazis have a rally she said to me mockingly look jews are using blacks to gang up on white people i honestly did not see what was inaccurate about that";"1- my, 2- mom, 3- was, 4- watching, 5- blues, 6- brothers, 7- the, 8- movie, 9- there, 10- a, 11- part, 12- where, 13- neo, 14- nazis, 15- have, 16- a, 17- rally, 18- she, 19- said, 20- to, 21- me, 22- mockingly, 23- look, 24- jews, 25- are, 26- using, 27- blacks, 28- to, 29- gang, 30- up, 31- on, 32- white, 33- people, 34- i, 35- honestly, 36- did, 37- not, 38- see, 39- what, 40- was, 41- inaccurate, 42- about, 43- that";"offensive targeting African";"https://app.prolific.co/submissions/complete?cc=91442ADD"
"1231315507795632133_twitter";"HateXplain";"sharing niggas is too ghetto i ’ m not understanding what y ’ all not getting 😂";"1- sharing, 2- niggas, 3- is, 4- too, 5- ghetto, 6- i, 7- ’, 8- m, 9- not, 10- understanding, 11- what, 12- y, 13- ’, 14- all, 15- not, 16- getting, 17- 😂";"offensive targeting African";"https://app.prolific.co/submissions/complete?cc=91442ADD"
"12323269_gab";"HateXplain";"i guess you are not good at statistics how many cities have whites burned and looted how many ghettos have they created how many first world civilizations have blacks created why did they never invent the wheel or written language why do they still live in mud huts";"1- i, 2- guess, 3- you, 4- are, 5- not, 6- good, 7- at, 8- statistics, 9- how, 10- many, 11- cities, 12- have, 13- whites, 14- burned, 15- and, 16- looted, 17- how, 18- many, 19- ghettos, 20- have, 21- they, 22- created, 23- how, 24- many, 25- first, 26- world, 27- civilizations, 28- have, 29- blacks, 30- created, 31- why, 32- did, 33- they, 34- never, 35- invent, 36- the, 37- wheel, 38- or, 39- written, 40- language, 41- why, 42- do, 43- they, 44- still, 45- live, 46- in, 47- mud, 48- huts";"offensive targeting African";"https://app.prolific.co/submissions/complete?cc=91442ADD"
"1236768959535427586_twitter";"HateXplain";"<user> she gotta take up for the black man but the one she is taking up for is a muslim and not for this country racist mind";"1- <user>, 2- she, 3- gotta, 4- take, 5- up, 6- for, 7- the, 8- black, 9- man, 10- but, 11- the, 12- one, 13- she, 14- is, 15- taking, 16- up, 17- for, 18- is, 19- a, 20- muslim, 21- and, 22- not, 23- for, 24- this, 25- country, 26- racist, 27- mind";"offensive targeting African";"https://app.prolific.co/submissions/complete?cc=91442ADD"
"12423012_gab";"HateXplain";"italian leftist communist unelected and terrorist government is about to give away italian citizenship to every illegal immigrant in italy but other eu countries are not happy because scores of african and arab thugs would also automatically become european citizens d d d";"1- italian, 2- leftist, 3- communist, 4- unelected, 5- and, 6- terrorist, 7- government, 8- is, 9- about, 10- to, 11- give, 12- away, 13- italian, 14- citizenship, 15- to, 16- every, 17- illegal, 18- immigrant, 19- in, 20- italy, 21- but, 22- other, 23- eu, 24- countries, 25- are, 26- not, 27- happy, 28- because, 29- scores, 30- of, 31- african, 32- and, 33- arab, 34- thugs, 35- would, 36- also, 37- automatically, 38- become, 39- european, 40- citizens, 41- d, 42- d, 43- d";"offensive targeting African";"https://app.prolific.co/submissions/complete?cc=91442ADD"
"attention_25";"attention check sentences (HateXplain targeting)";"look dat fuckin american he duznt even know wot real life is like but he thinks he can judge ukrainians";"1- look, 2- dat, 3- fuckin, 4- american, 5- he, 6- duznt, 7- even, 8- know, 9- wot, 10- real, 11- life, 12- is, 13- like, 14- but, 15- he, 16- thinks, 17- he, 18- can, 19- judge, 20- ukrainians";"offensive";"https://app.prolific.co/submissions/complete?cc=91442ADD"