ID;dataset;text;tokens;label;redirectUrl
17511383_gab;HateXplain;saw a pair of bull dykes while shopping today i lol d at them;1- saw, 2- a, 3- pair, 4- of, 5- bull, 6- dykes, 7- while, 8- shopping, 9- today, 10- i, 11- lol, 12- d, 13- at, 14- them;hatespeech targeting Homosexual;https://app.prolific.co/submissions/complete?cc=91442ADD
1178784164931391489_twitter;HateXplain;this dyke wanted to keep arguing sir leave me alone it was a bid at first now you dragging it 😒;1- this, 2- dyke, 3- wanted, 4- to, 5- keep, 6- arguing, 7- sir, 8- leave, 9- me, 10- alone, 11- it, 12- was, 13- a, 14- bid, 15- at, 16- first, 17- now, 18- you, 19- dragging, 20- it, 21- 😒;offensive targeting Homosexual;https://app.prolific.co/submissions/complete?cc=91442ADD
1179092645655797760_twitter;HateXplain;<user> he only love this bcuz his son is gay f my son turns out to b gay great for him but u stl not gone b a queen not n my house;1- <user>, 2- he, 3- only, 4- love, 5- this, 6- bcuz, 7- his, 8- son, 9- is, 10- gay, 11- f, 12- my, 13- son, 14- turns, 15- out, 16- to, 17- b, 18- gay, 19- great, 20- for, 21- him, 22- but, 23- u, 24- stl, 25- not, 26- gone, 27- b, 28- a, 29- queen, 30- not, 31- n, 32- my, 33- house;offensive targeting Homosexual;https://app.prolific.co/submissions/complete?cc=91442ADD
15073757_gab;HateXplain;you promote articles by fat dyke pipe fitters that a fantasy;1- you, 2- promote, 3- articles, 4- by, 5- fat, 6- dyke, 7- pipe, 8- fitters, 9- that, 10- a, 11- fantasy;offensive targeting Homosexual;https://app.prolific.co/submissions/complete?cc=91442ADD
1178302914218954752_twitter;HateXplain;who the hell invited this faggot;1- who, 2- the, 3- hell, 4- invited, 5- this, 6- faggot;offensive targeting Homosexual;https://app.prolific.co/submissions/complete?cc=91442ADD
1178894468423933952_twitter;HateXplain;how you have done everything to open your mouth faggot stephanie is a genious all you have done these years is attack attack and nobody has put a stop to a faggot shit like you;1- how, 2- you, 3- have, 4- done, 5- everything, 6- to, 7- open, 8- your, 9- mouth, 10- faggot, 11- stephanie, 12- is, 13- a, 14- genious, 15- all, 16- you, 17- have, 18- done, 19- these, 20- years, 21- is, 22- attack, 23- attack, 24- and, 25- nobody, 26- has, 27- put, 28- a, 29- stop, 30- to, 31- a, 32- faggot, 33- shit, 34- like, 35- you;hatespeech targeting Homosexual;https://app.prolific.co/submissions/complete?cc=91442ADD
22250251_gab;HateXplain;we can tolerate flesh queers faggots and spirit queers xtians if they closet their predilections but the race cause is about race;1- we, 2- can, 3- tolerate, 4- flesh, 5- queers, 6- faggots, 7- and, 8- spirit, 9- queers, 10- xtians, 11- if, 12- they, 13- closet, 14- their, 15- predilections, 16- but, 17- the, 18- race, 19- cause, 20- is, 21- about, 22- race;offensive targeting Homosexual;https://app.prolific.co/submissions/complete?cc=91442ADD
1087186820662624256_twitter;HateXplain;tom brady seriously is a homo;1- tom, 2- brady, 3- seriously, 4- is, 5- a, 6- homo;offensive targeting Homosexual;https://app.prolific.co/submissions/complete?cc=91442ADD
9165145_gab;HateXplain;self loathing beta males become feminist to get their only chance at a hand job from a fat dyke who hates herself enough to give one to a gender she self proclaims she hates ugly fat ugly;1- self, 2- loathing, 3- beta, 4- males, 5- become, 6- feminist, 7- to, 8- get, 9- their, 10- only, 11- chance, 12- at, 13- a, 14- hand, 15- job, 16- from, 17- a, 18- fat, 19- dyke, 20- who, 21- hates, 22- herself, 23- enough, 24- to, 25- give, 26- one, 27- to, 28- a, 29- gender, 30- she, 31- self, 32- proclaims, 33- she, 34- hates, 35- ugly, 36- fat, 37- ugly;hatespeech targeting Homosexual;https://app.prolific.co/submissions/complete?cc=91442ADD
1179089946507988996_twitter;HateXplain;<user> if you unfollow me you faggot;1- <user>, 2- if, 3- you, 4- unfollow, 5- me, 6- you, 7- faggot;offensive targeting Homosexual;https://app.prolific.co/submissions/complete?cc=91442ADD
1178020872537415681_twitter;HateXplain;getting called buddy by straight men is just the pc way to say faggot;1- getting, 2- called, 3- buddy, 4- by, 5- straight, 6- men, 7- is, 8- just, 9- the, 10- pc, 11- way, 12- to, 13- say, 14- faggot;offensive targeting Homosexual;https://app.prolific.co/submissions/complete?cc=91442ADD
1178628989553913856_twitter;HateXplain;ok gonna block annoying faggots;1- ok, 2- gonna, 3- block, 4- annoying, 5- faggots;offensive targeting Homosexual;https://app.prolific.co/submissions/complete?cc=91442ADD
1178982358592217091_twitter;HateXplain;confirmation having nazi europol and the faggot creating mashup of nazi judges and stateattourneys with militery personal keeping them artificial alive aswell dr greatings hysteric braindammage for domesticationel submission;1- confirmation, 2- having, 3- nazi, 4- europol, 5- and, 6- the, 7- faggot, 8- creating, 9- mashup, 10- of, 11- nazi, 12- judges, 13- and, 14- stateattourneys, 15- with, 16- militery, 17- personal, 18- keeping, 19- them, 20- artificial, 21- alive, 22- aswell, 23- dr, 24- greatings, 25- hysteric, 26- braindammage, 27- for, 28- domesticationel, 29- submission;offensive targeting Homosexual;https://app.prolific.co/submissions/complete?cc=91442ADD
12628261_gab;HateXplain;fact straight up queers suck;1- fact, 2- straight, 3- up, 4- queers, 5- suck;offensive targeting Homosexual;https://app.prolific.co/submissions/complete?cc=91442ADD
1178728780937998337_twitter;HateXplain;<user> <user> listen you faggots it all bollocks you know twat is the best;1- <user>, 2- <user>, 3- listen, 4- you, 5- faggots, 6- it, 7- all, 8- bollocks, 9- you, 10- know, 11- twat, 12- is, 13- the, 14- best;hatespeech targeting Homosexual;https://app.prolific.co/submissions/complete?cc=91442ADD
1177976209126428672_twitter;HateXplain;whoever invented mail merge can absolutely say faggot;1- whoever, 2- invented, 3- mail, 4- merge, 5- can, 6- absolutely, 7- say, 8- faggot;offensive targeting Homosexual;https://app.prolific.co/submissions/complete?cc=91442ADD
1178841789018640385_twitter;HateXplain;you all bitches always posting some faggot ass shit smfh;1- you, 2- all, 3- bitches, 4- always, 5- posting, 6- some, 7- faggot, 8- ass, 9- shit, 10- smfh;offensive targeting Homosexual;https://app.prolific.co/submissions/complete?cc=91442ADD
1178712422841847809_twitter;HateXplain;<user> anyone i see with a pixie cut or a half shaved thing at work i call dykes they are always the customers bitching at work and wanting to speak to a manager whenever we see one it here comes a karen jajajaja 🤣 🤣 the ones con bad multi color hair of;1- <user>, 2- anyone, 3- i, 4- see, 5- with, 6- a, 7- pixie, 8- cut, 9- or, 10- a, 11- half, 12- shaved, 13- thing, 14- at, 15- work, 16- i, 17- call, 18- dykes, 19- they, 20- are, 21- always, 22- the, 23- customers, 24- bitching, 25- at, 26- work, 27- and, 28- wanting, 29- to, 30- speak, 31- to, 32- a, 33- manager, 34- whenever, 35- we, 36- see, 37- one, 38- it, 39- here, 40- comes, 41- a, 42- karen, 43- jajajaja, 44- 🤣, 45- 🤣, 46- the, 47- ones, 48- con, 49- bad, 50- multi, 51- color, 52- hair, 53- of;hatespeech targeting Homosexual;https://app.prolific.co/submissions/complete?cc=91442ADD
1178863549692743683_twitter;HateXplain;going to start exercising my constitutional right call people dumb faggots in public;1- going, 2- to, 3- start, 4- exercising, 5- my, 6- constitutional, 7- right, 8- call, 9- people, 10- dumb, 11- faggots, 12- in, 13- public;hatespeech targeting Homosexual;https://app.prolific.co/submissions/complete?cc=91442ADD
1179076651834957825_twitter;HateXplain;<user> would have pressed that bitch and beat the faggot out of him;1- <user>, 2- would, 3- have, 4- pressed, 5- that, 6- bitch, 7- and, 8- beat, 9- the, 10- faggot, 11- out, 12- of, 13- him;hatespeech targeting Homosexual;https://app.prolific.co/submissions/complete?cc=91442ADD
1178171287786549248_twitter;HateXplain;someone said dykes be running mcdonald like it the navy lmfao;1- someone, 2- said, 3- dykes, 4- be, 5- running, 6- mcdonald, 7- like, 8- it, 9- the, 10- navy, 11- lmfao;offensive targeting Homosexual;https://app.prolific.co/submissions/complete?cc=91442ADD
1178012240382967808_twitter;HateXplain;you insecure lowlife broke ass desperate woman beating momma boy ass niggas are fucking sick get a grip on reality hoe dumbass dykes;1- you, 2- insecure, 3- lowlife, 4- broke, 5- ass, 6- desperate, 7- woman, 8- beating, 9- momma, 10- boy, 11- ass, 12- niggas, 13- are, 14- fucking, 15- sick, 16- get, 17- a, 18- grip, 19- on, 20- reality, 21- hoe, 22- dumbass, 23- dykes;offensive targeting Homosexual;https://app.prolific.co/submissions/complete?cc=91442ADD
12200178_gab;HateXplain;what they thought was a club was actually a dyke sized dildo note ugly dykes are always hillary supporters because tribalism;1- what, 2- they, 3- thought, 4- was, 5- a, 6- club, 7- was, 8- actually, 9- a, 10- dyke, 11- sized, 12- dildo, 13- note, 14- ugly, 15- dykes, 16- are, 17- always, 18- hillary, 19- supporters, 20- because, 21- tribalism;offensive targeting Homosexual;https://app.prolific.co/submissions/complete?cc=91442ADD
12695004_gab;HateXplain;to be fair i said that you are not a dyke yet but will be in about <number> years after you are very post wall probably less than <number> years;1- to, 2- be, 3- fair, 4- i, 5- said, 6- that, 7- you, 8- are, 9- not, 10- a, 11- dyke, 12- yet, 13- but, 14- will, 15- be, 16- in, 17- about, 18- <number>, 19- years, 20- after, 21- you, 22- are, 23- very, 24- post, 25- wall, 26- probably, 27- less, 28- than, 29- <number>, 30- years;offensive targeting Homosexual;https://app.prolific.co/submissions/complete?cc=91442ADD
1179090464290611201_twitter;HateXplain;<user> haha imagine liking tj3 environment made vy not a faggot gang;1- <user>, 2- haha, 3- imagine, 4- liking, 5- tj3, 6- environment, 7- made, 8- vy, 9- not, 10- a, 11- faggot, 12- gang;offensive targeting Homosexual;https://app.prolific.co/submissions/complete?cc=91442ADD
14540216_gab;HateXplain;as all of us know queers like to masturbate in the intestines of someone else obviously this does not mean they d like to do that moreso in the intestines of someone who is not yet of legal age or who cannot reproduce themoaryoulearn;1- as, 2- all, 3- of, 4- us, 5- know, 6- queers, 7- like, 8- to, 9- masturbate, 10- in, 11- the, 12- intestines, 13- of, 14- someone, 15- else, 16- obviously, 17- this, 18- does, 19- not, 20- mean, 21- they, 22- d, 23- like, 24- to, 25- do, 26- that, 27- moreso, 28- in, 29- the, 30- intestines, 31- of, 32- someone, 33- who, 34- is, 35- not, 36- yet, 37- of, 38- legal, 39- age, 40- or, 41- who, 42- cannot, 43- reproduce, 44- themoaryoulearn;hatespeech targeting Homosexual;https://app.prolific.co/submissions/complete?cc=91442ADD
1178308562776395777_twitter;HateXplain;dieting is for women and slim waist twink faggots;1- dieting, 2- is, 3- for, 4- women, 5- and, 6- slim, 7- waist, 8- twink, 9- faggots;offensive targeting Homosexual;https://app.prolific.co/submissions/complete?cc=91442ADD
1179075749174792193_twitter;HateXplain;twitter faggot bitch;1- twitter, 2- faggot, 3- bitch;offensive targeting Homosexual;https://app.prolific.co/submissions/complete?cc=91442ADD
7202839_gab;HateXplain;have any antifa faggots got on to gab yet if so you are all queers and you probably are fucking a brother or sister so just for giggles go fuck yourself antifa;1- have, 2- any, 3- antifa, 4- faggots, 5- got, 6- on, 7- to, 8- gab, 9- yet, 10- if, 11- so, 12- you, 13- are, 14- all, 15- queers, 16- and, 17- you, 18- probably, 19- are, 20- fucking, 21- a, 22- brother, 23- or, 24- sister, 25- so, 26- just, 27- for, 28- giggles, 29- go, 30- fuck, 31- yourself, 32- antifa;hatespeech targeting Homosexual;https://app.prolific.co/submissions/complete?cc=91442ADD
attention_21;attention chack sentences (HateXplain targeting);that polish guy kicked you irish ass;1- that, 2- polish, 3- guy, 4- kicked, 5- you, 6- irish, 7- ass;offensive;https://app.prolific.co/submissions/complete?cc=91442ADD