ID;dataset;text;tokens;label;redirectUrl
25470749_gab;HateXplain;most of the violent muzzies are inbred retards with iq of <number>;1- most, 2- of, 3- the, 4- violent, 5- muzzies, 6- are, 7- inbred, 8- retards, 9- with, 10- iq, 11- of, 12- <number>;offensive targeting Islam;https://app.prolific.co/submissions/complete?cc=91442ADD
1178980875377102849_twitter;HateXplain;<user> <user> a hindu refugee has roots with india in terms of religion muslim refugee can take refugee at a islamic country more over we cannot see more bomb blasts which start with ola ho uber;1- <user>, 2- <user>, 3- a, 4- hindu, 5- refugee, 6- has, 7- roots, 8- with, 9- india, 10- in, 11- terms, 12- of, 13- religion, 14- muslim, 15- refugee, 16- can, 17- take, 18- refugee, 19- at, 20- a, 21- islamic, 22- country, 23- more, 24- over, 25- we, 26- cannot, 27- see, 28- more, 29- bomb, 30- blasts, 31- which, 32- start, 33- with, 34- ola, 35- ho, 36- uber;hatespeech targeting Islam;https://app.prolific.co/submissions/complete?cc=91442ADD
24852459_gab;HateXplain;actually i am a christian you muzzie loon;1- actually, 2- i, 3- am, 4- a, 5- christian, 6- you, 7- muzzie, 8- loon;hatespeech targeting Islam;https://app.prolific.co/submissions/complete?cc=91442ADD
1179045784781836288_twitter;HateXplain;<user> same with feminists nothing about the raping gangs attacking <number> year old white girls nothing about fgm although they are starting to demand nhs clinics to treat the victims but never any demand for the arrest of these criminals will lead to moslem only wards to our disadvantage;1- <user>, 2- same, 3- with, 4- feminists, 5- nothing, 6- about, 7- the, 8- raping, 9- gangs, 10- attacking, 11- <number>, 12- year, 13- old, 14- white, 15- girls, 16- nothing, 17- about, 18- fgm, 19- although, 20- they, 21- are, 22- starting, 23- to, 24- demand, 25- nhs, 26- clinics, 27- to, 28- treat, 29- the, 30- victims, 31- but, 32- never, 33- any, 34- demand, 35- for, 36- the, 37- arrest, 38- of, 39- these, 40- criminals, 41- will, 42- lead, 43- to, 44- moslem, 45- only, 46- wards, 47- to, 48- our, 49- disadvantage;hatespeech targeting Islam;https://app.prolific.co/submissions/complete?cc=91442ADD
15398939_gab;HateXplain;i am more worried about muzzies and their proclivity towards raping killing random people and not sticking to their goats;1- i, 2- am, 3- more, 4- worried, 5- about, 6- muzzies, 7- and, 8- their, 9- proclivity, 10- towards, 11- raping, 12- killing, 13- random, 14- people, 15- and, 16- not, 17- sticking, 18- to, 19- their, 20- goats;offensive targeting Islam;https://app.prolific.co/submissions/complete?cc=91442ADD
1179029653861756928_twitter;HateXplain;<user> tell the jihadi john to stop yapping abhijit iyer mitra countered his verbal heckling perfectly and showed him his aukaat;1- <user>, 2- tell, 3- the, 4- jihadi, 5- john, 6- to, 7- stop, 8- yapping, 9- abhijit, 10- iyer, 11- mitra, 12- countered, 13- his, 14- verbal, 15- heckling, 16- perfectly, 17- and, 18- showed, 19- him, 20- his, 21- aukaat;hatespeech targeting Islam;https://app.prolific.co/submissions/complete?cc=91442ADD
10354370_gab;HateXplain;everyone deserves to have their own ethnostate i think jews are crazy for wanting it in the middle of savage muzzies but whatever floats your boat;1- everyone, 2- deserves, 3- to, 4- have, 5- their, 6- own, 7- ethnostate, 8- i, 9- think, 10- jews, 11- are, 12- crazy, 13- for, 14- wanting, 15- it, 16- in, 17- the, 18- middle, 19- of, 20- savage, 21- muzzies, 22- but, 23- whatever, 24- floats, 25- your, 26- boat;hatespeech targeting Islam;https://app.prolific.co/submissions/complete?cc=91442ADD
1178971871011672064_twitter;HateXplain;a true muslim who follow quran cannot possess humanity;1- a, 2- true, 3- muslim, 4- who, 5- follow, 6- quran, 7- cannot, 8- possess, 9- humanity;hatespeech targeting Islam;https://app.prolific.co/submissions/complete?cc=91442ADD
14874070_gab;HateXplain;kill all these muscum terrorists before they kill you;1- kill, 2- all, 3- these, 4- muscum, 5- terrorists, 6- before, 7- they, 8- kill, 9- you;hatespeech targeting Islam;https://app.prolific.co/submissions/complete?cc=91442ADD
1179044064471199746_twitter;HateXplain;<user> <user> it is not a fake id it is a parody a jihadi like you would not get it go suck it;1- <user>, 2- <user>, 3- it, 4- is, 5- not, 6- a, 7- fake, 8- id, 9- it, 10- is, 11- a, 12- parody, 13- a, 14- jihadi, 15- like, 16- you, 17- would, 18- not, 19- get, 20- it, 21- go, 22- suck, 23- it;offensive targeting Islam;https://app.prolific.co/submissions/complete?cc=91442ADD
22575269_gab;HateXplain;well at least the mudslimes occasionally get it right now if they could just ramp it up by about <number> million;1- well, 2- at, 3- least, 4- the, 5- mudslimes, 6- occasionally, 7- get, 8- it, 9- right, 10- now, 11- if, 12- they, 13- could, 14- just, 15- ramp, 16- it, 17- up, 18- by, 19- about, 20- <number>, 21- million;offensive targeting Islam;https://app.prolific.co/submissions/complete?cc=91442ADD
1118282845263421445_twitter;HateXplain;so they burnt the talmud in the notre dame cathedral now jews and muzzies celebrate muzzie cucks and jewish bucks;1- so, 2- they, 3- burnt, 4- the, 5- talmud, 6- in, 7- the, 8- notre, 9- dame, 10- cathedral, 11- now, 12- jews, 13- and, 14- muzzies, 15- celebrate, 16- muzzie, 17- cucks, 18- and, 19- jewish, 20- bucks;hatespeech targeting Islam;https://app.prolific.co/submissions/complete?cc=91442ADD
15979583_gab;HateXplain;hope someone had some bacon bits to put on the moslem;1- hope, 2- someone, 3- had, 4- some, 5- bacon, 6- bits, 7- to, 8- put, 9- on, 10- the, 11- moslem;hatespeech targeting Islam;https://app.prolific.co/submissions/complete?cc=91442ADD
1178904537928798208_twitter;HateXplain;<user> happy birthday to one of the greatest muzzrat slayer may mahadev bless you and may you keep kicking these muzzrats n com rats in debate sir 🙌 🙌 🙌 🚩 🚩 🚩 🚩 🚩 jai mahishmati ✊ ✊;1- <user>, 2- happy, 3- birthday, 4- to, 5- one, 6- of, 7- the, 8- greatest, 9- muzzrat, 10- slayer, 11- may, 12- mahadev, 13- bless, 14- you, 15- and, 16- may, 17- you, 18- keep, 19- kicking, 20- these, 21- muzzrats, 22- n, 23- com, 24- rats, 25- in, 26- debate, 27- sir, 28- 🙌, 29- 🙌, 30- 🙌, 31- 🚩, 32- 🚩, 33- 🚩, 34- 🚩, 35- 🚩, 36- jai, 37- mahishmati, 38- ✊, 39- ✊;hatespeech targeting Islam;https://app.prolific.co/submissions/complete?cc=91442ADD
3584277_gab;HateXplain;<user> when asked about the similarities between the moderate muzzies and the blacks colin flaherty said they are not similar they are the exact same thing lots of heads on the hydra;1- <user>, 2- when, 3- asked, 4- about, 5- the, 6- similarities, 7- between, 8- the, 9- moderate, 10- muzzies, 11- and, 12- the, 13- blacks, 14- colin, 15- flaherty, 16- said, 17- they, 18- are, 19- not, 20- similar, 21- they, 22- are, 23- the, 24- exact, 25- same, 26- thing, 27- lots, 28- of, 29- heads, 30- on, 31- the, 32- hydra;hatespeech targeting Islam;https://app.prolific.co/submissions/complete?cc=91442ADD
1178966416227090433_twitter;HateXplain;<user> <user> yes so moral of story is never make the moderate muzzie posterboy for hindus he will b as much a empty vessel as any other;1- <user>, 2- <user>, 3- yes, 4- so, 5- moral, 6- of, 7- story, 8- is, 9- never, 10- make, 11- the, 12- moderate, 13- muzzie, 14- posterboy, 15- for, 16- hindus, 17- he, 18- will, 19- b, 20- as, 21- much, 22- a, 23- empty, 24- vessel, 25- as, 26- any, 27- other;hatespeech targeting Islam;https://app.prolific.co/submissions/complete?cc=91442ADD
27037471_gab;HateXplain;the reichsvikings are cleaning up muzzie filth in tripoli to celebrate the passing of high crown authority law it only took thousands of gold in bribes to do it;1- the, 2- reichsvikings, 3- are, 4- cleaning, 5- up, 6- muzzie, 7- filth, 8- in, 9- tripoli, 10- to, 11- celebrate, 12- the, 13- passing, 14- of, 15- high, 16- crown, 17- authority, 18- law, 19- it, 20- only, 21- took, 22- thousands, 23- of, 24- gold, 25- in, 26- bribes, 27- to, 28- do, 29- it;hatespeech targeting Islam;https://app.prolific.co/submissions/complete?cc=91442ADD
1178738567616618496_twitter;HateXplain;<user> apparently there is some weird edl type plotline too one of the old main gay characters has been groomed to become a muzzy hater lmao;1- <user>, 2- apparently, 3- there, 4- is, 5- some, 6- weird, 7- edl, 8- type, 9- plotline, 10- too, 11- one, 12- of, 13- the, 14- old, 15- main, 16- gay, 17- characters, 18- has, 19- been, 20- groomed, 21- to, 22- become, 23- a, 24- muzzy, 25- hater, 26- lmao;hatespeech targeting Islam;https://app.prolific.co/submissions/complete?cc=91442ADD
9382121_gab;HateXplain;<number> should i fuck my mother before or after it comes out that he also a muzzie <number> would i not have to fuck my mother if i waited till it came out that he was a muzzie and then pointed that fact out;1- <number>, 2- should, 3- i, 4- fuck, 5- my, 6- mother, 7- before, 8- or, 9- after, 10- it, 11- comes, 12- out, 13- that, 14- he, 15- also, 16- a, 17- muzzie, 18- <number>, 19- would, 20- i, 21- not, 22- have, 23- to, 24- fuck, 25- my, 26- mother, 27- if, 28- i, 29- waited, 30- till, 31- it, 32- came, 33- out, 34- that, 35- he, 36- was, 37- a, 38- muzzie, 39- and, 40- then, 41- pointed, 42- that, 43- fact, 44- out;hatespeech targeting Islam;https://app.prolific.co/submissions/complete?cc=91442ADD
1074467688855015426_twitter;HateXplain;reading tweets from muslim twitter has made me islamophobic;1- reading, 2- tweets, 3- from, 4- muslim, 5- twitter, 6- has, 7- made, 8- me, 9- islamophobic;hatespeech targeting Islam;https://app.prolific.co/submissions/complete?cc=91442ADD
10852165_gab;HateXplain;the implication is that muslims do not have the same moral agency that white people have and in all honesty i do not disagree;1- the, 2- implication, 3- is, 4- that, 5- muslims, 6- do, 7- not, 8- have, 9- the, 10- same, 11- moral, 12- agency, 13- that, 14- white, 15- people, 16- have, 17- and, 18- in, 19- all, 20- honesty, 21- i, 22- do, 23- not, 24- disagree;offensive targeting Islam;https://app.prolific.co/submissions/complete?cc=91442ADD
1086259383443451905_twitter;HateXplain;<user> shameless never did anything fr kashmiri pandits and talking of humanity you jihadi funded third grade ngo;1- <user>, 2- shameless, 3- never, 4- did, 5- anything, 6- fr, 7- kashmiri, 8- pandits, 9- and, 10- talking, 11- of, 12- humanity, 13- you, 14- jihadi, 15- funded, 16- third, 17- grade, 18- ngo;hatespeech targeting Islam;https://app.prolific.co/submissions/complete?cc=91442ADD
10924439_gab;HateXplain;okay now get the islame ist muslimes out of our country for christ sake training camps really;1- okay, 2- now, 3- get, 4- the, 5- islame, 6- ist, 7- muslimes, 8- out, 9- of, 10- our, 11- country, 12- for, 13- christ, 14- sake, 15- training, 16- camps, 17- really;offensive targeting Islam;https://app.prolific.co/submissions/complete?cc=91442ADD
1094793772515426304_twitter;HateXplain;<user> <user> she not an american she a muslim one can not be both a hater of america amp a goat molesters wife;1- <user>, 2- <user>, 3- she, 4- not, 5- an, 6- american, 7- she, 8- a, 9- muslim, 10- one, 11- can, 12- not, 13- be, 14- both, 15- a, 16- hater, 17- of, 18- america, 19- amp, 20- a, 21- goat, 22- molesters, 23- wife;offensive targeting Islam;https://app.prolific.co/submissions/complete?cc=91442ADD
11145172_gab;HateXplain;i am afraid issues such as the ill treatment of our military veterans farming of our elderly in foreign staffed care homes neglect of our homeless sacrifice of our children to muslim rape gangs widescale government corruption etc are so common place people no longer give a shit disgraceful;1- i, 2- am, 3- afraid, 4- issues, 5- such, 6- as, 7- the, 8- ill, 9- treatment, 10- of, 11- our, 12- military, 13- veterans, 14- farming, 15- of, 16- our, 17- elderly, 18- in, 19- foreign, 20- staffed, 21- care, 22- homes, 23- neglect, 24- of, 25- our, 26- homeless, 27- sacrifice, 28- of, 29- our, 30- children, 31- to, 32- muslim, 33- rape, 34- gangs, 35- widescale, 36- government, 37- corruption, 38- etc, 39- are, 40- so, 41- common, 42- place, 43- people, 44- no, 45- longer, 46- give, 47- a, 48- shit, 49- disgraceful;offensive targeting Islam;https://app.prolific.co/submissions/complete?cc=91442ADD
1115422321550987264_twitter;HateXplain;<user> reject radical islam;1- <user>, 2- reject, 3- radical, 4- islam;offensive targeting Islam;https://app.prolific.co/submissions/complete?cc=91442ADD
11303329_gab;HateXplain;bobamas homeland security dept did the same thing their first directive was to target military returning from theater as potential internal terrorist threat meanwhile bobama was inviting the muslim brotherhood into the white house to turn over all our secrets to them on a daily basis;1- bobamas, 2- homeland, 3- security, 4- dept, 5- did, 6- the, 7- same, 8- thing, 9- their, 10- first, 11- directive, 12- was, 13- to, 14- target, 15- military, 16- returning, 17- from, 18- theater, 19- as, 20- potential, 21- internal, 22- terrorist, 23- threat, 24- meanwhile, 25- bobama, 26- was, 27- inviting, 28- the, 29- muslim, 30- brotherhood, 31- into, 32- the, 33- white, 34- house, 35- to, 36- turn, 37- over, 38- all, 39- our, 40- secrets, 41- to, 42- them, 43- on, 44- a, 45- daily, 46- basis;hatespeech targeting Islam;https://app.prolific.co/submissions/complete?cc=91442ADD
1143143974070132736_twitter;HateXplain;bts as muslims thread a thread;1- bts, 2- as, 3- muslims, 4- thread, 5- a, 6- thread;offensive targeting Islam;https://app.prolific.co/submissions/complete?cc=91442ADD
1159860_gab;HateXplain;<user> its been long known she is a saudi intel asset tied to the muslim brotherhood;1- <user>, 2- its, 3- been, 4- long, 5- known, 6- she, 7- is, 8- a, 9- saudi, 10- intel, 11- asset, 12- tied, 13- to, 14- the, 15- muslim, 16- brotherhood;offensive targeting Islam;https://app.prolific.co/submissions/complete?cc=91442ADD
attention_40;attention check sentences (HateXplain targeting);that goddamn diaper head stole my car man;1- that, 2- goddamn, 3- diaper, 4- head, 5- stole, 6- my, 7- car, 8- man;offensive;https://app.prolific.co/submissions/complete?cc=91442ADD