ID;dataset;text;tokens;label;redirectUrl
2309069_gab;HateXplain;well here we go amy schumer is set to play barbie in the feature film welcome to america where women are encouraged to be fat ugly single and childless;1- well, 2- here, 3- we, 4- go, 5- amy, 6- schumer, 7- is, 8- set, 9- to, 10- play, 11- barbie, 12- in, 13- the, 14- feature, 15- film, 16- welcome, 17- to, 18- america, 19- where, 20- women, 21- are, 22- encouraged, 23- to, 24- be, 25- fat, 26- ugly, 27- single, 28- and, 29- childless;hatespeech targeting Women;https://app.prolific.co/submissions/complete?cc=91442ADD
1234861448775503872_twitter;HateXplain;<user> you ’ re correct soros was a nazi;1- <user>, 2- you, 3- ’, 4- re, 5- correct, 6- soros, 7- was, 8- a, 9- nazi;offensive targeting Other;https://app.prolific.co/submissions/complete?cc=91442ADD
20007366_gab;HateXplain;yup <user> he a major retard he also a liar because based on this his son likely is also retarded yet he did not kill himself;1- yup, 2- <user>, 3- he, 4- a, 5- major, 6- retard, 7- he, 8- also, 9- a, 10- liar, 11- because, 12- based, 13- on, 14- this, 15- his, 16- son, 17- likely, 18- is, 19- also, 20- retarded, 21- yet, 22- he, 23- did, 24- not, 25- kill, 26- himself;hatespeech targeting Other;https://app.prolific.co/submissions/complete?cc=91442ADD
1170049670858645504_twitter;HateXplain;<user> only white ppl fall for that shit;1- <user>, 2- only, 3- white, 4- ppl, 5- fall, 6- for, 7- that, 8- shit;offensive targeting Caucasian;https://app.prolific.co/submissions/complete?cc=91442ADD
23277972_gab;HateXplain;that lying bitch is screwed <number> ways from sunday and she knows it explaining her unlawful actions is not going to help her case one iota this just makes her complicity more evident;1- that, 2- lying, 3- bitch, 4- is, 5- screwed, 6- <number>, 7- ways, 8- from, 9- sunday, 10- and, 11- she, 12- knows, 13- it, 14- explaining, 15- her, 16- unlawful, 17- actions, 18- is, 19- not, 20- going, 21- to, 22- help, 23- her, 24- case, 25- one, 26- iota, 27- this, 28- just, 29- makes, 30- her, 31- complicity, 32- more, 33- evident;offensive targeting Women;https://app.prolific.co/submissions/complete?cc=91442ADD
1238439886362947589_twitter;HateXplain;<user> all three are illiterate retarded and have nothing to qualify in giving me advice;1- <user>, 2- all, 3- three, 4- are, 5- illiterate, 6- retarded, 7- and, 8- have, 9- nothing, 10- to, 11- qualify, 12- in, 13- giving, 14- me, 15- advice;offensive targeting Other;https://app.prolific.co/submissions/complete?cc=91442ADD
20088200_gab;HateXplain;animals have hemoglobin and plasma too op bitch;1- animals, 2- have, 3- hemoglobin, 4- and, 5- plasma, 6- too, 7- op, 8- bitch;offensive targeting Other;https://app.prolific.co/submissions/complete?cc=91442ADD
1174851825964605440_twitter;HateXplain;that ’ what u get for liking white girls;1- that, 2- ’, 3- what, 4- u, 5- get, 6- for, 7- liking, 8- white, 9- girls;offensive targeting Caucasian;https://app.prolific.co/submissions/complete?cc=91442ADD
23299541_gab;HateXplain;this is why women having careers is not our people this is why any non white immigration is not our people this is why doing drugs is not our people this is why going down to home depot for illegal labor is not our people you cannot violate this principle and be our people;1- this, 2- is, 3- why, 4- women, 5- having, 6- careers, 7- is, 8- not, 9- our, 10- people, 11- this, 12- is, 13- why, 14- any, 15- non, 16- white, 17- immigration, 18- is, 19- not, 20- our, 21- people, 22- this, 23- is, 24- why, 25- doing, 26- drugs, 27- is, 28- not, 29- our, 30- people, 31- this, 32- is, 33- why, 34- going, 35- down, 36- to, 37- home, 38- depot, 39- for, 40- illegal, 41- labor, 42- is, 43- not, 44- our, 45- people, 46- you, 47- cannot, 48- violate, 49- this, 50- principle, 51- and, 52- be, 53- our, 54- people;hatespeech targeting Women;https://app.prolific.co/submissions/complete?cc=91442ADD
1239131104453382144_twitter;HateXplain;<user> grandparents are quite a drain on the budget kill all grandparents;1- <user>, 2- grandparents, 3- are, 4- quite, 5- a, 6- drain, 7- on, 8- the, 9- budget, 10- kill, 11- all, 12- grandparents;hatespeech targeting Other;https://app.prolific.co/submissions/complete?cc=91442ADD
20121839_gab;HateXplain;says the retarded mong that had his here as nemesisofmycroft i broke you 2 yrs ago and you have never recovered;1- says, 2- the, 3- retarded, 4- mong, 5- that, 6- had, 7- his, 8- here, 9- as, 10- nemesisofmycroft, 11- i, 12- broke, 13- you, 14- 2, 15- yrs, 16- ago, 17- and, 18- you, 19- have, 20- never, 21- recovered;offensive targeting Other;https://app.prolific.co/submissions/complete?cc=91442ADD
1203077205988958208_twitter;HateXplain;<user> <user> illegal immigrants do t get funding whites get illegal funding but you can ’ t see that fact;1- <user>, 2- <user>, 3- illegal, 4- immigrants, 5- do, 6- t, 7- get, 8- funding, 9- whites, 10- get, 11- illegal, 12- funding, 13- but, 14- you, 15- can, 16- ’, 17- t, 18- see, 19- that, 20- fact;offensive targeting Caucasian;https://app.prolific.co/submissions/complete?cc=91442ADD
23369344_gab;HateXplain;lara confirmed ugly bitch with several physical and mental deformities all of which i can prove you worthless menstrual pad your mind and energy is evil and dark and you are full of shit your data is useless even the fancy boys reject you <user> ‍;1- lara, 2- confirmed, 3- ugly, 4- bitch, 5- with, 6- several, 7- physical, 8- and, 9- mental, 10- deformities, 11- all, 12- of, 13- which, 14- i, 15- can, 16- prove, 17- you, 18- worthless, 19- menstrual, 20- pad, 21- your, 22- mind, 23- and, 24- energy, 25- is, 26- evil, 27- and, 28- dark, 29- and, 30- you, 31- are, 32- full, 33- of, 34- shit, 35- your, 36- data, 37- is, 38- useless, 39- even, 40- the, 41- fancy, 42- boys, 43- reject, 44- you, 45- <user>;offensive targeting Women;https://app.prolific.co/submissions/complete?cc=91442ADD
1240196821579968513_twitter;HateXplain;<user> riot made rift retard proof for people like us;1- <user>, 2- riot, 3- made, 4- rift, 5- retard, 6- proof, 7- for, 8- people, 9- like, 10- us;offensive targeting Other;https://app.prolific.co/submissions/complete?cc=91442ADD
20162017_gab;HateXplain;backpedaling fails to point out exactly my comments and resumes to nonsensical aussie retarded babbles go choke on a cock you useless wrinkly aussie slag you are th descendants of the bottom feeders among limeys loll;1- backpedaling, 2- fails, 3- to, 4- point, 5- out, 6- exactly, 7- my, 8- comments, 9- and, 10- resumes, 11- to, 12- nonsensical, 13- aussie, 14- retarded, 15- babbles, 16- go, 17- choke, 18- on, 19- a, 20- cock, 21- you, 22- useless, 23- wrinkly, 24- aussie, 25- slag, 26- you, 27- are, 28- th, 29- descendants, 30- of, 31- the, 32- bottom, 33- feeders, 34- among, 35- limeys, 36- loll;hatespeech targeting Other;https://app.prolific.co/submissions/complete?cc=91442ADD
1207723806950866951_twitter;HateXplain;whats scarier than hearing a white person talking in french i just know they saying something racist or islamophobic;1- whats, 2- scarier, 3- than, 4- hearing, 5- a, 6- white, 7- person, 8- talking, 9- in, 10- french, 11- i, 12- just, 13- know, 14- they, 15- saying, 16- something, 17- racist, 18- or, 19- islamophobic;offensive targeting Caucasian;https://app.prolific.co/submissions/complete?cc=91442ADD
23416910_gab;HateXplain;women wtf r u doing;1- women, 2- wtf, 3- r, 4- u, 5- doing;offensive targeting Women;https://app.prolific.co/submissions/complete?cc=91442ADD
1240257555076546563_twitter;HateXplain;<user> <user> you must be seriously retarded;1- <user>, 2- <user>, 3- you, 4- must, 5- be, 6- seriously, 7- retarded;offensive targeting Other;https://app.prolific.co/submissions/complete?cc=91442ADD
20231280_gab;HateXplain;so twitter is now locking people out again it just more of the same ghetto harassment by a far left progressive maoist company they are not interested in anything but pc speech controlled by soyboys and obese blue haired feminiists with septum piercings twitter is not worth the hassle gogab;1- so, 2- twitter, 3- is, 4- now, 5- locking, 6- people, 7- out, 8- again, 9- it, 10- just, 11- more, 12- of, 13- the, 14- same, 15- ghetto, 16- harassment, 17- by, 18- a, 19- far, 20- left, 21- progressive, 22- maoist, 23- company, 24- they, 25- are, 26- not, 27- interested, 28- in, 29- anything, 30- but, 31- pc, 32- speech, 33- controlled, 34- by, 35- soyboys, 36- and, 37- obese, 38- blue, 39- haired, 40- feminiists, 41- with, 42- septum, 43- piercings, 44- twitter, 45- is, 46- not, 47- worth, 48- the, 49- hassle, 50- gogab;offensive targeting Other;https://app.prolific.co/submissions/complete?cc=91442ADD
1208041861035778048_twitter;HateXplain;<user> i hate caucasians;1- <user>, 2- i, 3- hate, 4- caucasians;hatespeech targeting Caucasian;https://app.prolific.co/submissions/complete?cc=91442ADD
23686786_gab;HateXplain;yes but not by the guy who raped her hence the complaint it something of a tautology women want to be raped by men they want to be raped by;1- yes, 2- but, 3- not, 4- by, 5- the, 6- guy, 7- who, 8- raped, 9- her, 10- hence, 11- the, 12- complaint, 13- it, 14- something, 15- of, 16- a, 17- tautology, 18- women, 19- want, 20- to, 21- be, 22- raped, 23- by, 24- men, 25- they, 26- want, 27- to, 28- be, 29- raped, 30- by;offensive targeting Women;https://app.prolific.co/submissions/complete?cc=91442ADD
1247195286235201536_twitter;HateXplain;fuck you pikachu is good and pure and a childrens idol fuck you fuck you i hate you now;1- fuck, 2- you, 3- pikachu, 4- is, 5- good, 6- and, 7- pure, 8- and, 9- a, 10- childrens, 11- idol, 12- fuck, 13- you, 14- fuck, 15- you, 16- i, 17- hate, 18- you, 19- now;offensive targeting Other;https://app.prolific.co/submissions/complete?cc=91442ADD
20473768_gab;HateXplain;is he still twittercausting big businesses over the nra thats it i am breaking out my last sock just to go full retard on him;1- is, 2- he, 3- still, 4- twittercausting, 5- big, 6- businesses, 7- over, 8- the, 9- nra, 10- thats, 11- it, 12- i, 13- am, 14- breaking, 15- out, 16- my, 17- last, 18- sock, 19- just, 20- to, 21- go, 22- full, 23- retard, 24- on, 25- him;offensive targeting Other;https://app.prolific.co/submissions/complete?cc=91442ADD
1231344591980253184_twitter;HateXplain;white people are fucking retarded;1- white, 2- people, 3- are, 4- fucking, 5- retarded;offensive targeting Caucasian;https://app.prolific.co/submissions/complete?cc=91442ADD
23847540_gab;HateXplain;abortion is never going 2 b accepted by the majority of people since women bear the burden of carrying a child the respons falls on her 2 b more responsible if u are not married do not have sex if u can not afford birth control;1- abortion, 2- is, 3- never, 4- going, 5- 2, 6- b, 7- accepted, 8- by, 9- the, 10- majority, 11- of, 12- people, 13- since, 14- women, 15- bear, 16- the, 17- burden, 18- of, 19- carrying, 20- a, 21- child, 22- the, 23- respons, 24- falls, 25- on, 26- her, 27- 2, 28- b, 29- more, 30- responsible, 31- if, 32- u, 33- are, 34- not, 35- married, 36- do, 37- not, 38- have, 39- sex, 40- if, 41- u, 42- can, 43- not, 44- afford, 45- birth, 46- control;offensive targeting Women;https://app.prolific.co/submissions/complete?cc=91442ADD
1249529231857668102_twitter;HateXplain;<user> we have words for guys like you it ’ called bitches;1- <user>, 2- we, 3- have, 4- words, 5- for, 6- guys, 7- like, 8- you, 9- it, 10- ’, 11- called, 12- bitches;offensive targeting Other;https://app.prolific.co/submissions/complete?cc=91442ADD
20495747_gab;HateXplain;this whole living with emotionally retarded baby boomers thing is gettin real old;1- this, 2- whole, 3- living, 4- with, 5- emotionally, 6- retarded, 7- baby, 8- boomers, 9- thing, 10- is, 11- gettin, 12- real, 13- old;offensive targeting Other;https://app.prolific.co/submissions/complete?cc=91442ADD
1241491288651939840_twitter;HateXplain;i ’ m convinced all white girls are hoes;1- i, 2- ’, 3- m, 4- convinced, 5- all, 6- white, 7- girls, 8- are, 9- hoes;offensive targeting Caucasian;https://app.prolific.co/submissions/complete?cc=91442ADD
24188178_gab;HateXplain;what else would you expect from a retarded feminazi swamp donkey;1- what, 2- else, 3- would, 4- you, 5- expect, 6- from, 7- a, 8- retarded, 9- feminazi, 10- swamp, 11- donkey;offensive targeting Women;https://app.prolific.co/submissions/complete?cc=91442ADD
attention_16;attention check sentences (HateXplain targeting);oh these indians you find them everywhere you go my doctor is indian so is this taxi driver;1- oh, 2- these, 3- indians, 4- you, 5- find, 6- them, 7- everywhere, 8- you, 9- go, 10- my, 11- doctor, 12- is, 13- indian, 14- so, 15- is, 16- this, 17- taxi, 18- driver;offensive;https://app.prolific.co/submissions/complete?cc=91442ADD