ID;dataset;text;tokens;label;redirectUrl
12632245_gab;HateXplain;a couple of retarded liberal has beens bend the knee for stupidity is anyone surprised does anyone care;1- a, 2- couple, 3- of, 4- retarded, 5- liberal, 6- has, 7- beens, 8- bend, 9- the, 10- knee, 11- for, 12- stupidity, 13- is, 14- anyone, 15- surprised, 16- does, 17- anyone, 18- care;offensive targeting Other;https://app.prolific.co/submissions/complete?cc=91442ADD
1265861064178237443_twitter;HateXplain;not a fan of the police force but acab is retarded imo;1- not, 2- a, 3- fan, 4- of, 5- the, 6- police, 7- force, 8- but, 9- acab, 10- is, 11- retarded, 12- imo;offensive targeting Other;https://app.prolific.co/submissions/complete?cc=91442ADD
12744613_gab;HateXplain;otoh you might just be retarded and failing at trolling along with the rest of your life;1- otoh, 2- you, 3- might, 4- just, 5- be, 6- retarded, 7- and, 8- failing, 9- at, 10- trolling, 11- along, 12- with, 13- the, 14- rest, 15- of, 16- your, 17- life;offensive targeting Other;https://app.prolific.co/submissions/complete?cc=91442ADD
1276507590785105924_twitter;HateXplain;<user> is every young person in america retarded;1- <user>, 2- is, 3- every, 4- young, 5- person, 6- in, 7- america, 8- retarded;offensive targeting Other;https://app.prolific.co/submissions/complete?cc=91442ADD
12939300_gab;HateXplain;some sad sacks of shit can only ever get attention by being as completely retarded obnoxious as humanly possible such pathetic nothings would have been totally shunned before social media the greatest failing of the internet is that it exposes us to the blatherings of blithering retards;1- some, 2- sad, 3- sacks, 4- of, 5- shit, 6- can, 7- only, 8- ever, 9- get, 10- attention, 11- by, 12- being, 13- as, 14- completely, 15- retarded, 16- obnoxious, 17- as, 18- humanly, 19- possible, 20- such, 21- pathetic, 22- nothings, 23- would, 24- have, 25- been, 26- totally, 27- shunned, 28- before, 29- social, 30- media, 31- the, 32- greatest, 33- failing, 34- of, 35- the, 36- internet, 37- is, 38- that, 39- it, 40- exposes, 41- us, 42- to, 43- the, 44- blatherings, 45- of, 46- blithering, 47- retards;offensive targeting Other;https://app.prolific.co/submissions/complete?cc=91442ADD
287620657783656449_twitter;HateXplain;funfact genghis khan killed more people than the holocaust did;1- funfact, 2- genghis, 3- khan, 4- killed, 5- more, 6- people, 7- than, 8- the, 9- holocaust, 10- did;offensive targeting Other;https://app.prolific.co/submissions/complete?cc=91442ADD
2979951_gab;HateXplain;<user> how does a militant fascist retard know what a patriot sounds like;1- <user>, 2- how, 3- does, 4- a, 5- militant, 6- fascist, 7- retard, 8- know, 9- what, 10- a, 11- patriot, 12- sounds, 13- like;offensive targeting Other;https://app.prolific.co/submissions/complete?cc=91442ADD
1178668370209771522_twitter;HateXplain;why are we having all these people from shithole countries coming here;1- why, 2- are, 3- we, 4- having, 5- all, 6- these, 7- people, 8- from, 9- shithole, 10- countries, 11- coming, 12- here;hatespeech targeting Refugee;https://app.prolific.co/submissions/complete?cc=91442ADD
4583348_gab;HateXplain;the libtard setback for the moslem refugee ban just tells trump what needs to be corrected and who fucking things up for the american people when scalia replacement is named it back to the ban;1- the, 2- libtard, 3- setback, 4- for, 5- the, 6- moslem, 7- refugee, 8- ban, 9- just, 10- tells, 11- trump, 12- what, 13- needs, 14- to, 15- be, 16- corrected, 17- and, 18- who, 19- fucking, 20- things, 21- up, 22- for, 23- the, 24- american, 25- people, 26- when, 27- scalia, 28- replacement, 29- is, 30- named, 31- it, 32- back, 33- to, 34- the, 35- ban;offensive targeting Refugee;https://app.prolific.co/submissions/complete?cc=91442ADD
1178757318743351296_twitter;HateXplain;<user> obviously the founders wanted unlimited low iq immigrants to come here and live off of american taxpayers that the original vision white enslavement 😉;1- <user>, 2- obviously, 3- the, 4- founders, 5- wanted, 6- unlimited, 7- low, 8- iq, 9- immigrants, 10- to, 11- come, 12- here, 13- and, 14- live, 15- off, 16- of, 17- american, 18- taxpayers, 19- that, 20- the, 21- original, 22- vision, 23- white, 24- enslavement, 25- 😉;hatespeech targeting Refugee;https://app.prolific.co/submissions/complete?cc=91442ADD
23622730_gab;HateXplain;note to self do not sell to muslimes or immigrants or illegals;1- note, 2- to, 3- self, 4- do, 5- not, 6- sell, 7- to, 8- muslimes, 9- or, 10- immigrants, 11- or, 12- illegals;offensive targeting Refugee;https://app.prolific.co/submissions/complete?cc=91442ADD
1179045348175683585_twitter;HateXplain;<user> <user> <user> all those illegal aliens 🤦 🏻 ‍ ♂️;1- <user>, 2- <user>, 3- <user>, 4- all, 5- those, 6- illegal, 7- aliens, 8- 🤦, 9- 🏻 ‍, 10- ♂️;offensive targeting Refugee;https://app.prolific.co/submissions/complete?cc=91442ADD
23611225_gab;HateXplain;all mexcrement bucks are born with knives;1- all, 2- mexcrement, 3- bucks, 4- are, 5- born, 6- with, 7- knives;hatespeech targeting Refugee;https://app.prolific.co/submissions/complete?cc=91442ADD
1179051090689417216_twitter;HateXplain;<user> <user> do not be stupid while hindus sikh and christian are coming here in india for saving there life the muslim are just illegal immigrants sucking our tax money;1- <user>, 2- <user>, 3- do, 4- not, 5- be, 6- stupid, 7- while, 8- hindus, 9- sikh, 10- and, 11- christian, 12- are, 13- coming, 14- here, 15- in, 16- india, 17- for, 18- saving, 19- there, 20- life, 21- the, 22- muslim, 23- are, 24- just, 25- illegal, 26- immigrants, 27- sucking, 28- our, 29- tax, 30- money;hatespeech targeting Refugee;https://app.prolific.co/submissions/complete?cc=91442ADD
6893433_gab;HateXplain;it sad when innocent whites die it not sad when subversive self hating whites die she was helping nonwhite moslem illegals stay in the country thereby acting against white interests she was killed by an illegal nonwhite moslem migrant it poetic;1- it, 2- sad, 3- when, 4- innocent, 5- whites, 6- die, 7- it, 8- not, 9- sad, 10- when, 11- subversive, 12- self, 13- hating, 14- whites, 15- die, 16- she, 17- was, 18- helping, 19- nonwhite, 20- moslem, 21- illegals, 22- stay, 23- in, 24- the, 25- country, 26- thereby, 27- acting, 28- against, 29- white, 30- interests, 31- she, 32- was, 33- killed, 34- by, 35- an, 36- illegal, 37- nonwhite, 38- moslem, 39- migrant, 40- it, 41- poetic;hatespeech targeting Refugee;https://app.prolific.co/submissions/complete?cc=91442ADD
1178831874799624192_twitter;HateXplain;illegal alien because i can fascists tucker;1- illegal, 2- alien, 3- because, 4- i, 5- can, 6- fascists, 7- tucker;offensive targeting Refugee;https://app.prolific.co/submissions/complete?cc=91442ADD
2745161_gab;HateXplain;<user> i agree but we have immigration courts in areas to process the scum and this is the way of matters for the moment we need to be tougher on beaners and other dregs and just eject them automatically after finding out their status as illegals;1- <user>, 2- i, 3- agree, 4- but, 5- we, 6- have, 7- immigration, 8- courts, 9- in, 10- areas, 11- to, 12- process, 13- the, 14- scum, 15- and, 16- this, 17- is, 18- the, 19- way, 20- of, 21- matters, 22- for, 23- the, 24- moment, 25- we, 26- need, 27- to, 28- be, 29- tougher, 30- on, 31- beaners, 32- and, 33- other, 34- dregs, 35- and, 36- just, 37- eject, 38- them, 39- automatically, 40- after, 41- finding, 42- out, 43- their, 44- status, 45- as, 46- illegals;hatespeech targeting Refugee;https://app.prolific.co/submissions/complete?cc=91442ADD
1178683447029764097_twitter;HateXplain;<user> <user> there is no even one refugee just illegal immigrants criminals that are enemy of greece and the greek people out of greece know bastards;1- <user>, 2- <user>, 3- there, 4- is, 5- no, 6- even, 7- one, 8- refugee, 9- just, 10- illegal, 11- immigrants, 12- criminals, 13- that, 14- are, 15- enemy, 16- of, 17- greece, 18- and, 19- the, 20- greek, 21- people, 22- out, 23- of, 24- greece, 25- know, 26- bastards;hatespeech targeting Refugee;https://app.prolific.co/submissions/complete?cc=91442ADD
27948516_gab;HateXplain;how much money would it take for you to lick a dogs asshole not very much considering you are a wetback;1- how, 2- much, 3- money, 4- would, 5- it, 6- take, 7- for, 8- you, 9- to, 10- lick, 11- a, 12- dogs, 13- asshole, 14- not, 15- very, 16- much, 17- considering, 18- you, 19- are, 20- a, 21- wetback;offensive targeting Refugee;https://app.prolific.co/submissions/complete?cc=91442ADD
1178850677986074624_twitter;HateXplain;<user> americans deserve justice we have homelessness out of control in cities murders in cities illegal aliens that have murdered and raped running around free in the country you democrats need to do your jobs p you will never win;1- <user>, 2- americans, 3- deserve, 4- justice, 5- we, 6- have, 7- homelessness, 8- out, 9- of, 10- control, 11- in, 12- cities, 13- murders, 14- in, 15- cities, 16- illegal, 17- aliens, 18- that, 19- have, 20- murdered, 21- and, 22- raped, 23- running, 24- around, 25- free, 26- in, 27- the, 28- country, 29- you, 30- democrats, 31- need, 32- to, 33- do, 34- your, 35- jobs, 36- p, 37- you, 38- will, 39- never, 40- win;hatespeech targeting Refugee;https://app.prolific.co/submissions/complete?cc=91442ADD
10365145_gab;HateXplain;london is open to acid throwing immigrant scum;1- london, 2- is, 3- open, 4- to, 5- acid, 6- throwing, 7- immigrant, 8- scum;hatespeech targeting Refugee;https://app.prolific.co/submissions/complete?cc=91442ADD
1075590925852794881_twitter;HateXplain;would you call ice to report an illegal alien note the phone number for ice <number> dhs <number> ice;1- would, 2- you, 3- call, 4- ice, 5- to, 6- report, 7- an, 8- illegal, 9- alien, 10- note, 11- the, 12- phone, 13- number, 14- for, 15- ice, 16- <number>, 17- dhs, 18- <number>, 19- ice;offensive targeting Refugee;https://app.prolific.co/submissions/complete?cc=91442ADD
11138092_gab;HateXplain;if they are not white they have to go back start with those on social security pensions;1- if, 2- they, 3- are, 4- not, 5- white, 6- they, 7- have, 8- to, 9- go, 10- back, 11- start, 12- with, 13- those, 14- on, 15- social, 16- security, 17- pensions;hatespeech targeting Refugee;https://app.prolific.co/submissions/complete?cc=91442ADD
1114599869098991617_twitter;HateXplain;<user> less immigrants more houses to chose from lower prices open your eyes duetcheland;1- <user>, 2- less, 3- immigrants, 4- more, 5- houses, 6- to, 7- chose, 8- from, 9- lower, 10- prices, 11- open, 12- your, 13- eyes, 14- duetcheland;offensive targeting Refugee;https://app.prolific.co/submissions/complete?cc=91442ADD
11306174_gab;HateXplain;no bbc news coverage of polish couple who were beaten and gang raped in italy in suspected migrant attack they found room for this though;1- no, 2- bbc, 3- news, 4- coverage, 5- of, 6- polish, 7- couple, 8- who, 9- were, 10- beaten, 11- and, 12- gang, 13- raped, 14- in, 15- italy, 16- in, 17- suspected, 18- migrant, 19- attack, 20- they, 21- found, 22- room, 23- for, 24- this, 25- though;offensive targeting Refugee;https://app.prolific.co/submissions/complete?cc=91442ADD
1144477259425730560_twitter;HateXplain;<user> there were also no mentions of the threats immigrants present to citizens screw israel;1- <user>, 2- there, 3- were, 4- also, 5- no, 6- mentions, 7- of, 8- the, 9- threats, 10- immigrants, 11- present, 12- to, 13- citizens, 14- screw, 15- israel;offensive targeting Refugee;https://app.prolific.co/submissions/complete?cc=91442ADD
11591392_gab;HateXplain;i wonder if the refugee will see the irony as he is about to behead this one;1- i, 2- wonder, 3- if, 4- the, 5- refugee, 6- will, 7- see, 8- the, 9- irony, 10- as, 11- he, 12- is, 13- about, 14- to, 15- behead, 16- this, 17- one;offensive targeting Refugee;https://app.prolific.co/submissions/complete?cc=91442ADD
1164270020597297154_twitter;HateXplain;<user> isn ’ t this guy married to an illegal immigrant with no job;1- <user>, 2- isn, 3- ’, 4- t, 5- this, 6- guy, 7- married, 8- to, 9- an, 10- illegal, 11- immigrant, 12- with, 13- no, 14- job;offensive targeting Refugee;https://app.prolific.co/submissions/complete?cc=91442ADD
11707038_gab;HateXplain;we live in a age where cops are hated criminals are protected illegal immigrants and refugees are more important than american citizens and our safety our flag is burnt and disrespected all the while the media is promoting racial divide and civil disobedience;1- we, 2- live, 3- in, 4- a, 5- age, 6- where, 7- cops, 8- are, 9- hated, 10- criminals, 11- are, 12- protected, 13- illegal, 14- immigrants, 15- and, 16- refugees, 17- are, 18- more, 19- important, 20- than, 21- american, 22- citizens, 23- and, 24- our, 25- safety, 26- our, 27- flag, 28- is, 29- burnt, 30- and, 31- disrespected, 32- all, 33- the, 34- while, 35- the, 36- media, 37- is, 38- promoting, 39- racial, 40- divide, 41- and, 42- civil, 43- disobedience;offensive targeting Refugee;https://app.prolific.co/submissions/complete?cc=91442ADD
attention_50;attention check sentences (HateXplain targeting);poor broke ass cracker bitch get off my dick;1- poor, 2- broke, 3- ass, 4- cracker, 5- bitch, 6- get, 7- off, 8- my, 9- dick;offensive;https://app.prolific.co/submissions/complete?cc=91442ADD