"ID";"dataset";"text";"tokens";"label";"redirectUrl"
"14969295_gab";"HateXplain";"laura dirty bloomers loomer laura date me or i will tell the police you raped me loomer";"1- laura, 2- dirty, 3- bloomers, 4- loomer, 5- laura, 6- date, 7- me, 8- or, 9- i, 10- will, 11- tell, 12- the, 13- police, 14- you, 15- raped, 16- me, 17- loomer";"offensive targeting Women";"https://app.prolific.co/submissions/complete?cc=91442ADD"
"1106389762066124801_twitter";"HateXplain";"<user> the shooters must be muslim";"1- <user>, 2- the, 3- shooters, 4- must, 5- be, 6- muslim";"offensive targeting Islam";"https://app.prolific.co/submissions/complete?cc=91442ADD"
"14024971_gab";"HateXplain";"schumer his sponsored diversity visa program are directly responsible for letting this muslim terrorist into our country the immigration act of <number> established the current permanent diversity visa program where <number> immigrant visas reduced to <number> are available in an annual lottery";"1- schumer, 2- his, 3- sponsored, 4- diversity, 5- visa, 6- program, 7- are, 8- directly, 9- responsible, 10- for, 11- letting, 12- this, 13- muslim, 14- terrorist, 15- into, 16- our, 17- country, 18- the, 19- immigration, 20- act, 21- of, 22- <number>, 23- established, 24- the, 25- current, 26- permanent, 27- diversity, 28- visa, 29- program, 30- where, 31- <number>, 32- immigrant, 33- visas, 34- reduced, 35- to, 36- <number>, 37- are, 38- available, 39- in, 40- an, 41- annual, 42- lottery";"offensive targeting Islam";"https://app.prolific.co/submissions/complete?cc=91442ADD"
"1225484260083224577_twitter";"HateXplain";"<user> never trust arabs";"1- <user>, 2- never, 3- trust, 4- arabs";"offensive targeting Arab";"https://app.prolific.co/submissions/complete?cc=91442ADD"
"14969742_gab";"HateXplain";"oh i can see it now me a white irish old man looks like archie bunker getting into a towel heads uber ride two blocks down the road daggers appear out of the back seat i appear dead in the gutter no thanx";"1- oh, 2- i, 3- can, 4- see, 5- it, 6- now, 7- me, 8- a, 9- white, 10- irish, 11- old, 12- man, 13- looks, 14- like, 15- archie, 16- bunker, 17- getting, 18- into, 19- a, 20- towel, 21- heads, 22- uber, 23- ride, 24- two, 25- blocks, 26- down, 27- the, 28- road, 29- daggers, 30- appear, 31- out, 32- of, 33- the, 34- back, 35- seat, 36- i, 37- appear, 38- dead, 39- in, 40- the, 41- gutter, 42- no, 43- thanx";"hatespeech targeting Arab";"https://app.prolific.co/submissions/complete?cc=91442ADD"
"1106362301962166272_twitter";"HateXplain";"seriously kellyanne and chris have the shiftiest chemistry she can ’ t behave like a lady and makes the president look ghetto";"1- seriously, 2- kellyanne, 3- and, 4- chris, 5- have, 6- the, 7- shiftiest, 8- chemistry, 9- she, 10- can, 11- ’, 12- t, 13- behave, 14- like, 15- a, 16- lady, 17- and, 18- makes, 19- the, 20- president, 21- look, 22- ghetto";"offensive targeting Other";"https://app.prolific.co/submissions/complete?cc=91442ADD"
"14274169_gab";"HateXplain";"no it not retarded to specify what kind of racist he is just go look at his profile retard";"1- no, 2- it, 3- not, 4- retarded, 5- to, 6- specify, 7- what, 8- kind, 9- of, 10- racist, 11- he, 12- is, 13- just, 14- go, 15- look, 16- at, 17- his, 18- profile, 19- retard";"offensive targeting Other";"https://app.prolific.co/submissions/complete?cc=91442ADD"
"1083439373629063168_twitter";"HateXplain";"<user> finally something about americans and not illegal immigrants there might be hope for you yet";"1- <user>, 2- finally, 3- something, 4- about, 5- americans, 6- and, 7- not, 8- illegal, 9- immigrants, 10- there, 11- might, 12- be, 13- hope, 14- for, 15- you, 16- yet";"offensive targeting Refugee";"https://app.prolific.co/submissions/complete?cc=91442ADD"
"16382456_gab";"HateXplain";"the non partisan congressional budget office cbo has released their report on sens lindsey graham and dick durbin <number> the dream act the report shows that their legislation would add <number> billion to the deficit over a ten year period and lots more immigrant scum";"1- the, 2- non, 3- partisan, 4- congressional, 5- budget, 6- office, 7- cbo, 8- has, 9- released, 10- their, 11- report, 12- on, 13- sens, 14- lindsey, 15- graham, 16- and, 17- dick, 18- durbin, 19- <number>, 20- the, 21- dream, 22- act, 23- the, 24- report, 25- shows, 26- that, 27- their, 28- legislation, 29- would, 30- add, 31- <number>, 32- billion, 33- to, 34- the, 35- deficit, 36- over, 37- a, 38- ten, 39- year, 40- period, 41- and, 42- lots, 43- more, 44- immigrant, 45- scum";"hatespeech targeting Refugee";"https://app.prolific.co/submissions/complete?cc=91442ADD"
"1224229701826285568_twitter";"HateXplain";"<user> even their fellow asians hate them 😂 😂 😂 😂 😂 😂";"1- <user>, 2- even, 3- their, 4- fellow, 5- asians, 6- hate, 7- them, 8- 😂, 9- 😂, 10- 😂, 11- 😂, 12- 😂, 13- 😂";"offensive targeting Asian";"https://app.prolific.co/submissions/complete?cc=91442ADD"
"19449874_gab";"HateXplain";"but in asia they have other then aspartame or fluoride asians seem smart because they have <number> billion people the more people the more smart people";"1- but, 2- in, 3- asia, 4- they, 5- have, 6- other, 7- then, 8- aspartame, 9- or, 10- fluoride, 11- asians, 12- seem, 13- smart, 14- because, 15- they, 16- have, 17- <number>, 18- billion, 19- people, 20- the, 21- more, 22- people, 23- the, 24- more, 25- smart, 26- people";"offensive targeting Asian";"https://app.prolific.co/submissions/complete?cc=91442ADD"
"1087809548998594563_twitter";"HateXplain";"high iq but still retarded";"1- high, 2- iq, 3- but, 4- still, 5- retarded";"offensive targeting Disability";"https://app.prolific.co/submissions/complete?cc=91442ADD"
"14375005_gab";"HateXplain";"i see you are friends with the nigger cyph who gives a fuck what you think muted dude";"1- i, 2- see, 3- you, 4- are, 5- friends, 6- with, 7- the, 8- nigger, 9- cyph, 10- who, 11- gives, 12- a, 13- fuck, 14- what, 15- you, 16- think, 17- muted, 18- dude";"hatespeech targeting African";"https://app.prolific.co/submissions/complete?cc=91442ADD"
"1117597598666362881_twitter";"HateXplain";"y ’ all bitches walk around y ’ all dirty ass cribs with nothing on y ’ all feet amp y ’ all want a nigga to suck your toes spare me";"1- y, 2- ’, 3- all, 4- bitches, 5- walk, 6- around, 7- y, 8- ’, 9- all, 10- dirty, 11- ass, 12- cribs, 13- with, 14- nothing, 15- on, 16- y, 17- ’, 18- all, 19- feet, 20- amp, 21- y, 22- ’, 23- all, 24- want, 25- a, 26- nigga, 27- to, 28- suck, 29- your, 30- toes, 31- spare, 32- me";"offensive targeting African";"https://app.prolific.co/submissions/complete?cc=91442ADD"
"12867041_gab";"HateXplain";"remove all muslims and niggers and kikes from the united states of america this is the appropriate response to what these animals have been doing to human beings";"1- remove, 2- all, 3- muslims, 4- and, 5- niggers, 6- and, 7- kikes, 8- from, 9- the, 10- united, 11- states, 12- of, 13- america, 14- this, 15- is, 16- the, 17- appropriate, 18- response, 19- to, 20- what, 21- these, 22- animals, 23- have, 24- been, 25- doing, 26- to, 27- human, 28- beings";"hatespeech targeting African";"https://app.prolific.co/submissions/complete?cc=91442ADD"
"1260417250789654528_twitter";"HateXplain";"<user> some jews are anti zionists doesnt that say alot";"1- <user>, 2- some, 3- jews, 4- are, 5- anti, 6- zionists, 7- doesnt, 8- that, 9- say, 10- alot";"offensive targeting Jewish";"https://app.prolific.co/submissions/complete?cc=91442ADD"
"13907983_gab";"HateXplain";"i am jewish in <number> generations not one kike has been introduced into my family i am half pure aryan";"1- i, 2- am, 3- jewish, 4- in, 5- <number>, 6- generations, 7- not, 8- one, 9- kike, 10- has, 11- been, 12- introduced, 13- into, 14- my, 15- family, 16- i, 17- am, 18- half, 19- pure, 20- aryan";"hatespeech targeting Jewish";"https://app.prolific.co/submissions/complete?cc=91442ADD"
"1178678207341576199_twitter";"HateXplain";"<user> <user> and white trailer trash tweets foul christian lies nice mike";"1- <user>, 2- <user>, 3- and, 4- white, 5- trailer, 6- trash, 7- tweets, 8- foul, 9- christian, 10- lies, 11- nice, 12- mike";"offensive targeting Caucasian";"https://app.prolific.co/submissions/complete?cc=91442ADD"
"1899523_gab";"HateXplain";"i do not care if someone calls me a cracker honky alt right nazi racist sexist homophobic xenophobic misogynist asshole white guy or cheese dick not having sick hillary as president makes me laugh at all those irrelevant and insignificant terms maga trump draintheswamp";"1- i, 2- do, 3- not, 4- care, 5- if, 6- someone, 7- calls, 8- me, 9- a, 10- cracker, 11- honky, 12- alt, 13- right, 14- nazi, 15- racist, 16- sexist, 17- homophobic, 18- xenophobic, 19- misogynist, 20- asshole, 21- white, 22- guy, 23- or, 24- cheese, 25- dick, 26- not, 27- having, 28- sick, 29- hillary, 30- as, 31- president, 32- makes, 33- me, 34- laugh, 35- at, 36- all, 37- those, 38- irrelevant, 39- and, 40- insignificant, 41- terms, 42- maga, 43- trump, 44- draintheswamp";"offensive targeting Caucasian";"https://app.prolific.co/submissions/complete?cc=91442ADD"
"1181354607793983489_twitter";"HateXplain";"when a hoe wants to talk about morals 😂";"1- when, 2- a, 3- hoe, 4- wants, 5- to, 6- talk, 7- about, 8- morals, 9- 😂";"offensive targeting Women";"https://app.prolific.co/submissions/complete?cc=91442ADD"
"15240435_gab";"HateXplain";"you never know there was that one girl who made herself blind and a bunch of other deranged liberals that harm themselves to virtue signal there might be some women that undergo fgm to virtue signal";"1- you, 2- never, 3- know, 4- there, 5- was, 6- that, 7- one, 8- girl, 9- who, 10- made, 11- herself, 12- blind, 13- and, 14- a, 15- bunch, 16- of, 17- other, 18- deranged, 19- liberals, 20- that, 21- harm, 22- themselves, 23- to, 24- virtue, 25- signal, 26- there, 27- might, 28- be, 29- some, 30- women, 31- that, 32- undergo, 33- fgm, 34- to, 35- virtue, 36- signal";"offensive targeting Women";"https://app.prolific.co/submissions/complete?cc=91442ADD"
"1106440160827375616_twitter";"HateXplain";"how many muslims you will kill we believe in real after life justicefornewzealandmuslims";"1- how, 2- many, 3- muslims, 4- you, 5- will, 6- kill, 7- we, 8- believe, 9- in, 10- real, 11- after, 12- life, 13- justicefornewzealandmuslims";"offensive targeting Islam";"https://app.prolific.co/submissions/complete?cc=91442ADD"
"14032605_gab";"HateXplain";"<number> hours since a filthy muslim appeased allah and his imam by murdering americans and immediately the mayor is playing new yorkers into behaving like nothing has happened ffs america avenge new yorkers";"1- <number>, 2- hours, 3- since, 4- a, 5- filthy, 6- muslim, 7- appeased, 8- allah, 9- and, 10- his, 11- imam, 12- by, 13- murdering, 14- americans, 15- and, 16- immediately, 17- the, 18- mayor, 19- is, 20- playing, 21- new, 22- yorkers, 23- into, 24- behaving, 25- like, 26- nothing, 27- has, 28- happened, 29- ffs, 30- america, 31- avenge, 32- new, 33- yorkers";"hatespeech targeting Islam";"https://app.prolific.co/submissions/complete?cc=91442ADD"
"1252956565440692225_twitter";"HateXplain";"<user> bruh isp aint shit especially if theyre nosy conservative arabs 💔 take ur precautions";"1- <user>, 2- bruh, 3- isp, 4- aint, 5- shit, 6- especially, 7- if, 8- theyre, 9- nosy, 10- conservative, 11- arabs, 12- 💔, 13- take, 14- ur, 15- precautions";"offensive targeting Arab";"https://app.prolific.co/submissions/complete?cc=91442ADD"
"15065708_gab";"HateXplain";"ikhvan terror organization attacked to a mosque with bombs gunfire in sinai egypt <number> civillians dead politicalislam is never moderate secularism is a must and basic western values freedom and human rights need to be established respected in every muslim country to drain theswamp trump";"1- ikhvan, 2- terror, 3- organization, 4- attacked, 5- to, 6- a, 7- mosque, 8- with, 9- bombs, 10- gunfire, 11- in, 12- sinai, 13- egypt, 14- <number>, 15- civillians, 16- dead, 17- politicalislam, 18- is, 19- never, 20- moderate, 21- secularism, 22- is, 23- a, 24- must, 25- and, 26- basic, 27- western, 28- values, 29- freedom, 30- and, 31- human, 32- rights, 33- need, 34- to, 35- be, 36- established, 37- respected, 38- in, 39- every, 40- muslim, 41- country, 42- to, 43- drain, 44- theswamp, 45- trump";"hatespeech targeting Arab";"https://app.prolific.co/submissions/complete?cc=91442ADD"
"1107071290320539649_twitter";"HateXplain";"<user> <user> ok thats just retarded";"1- <user>, 2- <user>, 3- ok, 4- thats, 5- just, 6- retarded";"offensive targeting Other";"https://app.prolific.co/submissions/complete?cc=91442ADD"
"14307529_gab";"HateXplain";"i hate to break it to you baby boomers but most of you are either democrats or neocons you are just as bad as these liberal retard millenials that are mostly communists and socialists you know the millenials that you raised";"1- i, 2- hate, 3- to, 4- break, 5- it, 6- to, 7- you, 8- baby, 9- boomers, 10- but, 11- most, 12- of, 13- you, 14- are, 15- either, 16- democrats, 17- or, 18- neocons, 19- you, 20- are, 21- just, 22- as, 23- bad, 24- as, 25- these, 26- liberal, 27- retard, 28- millenials, 29- that, 30- are, 31- mostly, 32- communists, 33- and, 34- socialists, 35- you, 36- know, 37- the, 38- millenials, 39- that, 40- you, 41- raised";"offensive targeting Other";"https://app.prolific.co/submissions/complete?cc=91442ADD"
"1083451029599993856_twitter";"HateXplain";"<user> <user> illegal immigrants i fixed it for you";"1- <user>, 2- <user>, 3- illegal, 4- immigrants, 5- i, 6- fixed, 7- it, 8- for, 9- you";"offensive targeting Refugee";"https://app.prolific.co/submissions/complete?cc=91442ADD"
"1639406_gab";"HateXplain";"cut off federal funding to sanctuary cities and leave it to the states to decide if illegal immigrants contribute more financially than they use for education housing food assistance and health i would think many states would want it at least there would be models to verify";"1- cut, 2- off, 3- federal, 4- funding, 5- to, 6- sanctuary, 7- cities, 8- and, 9- leave, 10- it, 11- to, 12- the, 13- states, 14- to, 15- decide, 16- if, 17- illegal, 18- immigrants, 19- contribute, 20- more, 21- financially, 22- than, 23- they, 24- use, 25- for, 26- education, 27- housing, 28- food, 29- assistance, 30- and, 31- health, 32- i, 33- would, 34- think, 35- many, 36- states, 37- would, 38- want, 39- it, 40- at, 41- least, 42- there, 43- would, 44- be, 45- models, 46- to, 47- verify";"offensive targeting Refugee";"https://app.prolific.co/submissions/complete?cc=91442ADD"
"attention_56";"attention check sentences (HateXplain targeting)";"go back to france you antiamerican commie socialist traitor";"1- go, 2- back, 3- to, 4- france, 5- you, 6- antiamerican, 7- commie, 8- socialist, 9- traitor";"offensive";"https://app.prolific.co/submissions/complete?cc=91442ADD"