"ID";"dataset";"text";"tokens";"label";"redirectUrl"
"19966733_gab";"HateXplain";"ethnic asians what if the china has a white prson who was born and raied there would htey be imported";"1- ethnic, 2- asians, 3- what, 4- if, 5- the, 6- china, 7- has, 8- a, 9- white, 10- prson, 11- who, 12- was, 13- born, 14- and, 15- raied, 16- there, 17- would, 18- htey, 19- be, 20- imported";"offensive targeting Asian";"https://app.prolific.co/submissions/complete?cc=91442ADD"
"1082385043039895554_twitter";"HateXplain";"only america would shut down the whole ass government over a fucking wall you all president retarded";"1- only, 2- america, 3- would, 4- shut, 5- down, 6- the, 7- whole, 8- ass, 9- government, 10- over, 11- a, 12- fucking, 13- wall, 14- you, 15- all, 16- president, 17- retarded";"offensive targeting Disability";"https://app.prolific.co/submissions/complete?cc=91442ADD"
"6175208_gab";"HateXplain";"ricky vaughn uses his anonymity to say the words nigger and faggot without repercussions and so many people on gab love it lol";"1- ricky, 2- vaughn, 3- uses, 4- his, 5- anonymity, 6- to, 7- say, 8- the, 9- words, 10- nigger, 11- and, 12- faggot, 13- without, 14- repercussions, 15- and, 16- so, 17- many, 18- people, 19- on, 20- gab, 21- love, 22- it, 23- lol";"hatespeech targeting African";"https://app.prolific.co/submissions/complete?cc=91442ADD"
"1118338491119742976_twitter";"HateXplain";"only in a sprite commercial can black people look retarded dancing";"1- only, 2- in, 3- a, 4- sprite, 5- commercial, 6- can, 7- black, 8- people, 9- look, 10- retarded, 11- dancing";"offensive targeting African";"https://app.prolific.co/submissions/complete?cc=91442ADD"
"12900471_gab";"HateXplain";"considering your low negro iq you basically gather dust in that empty gorilla skull speaking of wasted taxpayer dollars how is rutgers treating you are they still pretending you are a human what a wacky experiment";"1- considering, 2- your, 3- low, 4- negro, 5- iq, 6- you, 7- basically, 8- gather, 9- dust, 10- in, 11- that, 12- empty, 13- gorilla, 14- skull, 15- speaking, 16- of, 17- wasted, 18- taxpayer, 19- dollars, 20- how, 21- is, 22- rutgers, 23- treating, 24- you, 25- are, 26- they, 27- still, 28- pretending, 29- you, 30- are, 31- a, 32- human, 33- what, 34- a, 35- wacky, 36- experiment";"hatespeech targeting African";"https://app.prolific.co/submissions/complete?cc=91442ADD"
"1266939334772523009_twitter";"HateXplain";"<user> tonight i ate kike <time>";"1- <user>, 2- tonight, 3- i, 4- ate, 5- kike, 6- <time>";"hatespeech targeting Jewish";"https://app.prolific.co/submissions/complete?cc=91442ADD"
"13925713_gab";"HateXplain";"as you wish i am not a natsoc i believe in every race right to self determination and a homeland you appear to believe jews do as well and ignore thousands of years of behavior and their talmud in the process";"1- as, 2- you, 3- wish, 4- i, 5- am, 6- not, 7- a, 8- natsoc, 9- i, 10- believe, 11- in, 12- every, 13- race, 14- right, 15- to, 16- self, 17- determination, 18- and, 19- a, 20- homeland, 21- you, 22- appear, 23- to, 24- believe, 25- jews, 26- do, 27- as, 28- well, 29- and, 30- ignore, 31- thousands, 32- of, 33- years, 34- of, 35- behavior, 36- and, 37- their, 38- talmud, 39- in, 40- the, 41- process";"hatespeech targeting Jewish";"https://app.prolific.co/submissions/complete?cc=91442ADD"
"1178623797286424576_twitter";"HateXplain";"<user> fuck em poor white trailer trash are not in charge of this country";"1- <user>, 2- fuck, 3- em, 4- poor, 5- white, 6- trailer, 7- trash, 8- are, 9- not, 10- in, 11- charge, 12- of, 13- this, 14- country";"offensive targeting Caucasian";"https://app.prolific.co/submissions/complete?cc=91442ADD"
"19284084_gab";"HateXplain";"first set of business cards for midnight auto springfield missouri i should have put it okay to be white but i did not think of it until now";"1- first, 2- set, 3- of, 4- business, 5- cards, 6- for, 7- midnight, 8- auto, 9- springfield, 10- missouri, 11- i, 12- should, 13- have, 14- put, 15- it, 16- okay, 17- to, 18- be, 19- white, 20- but, 21- i, 22- did, 23- not, 24- think, 25- of, 26- it, 27- until, 28- now";"offensive targeting Caucasian";"https://app.prolific.co/submissions/complete?cc=91442ADD"
"1171278526449901570_twitter";"HateXplain";"niggas she acting like bitches and bitches be loving these niggas wassup with these bitches";"1- niggas, 2- she, 3- acting, 4- like, 5- bitches, 6- and, 7- bitches, 8- be, 9- loving, 10- these, 11- niggas, 12- wassup, 13- with, 14- these, 15- bitches";"offensive targeting Women";"https://app.prolific.co/submissions/complete?cc=91442ADD"
"15314387_gab";"HateXplain";"i mean of course we do not know why he did it we have yet to establish a clear motive it may just have been a sexualemergency hence his desperation the gun was just meant to compel the women to realize the urgency of the matter";"1- i, 2- mean, 3- of, 4- course, 5- we, 6- do, 7- not, 8- know, 9- why, 10- he, 11- did, 12- it, 13- we, 14- have, 15- yet, 16- to, 17- establish, 18- a, 19- clear, 20- motive, 21- it, 22- may, 23- just, 24- have, 25- been, 26- a, 27- sexualemergency, 28- hence, 29- his, 30- desperation, 31- the, 32- gun, 33- was, 34- just, 35- meant, 36- to, 37- compel, 38- the, 39- women, 40- to, 41- realize, 42- the, 43- urgency, 44- of, 45- the, 46- matter";"offensive targeting Women";"https://app.prolific.co/submissions/complete?cc=91442ADD"
"1106594041435693057_twitter";"HateXplain";"anytime is see “ reform ” and “ islam ” in the same sentence i already know its gone be some bullsheet";"1- anytime, 2- is, 3- see, 4- “, 5- reform, 6- ”, 7- and, 8- “, 9- islam, 10- ”, 11- in, 12- the, 13- same, 14- sentence, 15- i, 16- already, 17- know, 18- its, 19- gone, 20- be, 21- some, 22- bullsheet";"offensive targeting Islam";"https://app.prolific.co/submissions/complete?cc=91442ADD"
"14042000_gab";"HateXplain";"why would the fbi have ears on the ground in a the muslim shithole that paterson nj home of two <number> <number> hijackers has become you people must be nuts they have got to investigate the russians they bought ads on facebook dontcha know";"1- why, 2- would, 3- the, 4- fbi, 5- have, 6- ears, 7- on, 8- the, 9- ground, 10- in, 11- a, 12- the, 13- muslim, 14- shithole, 15- that, 16- paterson, 17- nj, 18- home, 19- of, 20- two, 21- <number>, 22- <number>, 23- hijackers, 24- has, 25- become, 26- you, 27- people, 28- must, 29- be, 30- nuts, 31- they, 32- have, 33- got, 34- to, 35- investigate, 36- the, 37- russians, 38- they, 39- bought, 40- ads, 41- on, 42- facebook, 43- dontcha, 44- know";"hatespeech targeting Islam";"https://app.prolific.co/submissions/complete?cc=91442ADD"
"1256650136656068611_twitter";"HateXplain";"<user> is canada where all that arabs people live i thought it was part of america";"1- <user>, 2- is, 3- canada, 4- where, 5- all, 6- that, 7- arabs, 8- people, 9- live, 10- i, 11- thought, 12- it, 13- was, 14- part, 15- of, 16- america";"offensive targeting Arab";"https://app.prolific.co/submissions/complete?cc=91442ADD"
"15402487_gab";"HateXplain";"they have thousands of years of practice but the fuckers keep re branding themselves in history books so nobody realizes it the same jews using the same rabid arabs century after century";"1- they, 2- have, 3- thousands, 4- of, 5- years, 6- of, 7- practice, 8- but, 9- the, 10- fuckers, 11- keep, 12- re, 13- branding, 14- themselves, 15- in, 16- history, 17- books, 18- so, 19- nobody, 20- realizes, 21- it, 22- the, 23- same, 24- jews, 25- using, 26- the, 27- same, 28- rabid, 29- arabs, 30- century, 31- after, 32- century";"offensive targeting Arab";"https://app.prolific.co/submissions/complete?cc=91442ADD"
"1108043093796966400_twitter";"HateXplain";"<user> your more retarded than me and that a accomplishment";"1- <user>, 2- your, 3- more, 4- retarded, 5- than, 6- me, 7- and, 8- that, 9- a, 10- accomplishment";"offensive targeting Other";"https://app.prolific.co/submissions/complete?cc=91442ADD"
"14330509_gab";"HateXplain";"the objective to compare the nra to terrorist organizations is for these reasons to justify the use of violence against nra members and to dehumanize gun owners and their families guncontrol nra";"1- the, 2- objective, 3- to, 4- compare, 5- the, 6- nra, 7- to, 8- terrorist, 9- organizations, 10- is, 11- for, 12- these, 13- reasons, 14- to, 15- justify, 16- the, 17- use, 18- of, 19- violence, 20- against, 21- nra, 22- members, 23- and, 24- to, 25- dehumanize, 26- gun, 27- owners, 28- and, 29- their, 30- families, 31- guncontrol, 32- nra";"offensive targeting Other";"https://app.prolific.co/submissions/complete?cc=91442ADD"
"1083771734472327168_twitter";"HateXplain";"<user> even my tsa co workers here like you want that wall and hate immigrants that much";"1- <user>, 2- even, 3- my, 4- tsa, 5- co, 6- workers, 7- here, 8- like, 9- you, 10- want, 11- that, 12- wall, 13- and, 14- hate, 15- immigrants, 16- that, 17- much";"offensive targeting Refugee";"https://app.prolific.co/submissions/complete?cc=91442ADD"
"16446025_gab";"HateXplain";"indeed i was called a racist for opposing migration the idiots could not see that there are loads of non racial reasons to oppose unrestrained migration i shut them up by saying i would rather <number> qualified non white doctors were admitted to the uk than <number> white unskilled benefit seekers";"1- indeed, 2- i, 3- was, 4- called, 5- a, 6- racist, 7- for, 8- opposing, 9- migration, 10- the, 11- idiots, 12- could, 13- not, 14- see, 15- that, 16- there, 17- are, 18- loads, 19- of, 20- non, 21- racial, 22- reasons, 23- to, 24- oppose, 25- unrestrained, 26- migration, 27- i, 28- shut, 29- them, 30- up, 31- by, 32- saying, 33- i, 34- would, 35- rather, 36- <number>, 37- qualified, 38- non, 39- white, 40- doctors, 41- were, 42- admitted, 43- to, 44- the, 45- uk, 46- than, 47- <number>, 48- white, 49- unskilled, 50- benefit, 51- seekers";"offensive targeting Refugee";"https://app.prolific.co/submissions/complete?cc=91442ADD"
"1237932673357750273_twitter";"HateXplain";"<user> “ asians are the cause of everything bad ”";"1- <user>, 2- “, 3- asians, 4- are, 5- the, 6- cause, 7- of, 8- everything, 9- bad, 10- ”";"offensive targeting Asian";"https://app.prolific.co/submissions/complete?cc=91442ADD"
"20628487_gab";"HateXplain";"the asians have long had a deep deep prejudice against whites we look down on them while they are looking down on us they have no respect for us the mistake nixon kissinger made was normalizing them";"1- the, 2- asians, 3- have, 4- long, 5- had, 6- a, 7- deep, 8- deep, 9- prejudice, 10- against, 11- whites, 12- we, 13- look, 14- down, 15- on, 16- them, 17- while, 18- they, 19- are, 20- looking, 21- down, 22- on, 23- us, 24- they, 25- have, 26- no, 27- respect, 28- for, 29- us, 30- the, 31- mistake, 32- nixon, 33- kissinger, 34- made, 35- was, 36- normalizing, 37- them";"offensive targeting Asian";"https://app.prolific.co/submissions/complete?cc=91442ADD"
"1178863644039233537_twitter";"HateXplain";"the bengals head coach is a fucking retard";"1- the, 2- bengals, 3- head, 4- coach, 5- is, 6- a, 7- fucking, 8- retard";"offensive targeting Disability";"https://app.prolific.co/submissions/complete?cc=91442ADD"
"16878503_gab";"HateXplain";"<percent> of niggers who get shot by police in america deserve it and should never be conflated with whites who get shot by incompetent <number> iq nigger diversity hire cops";"1- <percent>, 2- of, 3- niggers, 4- who, 5- get, 6- shot, 7- by, 8- police, 9- in, 10- america, 11- deserve, 12- it, 13- and, 14- should, 15- never, 16- be, 17- conflated, 18- with, 19- whites, 20- who, 21- get, 22- shot, 23- by, 24- incompetent, 25- <number>, 26- iq, 27- nigger, 28- diversity, 29- hire, 30- cops";"hatespeech targeting African";"https://app.prolific.co/submissions/complete?cc=91442ADD"
"1118978139256950784_twitter";"HateXplain";"<user> u negroes never take your destiny into your own hands and just keep waiting for others to change your lot in life";"1- <user>, 2- u, 3- negroes, 4- never, 5- take, 6- your, 7- destiny, 8- into, 9- your, 10- own, 11- hands, 12- and, 13- just, 14- keep, 15- waiting, 16- for, 17- others, 18- to, 19- change, 20- your, 21- lot, 22- in, 23- life";"offensive targeting African";"https://app.prolific.co/submissions/complete?cc=91442ADD"
"12959137_gab";"HateXplain";"blacktivists ignorantly demand that white people who do not and have not owned slaves need to pay reparations to black people who are not and have not been slaves how bout you just get jobs and pay for your own shit ghetto rats";"1- blacktivists, 2- ignorantly, 3- demand, 4- that, 5- white, 6- people, 7- who, 8- do, 9- not, 10- and, 11- have, 12- not, 13- owned, 14- slaves, 15- need, 16- to, 17- pay, 18- reparations, 19- to, 20- black, 21- people, 22- who, 23- are, 24- not, 25- and, 26- have, 27- not, 28- been, 29- slaves, 30- how, 31- bout, 32- you, 33- just, 34- get, 35- jobs, 36- and, 37- pay, 38- for, 39- your, 40- own, 41- shit, 42- ghetto, 43- rats";"hatespeech targeting African";"https://app.prolific.co/submissions/complete?cc=91442ADD"
"1267383029229662209_twitter";"HateXplain";"death of jean charles de menezes jnagappan and all jews guilty of genocide must be exterminated by communism";"1- death, 2- of, 3- jean, 4- charles, 5- de, 6- menezes, 7- jnagappan, 8- and, 9- all, 10- jews, 11- guilty, 12- of, 13- genocide, 14- must, 15- be, 16- exterminated, 17- by, 18- communism";"hatespeech targeting Jewish";"https://app.prolific.co/submissions/complete?cc=91442ADD"
"13927228_gab";"HateXplain";"no kike should ever feel at home or welcome on this site";"1- no, 2- kike, 3- should, 4- ever, 5- feel, 6- at, 7- home, 8- or, 9- welcome, 10- on, 11- this, 12- site";"hatespeech targeting Jewish";"https://app.prolific.co/submissions/complete?cc=91442ADD"
"1165868444715278336_twitter";"HateXplain";"shit might fuck around and start dating white boys";"1- shit, 2- might, 3- fuck, 4- around, 5- and, 6- start, 7- dating, 8- white, 9- boys";"offensive targeting Caucasian";"https://app.prolific.co/submissions/complete?cc=91442ADD"
"20298156_gab";"HateXplain";"hey let set up a small white ethnostate inland somewhere the globalists will not serbian our asses";"1- hey, 2- let, 3- set, 4- up, 5- a, 6- small, 7- white, 8- ethnostate, 9- inland, 10- somewhere, 11- the, 12- globalists, 13- will, 14- not, 15- serbian, 16- our, 17- asses";"hatespeech targeting Caucasian";"https://app.prolific.co/submissions/complete?cc=91442ADD"
"attention_16";"attention check sentences (HateXplain targeting)";"oh these indians you find them everywhere you go my doctor is indian so is this taxi driver";"1- oh, 2- these, 3- indians, 4- you, 5- find, 6- them, 7- everywhere, 8- you, 9- go, 10- my, 11- doctor, 12- is, 13- indian, 14- so, 15- is, 16- this, 17- taxi, 18- driver";"offensive";"https://app.prolific.co/submissions/complete?cc=91442ADD"