ID;dataset;text;tokens;label;redirectUrl
15284640_gab;HateXplain;that was just a photo look up rhyan moody she was killed on thanksgiving by an illegal spic;1- that, 2- was, 3- just, 4- a, 5- photo, 6- look, 7- up, 8- rhyan, 9- moody, 10- she, 11- was, 12- killed, 13- on, 14- thanksgiving, 15- by, 16- an, 17- illegal, 18- spic;offensive targeting Hispanic;https://app.prolific.co/submissions/complete?cc=91442ADD
19897606_gab;HateXplain;i saw a couple baums and steins in the victim list but that about it ya got more info i thought the school was half spic though;1- i, 2- saw, 3- a, 4- couple, 5- baums, 6- and, 7- steins, 8- in, 9- the, 10- victim, 11- list, 12- but, 13- that, 14- about, 15- it, 16- ya, 17- got, 18- more, 19- info, 20- i, 21- thought, 22- the, 23- school, 24- was, 25- half, 26- spic, 27- though;offensive targeting Hispanic;https://app.prolific.co/submissions/complete?cc=91442ADD
20659618_gab;HateXplain;damn dat wetback needs to strap in those moobs;1- damn, 2- dat, 3- wetback, 4- needs, 5- to, 6- strap, 7- in, 8- those, 9- moobs;hatespeech targeting Hispanic;https://app.prolific.co/submissions/complete?cc=91442ADD
24289781_gab;HateXplain;<money> says the kid was a beaner and another <money> says the driver was a beaner too;1- <money>, 2- says, 3- the, 4- kid, 5- was, 6- a, 7- beaner, 8- and, 9- another, 10- <money>, 11- says, 12- the, 13- driver, 14- was, 15- a, 16- beaner, 17- too;offensive targeting Hispanic;https://app.prolific.co/submissions/complete?cc=91442ADD
26702585_gab;HateXplain;thinks spic is mexican thinks they are right thinks they are smart 🤔;1- thinks, 2- spic, 3- is, 4- mexican, 5- thinks, 6- they, 7- are, 8- right, 9- thinks, 10- they, 11- are, 12- smart, 13- 🤔;offensive targeting Hispanic;https://app.prolific.co/submissions/complete?cc=91442ADD
27948460_gab;HateXplain;omg go fuck yourself wetback;1- omg, 2- go, 3- fuck, 4- yourself, 5- wetback;hatespeech targeting Hispanic;https://app.prolific.co/submissions/complete?cc=91442ADD
21959094_gab;HateXplain;when the feelz so surreal you gotta break out that tounge i love beaner pussy nomnomonom;1- when, 2- the, 3- feelz, 4- so, 5- surreal, 6- you, 7- gotta, 8- break, 9- out, 10- that, 11- tounge, 12- i, 13- love, 14- beaner, 15- pussy, 16- nomnomonom;offensive targeting Hispanic;https://app.prolific.co/submissions/complete?cc=91442ADD
18044506_gab;HateXplain;are you seriously backing that lil spic fag fuentes 😂;1- are, 2- you, 3- seriously, 4- backing, 5- that, 6- lil, 7- spic, 8- fag, 9- fuentes, 10- 😂;hatespeech targeting Hispanic;https://app.prolific.co/submissions/complete?cc=91442ADD
13359217_gab;HateXplain;ha good i am tired of that beaner clown;1- ha, 2- good, 3- i, 4- am, 5- tired, 6- of, 7- that, 8- beaner, 9- clown;hatespeech targeting Hispanic;https://app.prolific.co/submissions/complete?cc=91442ADD
11498486_gab;HateXplain;divide you are a fucking spic rapists and criminals get the fuck out beaner;1- divide, 2- you, 3- are, 4- a, 5- fucking, 6- spic, 7- rapists, 8- and, 9- criminals, 10- get, 11- the, 12- fuck, 13- out, 14- beaner;hatespeech targeting Hispanic;https://app.prolific.co/submissions/complete?cc=91442ADD
20219963_gab;HateXplain;that because those tv students are jewish actors as is sheriff israel and the shooter himself the spic chick is just a spic;1- that, 2- because, 3- those, 4- tv, 5- students, 6- are, 7- jewish, 8- actors, 9- as, 10- is, 11- sheriff, 12- israel, 13- and, 14- the, 15- shooter, 16- himself, 17- the, 18- spic, 19- chick, 20- is, 21- just, 22- a, 23- spic;hatespeech targeting Hispanic;https://app.prolific.co/submissions/complete?cc=91442ADD
11693941_gab;HateXplain;reagan did a lot of good but i hate to say it his <number> amnesty of the first massive illegal beaner wave nullified all the good he did sure he may have spared the us a nuclear holocaust but he cursed it with a demographic hispanocaust;1- reagan, 2- did, 3- a, 4- lot, 5- of, 6- good, 7- but, 8- i, 9- hate, 10- to, 11- say, 12- it, 13- his, 14- <number>, 15- amnesty, 16- of, 17- the, 18- first, 19- massive, 20- illegal, 21- beaner, 22- wave, 23- nullified, 24- all, 25- the, 26- good, 27- he, 28- did, 29- sure, 30- he, 31- may, 32- have, 33- spared, 34- the, 35- us, 36- a, 37- nuclear, 38- holocaust, 39- but, 40- he, 41- cursed, 42- it, 43- with, 44- a, 45- demographic, 46- hispanocaust;hatespeech targeting Hispanic;https://app.prolific.co/submissions/complete?cc=91442ADD
18976109_gab;HateXplain;deport that beaner spic to mexico;1- deport, 2- that, 3- beaner, 4- spic, 5- to, 6- mexico;hatespeech targeting Hispanic;https://app.prolific.co/submissions/complete?cc=91442ADD
12537526_gab;HateXplain;hope they keep getting hit fuck spics what has any spic or spook nation ever contributed to america besides leeches criminals and drugs;1- hope, 2- they, 3- keep, 4- getting, 5- hit, 6- fuck, 7- spics, 8- what, 9- has, 10- any, 11- spic, 12- or, 13- spook, 14- nation, 15- ever, 16- contributed, 17- to, 18- america, 19- besides, 20- leeches, 21- criminals, 22- and, 23- drugs;hatespeech targeting Hispanic;https://app.prolific.co/submissions/complete?cc=91442ADD
21419884_gab;HateXplain;says the kike cunt trying to charge for premium content how that working for you 😆 obviously nobody gives a fuck what you have to say cuz you are a fucking joke go blow some wetbacks behind the burrito stand and you might make a buck lick balls heebhole premium cunt contributor;1- says, 2- the, 3- kike, 4- cunt, 5- trying, 6- to, 7- charge, 8- for, 9- premium, 10- content, 11- how, 12- that, 13- working, 14- for, 15- you, 16- 😆, 17- obviously, 18- nobody, 19- gives, 20- a, 21- fuck, 22- what, 23- you, 24- have, 25- to, 26- say, 27- cuz, 28- you, 29- are, 30- a, 31- fucking, 32- joke, 33- go, 34- blow, 35- some, 36- wetbacks, 37- behind, 38- the, 39- burrito, 40- stand, 41- and, 42- you, 43- might, 44- make, 45- a, 46- buck, 47- lick, 48- balls, 49- heebhole, 50- premium, 51- cunt, 52- contributor;hatespeech targeting Hispanic;https://app.prolific.co/submissions/complete?cc=91442ADD
23170995_gab;HateXplain;rip nehlen he may be married to a beaner and a christcuck but at least he aiming in the right direction;1- rip, 2- nehlen, 3- he, 4- may, 5- be, 6- married, 7- to, 8- a, 9- beaner, 10- and, 11- a, 12- christcuck, 13- but, 14- at, 15- least, 16- he, 17- aiming, 18- in, 19- the, 20- right, 21- direction;hatespeech targeting Hispanic;https://app.prolific.co/submissions/complete?cc=91442ADD
14441354_gab;HateXplain;when you wanna be white really really bad but you are just a fucking wetback;1- when, 2- you, 3- wanna, 4- be, 5- white, 6- really, 7- really, 8- bad, 9- but, 10- you, 11- are, 12- just, 13- a, 14- fucking, 15- wetback;hatespeech targeting Hispanic;https://app.prolific.co/submissions/complete?cc=91442ADD
23007090_gab;HateXplain;a beaner who tried snitching on atomwaffen and got doxxed;1- a, 2- beaner, 3- who, 4- tried, 5- snitching, 6- on, 7- atomwaffen, 8- and, 9- got, 10- doxxed;hatespeech targeting Hispanic;https://app.prolific.co/submissions/complete?cc=91442ADD
23331323_gab;HateXplain;cantwell is actually talking to federal agents and nehlen has a spic wife so what you are saying does not make sense the only reason i think you could be saying these things is if you are a subverter yourself;1- cantwell, 2- is, 3- actually, 4- talking, 5- to, 6- federal, 7- agents, 8- and, 9- nehlen, 10- has, 11- a, 12- spic, 13- wife, 14- so, 15- what, 16- you, 17- are, 18- saying, 19- does, 20- not, 21- make, 22- sense, 23- the, 24- only, 25- reason, 26- i, 27- think, 28- you, 29- could, 30- be, 31- saying, 32- these, 33- things, 34- is, 35- if, 36- you, 37- are, 38- a, 39- subverter, 40- yourself;hatespeech targeting Hispanic;https://app.prolific.co/submissions/complete?cc=91442ADD
21563650_gab;HateXplain;you seen how many old stormer accounts have been banned i got a warning for defending paul nehlen against based spic maga hat burger nationalists;1- you, 2- seen, 3- how, 4- many, 5- old, 6- stormer, 7- accounts, 8- have, 9- been, 10- banned, 11- i, 12- got, 13- a, 14- warning, 15- for, 16- defending, 17- paul, 18- nehlen, 19- against, 20- based, 21- spic, 22- maga, 23- hat, 24- burger, 25- nationalists;hatespeech targeting Hispanic;https://app.prolific.co/submissions/complete?cc=91442ADD
13298171_gab;HateXplain;beaners are keen to violence just ask the inquisitors conquistadors and spanish communists;1- beaners, 2- are, 3- keen, 4- to, 5- violence, 6- just, 7- ask, 8- the, 9- inquisitors, 10- conquistadors, 11- and, 12- spanish, 13- communists;hatespeech targeting Hispanic;https://app.prolific.co/submissions/complete?cc=91442ADD
15424010_gab;HateXplain;jury in the katie stienle trial just let the piece of shit off not guilty of murder vigilante justice needs to make a come back in a big way if there going to let murdering beaners walk the streets;1- jury, 2- in, 3- the, 4- katie, 5- stienle, 6- trial, 7- just, 8- let, 9- the, 10- piece, 11- of, 12- shit, 13- off, 14- not, 15- guilty, 16- of, 17- murder, 18- vigilante, 19- justice, 20- needs, 21- to, 22- make, 23- a, 24- come, 25- back, 26- in, 27- a, 28- big, 29- way, 30- if, 31- there, 32- going, 33- to, 34- let, 35- murdering, 36- beaners, 37- walk, 38- the, 39- streets;hatespeech targeting Hispanic;https://app.prolific.co/submissions/complete?cc=91442ADD
16277244_gab;HateXplain;i know both and who cares if they are born into wealth i also will not be showing a mongrel wetback my taxes so we will never know if you are making more than me cultural appropriation is never pretty on brownies;1- i, 2- know, 3- both, 4- and, 5- who, 6- cares, 7- if, 8- they, 9- are, 10- born, 11- into, 12- wealth, 13- i, 14- also, 15- will, 16- not, 17- be, 18- showing, 19- a, 20- mongrel, 21- wetback, 22- my, 23- taxes, 24- so, 25- we, 26- will, 27- never, 28- know, 29- if, 30- you, 31- are, 32- making, 33- more, 34- than, 35- me, 36- cultural, 37- appropriation, 38- is, 39- never, 40- pretty, 41- on, 42- brownies;hatespeech targeting Hispanic;https://app.prolific.co/submissions/complete?cc=91442ADD
21555615_gab;HateXplain;does anyone get the feeling that nick the spic fuentes is like trying to court <number> something internet savvy boomer conservatives as if they were a thing;1- does, 2- anyone, 3- get, 4- the, 5- feeling, 6- that, 7- nick, 8- the, 9- spic, 10- fuentes, 11- is, 12- like, 13- trying, 14- to, 15- court, 16- <number>, 17- something, 18- internet, 19- savvy, 20- boomer, 21- conservatives, 22- as, 23- if, 24- they, 25- were, 26- a, 27- thing;hatespeech targeting Hispanic;https://app.prolific.co/submissions/complete?cc=91442ADD
7679594_gab;HateXplain;so then a beaner can not be charged with a hate crime yet can be a victim what horseshit good for taylor for exposing this;1- so, 2- then, 3- a, 4- beaner, 5- can, 6- not, 7- be, 8- charged, 9- with, 10- a, 11- hate, 12- crime, 13- yet, 14- can, 15- be, 16- a, 17- victim, 18- what, 19- horseshit, 20- good, 21- for, 22- taylor, 23- for, 24- exposing, 25- this;hatespeech targeting Hispanic;https://app.prolific.co/submissions/complete?cc=91442ADD
12196228_gab;HateXplain;fuggin beaners lol;1- fuggin, 2- beaners, 3- lol;hatespeech targeting Hispanic;https://app.prolific.co/submissions/complete?cc=91442ADD
15453243_gab;HateXplain;sung to the tune of the communist globalist hippy anthem imagine you may say that i am a beaner but i am not the only juan i hope someday you will join us and the world will be as juan;1- sung, 2- to, 3- the, 4- tune, 5- of, 6- the, 7- communist, 8- globalist, 9- hippy, 10- anthem, 11- imagine, 12- you, 13- may, 14- say, 15- that, 16- i, 17- am, 18- a, 19- beaner, 20- but, 21- i, 22- am, 23- not, 24- the, 25- only, 26- juan, 27- i, 28- hope, 29- someday, 30- you, 31- will, 32- join, 33- us, 34- and, 35- the, 36- world, 37- will, 38- be, 39- as, 40- juan;hatespeech targeting Hispanic;https://app.prolific.co/submissions/complete?cc=91442ADD
16098694_gab;HateXplain;spic face gutierrez is talking right now i have had dogs as pets that were smarter than this piece of fucking spic shit;1- spic, 2- face, 3- gutierrez, 4- is, 5- talking, 6- right, 7- now, 8- i, 9- have, 10- had, 11- dogs, 12- as, 13- pets, 14- that, 15- were, 16- smarter, 17- than, 18- this, 19- piece, 20- of, 21- fucking, 22- spic, 23- shit;hatespeech targeting Hispanic;https://app.prolific.co/submissions/complete?cc=91442ADD
18358793_gab;HateXplain;plenty of you beaners are pedos clean your own backyard juan;1- plenty, 2- of, 3- you, 4- beaners, 5- are, 6- pedos, 7- clean, 8- your, 9- own, 10- backyard, 11- juan;hatespeech targeting Hispanic;https://app.prolific.co/submissions/complete?cc=91442ADD
attention_59;attention chack sentences (HateXplain targeting);i hate john he is a commie bastard;1- i, 2- hate, 3- john, 4- he, 5- is, 6- a, 7- commie, 8- bastard;offensive;https://app.prolific.co/submissions/complete?cc=91442ADD