ID;dataset;text;tokens;label;redirectUrl
14731923_gab;HateXplain;soy look i know i have fucked a few asians here and there but i highly doubt my face looks like soy sauce;1- soy, 2- look, 3- i, 4- know, 5- i, 6- have, 7- fucked, 8- a, 9- few, 10- asians, 11- here, 12- and, 13- there, 14- but, 15- i, 16- highly, 17- doubt, 18- my, 19- face, 20- looks, 21- like, 22- soy, 23- sauce;offensive targeting Asian;https://app.prolific.co/submissions/complete?cc=91442ADD
1178822711629504512_twitter;HateXplain;shout out to the girls that ain t retarded;1- shout, 2- out, 3- to, 4- the, 5- girls, 6- that, 7- ain, 8- t, 9- retarded;offensive targeting Disability;https://app.prolific.co/submissions/complete?cc=91442ADD
19364824_gab;HateXplain;just another dumb nigger;1- just, 2- another, 3- dumb, 4- nigger;hatespeech targeting African;https://app.prolific.co/submissions/complete?cc=91442ADD
1178741111650537472_twitter;HateXplain;<user> look at that nigger recording us 😩 😂;1- <user>, 2- look, 3- at, 4- that, 5- nigger, 6- recording, 7- us, 8- 😩, 9- 😂;hatespeech targeting African;https://app.prolific.co/submissions/complete?cc=91442ADD
7093626_gab;HateXplain;aw what wrong nigger you do not like your sheboon exposed for the savage she is 🤣;1- aw, 2- what, 3- wrong, 4- nigger, 5- you, 6- do, 7- not, 8- like, 9- your, 10- sheboon, 11- exposed, 12- for, 13- the, 14- savage, 15- she, 16- is, 17- 🤣;hatespeech targeting African;https://app.prolific.co/submissions/complete?cc=91442ADD
1178963179134705664_twitter;HateXplain;anyway one of my lecturers is biased against negro students the caucasians all have <number> percents and the niggers are struggling el oh el;1- anyway, 2- one, 3- of, 4- my, 5- lecturers, 6- is, 7- biased, 8- against, 9- negro, 10- students, 11- the, 12- caucasians, 13- all, 14- have, 15- <number>, 16- percents, 17- and, 18- the, 19- niggers, 20- are, 21- struggling, 22- el, 23- oh, 24- el;hatespeech targeting African;https://app.prolific.co/submissions/complete?cc=91442ADD
4160017_gab;HateXplain;david a clarke jr ‏ <user> 1 5 h15 hours ago i am tired of this jigaboo telling black people who they should be what they should do he a lackey for democrats;1- david, 2- a, 3- clarke, 4- jr, 5- <user>, 6- 1, 7- 5, 8- h15, 9- hours, 10- ago, 11- i, 12- am, 13- tired, 14- of, 15- this, 16- jigaboo, 17- telling, 18- black, 19- people, 20- who, 21- they, 22- should, 23- be, 24- what, 25- they, 26- should, 27- do, 28- he, 29- a, 30- lackey, 31- for, 32- democrats;offensive targeting African;https://app.prolific.co/submissions/complete?cc=91442ADD
1086511235745701888_twitter;HateXplain;<user> tbh if it wasn ’ t for bigag and pornography we would be stacking bodies so high the negroes would blush;1- <user>, 2- tbh, 3- if, 4- it, 5- wasn, 6- ’, 7- t, 8- for, 9- bigag, 10- and, 11- pornography, 12- we, 13- would, 14- be, 15- stacking, 16- bodies, 17- so, 18- high, 19- the, 20- negroes, 21- would, 22- blush;offensive targeting African;https://app.prolific.co/submissions/complete?cc=91442ADD
12711331_gab;HateXplain;<user> sometimes i think you might actually be a nigger is it difficult to keep up this ghetto persona;1- <user>, 2- sometimes, 3- i, 4- think, 5- you, 6- might, 7- actually, 8- be, 9- a, 10- nigger, 11- is, 12- it, 13- difficult, 14- to, 15- keep, 16- up, 17- this, 18- ghetto, 19- persona;hatespeech targeting African;https://app.prolific.co/submissions/complete?cc=91442ADD
1106436721477148672_twitter;HateXplain;the democratic party now openly is anti semitic and hates jews jexodus;1- the, 2- democratic, 3- party, 4- now, 5- openly, 6- is, 7- anti, 8- semitic, 9- and, 10- hates, 11- jews, 12- jexodus;offensive targeting Jewish;https://app.prolific.co/submissions/complete?cc=91442ADD
13174721_gab;HateXplain;no white person should ever work for any jew not ever for any reason;1- no, 2- white, 3- person, 4- should, 5- ever, 6- work, 7- for, 8- any, 9- jew, 10- not, 11- ever, 12- for, 13- any, 14- reason;hatespeech targeting Jewish;https://app.prolific.co/submissions/complete?cc=91442ADD
1179074152449368069_twitter;HateXplain;rick ripping that guys throat out to save carl from getting raped by that old hillbilly top <number> savage twd moments;1- rick, 2- ripping, 3- that, 4- guys, 5- throat, 6- out, 7- to, 8- save, 9- carl, 10- from, 11- getting, 12- raped, 13- by, 14- that, 15- old, 16- hillbilly, 17- top, 18- <number>, 19- savage, 20- twd, 21- moments;offensive targeting Caucasian;https://app.prolific.co/submissions/complete?cc=91442ADD
15479823_gab;HateXplain;those women hate themselves but they hate straight white trump maga men even more they hate them more because they could not attract and get one therefore the self harm body piercings etc;1- those, 2- women, 3- hate, 4- themselves, 5- but, 6- they, 7- hate, 8- straight, 9- white, 10- trump, 11- maga, 12- men, 13- even, 14- more, 15- they, 16- hate, 17- them, 18- more, 19- because, 20- they, 21- could, 22- not, 23- attract, 24- and, 25- get, 26- one, 27- therefore, 28- the, 29- self, 30- harm, 31- body, 32- piercings, 33- etc;hatespeech targeting Caucasian;https://app.prolific.co/submissions/complete?cc=91442ADD
1165819983701643266_twitter;HateXplain;sex be so good a bitch be slow stroking and crying;1- sex, 2- be, 3- so, 4- good, 5- a, 6- bitch, 7- be, 8- slow, 9- stroking, 10- and, 11- crying;offensive targeting Women;https://app.prolific.co/submissions/complete?cc=91442ADD
13363757_gab;HateXplain;girls are joining boyscouts now better be so they can bring them sandwiches like real women;1- girls, 2- are, 3- joining, 4- boyscouts, 5- now, 6- better, 7- be, 8- so, 9- they, 10- can, 11- bring, 12- them, 13- sandwiches, 14- like, 15- real, 16- women;hatespeech targeting Women;https://app.prolific.co/submissions/complete?cc=91442ADD
1176677023495802882_twitter;HateXplain;<user> hi pls kiss me full homo;1- <user>, 2- hi, 3- pls, 4- kiss, 5- me, 6- full, 7- homo;offensive targeting Homosexual;https://app.prolific.co/submissions/complete?cc=91442ADD
17171846_gab;HateXplain;the only way sharia may could be a worse leader for britain is if she were a gay muslim faux married to a trannie;1- the, 2- only, 3- way, 4- sharia, 5- may, 6- could, 7- be, 8- a, 9- worse, 10- leader, 11- for, 12- britain, 13- is, 14- if, 15- she, 16- were, 17- a, 18- gay, 19- muslim, 20- faux, 21- married, 22- to, 23- a, 24- trannie;offensive targeting Homosexual;https://app.prolific.co/submissions/complete?cc=91442ADD
1091513903756980224_twitter;HateXplain;<user> im buying a pair in support of hoping to offend more muslims;1- <user>, 2- im, 3- buying, 4- a, 5- pair, 6- in, 7- support, 8- of, 9- hoping, 10- to, 11- offend, 12- more, 13- muslims;offensive targeting Islam;https://app.prolific.co/submissions/complete?cc=91442ADD
13163234_gab;HateXplain;sad dick khan is the chief of the london muslim ghetto he first allegiance is to islam and muslims;1- sad, 2- dick, 3- khan, 4- is, 5- the, 6- chief, 7- of, 8- the, 9- london, 10- muslim, 11- ghetto, 12- he, 13- first, 14- allegiance, 15- is, 16- to, 17- islam, 18- and, 19- muslims;offensive targeting Islam;https://app.prolific.co/submissions/complete?cc=91442ADD
1175979330373128192_twitter;HateXplain;<user> <user> israeli jews should unilaterally withdraw to being the <number> of the uae witout citizenship then arabs woulf be free;1- <user>, 2- <user>, 3- israeli, 4- jews, 5- should, 6- unilaterally, 7- withdraw, 8- to, 9- being, 10- the, 11- <number>, 12- of, 13- the, 14- uae, 15- witout, 16- citizenship, 17- then, 18- arabs, 19- woulf, 20- be, 21- free;offensive targeting Arab;https://app.prolific.co/submissions/complete?cc=91442ADD
13804671_gab;HateXplain;this raghead is a brick short of a load;1- this, 2- raghead, 3- is, 4- a, 5- brick, 6- short, 7- of, 8- a, 9- load;hatespeech targeting Arab;https://app.prolific.co/submissions/complete?cc=91442ADD
1083149316531855361_twitter;HateXplain;<user> don ’ t get blocked retard;1- <user>, 2- don, 3- ’, 4- t, 5- get, 6- blocked, 7- retard;offensive targeting Other;https://app.prolific.co/submissions/complete?cc=91442ADD
13653444_gab;HateXplain;regular morning joe contributor mark halperin is fascinated enough to tweet about the new iphone calculator that been out for weeks stay retarded libs;1- regular, 2- morning, 3- joe, 4- contributor, 5- mark, 6- halperin, 7- is, 8- fascinated, 9- enough, 10- to, 11- tweet, 12- about, 13- the, 14- new, 15- iphone, 16- calculator, 17- that, 18- been, 19- out, 20- for, 21- weeks, 22- stay, 23- retarded, 24- libs;offensive targeting Other;https://app.prolific.co/submissions/complete?cc=91442ADD
1078397992191705088_twitter;HateXplain;<user> <user> bend over and let illegal aliens take advantage;1- <user>, 2- <user>, 3- bend, 4- over, 5- and, 6- let, 7- illegal, 8- aliens, 9- take, 10- advantage;offensive targeting Refugee;https://app.prolific.co/submissions/complete?cc=91442ADD
14172716_gab;HateXplain;this addresses the key factor of why we should say it and what is the problem the refusal of immigrants to assimilate into our current culture if they do not want to assimilate the why the fuck even come here they do it to live free off of us who pay;1- this, 2- addresses, 3- the, 4- key, 5- factor, 6- of, 7- why, 8- we, 9- should, 10- say, 11- it, 12- and, 13- what, 14- is, 15- the, 16- problem, 17- the, 18- refusal, 19- of, 20- immigrants, 21- to, 22- assimilate, 23- into, 24- our, 25- current, 26- culture, 27- if, 28- they, 29- do, 30- not, 31- want, 32- to, 33- assimilate, 34- the, 35- why, 36- the, 37- fuck, 38- even, 39- come, 40- here, 41- they, 42- do, 43- it, 44- to, 45- live, 46- free, 47- off, 48- of, 49- us, 50- who, 51- pay;offensive targeting Refugee;https://app.prolific.co/submissions/complete?cc=91442ADD
1178173344564146179_twitter;HateXplain;<user> shut up ching chong;1- <user>, 2- shut, 3- up, 4- ching, 5- chong;hatespeech targeting Asian;https://app.prolific.co/submissions/complete?cc=91442ADD
12867168_gab;HateXplain;he was a leftist and probably antifa not a white supremacist neonazi kk with a gook wife plus shooting victims being white country music is now the official music of american nationalism;1- he, 2- was, 3- a, 4- leftist, 5- and, 6- probably, 7- antifa, 8- not, 9- a, 10- white, 11- supremacist, 12- neonazi, 13- kk, 14- with, 15- a, 16- gook, 17- wife, 18- plus, 19- shooting, 20- victims, 21- being, 22- white, 23- country, 24- music, 25- is, 26- now, 27- the, 28- official, 29- music, 30- of, 31- american, 32- nationalism;offensive targeting Asian;https://app.prolific.co/submissions/complete?cc=91442ADD
1203057337587531777_twitter;HateXplain;<user> <user> sorry i dont speak ching chong ping pong;1- <user>, 2- <user>, 3- sorry, 4- i, 5- dont, 6- speak, 7- ching, 8- chong, 9- ping, 10- pong;offensive targeting Asian;https://app.prolific.co/submissions/complete?cc=91442ADD
15298380_gab;HateXplain;if i were president i d tell taiwan south korea and japan to build nukes ballistic missiles then once they had enough nukes to destroy china and north korea i d withdraw all troops and close all military bases there let china norks destroy themselves attacking their fellow asians before us;1- if, 2- i, 3- were, 4- president, 5- i, 6- d, 7- tell, 8- taiwan, 9- south, 10- korea, 11- and, 12- japan, 13- to, 14- build, 15- nukes, 16- ballistic, 17- missiles, 18- then, 19- once, 20- they, 21- had, 22- enough, 23- nukes, 24- to, 25- destroy, 26- china, 27- and, 28- north, 29- korea, 30- i, 31- d, 32- withdraw, 33- all, 34- troops, 35- and, 36- close, 37- all, 38- military, 39- bases, 40- there, 41- let, 42- china, 43- norks, 44- destroy, 45- themselves, 46- attacking, 47- their, 48- fellow, 49- asians, 50- before, 51- us;hatespeech targeting Asian;https://app.prolific.co/submissions/complete?cc=91442ADD
attention_14;attention check sentences (HateXplain targeting);i admit it polish people are an inferior race;1- i, 2- admit, 3- it, 4- polish, 5- people, 6- are, 7- an, 8- inferior, 9- race;offensive;https://app.prolific.co/submissions/complete?cc=91442ADD