"ID";"dataset";"text";"tokens";"label";"redirectUrl"
"1167962706831216643_twitter";"HateXplain";"<user> they are not immigrants they are criminals";"1- <user>, 2- they, 3- are, 4- not, 5- immigrants, 6- they, 7- are, 8- criminals";"offensive targeting Refugee";"https://app.prolific.co/submissions/complete?cc=91442ADD"
"23224687_gab";"HateXplain";"england is <percent> white actually you should get statistics that do not include pakis as white";"1- england, 2- is, 3- <percent>, 4- white, 5- actually, 6- you, 7- should, 8- get, 9- statistics, 10- that, 11- do, 12- not, 13- include, 14- pakis, 15- as, 16- white";"offensive targeting Indian";"https://app.prolific.co/submissions/complete?cc=91442ADD"
"17002489_gab";"HateXplain";"was this a fat white people rally or purely a gook zerg rush";"1- was, 2- this, 3- a, 4- fat, 5- white, 6- people, 7- rally, 8- or, 9- purely, 10- a, 11- gook, 12- zerg, 13- rush";"hatespeech targeting Asian";"https://app.prolific.co/submissions/complete?cc=91442ADD"
"22612297_gab";"HateXplain";"<user> ian timings opinions are only those of a nigger cock sucker therefore they are invalid <number> kk";"1- <user>, 2- ian, 3- timings, 4- opinions, 5- are, 6- only, 7- those, 8- of, 9- a, 10- nigger, 11- cock, 12- sucker, 13- therefore, 14- they, 15- are, 16- invalid, 17- <number>, 18- kk";"hatespeech targeting African";"https://app.prolific.co/submissions/complete?cc=91442ADD"
"12533510_gab";"HateXplain";"this sounds like a kike national socialist";"1- this, 2- sounds, 3- like, 4- a, 5- kike, 6- national, 7- socialist";"hatespeech targeting Jewish";"https://app.prolific.co/submissions/complete?cc=91442ADD"
"1192820677293879297_twitter";"HateXplain";"does alcholics anonymous want to know if i jack off they have already proven themselves christian nazi fa t bitches";"1- does, 2- alcholics, 3- anonymous, 4- want, 5- to, 6- know, 7- if, 8- i, 9- jack, 10- off, 11- they, 12- have, 13- already, 14- proven, 15- themselves, 16- christian, 17- nazi, 18- fa, 19- t, 20- bitches";"offensive targeting Christian";"https://app.prolific.co/submissions/complete?cc=91442ADD"
"1179104659685937152_twitter";"HateXplain";"<user> nvm fuck her white ass";"1- <user>, 2- nvm, 3- fuck, 4- her, 5- white, 6- ass";"offensive targeting Caucasian";"https://app.prolific.co/submissions/complete?cc=91442ADD"
"1123914189116968964_twitter";"HateXplain";"so layan aku macam sampah isnt mental torture but tegur that mf bitch is kurang ajar fuck you";"1- so, 2- layan, 3- aku, 4- macam, 5- sampah, 6- isnt, 7- mental, 8- torture, 9- but, 10- tegur, 11- that, 12- mf, 13- bitch, 14- is, 15- kurang, 16- ajar, 17- fuck, 18- you";"offensive targeting Women";"https://app.prolific.co/submissions/complete?cc=91442ADD"
"9360681_gab";"HateXplain";"hey twitter you enormous fags do not you have more problems than anime posting weebs to worry about your problem should be the actual terrorists and maybe the kangz how about you ban some of those faggots instead";"1- hey, 2- twitter, 3- you, 4- enormous, 5- fags, 6- do, 7- not, 8- you, 9- have, 10- more, 11- problems, 12- than, 13- anime, 14- posting, 15- weebs, 16- to, 17- worry, 18- about, 19- your, 20- problem, 21- should, 22- be, 23- the, 24- actual, 25- terrorists, 26- and, 27- maybe, 28- the, 29- kangz, 30- how, 31- about, 32- you, 33- ban, 34- some, 35- of, 36- those, 37- faggots, 38- instead";"offensive targeting Homosexual";"https://app.prolific.co/submissions/complete?cc=91442ADD"
"6309991_gab";"HateXplain";"what a pakis favorite clothing brand jihadidas";"1- what, 2- a, 3- pakis, 4- favorite, 5- clothing, 6- brand, 7- jihadidas";"offensive targeting Islam";"https://app.prolific.co/submissions/complete?cc=91442ADD"
"2711385_gab";"HateXplain";"do you remember when you could go out in public in europe without being sexually assaulted by some sand nigger goat fuckers pepperidge farms remembers speak freely maga";"1- do, 2- you, 3- remember, 4- when, 5- you, 6- could, 7- go, 8- out, 9- in, 10- public, 11- in, 12- europe, 13- without, 14- being, 15- sexually, 16- assaulted, 17- by, 18- some, 19- sand, 20- nigger, 21- goat, 22- fuckers, 23- pepperidge, 24- farms, 25- remembers, 26- speak, 27- freely, 28- maga";"hatespeech targeting Arab";"https://app.prolific.co/submissions/complete?cc=91442ADD"
"14016158_gab";"HateXplain";"bex bailey raped at <number> yrs of age <number> yr old girl in rotherham raped by <number> paki muslims all labour voters in labour held councils and labour protected the rapists liz kendall mp and all 6 5 0 mps disgusts me to my core and they all need destroying";"1- bex, 2- bailey, 3- raped, 4- at, 5- <number>, 6- yrs, 7- of, 8- age, 9- <number>, 10- yr, 11- old, 12- girl, 13- in, 14- rotherham, 15- raped, 16- by, 17- <number>, 18- paki, 19- muslims, 20- all, 21- labour, 22- voters, 23- in, 24- labour, 25- held, 26- councils, 27- and, 28- labour, 29- protected, 30- the, 31- rapists, 32- liz, 33- kendall, 34- mp, 35- and, 36- all, 37- 6, 38- 5, 39- 0, 40- mps, 41- disgusts, 42- me, 43- to, 44- my, 45- core, 46- and, 47- they, 48- all, 49- need, 50- destroying";"offensive targeting Other";"https://app.prolific.co/submissions/complete?cc=91442ADD"
"1174489375394160640_twitter";"HateXplain";"<user> if they would stop supporting illegal immigrants they would have plenty of funds for the homeless put americans first";"1- <user>, 2- if, 3- they, 4- would, 5- stop, 6- supporting, 7- illegal, 8- immigrants, 9- they, 10- would, 11- have, 12- plenty, 13- of, 14- funds, 15- for, 16- the, 17- homeless, 18- put, 19- americans, 20- first";"hatespeech targeting Refugee";"https://app.prolific.co/submissions/complete?cc=91442ADD"
"17279139_gab";"HateXplain";"i was talkin to deepak he a curry nignog streetpooper i do not even remember where the conversation with it started lol";"1- i, 2- was, 3- talkin, 4- to, 5- deepak, 6- he, 7- a, 8- curry, 9- nignog, 10- streetpooper, 11- i, 12- do, 13- not, 14- even, 15- remember, 16- where, 17- the, 18- conversation, 19- with, 20- it, 21- started, 22- lol";"hatespeech targeting Indian";"https://app.prolific.co/submissions/complete?cc=91442ADD"
"17266261_gab";"HateXplain";"you have printed a story claiming a man is a jew with no proof whatsoever but the word of a leftist gook gawker hack and his leftist mother who was threatened and gaslighted this is some real pulitzer shit here bro";"1- you, 2- have, 3- printed, 4- a, 5- story, 6- claiming, 7- a, 8- man, 9- is, 10- a, 11- jew, 12- with, 13- no, 14- proof, 15- whatsoever, 16- but, 17- the, 18- word, 19- of, 20- a, 21- leftist, 22- gook, 23- gawker, 24- hack, 25- and, 26- his, 27- leftist, 28- mother, 29- who, 30- was, 31- threatened, 32- and, 33- gaslighted, 34- this, 35- is, 36- some, 37- real, 38- pulitzer, 39- shit, 40- here, 41- bro";"hatespeech targeting Asian";"https://app.prolific.co/submissions/complete?cc=91442ADD"
"22088480_gab";"HateXplain";"you are arguably pretty stupid to not recognize that ecological collapse means no food your chances of survival dramatically decreases this is nigger level shortsightedness right here";"1- you, 2- are, 3- arguably, 4- pretty, 5- stupid, 6- to, 7- not, 8- recognize, 9- that, 10- ecological, 11- collapse, 12- means, 13- no, 14- food, 15- your, 16- chances, 17- of, 18- survival, 19- dramatically, 20- decreases, 21- this, 22- is, 23- nigger, 24- level, 25- shortsightedness, 26- right, 27- here";"hatespeech targeting African";"https://app.prolific.co/submissions/complete?cc=91442ADD"
"16637220_gab";"HateXplain";"they are going to figure out a way to kike bitcoin";"1- they, 2- are, 3- going, 4- to, 5- figure, 6- out, 7- a, 8- way, 9- to, 10- kike, 11- bitcoin";"hatespeech targeting Jewish";"https://app.prolific.co/submissions/complete?cc=91442ADD"
"16934444_gab";"HateXplain";"to the downvoter do you deny this take a gander at <user> posts regarding modern christians a k a cuckstians fake christians who put jews on a pedestal and promulgate a suicidal worship of the other many such cases";"1- to, 2- the, 3- downvoter, 4- do, 5- you, 6- deny, 7- this, 8- take, 9- a, 10- gander, 11- at, 12- <user>, 13- posts, 14- regarding, 15- modern, 16- christians, 17- a, 18- k, 19- a, 20- cuckstians, 21- fake, 22- christians, 23- who, 24- put, 25- jews, 26- on, 27- a, 28- pedestal, 29- and, 30- promulgate, 31- a, 32- suicidal, 33- worship, 34- of, 35- the, 36- other, 37- many, 38- such, 39- cases";"offensive targeting Christian";"https://app.prolific.co/submissions/complete?cc=91442ADD"
"1179100421475983365_twitter";"HateXplain";"bro i can not stand misbehaving kids especially the ghetto ratchet white parents who do not do shit to keep them in check i am tempted to smack tf out of her kid for her";"1- bro, 2- i, 3- can, 4- not, 5- stand, 6- misbehaving, 7- kids, 8- especially, 9- the, 10- ghetto, 11- ratchet, 12- white, 13- parents, 14- who, 15- do, 16- not, 17- do, 18- shit, 19- to, 20- keep, 21- them, 22- in, 23- check, 24- i, 25- am, 26- tempted, 27- to, 28- smack, 29- tf, 30- out, 31- of, 32- her, 33- kid, 34- for, 35- her";"offensive targeting Caucasian";"https://app.prolific.co/submissions/complete?cc=91442ADD"
"1179024491189559296_twitter";"HateXplain";"aint nothin like a ride or die bitch she come thru and throw the <number> up love to fuck she even roll the piffy up";"1- aint, 2- nothin, 3- like, 4- a, 5- ride, 6- or, 7- die, 8- bitch, 9- she, 10- come, 11- thru, 12- and, 13- throw, 14- the, 15- <number>, 16- up, 17- love, 18- to, 19- fuck, 20- she, 21- even, 22- roll, 23- the, 24- piffy, 25- up";"offensive targeting Women";"https://app.prolific.co/submissions/complete?cc=91442ADD"
"9542851_gab";"HateXplain";"this is so disgusting a lot of single mother leftist aka liberal women do this kind of shit with their sons to varying degrees they are intentionally conditioning their sons to be gay because they are embittered towards men men who in most cases they drove away with their leftist bullshit";"1- this, 2- is, 3- so, 4- disgusting, 5- a, 6- lot, 7- of, 8- single, 9- mother, 10- leftist, 11- aka, 12- liberal, 13- women, 14- do, 15- this, 16- kind, 17- of, 18- shit, 19- with, 20- their, 21- sons, 22- to, 23- varying, 24- degrees, 25- they, 26- are, 27- intentionally, 28- conditioning, 29- their, 30- sons, 31- to, 32- be, 33- gay, 34- because, 35- they, 36- are, 37- embittered, 38- towards, 39- men, 40- men, 41- who, 42- in, 43- most, 44- cases, 45- they, 46- drove, 47- away, 48- with, 49- their, 50- leftist, 51- bullshit";"hatespeech targeting Homosexual";"https://app.prolific.co/submissions/complete?cc=91442ADD"
"22358188_gab";"HateXplain";"do not worry uk you worked hard cannot afford carehome fees we take your house oh look in london another muzzie family in a nice flat good on you where the tex goes its a shocker";"1- do, 2- not, 3- worry, 4- uk, 5- you, 6- worked, 7- hard, 8- cannot, 9- afford, 10- carehome, 11- fees, 12- we, 13- take, 14- your, 15- house, 16- oh, 17- look, 18- in, 19- london, 20- another, 21- muzzie, 22- family, 23- in, 24- a, 25- nice, 26- flat, 27- good, 28- on, 29- you, 30- where, 31- the, 32- tex, 33- goes, 34- its, 35- a, 36- shocker";"hatespeech targeting Islam";"https://app.prolific.co/submissions/complete?cc=91442ADD"
"14904432_gab";"HateXplain";"aka white civilization like a sandnigger you know nothing of what western or european civilization means what it gave to you camel queers what the roman empire was or meant";"1- aka, 2- white, 3- civilization, 4- like, 5- a, 6- sandnigger, 7- you, 8- know, 9- nothing, 10- of, 11- what, 12- western, 13- or, 14- european, 15- civilization, 16- means, 17- what, 18- it, 19- gave, 20- to, 21- you, 22- camel, 23- queers, 24- what, 25- the, 26- roman, 27- empire, 28- was, 29- or, 30- meant";"hatespeech targeting Arab";"https://app.prolific.co/submissions/complete?cc=91442ADD"
"20688469_gab";"HateXplain";"do not act like your not a kike ive read your posts months ago your the ny kike that moved to pine hills and buys nigger tranny hookers on obt how could i forget you";"1- do, 2- not, 3- act, 4- like, 5- your, 6- not, 7- a, 8- kike, 9- ive, 10- read, 11- your, 12- posts, 13- months, 14- ago, 15- your, 16- the, 17- ny, 18- kike, 19- that, 20- moved, 21- to, 22- pine, 23- hills, 24- and, 25- buys, 26- nigger, 27- tranny, 28- hookers, 29- on, 30- obt, 31- how, 32- could, 33- i, 34- forget, 35- you";"hatespeech targeting Other";"https://app.prolific.co/submissions/complete?cc=91442ADD"
"21860763_gab";"HateXplain";"fucking immigrants immigrants as far as the eyes can see";"1- fucking, 2- immigrants, 3- immigrants, 4- as, 5- far, 6- as, 7- the, 8- eyes, 9- can, 10- see";"offensive targeting Refugee";"https://app.prolific.co/submissions/complete?cc=91442ADD"
"1179038144466833409_twitter";"HateXplain";"<user> <user> and a ching chong and bing bong to you too";"1- <user>, 2- <user>, 3- and, 4- a, 5- ching, 6- chong, 7- and, 8- bing, 9- bong, 10- to, 11- you, 12- too";"offensive targeting Asian";"https://app.prolific.co/submissions/complete?cc=91442ADD"
"26994313_gab";"HateXplain";"that what my old man did he was one of those assholes that liked to fight lol knowing how to fight may not save you from a gun or nigger pack attack but it let us you go thru school without worrying about being sum1 bitch";"1- that, 2- what, 3- my, 4- old, 5- man, 6- did, 7- he, 8- was, 9- one, 10- of, 11- those, 12- assholes, 13- that, 14- liked, 15- to, 16- fight, 17- lol, 18- knowing, 19- how, 20- to, 21- fight, 22- may, 23- not, 24- save, 25- you, 26- from, 27- a, 28- gun, 29- or, 30- nigger, 31- pack, 32- attack, 33- but, 34- it, 35- let, 36- us, 37- you, 38- go, 39- thru, 40- school, 41- without, 42- worrying, 43- about, 44- being, 45- sum1, 46- bitch";"offensive targeting African";"https://app.prolific.co/submissions/complete?cc=91442ADD"
"2992367_gab";"HateXplain";"<user> you first kike";"1- <user>, 2- you, 3- first, 4- kike";"hatespeech targeting Jewish";"https://app.prolific.co/submissions/complete?cc=91442ADD"
"17538540_gab";"HateXplain";"a quick web search turns up that in some ancient cultures polygyny was explicitly restricted to cases where the woman failed to yield children does the bible have that restriction not that i have seen jacob had children with four women simultaneously it would appear you are simply wrong";"1- a, 2- quick, 3- web, 4- search, 5- turns, 6- up, 7- that, 8- in, 9- some, 10- ancient, 11- cultures, 12- polygyny, 13- was, 14- explicitly, 15- restricted, 16- to, 17- cases, 18- where, 19- the, 20- woman, 21- failed, 22- to, 23- yield, 24- children, 25- does, 26- the, 27- bible, 28- have, 29- that, 30- restriction, 31- not, 32- that, 33- i, 34- have, 35- seen, 36- jacob, 37- had, 38- children, 39- with, 40- four, 41- women, 42- simultaneously, 43- it, 44- would, 45- appear, 46- you, 47- are, 48- simply, 49- wrong";"offensive targeting Christian";"https://app.prolific.co/submissions/complete?cc=91442ADD"
"attention_49";"attention check sentences (HateXplain targeting)";"buy an oz you stupid nicca";"1- buy, 2- an, 3- oz, 4- you, 5- stupid, 6- nicca";"offensive";"https://app.prolific.co/submissions/complete?cc=91442ADD"