"ID";"dataset";"text";"tokens";"label";"redirectUrl"
"6700335_gab";"HateXplain";"unnecessaryconfessions obama i hire women because they are big fat blabbermouths evelynfarkas susanrice";"1- unnecessaryconfessions, 2- obama, 3- i, 4- hire, 5- women, 6- because, 7- they, 8- are, 9- big, 10- fat, 11- blabbermouths, 12- evelynfarkas, 13- susanrice";"offensive targeting Women";"https://app.prolific.co/submissions/complete?cc=91442ADD"
"1170443180455682049_twitter";"HateXplain";"shut this twerkin fuck with blunts lambo trash hoes";"1- shut, 2- this, 3- twerkin, 4- fuck, 5- with, 6- blunts, 7- lambo, 8- trash, 9- hoes";"offensive targeting Women";"https://app.prolific.co/submissions/complete?cc=91442ADD"
"6867013_gab";"HateXplain";"is that some american insult cancer is a bitch and i am collecting you are a fucking twat with rotting baby teeth";"1- is, 2- that, 3- some, 4- american, 5- insult, 6- cancer, 7- is, 8- a, 9- bitch, 10- and, 11- i, 12- am, 13- collecting, 14- you, 15- are, 16- a, 17- fucking, 18- twat, 19- with, 20- rotting, 21- baby, 22- teeth";"offensive targeting Women";"https://app.prolific.co/submissions/complete?cc=91442ADD"
"1178071277262852097_twitter";"HateXplain";"niggas acting like bitches";"1- niggas, 2- acting, 3- like, 4- bitches";"offensive targeting Women";"https://app.prolific.co/submissions/complete?cc=91442ADD"
"7416953_gab";"HateXplain";"stop saying hillary clinton lost because she a woman the corrupt bitch does not even help women and girls banfgm banslavery maga speakfreely gabfam trump";"1- stop, 2- saying, 3- hillary, 4- clinton, 5- lost, 6- because, 7- she, 8- a, 9- woman, 10- the, 11- corrupt, 12- bitch, 13- does, 14- not, 15- even, 16- help, 17- women, 18- and, 19- girls, 20- banfgm, 21- banslavery, 22- maga, 23- speakfreely, 24- gabfam, 25- trump";"offensive targeting Women";"https://app.prolific.co/submissions/complete?cc=91442ADD"
"1165445893736292352_twitter";"HateXplain";"hoe do not do it";"1- hoe, 2- do, 3- not, 4- do, 5- it";"offensive targeting Women";"https://app.prolific.co/submissions/complete?cc=91442ADD"
"8211378_gab";"HateXplain";"this woman needs to just go away i am so sick of her loser bullshit ghetto mafia she is pond scum it is an honor to be deplorable in comparison to these people";"1- this, 2- woman, 3- needs, 4- to, 5- just, 6- go, 7- away, 8- i, 9- am, 10- so, 11- sick, 12- of, 13- her, 14- loser, 15- bullshit, 16- ghetto, 17- mafia, 18- she, 19- is, 20- pond, 21- scum, 22- it, 23- is, 24- an, 25- honor, 26- to, 27- be, 28- deplorable, 29- in, 30- comparison, 31- to, 32- these, 33- people";"offensive targeting Women";"https://app.prolific.co/submissions/complete?cc=91442ADD"
"1098399050930552832_twitter";"HateXplain";"anemic bitches got the best pussy";"1- anemic, 2- bitches, 3- got, 4- the, 5- best, 6- pussy";"offensive targeting Women";"https://app.prolific.co/submissions/complete?cc=91442ADD"
"8774269_gab";"HateXplain";"shrinking the bloated wasteful epa is a good start we need dept of education to vanish completely federal funding of marxist colleges and planned parenthood needs to stop hb1 visa program should end social programs for legal and illegal immigrants should end time to stop spending";"1- shrinking, 2- the, 3- bloated, 4- wasteful, 5- epa, 6- is, 7- a, 8- good, 9- start, 10- we, 11- need, 12- dept, 13- of, 14- education, 15- to, 16- vanish, 17- completely, 18- federal, 19- funding, 20- of, 21- marxist, 22- colleges, 23- and, 24- planned, 25- parenthood, 26- needs, 27- to, 28- stop, 29- hb1, 30- visa, 31- program, 32- should, 33- end, 34- social, 35- programs, 36- for, 37- legal, 38- and, 39- illegal, 40- immigrants, 41- should, 42- end, 43- time, 44- to, 45- stop, 46- spending";"offensive targeting Women";"https://app.prolific.co/submissions/complete?cc=91442ADD"
"1179053050561888256_twitter";"HateXplain";"if so which bitch dared to lay a finger on him";"1- if, 2- so, 3- which, 4- bitch, 5- dared, 6- to, 7- lay, 8- a, 9- finger, 10- on, 11- him";"offensive targeting Women";"https://app.prolific.co/submissions/complete?cc=91442ADD"
"9028827_gab";"HateXplain";"fathers day just another day for women to hate on men because women are fucking stupid white people are the best";"1- fathers, 2- day, 3- just, 4- another, 5- day, 6- for, 7- women, 8- to, 9- hate, 10- on, 11- men, 12- because, 13- women, 14- are, 15- fucking, 16- stupid, 17- white, 18- people, 19- are, 20- the, 21- best";"hatespeech targeting Women";"https://app.prolific.co/submissions/complete?cc=91442ADD"
"1123362994669404160_twitter";"HateXplain";"i can not wife none of these hoes because they thottin";"1- i, 2- can, 3- not, 4- wife, 5- none, 6- of, 7- these, 8- hoes, 9- because, 10- they, 11- thottin";"offensive targeting Women";"https://app.prolific.co/submissions/complete?cc=91442ADD"
"9296555_gab";"HateXplain";"i am a little surprised femi commie nazis have not declared ejaculate itself to be emblematic of white supremacy";"1- i, 2- am, 3- a, 4- little, 5- surprised, 6- femi, 7- commie, 8- nazis, 9- have, 10- not, 11- declared, 12- ejaculate, 13- itself, 14- to, 15- be, 16- emblematic, 17- of, 18- white, 19- supremacy";"offensive targeting Women";"https://app.prolific.co/submissions/complete?cc=91442ADD"
"1092404962670178304_twitter";"HateXplain";"fuck these trifling ass hoes bruh";"1- fuck, 2- these, 3- trifling, 4- ass, 5- hoes, 6- bruh";"offensive targeting Women";"https://app.prolific.co/submissions/complete?cc=91442ADD"
"9336967_gab";"HateXplain";"first wave feminists were largely thoughtful women advocating for voting rights legal financial rights access to opportunity subsequent feminist movements have been ridiculous by equating feminism with abortion sexuality etc burning ones bra never accomplished anything except sagging";"1- first, 2- wave, 3- feminists, 4- were, 5- largely, 6- thoughtful, 7- women, 8- advocating, 9- for, 10- voting, 11- rights, 12- legal, 13- financial, 14- rights, 15- access, 16- to, 17- opportunity, 18- subsequent, 19- feminist, 20- movements, 21- have, 22- been, 23- ridiculous, 24- by, 25- equating, 26- feminism, 27- with, 28- abortion, 29- sexuality, 30- etc, 31- burning, 32- ones, 33- bra, 34- never, 35- accomplished, 36- anything, 37- except, 38- sagging";"offensive targeting Women";"https://app.prolific.co/submissions/complete?cc=91442ADD"
"1104749977945948160_twitter";"HateXplain";"you bitches is real life basic asf step your motherfucking cookies up";"1- you, 2- bitches, 3- is, 4- real, 5- life, 6- basic, 7- asf, 8- step, 9- your, 10- motherfucking, 11- cookies, 12- up";"offensive targeting Women";"https://app.prolific.co/submissions/complete?cc=91442ADD"
"9507112_gab";"HateXplain";"just shoot the bitch then she can come back";"1- just, 2- shoot, 3- the, 4- bitch, 5- then, 6- she, 7- can, 8- come, 9- back";"hatespeech targeting Women";"https://app.prolific.co/submissions/complete?cc=91442ADD"
"1090669015754817542_twitter";"HateXplain";"bitches get one friend n just ttg <number> toes lmaoo that tho only friend you got bitch weird ass hoes";"1- bitches, 2- get, 3- one, 4- friend, 5- n, 6- just, 7- ttg, 8- <number>, 9- toes, 10- lmaoo, 11- that, 12- tho, 13- only, 14- friend, 15- you, 16- got, 17- bitch, 18- weird, 19- ass, 20- hoes";"offensive targeting Women";"https://app.prolific.co/submissions/complete?cc=91442ADD"
"9601617_gab";"HateXplain";"women have never been in charge of establishing and protecting territory so it no surprise that they have zero instincts in this area and it why so many of the refugees welcome crowd is women or weak beta men the <number> groups are interchangeable psychologically";"1- women, 2- have, 3- never, 4- been, 5- in, 6- charge, 7- of, 8- establishing, 9- and, 10- protecting, 11- territory, 12- so, 13- it, 14- no, 15- surprise, 16- that, 17- they, 18- have, 19- zero, 20- instincts, 21- in, 22- this, 23- area, 24- and, 25- it, 26- why, 27- so, 28- many, 29- of, 30- the, 31- refugees, 32- welcome, 33- crowd, 34- is, 35- women, 36- or, 37- weak, 38- beta, 39- men, 40- the, 41- <number>, 42- groups, 43- are, 44- interchangeable, 45- psychologically";"hatespeech targeting Women";"https://app.prolific.co/submissions/complete?cc=91442ADD"
"1177988237765287936_twitter";"HateXplain";"portrait of a lady on fire screening in atlanta literally the day after i go back home to k*ntucky <censored> the universe really hates pretentious dykes i guess";"1- portrait, 2- of, 3- a, 4- lady, 5- on, 6- fire, 7- screening, 8- in, 9- atlanta, 10- literally, 11- the, 12- day, 13- after, 14- i, 15- go, 16- back, 17- home, 18- to, 19- k*ntucky, 20- <censored>, 21- the, 22- universe, 23- really, 24- hates, 25- pretentious, 26- dykes, 27- i, 28- guess";"hatespeech targeting Women";"https://app.prolific.co/submissions/complete?cc=91442ADD"
"9746964_gab";"HateXplain";"true no substitute for a pillow princess pussy but a good cocksucking sissy is not without her merits too just gotta show who boss and keep medical records especially now that the healthcare system getting gutted again grab a medical slut before they are all gone";"1- true, 2- no, 3- substitute, 4- for, 5- a, 6- pillow, 7- princess, 8- pussy, 9- but, 10- a, 11- good, 12- cocksucking, 13- sissy, 14- is, 15- not, 16- without, 17- her, 18- merits, 19- too, 20- just, 21- gotta, 22- show, 23- who, 24- boss, 25- and, 26- keep, 27- medical, 28- records, 29- especially, 30- now, 31- that, 32- the, 33- healthcare, 34- system, 35- getting, 36- gutted, 37- again, 38- grab, 39- a, 40- medical, 41- slut, 42- before, 43- they, 44- are, 45- all, 46- gone";"offensive targeting Women";"https://app.prolific.co/submissions/complete?cc=91442ADD"
"1178794715056967680_twitter";"HateXplain";"no such thing as lesbophobia you dumb ass dykes";"1- no, 2- such, 3- thing, 4- as, 5- lesbophobia, 6- you, 7- dumb, 8- ass, 9- dykes";"hatespeech targeting Women";"https://app.prolific.co/submissions/complete?cc=91442ADD"
"9802943_gab";"HateXplain";"because women would never lie about being sexually assaulted for personal gain ain t that right feminists";"1- because, 2- women, 3- would, 4- never, 5- lie, 6- about, 7- being, 8- sexually, 9- assaulted, 10- for, 11- personal, 12- gain, 13- ain, 14- t, 15- that, 16- right, 17- feminists";"offensive targeting Women";"https://app.prolific.co/submissions/complete?cc=91442ADD"
"1185012057663528960_twitter";"HateXplain";"<number> women are trash";"1- <number>, 2- women, 3- are, 4- trash";"offensive targeting Women";"https://app.prolific.co/submissions/complete?cc=91442ADD"
"9988840_gab";"HateXplain";"this vile racist ghetto ass dumber than a retarded tree snail woman could not win the presidency of the neighborhood poo picker uppers organization";"1- this, 2- vile, 3- racist, 4- ghetto, 5- ass, 6- dumber, 7- than, 8- a, 9- retarded, 10- tree, 11- snail, 12- woman, 13- could, 14- not, 15- win, 16- the, 17- presidency, 18- of, 19- the, 20- neighborhood, 21- poo, 22- picker, 23- uppers, 24- organization";"offensive targeting Women";"https://app.prolific.co/submissions/complete?cc=91442ADD"
"1159291067184877568_twitter";"HateXplain";"aye bro do not you cuff that hoe cuz i done had that too";"1- aye, 2- bro, 3- do, 4- not, 5- you, 6- cuff, 7- that, 8- hoe, 9- cuz, 10- i, 11- done, 12- had, 13- that, 14- too";"offensive targeting Women";"https://app.prolific.co/submissions/complete?cc=91442ADD"
"21805681_gab";"HateXplain";"someone up there in looney toons san fran do america a favor kill that fucking wetback murderer thanks";"1- someone, 2- up, 3- there, 4- in, 5- looney, 6- toons, 7- san, 8- fran, 9- do, 10- america, 11- a, 12- favor, 13- kill, 14- that, 15- fucking, 16- wetback, 17- murderer, 18- thanks";"hatespeech targeting Hispanic";"https://app.prolific.co/submissions/complete?cc=91442ADD"
"1163374410872438784_twitter";"HateXplain";"this bitch be thinking she hit the lotto with that hoe ah nigga 😂";"1- this, 2- bitch, 3- be, 4- thinking, 5- she, 6- hit, 7- the, 8- lotto, 9- with, 10- that, 11- hoe, 12- ah, 13- nigga, 14- 😂";"offensive targeting Women";"https://app.prolific.co/submissions/complete?cc=91442ADD"
"22440512_gab";"HateXplain";"as to followers remember that twitter followers are cheap to buy and i would not be surprised if twit fucked w travis feed there are like <number> gopers running a lot of them after being asked by the rats sacramento is like chicago totally corrupt hell hole run by wetback mafia";"1- as, 2- to, 3- followers, 4- remember, 5- that, 6- twitter, 7- followers, 8- are, 9- cheap, 10- to, 11- buy, 12- and, 13- i, 14- would, 15- not, 16- be, 17- surprised, 18- if, 19- twit, 20- fucked, 21- w, 22- travis, 23- feed, 24- there, 25- are, 26- like, 27- <number>, 28- gopers, 29- running, 30- a, 31- lot, 32- of, 33- them, 34- after, 35- being, 36- asked, 37- by, 38- the, 39- rats, 40- sacramento, 41- is, 42- like, 43- chicago, 44- totally, 45- corrupt, 46- hell, 47- hole, 48- run, 49- by, 50- wetback, 51- mafia";"offensive targeting Hispanic";"https://app.prolific.co/submissions/complete?cc=91442ADD"
"attention_4";"attention check sentences (HateXplain targeting)";"all americans are stupid stubborn obese arrogant and think theyre awesome because theyre from america";"1- all, 2- americans, 3- are, 4- stupid, 5- stubborn, 6- obese, 7- arrogant, 8- and, 9- think, 10- theyre, 11- awesome, 12- because, 13- theyre, 14- from, 15- america";"offensive";"https://app.prolific.co/submissions/complete?cc=91442ADD"