"ID";"dataset";"text";"tokens";"label";"redirectUrl"
"15694814_gab";"HateXplain";"yeah but he was a nigger for trump that what she said i want to know why the fucka that matter is at all lol";"1- yeah, 2- but, 3- he, 4- was, 5- a, 6- nigger, 7- for, 8- trump, 9- that, 10- what, 11- she, 12- said, 13- i, 14- want, 15- to, 16- know, 17- why, 18- the, 19- fucka, 20- that, 21- matter, 22- is, 23- at, 24- all, 25- lol";"hatespeech targeting African";"https://app.prolific.co/submissions/complete?cc=91442ADD"
"1178794432293945350_twitter";"HateXplain";"did these niggers evo ko and ola join forex";"1- did, 2- these, 3- niggers, 4- evo, 5- ko, 6- and, 7- ola, 8- join, 9- forex";"hatespeech targeting African";"https://app.prolific.co/submissions/complete?cc=91442ADD"
"22341093_gab";"HateXplain";"and yet you continue to associate with people you deem nigger faggots";"1- and, 2- yet, 3- you, 4- continue, 5- to, 6- associate, 7- with, 8- people, 9- you, 10- deem, 11- nigger, 12- faggots";"hatespeech targeting African";"https://app.prolific.co/submissions/complete?cc=91442ADD"
"1178239828313419777_twitter";"HateXplain";"so they are allowed to be racist against us white british but we can not say nigger wog fukin hell if they do not want to here it the best thing they can do is piss off back we are they came from";"1- so, 2- they, 3- are, 4- allowed, 5- to, 6- be, 7- racist, 8- against, 9- us, 10- white, 11- british, 12- but, 13- we, 14- can, 15- not, 16- say, 17- nigger, 18- wog, 19- fukin, 20- hell, 21- if, 22- they, 23- do, 24- not, 25- want, 26- to, 27- here, 28- it, 29- the, 30- best, 31- thing, 32- they, 33- can, 34- do, 35- is, 36- piss, 37- off, 38- back, 39- we, 40- are, 41- they, 42- came, 43- from";"hatespeech targeting African";"https://app.prolific.co/submissions/complete?cc=91442ADD"
"17970502_gab";"HateXplain";"i like how they call you faggot and nigger one minute then and act highbrow the next usually over a mild difference of opinion";"1- i, 2- like, 3- how, 4- they, 5- call, 6- you, 7- faggot, 8- and, 9- nigger, 10- one, 11- minute, 12- then, 13- and, 14- act, 15- highbrow, 16- the, 17- next, 18- usually, 19- over, 20- a, 21- mild, 22- difference, 23- of, 24- opinion";"hatespeech targeting African";"https://app.prolific.co/submissions/complete?cc=91442ADD"
"1178168722646683648_twitter";"HateXplain";"everyone wants to act like they never did something and then claimed they dindu nuffin everybody dindu nuffin at one point in their life";"1- everyone, 2- wants, 3- to, 4- act, 5- like, 6- they, 7- never, 8- did, 9- something, 10- and, 11- then, 12- claimed, 13- they, 14- dindu, 15- nuffin, 16- everybody, 17- dindu, 18- nuffin, 19- at, 20- one, 21- point, 22- in, 23- their, 24- life";"offensive targeting African";"https://app.prolific.co/submissions/complete?cc=91442ADD"
"10646117_gab";"HateXplain";"governor terry mcauliffe declared a state of emergency after sucking a dozen nigger cocks";"1- governor, 2- terry, 3- mcauliffe, 4- declared, 5- a, 6- state, 7- of, 8- emergency, 9- after, 10- sucking, 11- a, 12- dozen, 13- nigger, 14- cocks";"hatespeech targeting African";"https://app.prolific.co/submissions/complete?cc=91442ADD"
"1178441964997550085_twitter";"HateXplain";"made a priv so i can call players niggers";"1- made, 2- a, 3- priv, 4- so, 5- i, 6- can, 7- call, 8- players, 9- niggers";"hatespeech targeting African";"https://app.prolific.co/submissions/complete?cc=91442ADD"
"15204574_gab";"HateXplain";"<number> years in beto unit for shooting a nigger in the face you";"1- <number>, 2- years, 3- in, 4- beto, 5- unit, 6- for, 7- shooting, 8- a, 9- nigger, 10- in, 11- the, 12- face, 13- you";"hatespeech targeting African";"https://app.prolific.co/submissions/complete?cc=91442ADD"
"1178585880115765248_twitter";"HateXplain";"<user> <user> tell that to trayvon or any other dumb nigger that got shot beating ontop of a cop theres more bodycam footage to disprove your theory than your brain could comprehend";"1- <user>, 2- <user>, 3- tell, 4- that, 5- to, 6- trayvon, 7- or, 8- any, 9- other, 10- dumb, 11- nigger, 12- that, 13- got, 14- shot, 15- beating, 16- ontop, 17- of, 18- a, 19- cop, 20- theres, 21- more, 22- bodycam, 23- footage, 24- to, 25- disprove, 26- your, 27- theory, 28- than, 29- your, 30- brain, 31- could, 32- comprehend";"hatespeech targeting African";"https://app.prolific.co/submissions/complete?cc=91442ADD"
"15286264_gab";"HateXplain";"does that fucking niggerfaggot of barry soetoro has nothing better to do than sabotage the efforts to save the west";"1- does, 2- that, 3- fucking, 4- niggerfaggot, 5- of, 6- barry, 7- soetoro, 8- has, 9- nothing, 10- better, 11- to, 12- do, 13- than, 14- sabotage, 15- the, 16- efforts, 17- to, 18- save, 19- the, 20- west";"hatespeech targeting African";"https://app.prolific.co/submissions/complete?cc=91442ADD"
"1090673738545283074_twitter";"HateXplain";"i do not listen to niggershitbullshit";"1- i, 2- do, 3- not, 4- listen, 5- to, 6- niggershitbullshit";"hatespeech targeting African";"https://app.prolific.co/submissions/complete?cc=91442ADD"
"17991896_gab";"HateXplain";"pussy nigger loving loser";"1- pussy, 2- nigger, 3- loving, 4- loser";"hatespeech targeting African";"https://app.prolific.co/submissions/complete?cc=91442ADD"
"1178804070540165120_twitter";"HateXplain";"<user> <user> he was a gud boy he done dindu nuffin";"1- <user>, 2- <user>, 3- he, 4- was, 5- a, 6- gud, 7- boy, 8- he, 9- done, 10- dindu, 11- nuffin";"offensive targeting African";"https://app.prolific.co/submissions/complete?cc=91442ADD"
"26003312_gab";"HateXplain";"nigger told a lie 😳 naacp leader racial profiling claim challenged after bodycam footage released fox news";"1- nigger, 2- told, 3- a, 4- lie, 5- 😳, 6- naacp, 7- leader, 8- racial, 9- profiling, 10- claim, 11- challenged, 12- after, 13- bodycam, 14- footage, 15- released, 16- fox, 17- news";"hatespeech targeting African";"https://app.prolific.co/submissions/complete?cc=91442ADD"
"1160549203191275520_twitter";"HateXplain";"fuck off nigger";"1- fuck, 2- off, 3- nigger";"hatespeech targeting African";"https://app.prolific.co/submissions/complete?cc=91442ADD"
"5937412_gab";"HateXplain";"a worthless nigger who sold out to globalists because nobody took him seriously as a statesman now he just a whining defeated has been";"1- a, 2- worthless, 3- nigger, 4- who, 5- sold, 6- out, 7- to, 8- globalists, 9- because, 10- nobody, 11- took, 12- him, 13- seriously, 14- as, 15- a, 16- statesman, 17- now, 18- he, 19- just, 20- a, 21- whining, 22- defeated, 23- has, 24- been";"hatespeech targeting African";"https://app.prolific.co/submissions/complete?cc=91442ADD"
"1178715615651086336_twitter";"HateXplain";"im moving to katy so i can be far away from the niggers as possible";"1- im, 2- moving, 3- to, 4- katy, 5- so, 6- i, 7- can, 8- be, 9- far, 10- away, 11- from, 12- the, 13- niggers, 14- as, 15- possible";"hatespeech targeting African";"https://app.prolific.co/submissions/complete?cc=91442ADD"
"16183383_gab";"HateXplain";"david allan coe if that aint country has been taken off spotify fuckin nigger run company";"1- david, 2- allan, 3- coe, 4- if, 5- that, 6- aint, 7- country, 8- has, 9- been, 10- taken, 11- off, 12- spotify, 13- fuckin, 14- nigger, 15- run, 16- company";"hatespeech targeting African";"https://app.prolific.co/submissions/complete?cc=91442ADD"
"1179070871224426497_twitter";"HateXplain";"if a pussy nigga sneeze we gon bless em";"1- if, 2- a, 3- pussy, 4- nigga, 5- sneeze, 6- we, 7- gon, 8- bless, 9- em";"offensive targeting African";"https://app.prolific.co/submissions/complete?cc=91442ADD"
"19732729_gab";"HateXplain";"i said no president ever addressed race before the nigger and trump does not need to end up in the nigger basket or something like that very self explanatory";"1- i, 2- said, 3- no, 4- president, 5- ever, 6- addressed, 7- race, 8- before, 9- the, 10- nigger, 11- and, 12- trump, 13- does, 14- not, 15- need, 16- to, 17- end, 18- up, 19- in, 20- the, 21- nigger, 22- basket, 23- or, 24- something, 25- like, 26- that, 27- very, 28- self, 29- explanatory";"hatespeech targeting African";"https://app.prolific.co/submissions/complete?cc=91442ADD"
"1083412626569379846_twitter";"HateXplain";"<user> <user> non jew telling jews there is no such thing as anti semitism ffs get a grip";"1- <user>, 2- <user>, 3- non, 4- jew, 5- telling, 6- jews, 7- there, 8- is, 9- no, 10- such, 11- thing, 12- as, 13- anti, 14- semitism, 15- ffs, 16- get, 17- a, 18- grip";"offensive targeting Jewish";"https://app.prolific.co/submissions/complete?cc=91442ADD"
"11135587_gab";"HateXplain";"what an absolutely beautiful video this is germany under hitler was as close to paradise as the beleagurd goyim shall ever see the jews won ww1 and ww2 the jews are now orchestrating ww3 godspeed my friends i love u";"1- what, 2- an, 3- absolutely, 4- beautiful, 5- video, 6- this, 7- is, 8- germany, 9- under, 10- hitler, 11- was, 12- as, 13- close, 14- to, 15- paradise, 16- as, 17- the, 18- beleagurd, 19- goyim, 20- shall, 21- ever, 22- see, 23- the, 24- jews, 25- won, 26- ww1, 27- and, 28- ww2, 29- the, 30- jews, 31- are, 32- now, 33- orchestrating, 34- ww3, 35- godspeed, 36- my, 37- friends, 38- i, 39- love, 40- u";"hatespeech targeting Jewish";"https://app.prolific.co/submissions/complete?cc=91442ADD"
"1164734938228412416_twitter";"HateXplain";"currently in an area of bk full of jews who would not help me even if i was shot point blank in front of them";"1- currently, 2- in, 3- an, 4- area, 5- of, 6- bk, 7- full, 8- of, 9- jews, 10- who, 11- would, 12- not, 13- help, 14- me, 15- even, 16- if, 17- i, 18- was, 19- shot, 20- point, 21- blank, 22- in, 23- front, 24- of, 25- them";"offensive targeting Jewish";"https://app.prolific.co/submissions/complete?cc=91442ADD"
"11912871_gab";"HateXplain";"whatever man starting to think this place will just belong to <user> and not <user> soon everyone will just leave it to you some of us do not trust liberal jews at all but we sure do not want them all dead and are getting tired of it";"1- whatever, 2- man, 3- starting, 4- to, 5- think, 6- this, 7- place, 8- will, 9- just, 10- belong, 11- to, 12- <user>, 13- and, 14- not, 15- <user>, 16- soon, 17- everyone, 18- will, 19- just, 20- leave, 21- it, 22- to, 23- you, 24- some, 25- of, 26- us, 27- do, 28- not, 29- trust, 30- liberal, 31- jews, 32- at, 33- all, 34- but, 35- we, 36- sure, 37- do, 38- not, 39- want, 40- them, 41- all, 42- dead, 43- and, 44- are, 45- getting, 46- tired, 47- of, 48- it";"offensive targeting Jewish";"https://app.prolific.co/submissions/complete?cc=91442ADD"
"1200611362084253696_twitter";"HateXplain";"<user> <user> jews are white now";"1- <user>, 2- <user>, 3- jews, 4- are, 5- white, 6- now";"offensive targeting Jewish";"https://app.prolific.co/submissions/complete?cc=91442ADD"
"12369075_gab";"HateXplain";"daily reminder that with the jews you lose do not believe me just ask jesus";"1- daily, 2- reminder, 3- that, 4- with, 5- the, 6- jews, 7- you, 8- lose, 9- do, 10- not, 11- believe, 12- me, 13- just, 14- ask, 15- jesus";"offensive targeting Jewish";"https://app.prolific.co/submissions/complete?cc=91442ADD"
"1251189299627864064_twitter";"HateXplain";"russia is a bitch of jews";"1- russia, 2- is, 3- a, 4- bitch, 5- of, 6- jews";"hatespeech targeting Jewish";"https://app.prolific.co/submissions/complete?cc=91442ADD"
"12937490_gab";"HateXplain";"i like how they have to specifically say non hispanic in white categories on graphs because the kikes will lump anyone in with us to make our numbers worse";"1- i, 2- like, 3- how, 4- they, 5- have, 6- to, 7- specifically, 8- say, 9- non, 10- hispanic, 11- in, 12- white, 13- categories, 14- on, 15- graphs, 16- because, 17- the, 18- kikes, 19- will, 20- lump, 21- anyone, 22- in, 23- with, 24- us, 25- to, 26- make, 27- our, 28- numbers, 29- worse";"hatespeech targeting Jewish";"https://app.prolific.co/submissions/complete?cc=91442ADD"
"attention_2";"attention check sentences (HateXplain targeting)";"i hate americans theyre all fat and stupid";"1- i, 2- hate, 3- americans, 4- theyre, 5- all, 6- fat, 7- and, 8- stupid";"offensive";"https://app.prolific.co/submissions/complete?cc=91442ADD"