"ID";"dataset";"text";"tokens";"label";"redirectUrl"
"15333710_gab";"HateXplain";"and the knock on effects are a bitch literally as women squander their prime vagina during urban careerism years and settle down with low t betas willing to overlook their sexual histories they are not inspired to look or act or even feel feminine anymore for those low t men without standards";"1- and, 2- the, 3- knock, 4- on, 5- effects, 6- are, 7- a, 8- bitch, 9- literally, 10- as, 11- women, 12- squander, 13- their, 14- prime, 15- vagina, 16- during, 17- urban, 18- careerism, 19- years, 20- and, 21- settle, 22- down, 23- with, 24- low, 25- t, 26- betas, 27- willing, 28- to, 29- overlook, 30- their, 31- sexual, 32- histories, 33- they, 34- are, 35- not, 36- inspired, 37- to, 38- look, 39- or, 40- act, 41- or, 42- even, 43- feel, 44- feminine, 45- anymore, 46- for, 47- those, 48- low, 49- t, 50- men, 51- without, 52- standards";"offensive targeting Women";"https://app.prolific.co/submissions/complete?cc=91442ADD"
"1107157613320400898_twitter";"HateXplain";"<user> asshole muslims kills hindus in kashmir this is the reason why you dont deserve sympathy";"1- <user>, 2- asshole, 3- muslims, 4- kills, 5- hindus, 6- in, 7- kashmir, 8- this, 9- is, 10- the, 11- reason, 12- why, 13- you, 14- dont, 15- deserve, 16- sympathy";"hatespeech targeting Islam";"https://app.prolific.co/submissions/complete?cc=91442ADD"
"14045424_gab";"HateXplain";"islam must be eliminated";"1- islam, 2- must, 3- be, 4- eliminated";"hatespeech targeting Islam";"https://app.prolific.co/submissions/complete?cc=91442ADD"
"1260229132052463617_twitter";"HateXplain";"i hate arabs why they said we all are working in macdonalds عمال_ماك";"1- i, 2- hate, 3- arabs, 4- why, 5- they, 6- said, 7- we, 8- all, 9- are, 10- working, 11- in, 12- macdonalds, 13- عمال_ماك";"hatespeech targeting Arab";"https://app.prolific.co/submissions/complete?cc=91442ADD"
"15418448_gab";"HateXplain";"they were and are arabs they have been given multiple chances for <number> state solution always was israel";"1- they, 2- were, 3- and, 4- are, 5- arabs, 6- they, 7- have, 8- been, 9- given, 10- multiple, 11- chances, 12- for, 13- <number>, 14- state, 15- solution, 16- always, 17- was, 18- israel";"hatespeech targeting Arab";"https://app.prolific.co/submissions/complete?cc=91442ADD"
"1109305658980122629_twitter";"HateXplain";"<user> ok buddy retard";"1- <user>, 2- ok, 3- buddy, 4- retard";"offensive targeting Other";"https://app.prolific.co/submissions/complete?cc=91442ADD"
"14333812_gab";"HateXplain";"progressives want as much chaos violence on our streets as the ppl will tolerate to usurp more power unto themselves by promising to fix the very problems they have knowingly created permitted thus creating a vicious cycle that further enables their tyranny w the public support o";"1- progressives, 2- want, 3- as, 4- much, 5- chaos, 6- violence, 7- on, 8- our, 9- streets, 10- as, 11- the, 12- ppl, 13- will, 14- tolerate, 15- to, 16- usurp, 17- more, 18- power, 19- unto, 20- themselves, 21- by, 22- promising, 23- to, 24- fix, 25- the, 26- very, 27- problems, 28- they, 29- have, 30- knowingly, 31- created, 32- permitted, 33- thus, 34- creating, 35- a, 36- vicious, 37- cycle, 38- that, 39- further, 40- enables, 41- their, 42- tyranny, 43- w, 44- the, 45- public, 46- support, 47- o";"offensive targeting Other";"https://app.prolific.co/submissions/complete?cc=91442ADD"
"1084758654228881408_twitter";"HateXplain";"<user> most of us are descendants of legal immigrants this battle has nothing to do with legal immigrants it ’ about illegal immigrants";"1- <user>, 2- most, 3- of, 4- us, 5- are, 6- descendants, 7- of, 8- legal, 9- immigrants, 10- this, 11- battle, 12- has, 13- nothing, 14- to, 15- do, 16- with, 17- legal, 18- immigrants, 19- it, 20- ’, 21- about, 22- illegal, 23- immigrants";"offensive targeting Refugee";"https://app.prolific.co/submissions/complete?cc=91442ADD"
"16483212_gab";"HateXplain";"the democrats are in an uproar the president takes the unaffordable burden of the affordable care act off the backs of americans and the fucking democrats say people are going to be uninsured you mean like they were before the government stole their money to pay for illegal immigrant healthcare";"1- the, 2- democrats, 3- are, 4- in, 5- an, 6- uproar, 7- the, 8- president, 9- takes, 10- the, 11- unaffordable, 12- burden, 13- of, 14- the, 15- affordable, 16- care, 17- act, 18- off, 19- the, 20- backs, 21- of, 22- americans, 23- and, 24- the, 25- fucking, 26- democrats, 27- say, 28- people, 29- are, 30- going, 31- to, 32- be, 33- uninsured, 34- you, 35- mean, 36- like, 37- they, 38- were, 39- before, 40- the, 41- government, 42- stole, 43- their, 44- money, 45- to, 46- pay, 47- for, 48- illegal, 49- immigrant, 50- healthcare";"offensive targeting Refugee";"https://app.prolific.co/submissions/complete?cc=91442ADD"
"1239162363582054402_twitter";"HateXplain";"<user> <user> hi i hate asians";"1- <user>, 2- <user>, 3- hi, 4- i, 5- hate, 6- asians";"hatespeech targeting Asian";"https://app.prolific.co/submissions/complete?cc=91442ADD"
"22249621_gab";"HateXplain";"it like <number> <number> points above american whites in japan and south korea tbh but this is what happens when hostile aliens control your country watch out if you are eyeing south korea though since the importation of jungle asians and poo in the loos is occurring on the downlow";"1- it, 2- like, 3- <number>, 4- <number>, 5- points, 6- above, 7- american, 8- whites, 9- in, 10- japan, 11- and, 12- south, 13- korea, 14- tbh, 15- but, 16- this, 17- is, 18- what, 19- happens, 20- when, 21- hostile, 22- aliens, 23- control, 24- your, 25- country, 26- watch, 27- out, 28- if, 29- you, 30- are, 31- eyeing, 32- south, 33- korea, 34- though, 35- since, 36- the, 37- importation, 38- of, 39- jungle, 40- asians, 41- and, 42- poo, 43- in, 44- the, 45- loos, 46- is, 47- occurring, 48- on, 49- the, 50- downlow";"hatespeech targeting Asian";"https://app.prolific.co/submissions/complete?cc=91442ADD"
"1179102418346418177_twitter";"HateXplain";"<user> it is if you are a fucking retard";"1- <user>, 2- it, 3- is, 4- if, 5- you, 6- are, 7- a, 8- fucking, 9- retard";"offensive targeting Disability";"https://app.prolific.co/submissions/complete?cc=91442ADD"
"15837704_gab";"HateXplain";"i probably should have put nsfw on that also not safe for home actually not safe for normal white people how a sheboon manages to lose all her clothes during a fight is a mystery that i am not going to watch again to solve <happy>";"1- i, 2- probably, 3- should, 4- have, 5- put, 6- nsfw, 7- on, 8- that, 9- also, 10- not, 11- safe, 12- for, 13- home, 14- actually, 15- not, 16- safe, 17- for, 18- normal, 19- white, 20- people, 21- how, 22- a, 23- sheboon, 24- manages, 25- to, 26- lose, 27- all, 28- her, 29- clothes, 30- during, 31- a, 32- fight, 33- is, 34- a, 35- mystery, 36- that, 37- i, 38- am, 39- not, 40- going, 41- to, 42- watch, 43- again, 44- to, 45- solve, 46- <happy>";"hatespeech targeting African";"https://app.prolific.co/submissions/complete?cc=91442ADD"
"1120429536192208896_twitter";"HateXplain";"i can ’ t go out sad over no nigga";"1- i, 2- can, 3- ’, 4- t, 5- go, 6- out, 7- sad, 8- over, 9- no, 10- nigga";"offensive targeting African";"https://app.prolific.co/submissions/complete?cc=91442ADD"
"12995941_gab";"HateXplain";"getting angry at blacks is like getting angry at retards for being retarded";"1- getting, 2- angry, 3- at, 4- blacks, 5- is, 6- like, 7- getting, 8- angry, 9- at, 10- retards, 11- for, 12- being, 13- retarded";"hatespeech targeting African";"https://app.prolific.co/submissions/complete?cc=91442ADD"
"1269831703801016322_twitter";"HateXplain";"remember the jews killed jesus n if you don ’ t watch ya back they will kill you too";"1- remember, 2- the, 3- jews, 4- killed, 5- jesus, 6- n, 7- if, 8- you, 9- don, 10- ’, 11- t, 12- watch, 13- ya, 14- back, 15- they, 16- will, 17- kill, 18- you, 19- too";"hatespeech targeting Jewish";"https://app.prolific.co/submissions/complete?cc=91442ADD"
"13937879_gab";"HateXplain";"people respond to incentives esp politicians since very few congressmen ever dare vote against funding israel and willingly add more than requested what carrots and sticks have the jews set in place to ensure they get what they want hint it almost all sticks";"1- people, 2- respond, 3- to, 4- incentives, 5- esp, 6- politicians, 7- since, 8- very, 9- few, 10- congressmen, 11- ever, 12- dare, 13- vote, 14- against, 15- funding, 16- israel, 17- and, 18- willingly, 19- add, 20- more, 21- than, 22- requested, 23- what, 24- carrots, 25- and, 26- sticks, 27- have, 28- the, 29- jews, 30- set, 31- in, 32- place, 33- to, 34- ensure, 35- they, 36- get, 37- what, 38- they, 39- want, 40- hint, 41- it, 42- almost, 43- all, 44- sticks";"offensive targeting Jewish";"https://app.prolific.co/submissions/complete?cc=91442ADD"
"1178889323707432960_twitter";"HateXplain";"gosh yall the trauma 😭 😭 i hate u white bitches yeah spring view middle school im talking to you";"1- gosh, 2- yall, 3- the, 4- trauma, 5- 😭, 6- 😭, 7- i, 8- hate, 9- u, 10- white, 11- bitches, 12- yeah, 13- spring, 14- view, 15- middle, 16- school, 17- im, 18- talking, 19- to, 20- you";"offensive targeting Caucasian";"https://app.prolific.co/submissions/complete?cc=91442ADD"
"21101050_gab";"HateXplain";"learn to spell before you post to me again dumb white trash guy";"1- learn, 2- to, 3- spell, 4- before, 5- you, 6- post, 7- to, 8- me, 9- again, 10- dumb, 11- white, 12- trash, 13- guy";"offensive targeting Caucasian";"https://app.prolific.co/submissions/complete?cc=91442ADD"
"1188322219149156352_twitter";"HateXplain";"a hoe w a kid lololol";"1- a, 2- hoe, 3- w, 4- a, 5- kid, 6- lololol";"offensive targeting Women";"https://app.prolific.co/submissions/complete?cc=91442ADD"
"15339737_gab";"HateXplain";"i did no such thing you psychotic moron i said scared women donct report rape you somehow made that into me wanting rapists to go free after you said any woman who is scared after being raped is useless to society you are one unhinged jackass";"1- i, 2- did, 3- no, 4- such, 5- thing, 6- you, 7- psychotic, 8- moron, 9- i, 10- said, 11- scared, 12- women, 13- donct, 14- report, 15- rape, 16- you, 17- somehow, 18- made, 19- that, 20- into, 21- me, 22- wanting, 23- rapists, 24- to, 25- go, 26- free, 27- after, 28- you, 29- said, 30- any, 31- woman, 32- who, 33- is, 34- scared, 35- after, 36- being, 37- raped, 38- is, 39- useless, 40- to, 41- society, 42- you, 43- are, 44- one, 45- unhinged, 46- jackass";"offensive targeting Women";"https://app.prolific.co/submissions/complete?cc=91442ADD"
"1109880794552643589_twitter";"HateXplain";"<user> that jihadist bitch has got to go now";"1- <user>, 2- that, 3- jihadist, 4- bitch, 5- has, 6- got, 7- to, 8- go, 9- now";"offensive targeting Islam";"https://app.prolific.co/submissions/complete?cc=91442ADD"
"14047514_gab";"HateXplain";"fuck muslim immigrants when the shit finally hits the fan the muslim immigrants will run from our country i bet you that";"1- fuck, 2- muslim, 3- immigrants, 4- when, 5- the, 6- shit, 7- finally, 8- hits, 9- the, 10- fan, 11- the, 12- muslim, 13- immigrants, 14- will, 15- run, 16- from, 17- our, 18- country, 19- i, 20- bet, 21- you, 22- that";"hatespeech targeting Islam";"https://app.prolific.co/submissions/complete?cc=91442ADD"
"1264290964413300736_twitter";"HateXplain";"i feel so bad for people who learned arabic amp decide to talk to arabs baby you are gonna sound like a spacetoon mbc3 character";"1- i, 2- feel, 3- so, 4- bad, 5- for, 6- people, 7- who, 8- learned, 9- arabic, 10- amp, 11- decide, 12- to, 13- talk, 14- to, 15- arabs, 16- baby, 17- you, 18- are, 19- gonna, 20- sound, 21- like, 22- a, 23- spacetoon, 24- mbc3, 25- character";"offensive targeting Arab";"https://app.prolific.co/submissions/complete?cc=91442ADD"
"15735135_gab";"HateXplain";"too late the sand niggers are breeding like rabbits that how they take over";"1- too, 2- late, 3- the, 4- sand, 5- niggers, 6- are, 7- breeding, 8- like, 9- rabbits, 10- that, 11- how, 12- they, 13- take, 14- over";"hatespeech targeting Arab";"https://app.prolific.co/submissions/complete?cc=91442ADD"
"1110212333303971840_twitter";"HateXplain";"<user> proof that you are retarded because you play xbox that not even accurate lmao";"1- <user>, 2- proof, 3- that, 4- you, 5- are, 6- retarded, 7- because, 8- you, 9- play, 10- xbox, 11- that, 12- not, 13- even, 14- accurate, 15- lmao";"offensive targeting Other";"https://app.prolific.co/submissions/complete?cc=91442ADD"
"14500311_gab";"HateXplain";"the hamiltonmusical really is the epitome of idiocracy it as if many americans are too stupid to get american history unless through the lens of pc low iq ghetto rap hamilton altright";"1- the, 2- hamiltonmusical, 3- really, 4- is, 5- the, 6- epitome, 7- of, 8- idiocracy, 9- it, 10- as, 11- if, 12- many, 13- americans, 14- are, 15- too, 16- stupid, 17- to, 18- get, 19- american, 20- history, 21- unless, 22- through, 23- the, 24- lens, 25- of, 26- pc, 27- low, 28- iq, 29- ghetto, 30- rap, 31- hamilton, 32- altright";"offensive targeting Other";"https://app.prolific.co/submissions/complete?cc=91442ADD"
"1084841869182488576_twitter";"HateXplain";"<user> <user> that only because illegal immigrants can be counted on to vote democrat russians not so much";"1- <user>, 2- <user>, 3- that, 4- only, 5- because, 6- illegal, 7- immigrants, 8- can, 9- be, 10- counted, 11- on, 12- to, 13- vote, 14- democrat, 15- russians, 16- not, 17- so, 18- much";"offensive targeting Refugee";"https://app.prolific.co/submissions/complete?cc=91442ADD"
"17030440_gab";"HateXplain";"iran our women and children are being raped murdered and stabbed by invading barbarians and we are worried about muh democracy in iran wtf iranprotests";"1- iran, 2- our, 3- women, 4- and, 5- children, 6- are, 7- being, 8- raped, 9- murdered, 10- and, 11- stabbed, 12- by, 13- invading, 14- barbarians, 15- and, 16- we, 17- are, 18- worried, 19- about, 20- muh, 21- democracy, 22- in, 23- iran, 24- wtf, 25- iranprotests";"hatespeech targeting Refugee";"https://app.prolific.co/submissions/complete?cc=91442ADD"
"attention_13";"attention check sentences (HateXplain targeting)";"you fucking afghani i always knew you were a pussy";"1- you, 2- fucking, 3- afghani, 4- i, 5- always, 6- knew, 7- you, 8- were, 9- a, 10- pussy";"offensive";"https://app.prolific.co/submissions/complete?cc=91442ADD"