"ID";"dataset";"text";"tokens";"label";"redirectUrl"
"13961057_gab";"HateXplain";"all the blacks in the picture are not indigenous these are migrants from northern countries drawn by promise of the wealth created by the boer the only blacks who were there originally were tiny numbers of hottentot bushmen so much for the motherland not yours pal";"1- all, 2- the, 3- blacks, 4- in, 5- the, 6- picture, 7- are, 8- not, 9- indigenous, 10- these, 11- are, 12- migrants, 13- from, 14- northern, 15- countries, 16- drawn, 17- by, 18- promise, 19- of, 20- the, 21- wealth, 22- created, 23- by, 24- the, 25- boer, 26- the, 27- only, 28- blacks, 29- who, 30- were, 31- there, 32- originally, 33- were, 34- tiny, 35- numbers, 36- of, 37- hottentot, 38- bushmen, 39- so, 40- much, 41- for, 42- the, 43- motherland, 44- not, 45- yours, 46- pal";"offensive targeting African";"https://app.prolific.co/submissions/complete?cc=91442ADD"
"1178837824625401856_twitter";"HateXplain";"hogan is the definition of white trash";"1- hogan, 2- is, 3- the, 4- definition, 5- of, 6- white, 7- trash";"offensive targeting Caucasian";"https://app.prolific.co/submissions/complete?cc=91442ADD"
"18361461_gab";"HateXplain";"my excuse is that i am not like your trailer trash whore mom that needs to fuck another toothless methhead fat redneck to feed bastards like you";"1- my, 2- excuse, 3- is, 4- that, 5- i, 6- am, 7- not, 8- like, 9- your, 10- trailer, 11- trash, 12- whore, 13- mom, 14- that, 15- needs, 16- to, 17- fuck, 18- another, 19- toothless, 20- methhead, 21- fat, 22- redneck, 23- to, 24- feed, 25- bastards, 26- like, 27- you";"offensive targeting Women";"https://app.prolific.co/submissions/complete?cc=91442ADD"
"1180772132222947328_twitter";"HateXplain";"<user> muslim jihadist stop lying no one believes that shiot any more q the time has come";"1- <user>, 2- muslim, 3- jihadist, 4- stop, 5- lying, 6- no, 7- one, 8- believes, 9- that, 10- shiot, 11- any, 12- more, 13- q, 14- the, 15- time, 16- has, 17- come";"offensive targeting Islam";"https://app.prolific.co/submissions/complete?cc=91442ADD"
"16001308_gab";"HateXplain";"swedish prime minister stefan löven condemns minor attack by muslims against the synagogue in gothenburg he wants more money for holocaust propaganda and harsh punishment for antisemitism swedes have been murdered and raped for years without him saying a word a shekel for a good goy";"1- swedish, 2- prime, 3- minister, 4- stefan, 5- löven, 6- condemns, 7- minor, 8- attack, 9- by, 10- muslims, 11- against, 12- the, 13- synagogue, 14- in, 15- gothenburg, 16- he, 17- wants, 18- more, 19- money, 20- for, 21- holocaust, 22- propaganda, 23- and, 24- harsh, 25- punishment, 26- for, 27- antisemitism, 28- swedes, 29- have, 30- been, 31- murdered, 32- and, 33- raped, 34- for, 35- years, 36- without, 37- him, 38- saying, 39- a, 40- word, 41- a, 42- shekel, 43- for, 44- a, 45- good, 46- goy";"offensive targeting Islam";"https://app.prolific.co/submissions/complete?cc=91442ADD"
"1196161461426544640_twitter";"HateXplain";"<user> refs are retardos";"1- <user>, 2- refs, 3- are, 4- retardos";"offensive targeting Other";"https://app.prolific.co/submissions/complete?cc=91442ADD"
"17540441_gab";"HateXplain";"<user> oprahwinfrey black washed her speech last night she spoke about recytaylor who was raped by six men but did not mention the <number> y o girl who was raped savagely beaten by thomasalfredtaylor who was defended by hillaryclinton <user> smeared the girl character";"1- <user>, 2- oprahwinfrey, 3- black, 4- washed, 5- her, 6- speech, 7- last, 8- night, 9- she, 10- spoke, 11- about, 12- recytaylor, 13- who, 14- was, 15- raped, 16- by, 17- six, 18- men, 19- but, 20- did, 21- not, 22- mention, 23- the, 24- <number>, 25- y, 26- o, 27- girl, 28- who, 29- was, 30- raped, 31- savagely, 32- beaten, 33- by, 34- thomasalfredtaylor, 35- who, 36- was, 37- defended, 38- by, 39- hillaryclinton, 40- <user>, 41- smeared, 42- the, 43- girl, 44- character";"offensive targeting Other";"https://app.prolific.co/submissions/complete?cc=91442ADD"
"1192110061553901568_twitter";"HateXplain";"<user> yeah but were you in london full of illegal immigrants you know in brexitland everyone vill verr dee poppy or else";"1- <user>, 2- yeah, 3- but, 4- were, 5- you, 6- in, 7- london, 8- full, 9- of, 10- illegal, 11- immigrants, 12- you, 13- know, 14- in, 15- brexitland, 16- everyone, 17- vill, 18- verr, 19- dee, 20- poppy, 21- or, 22- else";"hatespeech targeting Refugee";"https://app.prolific.co/submissions/complete?cc=91442ADD"
"19004747_gab";"HateXplain";"no chain migration is a bottomless pit of immigrant flooding into the country their mamma and dadda their brothers and sisters their grandparents their aunts uncles their kids etc etc etc family reunification my ass";"1- no, 2- chain, 3- migration, 4- is, 5- a, 6- bottomless, 7- pit, 8- of, 9- immigrant, 10- flooding, 11- into, 12- the, 13- country, 14- their, 15- mamma, 16- and, 17- dadda, 18- their, 19- brothers, 20- and, 21- sisters, 22- their, 23- grandparents, 24- their, 25- aunts, 26- uncles, 27- their, 28- kids, 29- etc, 30- etc, 31- etc, 32- family, 33- reunification, 34- my, 35- ass";"offensive targeting Refugee";"https://app.prolific.co/submissions/complete?cc=91442ADD"
"1201794566858215424_twitter";"HateXplain";"this nigga is a fucking joke i swear";"1- this, 2- nigga, 3- is, 4- a, 5- fucking, 6- joke, 7- i, 8- swear";"offensive targeting African";"https://app.prolific.co/submissions/complete?cc=91442ADD"
"13980716_gab";"HateXplain";"dunno not good enough he should offer his wife to the negro as";"1- dunno, 2- not, 3- good, 4- enough, 5- he, 6- should, 7- offer, 8- his, 9- wife, 10- to, 11- the, 12- negro, 13- as";"offensive targeting African";"https://app.prolific.co/submissions/complete?cc=91442ADD"
"1178561770430095360_twitter";"HateXplain";"<user> <user> figures but i will use that whenever i have to listen to one of my hillbilly redneck customers go on about fox news";"1- <user>, 2- <user>, 3- figures, 4- but, 5- i, 6- will, 7- use, 8- that, 9- whenever, 10- i, 11- have, 12- to, 13- listen, 14- to, 15- one, 16- of, 17- my, 18- hillbilly, 19- redneck, 20- customers, 21- go, 22- on, 23- about, 24- fox, 25- news";"offensive targeting Caucasian";"https://app.prolific.co/submissions/complete?cc=91442ADD"
"18366209_gab";"HateXplain";"this is only proof that liberal women are never ever satisfied you feed a fee and another and another show up wanting more";"1- this, 2- is, 3- only, 4- proof, 5- that, 6- liberal, 7- women, 8- are, 9- never, 10- ever, 11- satisfied, 12- you, 13- feed, 14- a, 15- fee, 16- and, 17- another, 18- and, 19- another, 20- show, 21- up, 22- wanting, 23- more";"offensive targeting Women";"https://app.prolific.co/submissions/complete?cc=91442ADD"
"1204222009556647936_twitter";"HateXplain";"<user> we do not want to be converted <number> years down the line into radical muslim nation";"1- <user>, 2- we, 3- do, 4- not, 5- want, 6- to, 7- be, 8- converted, 9- <number>, 10- years, 11- down, 12- the, 13- line, 14- into, 15- radical, 16- muslim, 17- nation";"offensive targeting Islam";"https://app.prolific.co/submissions/complete?cc=91442ADD"
"16003028_gab";"HateXplain";"stupid moslem terrorist forgot to do rockets and blew his dingus off that what happens when you make things when you are a stupid head";"1- stupid, 2- moslem, 3- terrorist, 4- forgot, 5- to, 6- do, 7- rockets, 8- and, 9- blew, 10- his, 11- dingus, 12- off, 13- that, 14- what, 15- happens, 16- when, 17- you, 18- make, 19- things, 20- when, 21- you, 22- are, 23- a, 24- stupid, 25- head";"hatespeech targeting Islam";"https://app.prolific.co/submissions/complete?cc=91442ADD"
"1196571878254661633_twitter";"HateXplain";"to all the homophobic assholes who are mad at chickfila there ’ a special place in hell for you";"1- to, 2- all, 3- the, 4- homophobic, 5- assholes, 6- who, 7- are, 8- mad, 9- at, 10- chickfila, 11- there, 12- ’, 13- a, 14- special, 15- place, 16- in, 17- hell, 18- for, 19- you";"offensive targeting Other";"https://app.prolific.co/submissions/complete?cc=91442ADD"
"17696622_gab";"HateXplain";"liberals consider tribalism to be completely normal except when caucasians practice it then it the most horrible racist thing ever and all white people should just be fucking killed or forcibly crossbred with other races because of it ideally right this second because tolerance";"1- liberals, 2- consider, 3- tribalism, 4- to, 5- be, 6- completely, 7- normal, 8- except, 9- when, 10- caucasians, 11- practice, 12- it, 13- then, 14- it, 15- the, 16- most, 17- horrible, 18- racist, 19- thing, 20- ever, 21- and, 22- all, 23- white, 24- people, 25- should, 26- just, 27- be, 28- fucking, 29- killed, 30- or, 31- forcibly, 32- crossbred, 33- with, 34- other, 35- races, 36- because, 37- of, 38- it, 39- ideally, 40- right, 41- this, 42- second, 43- because, 44- tolerance";"hatespeech targeting Other";"https://app.prolific.co/submissions/complete?cc=91442ADD"
"1196256638547701761_twitter";"HateXplain";"<user> <user> yeah but you have not called immigrants subhuman degenerates who have no rights";"1- <user>, 2- <user>, 3- yeah, 4- but, 5- you, 6- have, 7- not, 8- called, 9- immigrants, 10- subhuman, 11- degenerates, 12- who, 13- have, 14- no, 15- rights";"offensive targeting Refugee";"https://app.prolific.co/submissions/complete?cc=91442ADD"
"1902256_gab";"HateXplain";"<time> saturday evening in a immigrant problem area in uppsala in sweden <number> car on fire police found the likely suspect but did not bring him in for questioning";"1- <time>, 2- saturday, 3- evening, 4- in, 5- a, 6- immigrant, 7- problem, 8- area, 9- in, 10- uppsala, 11- in, 12- sweden, 13- <number>, 14- car, 15- on, 16- fire, 17- police, 18- found, 19- the, 20- likely, 21- suspect, 22- but, 23- did, 24- not, 25- bring, 26- him, 27- in, 28- for, 29- questioning";"offensive targeting Refugee";"https://app.prolific.co/submissions/complete?cc=91442ADD"
"1203708372094267392_twitter";"HateXplain";"never let a nigga with no money disrespect you that ’ ghetto 🥴";"1- never, 2- let, 3- a, 4- nigga, 5- with, 6- no, 7- money, 8- disrespect, 9- you, 10- that, 11- ’, 12- ghetto, 13- 🥴";"offensive targeting African";"https://app.prolific.co/submissions/complete?cc=91442ADD"
"13980938_gab";"HateXplain";"if you are more ghetto than a black girl you should end your life";"1- if, 2- you, 3- are, 4- more, 5- ghetto, 6- than, 7- a, 8- black, 9- girl, 10- you, 11- should, 12- end, 13- your, 14- life";"hatespeech targeting African";"https://app.prolific.co/submissions/complete?cc=91442ADD"
"1179074290752397315_twitter";"HateXplain";"<user> ah the redneck revolt kids aka communists";"1- <user>, 2- ah, 3- the, 4- redneck, 5- revolt, 6- kids, 7- aka, 8- communists";"offensive targeting Caucasian";"https://app.prolific.co/submissions/complete?cc=91442ADD"
"18375860_gab";"HateXplain";"trump had more fat women walking in one day today than michelle obama was able to do in <number> years educating liberals <user> 😂 😂";"1- trump, 2- had, 3- more, 4- fat, 5- women, 6- walking, 7- in, 8- one, 9- day, 10- today, 11- than, 12- michelle, 13- obama, 14- was, 15- able, 16- to, 17- do, 18- in, 19- <number>, 20- years, 21- educating, 22- liberals, 23- <user>, 24- 😂, 25- 😂";"offensive targeting Women";"https://app.prolific.co/submissions/complete?cc=91442ADD"
"1204429367033634816_twitter";"HateXplain";"critcizes islam muslim twitter fucking bigot 😒 😒 may allah guide you 😭 😭 😭 straight to hell 😼 ☝ 🏽 💯";"1- critcizes, 2- islam, 3- muslim, 4- twitter, 5- fucking, 6- bigot, 7- 😒, 8- 😒, 9- may, 10- allah, 11- guide, 12- you, 13- 😭, 14- 😭, 15- 😭, 16- straight, 17- to, 18- hell, 19- 😼, 20- ☝, 21- 🏽, 22- 💯";"offensive targeting Islam";"https://app.prolific.co/submissions/complete?cc=91442ADD"
"16014351_gab";"HateXplain";"that not the fuxking point you embicile even the small percentage of whites that practice islam are still prone to terrorism you denied ideology role saying there isnt an involvement when your fellow white converts are engaging in terrorism once they convert to islam";"1- that, 2- not, 3- the, 4- fuxking, 5- point, 6- you, 7- embicile, 8- even, 9- the, 10- small, 11- percentage, 12- of, 13- whites, 14- that, 15- practice, 16- islam, 17- are, 18- still, 19- prone, 20- to, 21- terrorism, 22- you, 23- denied, 24- ideology, 25- role, 26- saying, 27- there, 28- isnt, 29- an, 30- involvement, 31- when, 32- your, 33- fellow, 34- white, 35- converts, 36- are, 37- engaging, 38- in, 39- terrorism, 40- once, 41- they, 42- convert, 43- to, 44- islam";"hatespeech targeting Islam";"https://app.prolific.co/submissions/complete?cc=91442ADD"
"1196999034575024128_twitter";"HateXplain";"<user> that retarded guy should not be a reporter";"1- <user>, 2- that, 3- retarded, 4- guy, 5- should, 6- not, 7- be, 8- a, 9- reporter";"offensive targeting Other";"https://app.prolific.co/submissions/complete?cc=91442ADD"
"17843410_gab";"HateXplain";"i noticed in this sting operation video the brown third worlder who was unabashed about banning right wingers is an indian its very embarassing for us indians in india when these dumbfucks go to usa settle there and then decide to backstab white majority by spewing venom against them kick them out";"1- i, 2- noticed, 3- in, 4- this, 5- sting, 6- operation, 7- video, 8- the, 9- brown, 10- third, 11- worlder, 12- who, 13- was, 14- unabashed, 15- about, 16- banning, 17- right, 18- wingers, 19- is, 20- an, 21- indian, 22- its, 23- very, 24- embarassing, 25- for, 26- us, 27- indians, 28- in, 29- india, 30- when, 31- these, 32- dumbfucks, 33- go, 34- to, 35- usa, 36- settle, 37- there, 38- and, 39- then, 40- decide, 41- to, 42- backstab, 43- white, 44- majority, 45- by, 46- spewing, 47- venom, 48- against, 49- them, 50- kick, 51- them, 52- out";"offensive targeting Other";"https://app.prolific.co/submissions/complete?cc=91442ADD"
"1203155794692395008_twitter";"HateXplain";"<user> <user> you ’ re a birther and an illegal move back to your shithole country";"1- <user>, 2- <user>, 3- you, 4- ’, 5- re, 6- a, 7- birther, 8- and, 9- an, 10- illegal, 11- move, 12- back, 13- to, 14- your, 15- shithole, 16- country";"offensive targeting Refugee";"https://app.prolific.co/submissions/complete?cc=91442ADD"
"19128925_gab";"HateXplain";"what do you call <number> immigrants at the bottom of the ocean a good start";"1- what, 2- do, 3- you, 4- call, 5- <number>, 6- immigrants, 7- at, 8- the, 9- bottom, 10- of, 11- the, 12- ocean, 13- a, 14- good, 15- start";"hatespeech targeting Refugee";"https://app.prolific.co/submissions/complete?cc=91442ADD"
"attention_39";"attention check sentences (HateXplain targeting)";"i would like to shoot a rag head";"1- i, 2- would, 3- like, 4- to, 5- shoot, 6- a, 7- rag, 8- head";"offensive";"https://app.prolific.co/submissions/complete?cc=91442ADD"