ID;dataset;text;tokens;label;redirectUrl
26869822_gab;HateXplain;i d rather stare at a bowl full of shit then look at those ugly dinosaur gorrila lookin nigger biches;1- i, 2- d, 3- rather, 4- stare, 5- at, 6- a, 7- bowl, 8- full, 9- of, 10- shit, 11- then, 12- look, 13- at, 14- those, 15- ugly, 16- dinosaur, 17- gorrila, 18- lookin, 19- nigger, 20- biches;hatespeech targeting Women;https://app.prolific.co/submissions/complete?cc=91442ADD
1188989583268167680_twitter;HateXplain;niggas love you when they need you no these bitches be see through;1- niggas, 2- love, 3- you, 4- when, 5- they, 6- need, 7- you, 8- no, 9- these, 10- bitches, 11- be, 12- see, 13- through;offensive targeting Women;https://app.prolific.co/submissions/complete?cc=91442ADD
15739905_gab;HateXplain;this is what happens when you let alt troasties think they are allowed to have opinions they suddenly get the idea that fucking niggers is ok as long as they do not do it anymore how many nigger dicks have you sucked before whore;1- this, 2- is, 3- what, 4- happens, 5- when, 6- you, 7- let, 8- alt, 9- troasties, 10- think, 11- they, 12- are, 13- allowed, 14- to, 15- have, 16- opinions, 17- they, 18- suddenly, 19- get, 20- the, 21- idea, 22- that, 23- fucking, 24- niggers, 25- is, 26- ok, 27- as, 28- long, 29- as, 30- they, 31- do, 32- not, 33- do, 34- it, 35- anymore, 36- how, 37- many, 38- nigger, 39- dicks, 40- have, 41- you, 42- sucked, 43- before, 44- whore;hatespeech targeting Women;https://app.prolific.co/submissions/complete?cc=91442ADD
1178389337429434368_twitter;HateXplain;hoes are annoying thots are annoying which are pretty much the same white ppl are annoying spanish people are annoying and asians are too diverse even for their own culture 🙄;1- hoes, 2- are, 3- annoying, 4- thots, 5- are, 6- annoying, 7- which, 8- are, 9- pretty, 10- much, 11- the, 12- same, 13- white, 14- ppl, 15- are, 16- annoying, 17- spanish, 18- people, 19- are, 20- annoying, 21- and, 22- asians, 23- are, 24- too, 25- diverse, 26- even, 27- for, 28- their, 29- own, 30- culture, 31- 🙄;offensive targeting Women;https://app.prolific.co/submissions/complete?cc=91442ADD
19791797_gab;HateXplain;derp de derp let me just lay out my profession so this kike whore can attack my career;1- derp, 2- de, 3- derp, 4- let, 5- me, 6- just, 7- lay, 8- out, 9- my, 10- profession, 11- so, 12- this, 13- kike, 14- whore, 15- can, 16- attack, 17- my, 18- career;hatespeech targeting Women;https://app.prolific.co/submissions/complete?cc=91442ADD
1184908592585039879_twitter;HateXplain;future fuck cute broke bitches that might be the most insecure nigga ever;1- future, 2- fuck, 3- cute, 4- broke, 5- bitches, 6- that, 7- might, 8- be, 9- the, 10- most, 11- insecure, 12- nigga, 13- ever;offensive targeting Women;https://app.prolific.co/submissions/complete?cc=91442ADD
15958984_gab;HateXplain;exactly no mercy for the shameless unapologetic unabashed nigger fucking e slut cam whore how can you expect to be forgiven if you are unrepentant <user> you owe us bigly we made you and we can break you;1- exactly, 2- no, 3- mercy, 4- for, 5- the, 6- shameless, 7- unapologetic, 8- unabashed, 9- nigger, 10- fucking, 11- e, 12- slut, 13- cam, 14- whore, 15- how, 16- can, 17- you, 18- expect, 19- to, 20- be, 21- forgiven, 22- if, 23- you, 24- are, 25- unrepentant, 26- <user>, 27- you, 28- owe, 29- us, 30- bigly, 31- we, 32- made, 33- you, 34- and, 35- we, 36- can, 37- break, 38- you;hatespeech targeting Women;https://app.prolific.co/submissions/complete?cc=91442ADD
1185201317255565313_twitter;HateXplain;this hoe needs to get beat down omg;1- this, 2- hoe, 3- needs, 4- to, 5- get, 6- beat, 7- down, 8- omg;offensive targeting Women;https://app.prolific.co/submissions/complete?cc=91442ADD
22647656_gab;HateXplain;juan is about as much of a fucking a stupid ass nigger as any juan can get libtards like this fucking nigger black democrat asshole have exhausted their statute of limitations much in the same way that white gop fucking stupid ass feminist bush whore bitches like perino bitchtwat have exhausted theirs;1- juan, 2- is, 3- about, 4- as, 5- much, 6- of, 7- a, 8- fucking, 9- a, 10- stupid, 11- ass, 12- nigger, 13- as, 14- any, 15- juan, 16- can, 17- get, 18- libtards, 19- like, 20- this, 21- fucking, 22- nigger, 23- black, 24- democrat, 25- asshole, 26- have, 27- exhausted, 28- their, 29- statute, 30- of, 31- limitations, 32- much, 33- in, 34- the, 35- same, 36- way, 37- that, 38- white, 39- gop, 40- fucking, 41- stupid, 42- ass, 43- feminist, 44- bush, 45- whore, 46- bitches, 47- like, 48- perino, 49- bitchtwat, 50- have, 51- exhausted, 52- theirs;hatespeech targeting Women;https://app.prolific.co/submissions/complete?cc=91442ADD
1163204898089029632_twitter;HateXplain;you too old for him hoe lets relax;1- you, 2- too, 3- old, 4- for, 5- him, 6- hoe, 7- lets, 8- relax;offensive targeting Women;https://app.prolific.co/submissions/complete?cc=91442ADD
25934036_gab;HateXplain;the bride is a gold digging nigger whore;1- the, 2- bride, 3- is, 4- a, 5- gold, 6- digging, 7- nigger, 8- whore;hatespeech targeting Women;https://app.prolific.co/submissions/complete?cc=91442ADD
1186738559002337282_twitter;HateXplain;spread you bitches like a butter knife;1- spread, 2- you, 3- bitches, 4- like, 5- a, 6- butter, 7- knife;offensive targeting Women;https://app.prolific.co/submissions/complete?cc=91442ADD
13954784_gab;HateXplain;ok there white knight are you thirsty for her nigger cum drenched cunt;1- ok, 2- there, 3- white, 4- knight, 5- are, 6- you, 7- thirsty, 8- for, 9- her, 10- nigger, 11- cum, 12- drenched, 13- cunt;hatespeech targeting Women;https://app.prolific.co/submissions/complete?cc=91442ADD
1179103275162976257_twitter;HateXplain;<user> bitch without me u queer;1- <user>, 2- bitch, 3- without, 4- me, 5- u, 6- queer;offensive targeting Women;https://app.prolific.co/submissions/complete?cc=91442ADD
20821499_gab;HateXplain;sometimes you can know a mudshark just by looking at her;1- sometimes, 2- you, 3- can, 4- know, 5- a, 6- mudshark, 7- just, 8- by, 9- looking, 10- at, 11- her;offensive targeting Women;https://app.prolific.co/submissions/complete?cc=91442ADD
1179099431016247296_twitter;HateXplain;when i was young my goal was to be like jane curtin on snl an ignorant slut finally realized my goals;1- when, 2- i, 3- was, 4- young, 5- my, 6- goal, 7- was, 8- to, 9- be, 10- like, 11- jane, 12- curtin, 13- on, 14- snl, 15- an, 16- ignorant, 17- slut, 18- finally, 19- realized, 20- my, 21- goals;offensive targeting Women;https://app.prolific.co/submissions/complete?cc=91442ADD
16683973_gab;HateXplain;i simply just laugh anymore when i see a white slag dating a coon;1- i, 2- simply, 3- just, 4- laugh, 5- anymore, 6- when, 7- i, 8- see, 9- a, 10- white, 11- slag, 12- dating, 13- a, 14- coon;hatespeech targeting Women;https://app.prolific.co/submissions/complete?cc=91442ADD
1178862198522830849_twitter;HateXplain;whoever took good news off soundcloud your mom is a fucking hoe;1- whoever, 2- took, 3- good, 4- news, 5- off, 6- soundcloud, 7- your, 8- mom, 9- is, 10- a, 11- fucking, 12- hoe;offensive targeting Women;https://app.prolific.co/submissions/complete?cc=91442ADD
20105097_gab;HateXplain;are we going to let this confused dyke bully cunt stroke the dick she does not have this wo man will always be a problem if she is not put back in place smug face and arrogance mixed with false confidence is not a good combination for ugly people;1- are, 2- we, 3- going, 4- to, 5- let, 6- this, 7- confused, 8- dyke, 9- bully, 10- cunt, 11- stroke, 12- the, 13- dick, 14- she, 15- does, 16- not, 17- have, 18- this, 19- wo, 20- man, 21- will, 22- always, 23- be, 24- a, 25- problem, 26- if, 27- she, 28- is, 29- not, 30- put, 31- back, 32- in, 33- place, 34- smug, 35- face, 36- and, 37- arrogance, 38- mixed, 39- with, 40- false, 41- confidence, 42- is, 43- not, 44- a, 45- good, 46- combination, 47- for, 48- ugly, 49- people;hatespeech targeting Women;https://app.prolific.co/submissions/complete?cc=91442ADD
1177726979438596096_twitter;HateXplain;smoking fiya in a hotel eating shrimp wit a towel under the door and a thick red hoe;1- smoking, 2- fiya, 3- in, 4- a, 5- hotel, 6- eating, 7- shrimp, 8- wit, 9- a, 10- towel, 11- under, 12- the, 13- door, 14- and, 15- a, 16- thick, 17- red, 18- hoe;offensive targeting Women;https://app.prolific.co/submissions/complete?cc=91442ADD
6216374_gab;HateXplain;my bitch go loko;1- my, 2- bitch, 3- go, 4- loko;offensive targeting Women;https://app.prolific.co/submissions/complete?cc=91442ADD
1104499523462799360_twitter;HateXplain;take your skanky hoe ass and flush it down the drain biatch;1- take, 2- your, 3- skanky, 4- hoe, 5- ass, 6- and, 7- flush, 8- it, 9- down, 10- the, 11- drain, 12- biatch;offensive targeting Women;https://app.prolific.co/submissions/complete?cc=91442ADD
20602248_gab;HateXplain;one of hollywood biggest cunts and a nigger lover for good measure;1- one, 2- of, 3- hollywood, 4- biggest, 5- cunts, 6- and, 7- a, 8- nigger, 9- lover, 10- for, 11- good, 12- measure;hatespeech targeting Women;https://app.prolific.co/submissions/complete?cc=91442ADD
1179005301292318722_twitter;HateXplain;vontaze burfict would be playing had he raped or smacked a bitch;1- vontaze, 2- burfict, 3- would, 4- be, 5- playing, 6- had, 7- he, 8- raped, 9- or, 10- smacked, 11- a, 12- bitch;offensive targeting Women;https://app.prolific.co/submissions/complete?cc=91442ADD
9070420_gab;HateXplain;only butthurt one here is you ya little mudshark progeny whiny punkass antifa washington post bitch;1- only, 2- butthurt, 3- one, 4- here, 5- is, 6- you, 7- ya, 8- little, 9- mudshark, 10- progeny, 11- whiny, 12- punkass, 13- antifa, 14- washington, 15- post, 16- bitch;offensive targeting Women;https://app.prolific.co/submissions/complete?cc=91442ADD
1088186520475820032_twitter;HateXplain;i need somebody to twist my hair for me no richmond hoes tho i do not trust you bitches;1- i, 2- need, 3- somebody, 4- to, 5- twist, 6- my, 7- hair, 8- for, 9- me, 10- no, 11- richmond, 12- hoes, 13- tho, 14- i, 15- do, 16- not, 17- trust, 18- you, 19- bitches;offensive targeting Women;https://app.prolific.co/submissions/complete?cc=91442ADD
21522350_gab;HateXplain;why is this fat black niggress so upset get off those cupcakes you fat bitch;1- why, 2- is, 3- this, 4- fat, 5- black, 6- niggress, 7- so, 8- upset, 9- get, 10- off, 11- those, 12- cupcakes, 13- you, 14- fat, 15- bitch;hatespeech targeting Women;https://app.prolific.co/submissions/complete?cc=91442ADD
1086686146632052737_twitter;HateXplain;shawty ego so big that hoe said letgomyeggo;1- shawty, 2- ego, 3- so, 4- big, 5- that, 6- hoe, 7- said, 8- letgomyeggo;offensive targeting Women;https://app.prolific.co/submissions/complete?cc=91442ADD
16781658_gab;HateXplain;this is atrocious fuck this nigger bitch;1- this, 2- is, 3- atrocious, 4- fuck, 5- this, 6- nigger, 7- bitch;hatespeech targeting Women;https://app.prolific.co/submissions/complete?cc=91442ADD
attention_48;attention check sentences (HateXplain targeting);that nicca gone crazy;1- that, 2- nicca, 3- gone, 4- crazy;offensive;https://app.prolific.co/submissions/complete?cc=91442ADD