ID;dataset;text;tokens;label;redirectUrl
13637009_gab;HateXplain;sail foam as in yo mayne ah beez finna axe dat muhfuggin nigger whaa ahh kaynt git me mah new sail foam muhfugga sheeit 🐒;1- sail, 2- foam, 3- as, 4- in, 5- yo, 6- mayne, 7- ah, 8- beez, 9- finna, 10- axe, 11- dat, 12- muhfuggin, 13- nigger, 14- whaa, 15- ahh, 16- kaynt, 17- git, 18- me, 19- mah, 20- new, 21- sail, 22- foam, 23- muhfugga, 24- sheeit, 25- 🐒;hatespeech targeting African;https://app.prolific.co/submissions/complete?cc=91442ADD
1178772644273020935_twitter;HateXplain;<user> facts smh dumb niggers;1- <user>, 2- facts, 3- smh, 4- dumb, 5- niggers;hatespeech targeting African;https://app.prolific.co/submissions/complete?cc=91442ADD
27284969_gab;HateXplain;another reason voting is pointless civ nat burger nat at its finest let us ask niggers who the good niggers are so we can get the nigger vote <number> iq apes will turn this country red blue wave be damned trump is owned by jews anyway ridiculous <user> ‍ <user> ‍;1- another, 2- reason, 3- voting, 4- is, 5- pointless, 6- civ, 7- nat, 8- burger, 9- nat, 10- at, 11- its, 12- finest, 13- let, 14- us, 15- ask, 16- niggers, 17- who, 18- the, 19- good, 20- niggers, 21- are, 22- so, 23- we, 24- can, 25- get, 26- the, 27- nigger, 28- vote, 29- <number>, 30- iq, 31- apes, 32- will, 33- turn, 34- this, 35- country, 36- red, 37- blue, 38- wave, 39- be, 40- damned, 41- trump, 42- is, 43- owned, 44- by, 45- jews, 46- anyway, 47- ridiculous, 48- <user>, 49- <user>;hatespeech targeting African;https://app.prolific.co/submissions/complete?cc=91442ADD
1178454688716460033_twitter;HateXplain;ugh all the niggers are back on campus;1- ugh, 2- all, 3- the, 4- niggers, 5- are, 6- back, 7- on, 8- campus;hatespeech targeting African;https://app.prolific.co/submissions/complete?cc=91442ADD
25428035_gab;HateXplain;did wictor shoot some random nigger or something lol;1- did, 2- wictor, 3- shoot, 4- some, 5- random, 6- nigger, 7- or, 8- something, 9- lol;hatespeech targeting African;https://app.prolific.co/submissions/complete?cc=91442ADD
1178679137357180928_twitter;HateXplain;so do white ppl say this that nigger shit 😂 💀;1- so, 2- do, 3- white, 4- ppl, 5- say, 6- this, 7- that, 8- nigger, 9- shit, 10- 😂, 11- 💀;offensive targeting African;https://app.prolific.co/submissions/complete?cc=91442ADD
17600331_gab;HateXplain;she a nigger vote no regardless of the lies your fed she a fucking nigger;1- she, 2- a, 3- nigger, 4- vote, 5- no, 6- regardless, 7- of, 8- the, 9- lies, 10- your, 11- fed, 12- she, 13- a, 14- fucking, 15- nigger;hatespeech targeting African;https://app.prolific.co/submissions/complete?cc=91442ADD
1178881728120684545_twitter;HateXplain;fuck all niggers they can burn in hell fuck rosa parks i slap that bitch well niggers need to learn niggers need to burn stupid ass bitch stupid ass black fucks fuck niggers;1- fuck, 2- all, 3- niggers, 4- they, 5- can, 6- burn, 7- in, 8- hell, 9- fuck, 10- rosa, 11- parks, 12- i, 13- slap, 14- that, 15- bitch, 16- well, 17- niggers, 18- need, 19- to, 20- learn, 21- niggers, 22- need, 23- to, 24- burn, 25- stupid, 26- ass, 27- bitch, 28- stupid, 29- ass, 30- black, 31- fucks, 32- fuck, 33- niggers;hatespeech targeting African;https://app.prolific.co/submissions/complete?cc=91442ADD
8522959_gab;HateXplain;more like they would love to sit in endless meetings without doing any real work okay when did you stop being gay please purple haired niggerette charge nurses would never have morning report end if it was an option murse;1- more, 2- like, 3- they, 4- would, 5- love, 6- to, 7- sit, 8- in, 9- endless, 10- meetings, 11- without, 12- doing, 13- any, 14- real, 15- work, 16- okay, 17- when, 18- did, 19- you, 20- stop, 21- being, 22- gay, 23- please, 24- purple, 25- haired, 26- niggerette, 27- charge, 28- nurses, 29- would, 30- never, 31- have, 32- morning, 33- report, 34- end, 35- if, 36- it, 37- was, 38- an, 39- option, 40- murse;hatespeech targeting African;https://app.prolific.co/submissions/complete?cc=91442ADD
1178573414929518592_twitter;HateXplain;<user> you spray with insecticide and the niggers still walk by like bitch please or worse fly 🤣;1- <user>, 2- you, 3- spray, 4- with, 5- insecticide, 6- and, 7- the, 8- niggers, 9- still, 10- walk, 11- by, 12- like, 13- bitch, 14- please, 15- or, 16- worse, 17- fly, 18- 🤣;hatespeech targeting African;https://app.prolific.co/submissions/complete?cc=91442ADD
16151649_gab;HateXplain;shaun king is that lily white faggot who pretends he a nigger and race baits constantly on twitter for blm and the niggers eat it up like hotcakes;1- shaun, 2- king, 3- is, 4- that, 5- lily, 6- white, 7- faggot, 8- who, 9- pretends, 10- he, 11- a, 12- nigger, 13- and, 14- race, 15- baits, 16- constantly, 17- on, 18- twitter, 19- for, 20- blm, 21- and, 22- the, 23- niggers, 24- eat, 25- it, 26- up, 27- like, 28- hotcakes;hatespeech targeting African;https://app.prolific.co/submissions/complete?cc=91442ADD
1189125076026822656_twitter;HateXplain;fuck you all faggot ass niggas;1- fuck, 2- you, 3- all, 4- faggot, 5- ass, 6- niggas;offensive targeting African;https://app.prolific.co/submissions/complete?cc=91442ADD
19412594_gab;HateXplain;oh i am a person i say you do not like challenges you turn your head when it niggers act like niggers but when a white steps to you like a nigger and you think you have a chance your wrd salads help not you cosmo faggot that a white american expression;1- oh, 2- i, 3- am, 4- a, 5- person, 6- i, 7- say, 8- you, 9- do, 10- not, 11- like, 12- challenges, 13- you, 14- turn, 15- your, 16- head, 17- when, 18- it, 19- niggers, 20- act, 21- like, 22- niggers, 23- but, 24- when, 25- a, 26- white, 27- steps, 28- to, 29- you, 30- like, 31- a, 32- nigger, 33- and, 34- you, 35- think, 36- you, 37- have, 38- a, 39- chance, 40- your, 41- wrd, 42- salads, 43- help, 44- not, 45- you, 46- cosmo, 47- faggot, 48- that, 49- a, 50- white, 51- american, 52- expression;hatespeech targeting African;https://app.prolific.co/submissions/complete?cc=91442ADD
1178969629001224192_twitter;HateXplain;what is the favorite music key of niggers the key of c;1- what, 2- is, 3- the, 4- favorite, 5- music, 6- key, 7- of, 8- niggers, 9- the, 10- key, 11- of, 12- c;hatespeech targeting African;https://app.prolific.co/submissions/complete?cc=91442ADD
22986613_gab;HateXplain;fuck that nigger bitch;1- fuck, 2- that, 3- nigger, 4- bitch;hatespeech targeting African;https://app.prolific.co/submissions/complete?cc=91442ADD
1178605804292837376_twitter;HateXplain;get your fucking dirty nigger ass out of here nigger;1- get, 2- your, 3- fucking, 4- dirty, 5- nigger, 6- ass, 7- out, 8- of, 9- here, 10- nigger;hatespeech targeting African;https://app.prolific.co/submissions/complete?cc=91442ADD
17433253_gab;HateXplain;ok now take away the government jobs and affirmative action and now tell me what the nigger unemployment rate is 🖕 🙄 🖕;1- ok, 2- now, 3- take, 4- away, 5- the, 6- government, 7- jobs, 8- and, 9- affirmative, 10- action, 11- and, 12- now, 13- tell, 14- me, 15- what, 16- the, 17- nigger, 18- unemployment, 19- rate, 20- is, 21- 🖕, 22- 🙄, 23- 🖕;hatespeech targeting African;https://app.prolific.co/submissions/complete?cc=91442ADD
1179102982253748229_twitter;HateXplain;fucking niggers making it obvious and shit 😒 <user>;1- fucking, 2- niggers, 3- making, 4- it, 5- obvious, 6- and, 7- shit, 8- 😒, 9- <user>;hatespeech targeting African;https://app.prolific.co/submissions/complete?cc=91442ADD
21979713_gab;HateXplain;would not the kike sell it to the nigger they do not ever give things away for free;1- would, 2- not, 3- the, 4- kike, 5- sell, 6- it, 7- to, 8- the, 9- nigger, 10- they, 11- do, 12- not, 13- ever, 14- give, 15- things, 16- away, 17- for, 18- free;hatespeech targeting African;https://app.prolific.co/submissions/complete?cc=91442ADD
1178764891492143104_twitter;HateXplain;yall niggers are a disappointment;1- yall, 2- niggers, 3- are, 4- a, 5- disappointment;offensive targeting African;https://app.prolific.co/submissions/complete?cc=91442ADD
11788282_gab;HateXplain;a black man with a moslem name is an abeed;1- a, 2- black, 3- man, 4- with, 5- a, 6- moslem, 7- name, 8- is, 9- an, 10- abeed;hatespeech targeting African;https://app.prolific.co/submissions/complete?cc=91442ADD
1179014245431877634_twitter;HateXplain;<user> all the niggers are the same though bro;1- <user>, 2- all, 3- the, 4- niggers, 5- are, 6- the, 7- same, 8- though, 9- bro;hatespeech targeting African;https://app.prolific.co/submissions/complete?cc=91442ADD
19780058_gab;HateXplain;obama and mikes official portrait painter painted this pic and others of a nigger woman cutting off the head of a white woman also claimed to have mixed his seamen into the paint for the official paintings more on infowars com show warroom show <user> ‍ <user> ‍;1- obama, 2- and, 3- mikes, 4- official, 5- portrait, 6- painter, 7- painted, 8- this, 9- pic, 10- and, 11- others, 12- of, 13- a, 14- nigger, 15- woman, 16- cutting, 17- off, 18- the, 19- head, 20- of, 21- a, 22- white, 23- woman, 24- also, 25- claimed, 26- to, 27- have, 28- mixed, 29- his, 30- seamen, 31- into, 32- the, 33- paint, 34- for, 35- the, 36- official, 37- paintings, 38- more, 39- on, 40- infowars, 41- com, 42- show, 43- warroom, 44- show, 45- <user>, 46- <user>;hatespeech targeting African;https://app.prolific.co/submissions/complete?cc=91442ADD
1178796149106515968_twitter;HateXplain;<user> <user> now you know why valerie planet of the apes jarrett and barack porch monkey obanger rented an apartment across the street on pennsylvania boulevard it called a wiretap;1- <user>, 2- <user>, 3- now, 4- you, 5- know, 6- why, 7- valerie, 8- planet, 9- of, 10- the, 11- apes, 12- jarrett, 13- and, 14- barack, 15- porch, 16- monkey, 17- obanger, 18- rented, 19- an, 20- apartment, 21- across, 22- the, 23- street, 24- on, 25- pennsylvania, 26- boulevard, 27- it, 28- called, 29- a, 30- wiretap;hatespeech targeting African;https://app.prolific.co/submissions/complete?cc=91442ADD
13814717_gab;HateXplain;these sub humans are out of control hey civic nationalists you think you will have our constitution when we are a minority it already dead with these nip kike nigger spic etc judges;1- these, 2- sub, 3- humans, 4- are, 5- out, 6- of, 7- control, 8- hey, 9- civic, 10- nationalists, 11- you, 12- think, 13- you, 14- will, 15- have, 16- our, 17- constitution, 18- when, 19- we, 20- are, 21- a, 22- minority, 23- it, 24- already, 25- dead, 26- with, 27- these, 28- nip, 29- kike, 30- nigger, 31- spic, 32- etc, 33- judges;hatespeech targeting African;https://app.prolific.co/submissions/complete?cc=91442ADD
1179055578141863936_twitter;HateXplain;quit commenting on unnecessary shit that so bothersome i make so many tweets that solicit comments that wasn t one bye niggers;1- quit, 2- commenting, 3- on, 4- unnecessary, 5- shit, 6- that, 7- so, 8- bothersome, 9- i, 10- make, 11- so, 12- many, 13- tweets, 14- that, 15- solicit, 16- comments, 17- that, 18- wasn, 19- t, 20- one, 21- bye, 22- niggers;hatespeech targeting African;https://app.prolific.co/submissions/complete?cc=91442ADD
7027898_gab;HateXplain;that true it really bad when a nigger makes the rest look bad not an easy thing to do;1- that, 2- true, 3- it, 4- really, 5- bad, 6- when, 7- a, 8- nigger, 9- makes, 10- the, 11- rest, 12- look, 13- bad, 14- not, 15- an, 16- easy, 17- thing, 18- to, 19- do;hatespeech targeting African;https://app.prolific.co/submissions/complete?cc=91442ADD
1075855926962388993_twitter;HateXplain;you all think the rapline heard each others verses in tear and were like nah i need to rewrite mine this nigga went a little too hard;1- you, 2- all, 3- think, 4- the, 5- rapline, 6- heard, 7- each, 8- others, 9- verses, 10- in, 11- tear, 12- and, 13- were, 14- like, 15- nah, 16- i, 17- need, 18- to, 19- rewrite, 20- mine, 21- this, 22- nigga, 23- went, 24- a, 25- little, 26- too, 27- hard;offensive targeting African;https://app.prolific.co/submissions/complete?cc=91442ADD
10783839_gab;HateXplain;ideally yes when push comes to shove id rather live in a white run city country we already know what a planet of apes scenario looks like baltimore chicago philly detroit and every suburban mall failing to shoo flies;1- ideally, 2- yes, 3- when, 4- push, 5- comes, 6- to, 7- shove, 8- id, 9- rather, 10- live, 11- in, 12- a, 13- white, 14- run, 15- city, 16- country, 17- we, 18- already, 19- know, 20- what, 21- a, 22- planet, 23- of, 24- apes, 25- scenario, 26- looks, 27- like, 28- baltimore, 29- chicago, 30- philly, 31- detroit, 32- and, 33- every, 34- suburban, 35- mall, 36- failing, 37- to, 38- shoo, 39- flies;hatespeech targeting African;https://app.prolific.co/submissions/complete?cc=91442ADD
attention_16;attention check sentences (HateXplain targeting);oh these indians you find them everywhere you go my doctor is indian so is this taxi driver;1- oh, 2- these, 3- indians, 4- you, 5- find, 6- them, 7- everywhere, 8- you, 9- go, 10- my, 11- doctor, 12- is, 13- indian, 14- so, 15- is, 16- this, 17- taxi, 18- driver;offensive;https://app.prolific.co/submissions/complete?cc=91442ADD