"ID";"dataset";"text";"tokens";"label";"redirectUrl"
"7996400_gab";"HateXplain";"seems like a nigger too from some of the speech patterns one of them rare dindus that can spell a lil bit";"1- seems, 2- like, 3- a, 4- nigger, 5- too, 6- from, 7- some, 8- of, 9- the, 10- speech, 11- patterns, 12- one, 13- of, 14- them, 15- rare, 16- dindus, 17- that, 18- can, 19- spell, 20- a, 21- lil, 22- bit";"hatespeech targeting African";"https://app.prolific.co/submissions/complete?cc=91442ADD"
"1178875361750405125_twitter";"HateXplain";"whom st the biggest nut niggers whom st release seminal fluid";"1- whom, 2- st, 3- the, 4- biggest, 5- nut, 6- niggers, 7- whom, 8- st, 9- release, 10- seminal, 11- fluid";"hatespeech targeting African";"https://app.prolific.co/submissions/complete?cc=91442ADD"
"16596098_gab";"HateXplain";"fyi the relay nigger arrived shekels delivered";"1- fyi, 2- the, 3- relay, 4- nigger, 5- arrived, 6- shekels, 7- delivered";"hatespeech targeting African";"https://app.prolific.co/submissions/complete?cc=91442ADD"
"1110023098869399553_twitter";"HateXplain";"where is the bag of money nigger where is the bag of money";"1- where, 2- is, 3- the, 4- bag, 5- of, 6- money, 7- nigger, 8- where, 9- is, 10- the, 11- bag, 12- of, 13- money";"hatespeech targeting African";"https://app.prolific.co/submissions/complete?cc=91442ADD"
"22152349_gab";"HateXplain";"those are called niglets";"1- those, 2- are, 3- called, 4- niglets";"hatespeech targeting African";"https://app.prolific.co/submissions/complete?cc=91442ADD"
"1178808202730721280_twitter";"HateXplain";"my supervisor is a fucking coon i have a white kid telling other kids that they are acting like niggers and he doing nothing about it";"1- my, 2- supervisor, 3- is, 4- a, 5- fucking, 6- coon, 7- i, 8- have, 9- a, 10- white, 11- kid, 12- telling, 13- other, 14- kids, 15- that, 16- they, 17- are, 18- acting, 19- like, 20- niggers, 21- and, 22- he, 23- doing, 24- nothing, 25- about, 26- it";"hatespeech targeting African";"https://app.prolific.co/submissions/complete?cc=91442ADD"
"14715730_gab";"HateXplain";"drunk driving could have easily killed me in the past couple years luckily enough people on mpc called me a nigger so i have stopped doing that mpc status updates";"1- drunk, 2- driving, 3- could, 4- have, 5- easily, 6- killed, 7- me, 8- in, 9- the, 10- past, 11- couple, 12- years, 13- luckily, 14- enough, 15- people, 16- on, 17- mpc, 18- called, 19- me, 20- a, 21- nigger, 22- so, 23- i, 24- have, 25- stopped, 26- doing, 27- that, 28- mpc, 29- status, 30- updates";"offensive targeting African";"https://app.prolific.co/submissions/complete?cc=91442ADD"
"1178954464440590336_twitter";"HateXplain";"black be rollin dick in her throat this nigger this dick";"1- black, 2- be, 3- rollin, 4- dick, 5- in, 6- her, 7- throat, 8- this, 9- nigger, 10- this, 11- dick";"hatespeech targeting African";"https://app.prolific.co/submissions/complete?cc=91442ADD"
"14993337_gab";"HateXplain";"his line of coke just kicked in he is hard again lol triggered you got your new wifes nigger sons to teach you that word and you think you are the coolest cat in here sucks to be you cuckolded prick";"1- his, 2- line, 3- of, 4- coke, 5- just, 6- kicked, 7- in, 8- he, 9- is, 10- hard, 11- again, 12- lol, 13- triggered, 14- you, 15- got, 16- your, 17- new, 18- wifes, 19- nigger, 20- sons, 21- to, 22- teach, 23- you, 24- that, 25- word, 26- and, 27- you, 28- think, 29- you, 30- are, 31- the, 32- coolest, 33- cat, 34- in, 35- here, 36- sucks, 37- to, 38- be, 39- you, 40- cuckolded, 41- prick";"hatespeech targeting African";"https://app.prolific.co/submissions/complete?cc=91442ADD"
"1091106800408190976_twitter";"HateXplain";"tfw jews want to ban p*rn <censored> tfw now i agree with jews tfw i change my ideals get owned jews";"1- tfw, 2- jews, 3- want, 4- to, 5- ban, 6- p*rn, 7- <censored>, 8- tfw, 9- now, 10- i, 11- agree, 12- with, 13- jews, 14- tfw, 15- i, 16- change, 17- my, 18- ideals, 19- get, 20- owned, 21- jews";"offensive targeting Jewish";"https://app.prolific.co/submissions/complete?cc=91442ADD"
"23018207_gab";"HateXplain";"you are next kike";"1- you, 2- are, 3- next, 4- kike";"hatespeech targeting Jewish";"https://app.prolific.co/submissions/complete?cc=91442ADD"
"1179100968660717568_twitter";"HateXplain";"<user> interesting analogy the new world order globalists are jews trying to create hell on earth communism pedophilia homosexuality to bring forth their messiah mother goose of all fables now they label her as a successor of christ will they kill her like they killed christ";"1- <user>, 2- interesting, 3- analogy, 4- the, 5- new, 6- world, 7- order, 8- globalists, 9- are, 10- jews, 11- trying, 12- to, 13- create, 14- hell, 15- on, 16- earth, 17- communism, 18- pedophilia, 19- homosexuality, 20- to, 21- bring, 22- forth, 23- their, 24- messiah, 25- mother, 26- goose, 27- of, 28- all, 29- fables, 30- now, 31- they, 32- label, 33- her, 34- as, 35- a, 36- successor, 37- of, 38- christ, 39- will, 40- they, 41- kill, 42- her, 43- like, 44- they, 45- killed, 46- christ";"hatespeech targeting Jewish";"https://app.prolific.co/submissions/complete?cc=91442ADD"
"14963895_gab";"HateXplain";"call <user> a kike or say hes a hero and he can not trip over himself fast enough to give you a platform but if you give him the suggestion perhaps he fundraise for charity to actually help child trafficking victims and you will hear such a profound silence";"1- call, 2- <user>, 3- a, 4- kike, 5- or, 6- say, 7- hes, 8- a, 9- hero, 10- and, 11- he, 12- can, 13- not, 14- trip, 15- over, 16- himself, 17- fast, 18- enough, 19- to, 20- give, 21- you, 22- a, 23- platform, 24- but, 25- if, 26- you, 27- give, 28- him, 29- the, 30- suggestion, 31- perhaps, 32- he, 33- fundraise, 34- for, 35- charity, 36- to, 37- actually, 38- help, 39- child, 40- trafficking, 41- victims, 42- and, 43- you, 44- will, 45- hear, 46- such, 47- a, 48- profound, 49- silence";"hatespeech targeting Jewish";"https://app.prolific.co/submissions/complete?cc=91442ADD"
"1179091307270168577_twitter";"HateXplain";"<user> dead jews got me feeling cute might seig heil later idk";"1- <user>, 2- dead, 3- jews, 4- got, 5- me, 6- feeling, 7- cute, 8- might, 9- seig, 10- heil, 11- later, 12- idk";"hatespeech targeting Jewish";"https://app.prolific.co/submissions/complete?cc=91442ADD"
"11749763_gab";"HateXplain";"lots of us have been reading ds for chuckles even mischlingen he does some funny stuff at times if you mentally filter out kike this and kike that";"1- lots, 2- of, 3- us, 4- have, 5- been, 6- reading, 7- ds, 8- for, 9- chuckles, 10- even, 11- mischlingen, 12- he, 13- does, 14- some, 15- funny, 16- stuff, 17- at, 18- times, 19- if, 20- you, 21- mentally, 22- filter, 23- out, 24- kike, 25- this, 26- and, 27- kike, 28- that";"hatespeech targeting Jewish";"https://app.prolific.co/submissions/complete?cc=91442ADD"
"1178807797745700874_twitter";"HateXplain";"i raped the jews because it hugged my brother";"1- i, 2- raped, 3- the, 4- jews, 5- because, 6- it, 7- hugged, 8- my, 9- brother";"hatespeech targeting Jewish";"https://app.prolific.co/submissions/complete?cc=91442ADD"
"27944432_gab";"HateXplain";"says the guy calling for violence against cops and defending obama in the same breath you are a transparent kike hasbarat";"1- says, 2- the, 3- guy, 4- calling, 5- for, 6- violence, 7- against, 8- cops, 9- and, 10- defending, 11- obama, 12- in, 13- the, 14- same, 15- breath, 16- you, 17- are, 18- a, 19- transparent, 20- kike, 21- hasbarat";"hatespeech targeting Jewish";"https://app.prolific.co/submissions/complete?cc=91442ADD"
"1178806702700933121_twitter";"HateXplain";"<user> <user> check out the hook nose on flake";"1- <user>, 2- <user>, 3- check, 4- out, 5- the, 6- hook, 7- nose, 8- on, 9- flake";"hatespeech targeting Jewish";"https://app.prolific.co/submissions/complete?cc=91442ADD"
"23809328_gab";"HateXplain";"fucking kikes and kike lovers";"1- fucking, 2- kikes, 3- and, 4- kike, 5- lovers";"hatespeech targeting Jewish";"https://app.prolific.co/submissions/complete?cc=91442ADD"
"1179058422421041152_twitter";"HateXplain";"jews still live as in the o.t. cultish self serving warring and against criticism b cos they have developed a culture of pharasitic entitlements they are not enlightened they still sacrifice animals with all their posturing they still reject god";"1- jews, 2- still, 3- live, 4- as, 5- in, 6- the, 7- o.t., 8- cultish, 9- self, 10- serving, 11- warring, 12- and, 13- against, 14- criticism, 15- b, 16- cos, 17- they, 18- have, 19- developed, 20- a, 21- culture, 22- of, 23- pharasitic, 24- entitlements, 25- they, 26- are, 27- not, 28- enlightened, 29- they, 30- still, 31- sacrifice, 32- animals, 33- with, 34- all, 35- their, 36- posturing, 37- they, 38- still, 39- reject, 40- god";"hatespeech targeting Jewish";"https://app.prolific.co/submissions/complete?cc=91442ADD"
"19463370_gab";"HateXplain";"wtf is a sheenie";"1- wtf, 2- is, 3- a, 4- sheenie";"hatespeech targeting Jewish";"https://app.prolific.co/submissions/complete?cc=91442ADD"
"1178645475752370176_twitter";"HateXplain";"i raped the jews because it diddled sarah palin";"1- i, 2- raped, 3- the, 4- jews, 5- because, 6- it, 7- diddled, 8- sarah, 9- palin";"hatespeech targeting Jewish";"https://app.prolific.co/submissions/complete?cc=91442ADD"
"24358018_gab";"HateXplain";"make amuriker kike again and again and again and";"1- make, 2- amuriker, 3- kike, 4- again, 5- and, 6- again, 7- and, 8- again, 9- and";"hatespeech targeting Jewish";"https://app.prolific.co/submissions/complete?cc=91442ADD"
"1078328752613003269_twitter";"HateXplain";"<user> you say yiddish speaking immigrants in the 1 9 th century they hear globalist diaspora self hating jews";"1- <user>, 2- you, 3- say, 4- yiddish, 5- speaking, 6- immigrants, 7- in, 8- the, 9- 1, 10- 9, 11- th, 12- century, 13- they, 14- hear, 15- globalist, 16- diaspora, 17- self, 18- hating, 19- jews";"offensive targeting Jewish";"https://app.prolific.co/submissions/complete?cc=91442ADD"
"11077756_gab";"HateXplain";"for <number> years post wwii mi5 prohibited the recruitment of jews for fear of their disloyalty";"1- for, 2- <number>, 3- years, 4- post, 5- wwii, 6- mi5, 7- prohibited, 8- the, 9- recruitment, 10- of, 11- jews, 12- for, 13- fear, 14- of, 15- their, 16- disloyalty";"offensive targeting Jewish";"https://app.prolific.co/submissions/complete?cc=91442ADD"
"1114647159649865729_twitter";"HateXplain";"<user> <user> she will blame it on jews or trump i bet";"1- <user>, 2- <user>, 3- she, 4- will, 5- blame, 6- it, 7- on, 8- jews, 9- or, 10- trump, 11- i, 12- bet";"offensive targeting Jewish";"https://app.prolific.co/submissions/complete?cc=91442ADD"
"11176696_gab";"HateXplain";"we do not have to commit suicide just cause the jews tell us to";"1- we, 2- do, 3- not, 4- have, 5- to, 6- commit, 7- suicide, 8- just, 9- cause, 10- the, 11- jews, 12- tell, 13- us, 14- to";"offensive targeting Jewish";"https://app.prolific.co/submissions/complete?cc=91442ADD"
"1125478379304751106_twitter";"HateXplain";"hm term limits jews worst enemy ‘ tis why florida is best state";"1- hm, 2- term, 3- limits, 4- jews, 5- worst, 6- enemy, 7- ‘, 8- tis, 9- why, 10- florida, 11- is, 12- best, 13- state";"offensive targeting Jewish";"https://app.prolific.co/submissions/complete?cc=91442ADD"
"11288841_gab";"HateXplain";"thanks for reminding us natsoc is pan nationalist all ppl have a right to their own nation free of jews globalists";"1- thanks, 2- for, 3- reminding, 4- us, 5- natsoc, 6- is, 7- pan, 8- nationalist, 9- all, 10- ppl, 11- have, 12- a, 13- right, 14- to, 15- their, 16- own, 17- nation, 18- free, 19- of, 20- jews, 21- globalists";"offensive targeting Jewish";"https://app.prolific.co/submissions/complete?cc=91442ADD"
"attention_46";"attention check sentences (HateXplain targeting)";"i will take constantinople back turgay";"1- i, 2- will, 3- take, 4- constantinople, 5- back, 6- turgay";"offensive";"https://app.prolific.co/submissions/complete?cc=91442ADD"