"ID";"dataset";"text";"tokens";"label";"redirectUrl"
"13854551_gab";"HateXplain";"and if u have to drink and drive make sure u drive home through as many nigger ghettos as possible 🎓";"1- and, 2- if, 3- u, 4- have, 5- to, 6- drink, 7- and, 8- drive, 9- make, 10- sure, 11- u, 12- drive, 13- home, 14- through, 15- as, 16- many, 17- nigger, 18- ghettos, 19- as, 20- possible, 21- 🎓";"hatespeech targeting African";"https://app.prolific.co/submissions/complete?cc=91442ADD"
"1178804375424249862_twitter";"HateXplain";"<user> <user> <user> if the firefighters were as white and useless as zaid in seeing the situation in front of them yes i d tell them not to fuck with my house because they d probably help burn it down";"1- <user>, 2- <user>, 3- <user>, 4- if, 5- the, 6- firefighters, 7- were, 8- as, 9- white, 10- and, 11- useless, 12- as, 13- zaid, 14- in, 15- seeing, 16- the, 17- situation, 18- in, 19- front, 20- of, 21- them, 22- yes, 23- i, 24- d, 25- tell, 26- them, 27- not, 28- to, 29- fuck, 30- with, 31- my, 32- house, 33- because, 34- they, 35- d, 36- probably, 37- help, 38- burn, 39- it, 40- down";"offensive targeting Caucasian";"https://app.prolific.co/submissions/complete?cc=91442ADD"
"17909010_gab";"HateXplain";"just to be clear it cool for the bitch to get the dick but not if she a dumb bitch and dirty in which case she gets the cliff";"1- just, 2- to, 3- be, 4- clear, 5- it, 6- cool, 7- for, 8- the, 9- bitch, 10- to, 11- get, 12- the, 13- dick, 14- but, 15- not, 16- if, 17- she, 18- a, 19- dumb, 20- bitch, 21- and, 22- dirty, 23- in, 24- which, 25- case, 26- she, 27- gets, 28- the, 29- cliff";"offensive targeting Women";"https://app.prolific.co/submissions/complete?cc=91442ADD"
"1170780805137874944_twitter";"HateXplain";"<user> not stanning the boyz is an act of violent islamophobia btw";"1- <user>, 2- not, 3- stanning, 4- the, 5- boyz, 6- is, 7- an, 8- act, 9- of, 10- violent, 11- islamophobia, 12- btw";"offensive targeting Islam";"https://app.prolific.co/submissions/complete?cc=91442ADD"
"15895678_gab";"HateXplain";"phobia is not just fear it irrational fear even if there are people who actually fear islam their fear is fully rational and justified thing is people find islam repulsive vile violent and foul no feeling of fear involved";"1- phobia, 2- is, 3- not, 4- just, 5- fear, 6- it, 7- irrational, 8- fear, 9- even, 10- if, 11- there, 12- are, 13- people, 14- who, 15- actually, 16- fear, 17- islam, 18- their, 19- fear, 20- is, 21- fully, 22- rational, 23- and, 24- justified, 25- thing, 26- is, 27- people, 28- find, 29- islam, 30- repulsive, 31- vile, 32- violent, 33- and, 34- foul, 35- no, 36- feeling, 37- of, 38- fear, 39- involved";"offensive targeting Islam";"https://app.prolific.co/submissions/complete?cc=91442ADD"
"1188472614320136193_twitter";"HateXplain";"<user> <user> the guy mocked the bucks and got kicked in the face how are people so retarded they can not see it";"1- <user>, 2- <user>, 3- the, 4- guy, 5- mocked, 6- the, 7- bucks, 8- and, 9- got, 10- kicked, 11- in, 12- the, 13- face, 14- how, 15- are, 16- people, 17- so, 18- retarded, 19- they, 20- can, 21- not, 22- see, 23- it";"offensive targeting Other";"https://app.prolific.co/submissions/complete?cc=91442ADD"
"17022416_gab";"HateXplain";"sorry i just think it rude if i am at a party and an actual retard is there and i am not briefed forcing me to do the retard math";"1- sorry, 2- i, 3- just, 4- think, 5- it, 6- rude, 7- if, 8- i, 9- am, 10- at, 11- a, 12- party, 13- and, 14- an, 15- actual, 16- retard, 17- is, 18- there, 19- and, 20- i, 21- am, 22- not, 23- briefed, 24- forcing, 25- me, 26- to, 27- do, 28- the, 29- retard, 30- math";"offensive targeting Other";"https://app.prolific.co/submissions/complete?cc=91442ADD"
"1146018921973243904_twitter";"HateXplain";"<user> they ’ re illegal immigrants they don ’ t like the fucking setup turn around and go home no one is forcing them to stay";"1- <user>, 2- they, 3- ’, 4- re, 5- illegal, 6- immigrants, 7- they, 8- don, 9- ’, 10- t, 11- like, 12- the, 13- fucking, 14- setup, 15- turn, 16- around, 17- and, 18- go, 19- home, 20- no, 21- one, 22- is, 23- forcing, 24- them, 25- to, 26- stay";"offensive targeting Refugee";"https://app.prolific.co/submissions/complete?cc=91442ADD"
"18915190_gab";"HateXplain";"jesus christ man look at the size of your forehead are you smuggling illegal immigrants into the country in that thing";"1- jesus, 2- christ, 3- man, 4- look, 5- at, 6- the, 7- size, 8- of, 9- your, 10- forehead, 11- are, 12- you, 13- smuggling, 14- illegal, 15- immigrants, 16- into, 17- the, 18- country, 19- in, 20- that, 21- thing";"offensive targeting Refugee";"https://app.prolific.co/submissions/complete?cc=91442ADD"
"1189793119606312962_twitter";"HateXplain";"any nigga that allow they self to beef with a female is a faggot";"1- any, 2- nigga, 3- that, 4- allow, 5- they, 6- self, 7- to, 8- beef, 9- with, 10- a, 11- female, 12- is, 13- a, 14- faggot";"offensive targeting African";"https://app.prolific.co/submissions/complete?cc=91442ADD"
"13885644_gab";"HateXplain";"fohhunnid wew lad now thas peak ghetto";"1- fohhunnid, 2- wew, 3- lad, 4- now, 5- thas, 6- peak, 7- ghetto";"offensive targeting African";"https://app.prolific.co/submissions/complete?cc=91442ADD"
"1178600318482997248_twitter";"HateXplain";"<user> <user> you have completely halted trying to fight what we are saying because its true all you have left is these haha look at these guys replies left you stupid poor white trash wigger fuck";"1- <user>, 2- <user>, 3- you, 4- have, 5- completely, 6- halted, 7- trying, 8- to, 9- fight, 10- what, 11- we, 12- are, 13- saying, 14- because, 15- its, 16- true, 17- all, 18- you, 19- have, 20- left, 21- is, 22- these, 23- haha, 24- look, 25- at, 26- these, 27- guys, 28- replies, 29- left, 30- you, 31- stupid, 32- poor, 33- white, 34- trash, 35- wigger, 36- fuck";"offensive targeting Caucasian";"https://app.prolific.co/submissions/complete?cc=91442ADD"
"18032474_gab";"HateXplain";"the three women refs in the women uconn vs texas basketball game tonight stank despite the crappy officiating the better team won";"1- the, 2- three, 3- women, 4- refs, 5- in, 6- the, 7- women, 8- uconn, 9- vs, 10- texas, 11- basketball, 12- game, 13- tonight, 14- stank, 15- despite, 16- the, 17- crappy, 18- officiating, 19- the, 20- better, 21- team, 22- won";"offensive targeting Women";"https://app.prolific.co/submissions/complete?cc=91442ADD"
"1178655751767642112_twitter";"HateXplain";"foolish women removing their mangalsutras themselves what else to xtian n muslim men want";"1- foolish, 2- women, 3- removing, 4- their, 5- mangalsutras, 6- themselves, 7- what, 8- else, 9- to, 10- xtian, 11- n, 12- muslim, 13- men, 14- want";"offensive targeting Islam";"https://app.prolific.co/submissions/complete?cc=91442ADD"
"15992660_gab";"HateXplain";"expecting 1 0 c here tonight so my white western invented central heating electric blanket will be on all night moslems hate the west so turn yours off freeze your arses to death moslemsaretheproblem";"1- expecting, 2- 1, 3- 0, 4- c, 5- here, 6- tonight, 7- so, 8- my, 9- white, 10- western, 11- invented, 12- central, 13- heating, 14- electric, 15- blanket, 16- will, 17- be, 18- on, 19- all, 20- night, 21- moslems, 22- hate, 23- the, 24- west, 25- so, 26- turn, 27- yours, 28- off, 29- freeze, 30- your, 31- arses, 32- to, 33- death, 34- moslemsaretheproblem";"offensive targeting Islam";"https://app.prolific.co/submissions/complete?cc=91442ADD"
"1190043565709254658_twitter";"HateXplain";"<user> <user> 😂 😂 😂 i like the way you answered her like she a retard 😂";"1- <user>, 2- <user>, 3- 😂, 4- 😂, 5- 😂, 6- i, 7- like, 8- the, 9- way, 10- you, 11- answered, 12- her, 13- like, 14- she, 15- a, 16- retard, 17- 😂";"offensive targeting Other";"https://app.prolific.co/submissions/complete?cc=91442ADD"
"17435869_gab";"HateXplain";"the traitorous anti american retarded liberal scum sucking parasites that criticize president trump are the unfit ones";"1- the, 2- traitorous, 3- anti, 4- american, 5- retarded, 6- liberal, 7- scum, 8- sucking, 9- parasites, 10- that, 11- criticize, 12- president, 13- trump, 14- are, 15- the, 16- unfit, 17- ones";"offensive targeting Other";"https://app.prolific.co/submissions/complete?cc=91442ADD"
"1146254885148479489_twitter";"HateXplain";"<user> kash sulla meat dishes look garbage amp are served as if you are feeding refugees";"1- <user>, 2- kash, 3- sulla, 4- meat, 5- dishes, 6- look, 7- garbage, 8- amp, 9- are, 10- served, 11- as, 12- if, 13- you, 14- are, 15- feeding, 16- refugees";"offensive targeting Refugee";"https://app.prolific.co/submissions/complete?cc=91442ADD"
"18945265_gab";"HateXplain";"🆘 ‼ 😎 💪 germany the resistance begins young german women start the campaign <number> decibels the campaign is directed against the imported migrants violence against sexual harassment abuse and rape of women in germany 1 2 0 db twitter com 1 2 0 dezibel 1 2 0 db info";"1- 🆘, 2- ‼, 3- 😎, 4- 💪, 5- germany, 6- the, 7- resistance, 8- begins, 9- young, 10- german, 11- women, 12- start, 13- the, 14- campaign, 15- <number>, 16- decibels, 17- the, 18- campaign, 19- is, 20- directed, 21- against, 22- the, 23- imported, 24- migrants, 25- violence, 26- against, 27- sexual, 28- harassment, 29- abuse, 30- and, 31- rape, 32- of, 33- women, 34- in, 35- germany, 36- 1, 37- 2, 38- 0, 39- db, 40- twitter, 41- com, 42- 1, 43- 2, 44- 0, 45- dezibel, 46- 1, 47- 2, 48- 0, 49- db, 50- info";"offensive targeting Refugee";"https://app.prolific.co/submissions/complete?cc=91442ADD"
"1192879861385314304_twitter";"HateXplain";"all you ghetto hoes wanna do is fight over these niggas sis get a job";"1- all, 2- you, 3- ghetto, 4- hoes, 5- wanna, 6- do, 7- is, 8- fight, 9- over, 10- these, 11- niggas, 12- sis, 13- get, 14- a, 15- job";"offensive targeting African";"https://app.prolific.co/submissions/complete?cc=91442ADD"
"13938153_gab";"HateXplain";"camel raping sandniggers lazy dumb niggers and dirty tacobending beaners inspire me";"1- camel, 2- raping, 3- sandniggers, 4- lazy, 5- dumb, 6- niggers, 7- and, 8- dirty, 9- tacobending, 10- beaners, 11- inspire, 12- me";"hatespeech targeting African";"https://app.prolific.co/submissions/complete?cc=91442ADD"
"1178655780029042688_twitter";"HateXplain";"<user> <user> <user> what mother fucker your white ass think his black ass playing with your white asses wigger please he dead ass that a no go my ass would cancel that show just to be safe and protect everyone asses in that town <user> out here saving lives";"1- <user>, 2- <user>, 3- <user>, 4- what, 5- mother, 6- fucker, 7- your, 8- white, 9- ass, 10- think, 11- his, 12- black, 13- ass, 14- playing, 15- with, 16- your, 17- white, 18- asses, 19- wigger, 20- please, 21- he, 22- dead, 23- ass, 24- that, 25- a, 26- no, 27- go, 28- my, 29- ass, 30- would, 31- cancel, 32- that, 33- show, 34- just, 35- to, 36- be, 37- safe, 38- and, 39- protect, 40- everyone, 41- asses, 42- in, 43- that, 44- town, 45- <user>, 46- out, 47- here, 48- saving, 49- lives";"offensive targeting Caucasian";"https://app.prolific.co/submissions/complete?cc=91442ADD"
"1815257_gab";"HateXplain";"<user> need to crack that bitch off and let er float free";"1- <user>, 2- need, 3- to, 4- crack, 5- that, 6- bitch, 7- off, 8- and, 9- let, 10- er, 11- float, 12- free";"offensive targeting Women";"https://app.prolific.co/submissions/complete?cc=91442ADD"
"1180049440217948160_twitter";"HateXplain";"<user> <user> they are saying islam mental illness";"1- <user>, 2- <user>, 3- they, 4- are, 5- saying, 6- islam, 7- mental, 8- illness";"offensive targeting Islam";"https://app.prolific.co/submissions/complete?cc=91442ADD"
"15997237_gab";"HateXplain";"they are not my fuxking people bitch i am a hindu not a fuxking sullah muslim us hindus have been dealing with these sullahs longer than your pasty white assess so shut the fuck up";"1- they, 2- are, 3- not, 4- my, 5- fuxking, 6- people, 7- bitch, 8- i, 9- am, 10- a, 11- hindu, 12- not, 13- a, 14- fuxking, 15- sullah, 16- muslim, 17- us, 18- hindus, 19- have, 20- been, 21- dealing, 22- with, 23- these, 24- sullahs, 25- longer, 26- than, 27- your, 28- pasty, 29- white, 30- assess, 31- so, 32- shut, 33- the, 34- fuck, 35- up";"offensive targeting Islam";"https://app.prolific.co/submissions/complete?cc=91442ADD"
"1193404014538317824_twitter";"HateXplain";"logan paul is a fucking bozo";"1- logan, 2- paul, 3- is, 4- a, 5- fucking, 6- bozo";"offensive targeting Other";"https://app.prolific.co/submissions/complete?cc=91442ADD"
"17539744_gab";"HateXplain";"the liberal retarded assholes in the canadian government do not like it when anyone speaks the truth";"1- the, 2- liberal, 3- retarded, 4- assholes, 5- in, 6- the, 7- canadian, 8- government, 9- do, 10- not, 11- like, 12- it, 13- when, 14- anyone, 15- speaks, 16- the, 17- truth";"offensive targeting Other";"https://app.prolific.co/submissions/complete?cc=91442ADD"
"1190458445276893184_twitter";"HateXplain";"<user> those refugees can suck it and if they do not like it then go back to where they came from";"1- <user>, 2- those, 3- refugees, 4- can, 5- suck, 6- it, 7- and, 8- if, 9- they, 10- do, 11- not, 12- like, 13- it, 14- then, 15- go, 16- back, 17- to, 18- where, 19- they, 20- came, 21- from";"offensive targeting Refugee";"https://app.prolific.co/submissions/complete?cc=91442ADD"
"18984909_gab";"HateXplain";"because they go after the loan wolves they pick up mostly the native ones the immigrants tend to be in gangs that is not really the local perverts mo";"1- because, 2- they, 3- go, 4- after, 5- the, 6- loan, 7- wolves, 8- they, 9- pick, 10- up, 11- mostly, 12- the, 13- native, 14- ones, 15- the, 16- immigrants, 17- tend, 18- to, 19- be, 20- in, 21- gangs, 22- that, 23- is, 24- not, 25- really, 26- the, 27- local, 28- perverts, 29- mo";"offensive targeting Refugee";"https://app.prolific.co/submissions/complete?cc=91442ADD"
"attention_35";"attention check sentences (HateXplain targeting)";"man i noticed alot of ragheads when i was in london";"1- man, 2- i, 3- noticed, 4- alot, 5- of, 6- ragheads, 7- when, 8- i, 9- was, 10- in, 11- london";"offensive";"https://app.prolific.co/submissions/complete?cc=91442ADD"