"ID";"dataset";"text";"tokens";"label";"redirectUrl"
"19376868_gab";"HateXplain";"someone should remind the wetback that what he is saying works in both directions means mexico has no borders either";"1- someone, 2- should, 3- remind, 4- the, 5- wetback, 6- that, 7- what, 8- he, 9- is, 10- saying, 11- works, 12- in, 13- both, 14- directions, 15- means, 16- mexico, 17- has, 18- no, 19- borders, 20- either";"hatespeech targeting Hispanic";"https://app.prolific.co/submissions/complete?cc=91442ADD"
"1104443298817683456_twitter";"HateXplain";"bitches this pretty thats seldom";"1- bitches, 2- this, 3- pretty, 4- thats, 5- seldom";"offensive targeting Women";"https://app.prolific.co/submissions/complete?cc=91442ADD"
"7679912_gab";"HateXplain";"if one considers those laws unjust and therefore somehow ignorable it makes sense they truly believe that inside every spic there an american trying to get out";"1- if, 2- one, 3- considers, 4- those, 5- laws, 6- unjust, 7- and, 8- therefore, 9- somehow, 10- ignorable, 11- it, 12- makes, 13- sense, 14- they, 15- truly, 16- believe, 17- that, 18- inside, 19- every, 20- spic, 21- there, 22- an, 23- american, 24- trying, 25- to, 26- get, 27- out";"hatespeech targeting Hispanic";"https://app.prolific.co/submissions/complete?cc=91442ADD"
"1179100886657839104_twitter";"HateXplain";"<user> <user> bernie sanders wants to rape women as well because that just a special kind of guy he is when he fantasizes";"1- <user>, 2- <user>, 3- bernie, 4- sanders, 5- wants, 6- to, 7- rape, 8- women, 9- as, 10- well, 11- because, 12- that, 13- just, 14- a, 15- special, 16- kind, 17- of, 18- guy, 19- he, 20- is, 21- when, 22- he, 23- fantasizes";"offensive targeting Women";"https://app.prolific.co/submissions/complete?cc=91442ADD"
"15330010_gab";"HateXplain";"taharrush when large gangs of men attack and rape women during major events yes it even has a name below an old liberal who nobody will ever want to rape holds a sign after the cologne sex attacks on new years day <number>";"1- taharrush, 2- when, 3- large, 4- gangs, 5- of, 6- men, 7- attack, 8- and, 9- rape, 10- women, 11- during, 12- major, 13- events, 14- yes, 15- it, 16- even, 17- has, 18- a, 19- name, 20- below, 21- an, 22- old, 23- liberal, 24- who, 25- nobody, 26- will, 27- ever, 28- want, 29- to, 30- rape, 31- holds, 32- a, 33- sign, 34- after, 35- the, 36- cologne, 37- sex, 38- attacks, 39- on, 40- new, 41- years, 42- day, 43- <number>";"offensive targeting Men";"https://app.prolific.co/submissions/complete?cc=91442ADD"
"1184976385082871809_twitter";"HateXplain";"these hoes for errbodyy";"1- these, 2- hoes, 3- for, 4- errbodyy";"offensive targeting Women";"https://app.prolific.co/submissions/complete?cc=91442ADD"
"17354743_gab";"HateXplain";"u can dream all you want but i will never suck your hiv dick faggot as im not gay like you homo queer catch";"1- u, 2- can, 3- dream, 4- all, 5- you, 6- want, 7- but, 8- i, 9- will, 10- never, 11- suck, 12- your, 13- hiv, 14- dick, 15- faggot, 16- as, 17- im, 18- not, 19- gay, 20- like, 21- you, 22- homo, 23- queer, 24- catch";"hatespeech targeting Homosexual";"https://app.prolific.co/submissions/complete?cc=91442ADD"
"1179098345316536322_twitter";"HateXplain";"i have a question answer honestly how many men prefer a slut over a passive woman how many women prefer to have multiple sex partners lastly is it wrong to have an open marriage";"1- i, 2- have, 3- a, 4- question, 5- answer, 6- honestly, 7- how, 8- many, 9- men, 10- prefer, 11- a, 12- slut, 13- over, 14- a, 15- passive, 16- woman, 17- how, 18- many, 19- women, 20- prefer, 21- to, 22- have, 23- multiple, 24- sex, 25- partners, 26- lastly, 27- is, 28- it, 29- wrong, 30- to, 31- have, 32- an, 33- open, 34- marriage";"offensive targeting Women";"https://app.prolific.co/submissions/complete?cc=91442ADD"
"17387703_gab";"HateXplain";"no they actually dont because like every other race besides the white race they are not scared to have an identity and unify under their race also honesty the inner city ghetto blacks constantly committing crime and murdering people is a bit more of a problem than the blm faggots";"1- no, 2- they, 3- actually, 4- dont, 5- because, 6- like, 7- every, 8- other, 9- race, 10- besides, 11- the, 12- white, 13- race, 14- they, 15- are, 16- not, 17- scared, 18- to, 19- have, 20- an, 21- identity, 22- and, 23- unify, 24- under, 25- their, 26- race, 27- also, 28- honesty, 29- the, 30- inner, 31- city, 32- ghetto, 33- blacks, 34- constantly, 35- committing, 36- crime, 37- and, 38- murdering, 39- people, 40- is, 41- a, 42- bit, 43- more, 44- of, 45- a, 46- problem, 47- than, 48- the, 49- blm, 50- faggots";"hatespeech targeting Homosexual";"https://app.prolific.co/submissions/complete?cc=91442ADD"
"1179097091089371137_twitter";"HateXplain";"why are the most extreme feminists always lesbian dykes trying to be guys anyway";"1- why, 2- are, 3- the, 4- most, 5- extreme, 6- feminists, 7- always, 8- lesbian, 9- dykes, 10- trying, 11- to, 12- be, 13- guys, 14- anyway";"hatespeech targeting Women";"https://app.prolific.co/submissions/complete?cc=91442ADD"
"17396457_gab";"HateXplain";"only new faggots that have never shot a gun probably you put the safety on it like putting training wheels on your bike i am not a kid maybe get more confident with a gun then come talk to me about your gay begginner rules";"1- only, 2- new, 3- faggots, 4- that, 5- have, 6- never, 7- shot, 8- a, 9- gun, 10- probably, 11- you, 12- put, 13- the, 14- safety, 15- on, 16- it, 17- like, 18- putting, 19- training, 20- wheels, 21- on, 22- your, 23- bike, 24- i, 25- am, 26- not, 27- a, 28- kid, 29- maybe, 30- get, 31- more, 32- confident, 33- with, 34- a, 35- gun, 36- then, 37- come, 38- talk, 39- to, 40- me, 41- about, 42- your, 43- gay, 44- begginner, 45- rules";"hatespeech targeting Homosexual";"https://app.prolific.co/submissions/complete?cc=91442ADD"
"1123781577811615744_twitter";"HateXplain";"bitches be like halsey and dating are officially jimin like move bitch thats my girl";"1- bitches, 2- be, 3- like, 4- halsey, 5- and, 6- dating, 7- are, 8- officially, 9- jimin, 10- like, 11- move, 12- bitch, 13- thats, 14- my, 15- girl";"offensive targeting Women";"https://app.prolific.co/submissions/complete?cc=91442ADD"
"17439443_gab";"HateXplain";"gays love communism and especially islam they want to try to see if they can fly of tall buildings with a pack of carpet kissers helping them just to show they are not racist lol";"1- gays, 2- love, 3- communism, 4- and, 5- especially, 6- islam, 7- they, 8- want, 9- to, 10- try, 11- to, 12- see, 13- if, 14- they, 15- can, 16- fly, 17- of, 18- tall, 19- buildings, 20- with, 21- a, 22- pack, 23- of, 24- carpet, 25- kissers, 26- helping, 27- them, 28- just, 29- to, 30- show, 31- they, 32- are, 33- not, 34- racist, 35- lol";"hatespeech targeting Homosexual";"https://app.prolific.co/submissions/complete?cc=91442ADD"
"1081338555794890752_twitter";"HateXplain";"all funny til one of you bitches pop tf up floating in the gah damn river somewhere play with your sex toys not me";"1- all, 2- funny, 3- til, 4- one, 5- of, 6- you, 7- bitches, 8- pop, 9- tf, 10- up, 11- floating, 12- in, 13- the, 14- gah, 15- damn, 16- river, 17- somewhere, 18- play, 19- with, 20- your, 21- sex, 22- toys, 23- not, 24- me";"offensive targeting Women";"https://app.prolific.co/submissions/complete?cc=91442ADD"
"17577402_gab";"HateXplain";"you said fake news faggot it clearly not whether it old has no bearing on niggers being niggers nine years or ninety they are still retarded af and that shit was hilarious";"1- you, 2- said, 3- fake, 4- news, 5- faggot, 6- it, 7- clearly, 8- not, 9- whether, 10- it, 11- old, 12- has, 13- no, 14- bearing, 15- on, 16- niggers, 17- being, 18- niggers, 19- nine, 20- years, 21- or, 22- ninety, 23- they, 24- are, 25- still, 26- retarded, 27- af, 28- and, 29- that, 30- shit, 31- was, 32- hilarious";"hatespeech targeting Homosexual";"https://app.prolific.co/submissions/complete?cc=91442ADD"
"1179012297479639041_twitter";"HateXplain";"i am fucking done with this bitch";"1- i, 2- am, 3- fucking, 4- done, 5- with, 6- this, 7- bitch";"offensive targeting Women";"https://app.prolific.co/submissions/complete?cc=91442ADD"
"17590482_gab";"HateXplain";"your haiku sucks ass you are a fucking faggot eat shit you homo";"1- your, 2- haiku, 3- sucks, 4- ass, 5- you, 6- are, 7- a, 8- fucking, 9- faggot, 10- eat, 11- shit, 12- you, 13- homo";"offensive targeting Homosexual";"https://app.prolific.co/submissions/complete?cc=91442ADD"
"1084340331099971584_twitter";"HateXplain";"kick the doors off cut the tires up burn that bitch";"1- kick, 2- the, 3- doors, 4- off, 5- cut, 6- the, 7- tires, 8- up, 9- burn, 10- that, 11- bitch";"offensive targeting Women";"https://app.prolific.co/submissions/complete?cc=91442ADD"
"17630012_gab";"HateXplain";"stan lee doesm t like faggots like you harvey";"1- stan, 2- lee, 3- doesm, 4- t, 5- like, 6- faggots, 7- like, 8- you, 9- harvey";"offensive targeting Homosexual";"https://app.prolific.co/submissions/complete?cc=91442ADD"
"1165704732645740544_twitter";"HateXplain";"some dykes be grown as hell dressing like they mom said they not allowed to get boy clothes 😂";"1- some, 2- dykes, 3- be, 4- grown, 5- as, 6- hell, 7- dressing, 8- like, 9- they, 10- mom, 11- said, 12- they, 13- not, 14- allowed, 15- to, 16- get, 17- boy, 18- clothes, 19- 😂";"offensive targeting Women";"https://app.prolific.co/submissions/complete?cc=91442ADD"
"18036634_gab";"HateXplain";"i truly did not know that i am a national socialist until gab i always knew racist bigot anti faggot anti antifs fuck sand niggers was in me but socialist i did not know what that really meant";"1- i, 2- truly, 3- did, 4- not, 5- know, 6- that, 7- i, 8- am, 9- a, 10- national, 11- socialist, 12- until, 13- gab, 14- i, 15- always, 16- knew, 17- racist, 18- bigot, 19- anti, 20- faggot, 21- anti, 22- antifs, 23- fuck, 24- sand, 25- niggers, 26- was, 27- in, 28- me, 29- but, 30- socialist, 31- i, 32- did, 33- not, 34- know, 35- what, 36- that, 37- really, 38- meant";"hatespeech targeting Homosexual";"https://app.prolific.co/submissions/complete?cc=91442ADD"
"1179101383640772608_twitter";"HateXplain";"bitches just wear they bra and swear it their halloween costume saying i am a slutty schoolgirl no bitch you a victoria secret mannequin";"1- bitches, 2- just, 3- wear, 4- they, 5- bra, 6- and, 7- swear, 8- it, 9- their, 10- halloween, 11- costume, 12- saying, 13- i, 14- am, 15- a, 16- slutty, 17- schoolgirl, 18- no, 19- bitch, 20- you, 21- a, 22- victoria, 23- secret, 24- mannequin";"offensive targeting Women";"https://app.prolific.co/submissions/complete?cc=91442ADD"
"18086591_gab";"HateXplain";"gab is a retarded con game run by <number> year old faggs";"1- gab, 2- is, 3- a, 4- retarded, 5- con, 6- game, 7- run, 8- by, 9- <number>, 10- year, 11- old, 12- faggs";"hatespeech targeting Homosexual";"https://app.prolific.co/submissions/complete?cc=91442ADD"
"1188607020783538176_twitter";"HateXplain";"bitches love bath and body works but hate to put they body in a bath and go to work i can not with these bitches";"1- bitches, 2- love, 3- bath, 4- and, 5- body, 6- works, 7- but, 8- hate, 9- to, 10- put, 11- they, 12- body, 13- in, 14- a, 15- bath, 16- and, 17- go, 18- to, 19- work, 20- i, 21- can, 22- not, 23- with, 24- these, 25- bitches";"offensive targeting Women";"https://app.prolific.co/submissions/complete?cc=91442ADD"
"18143750_gab";"HateXplain";"fuck you your the bloody communist faggots q qanon fakenews thestorm twatter twitter maga greatawakening";"1- fuck, 2- you, 3- your, 4- the, 5- bloody, 6- communist, 7- faggots, 8- q, 9- qanon, 10- fakenews, 11- thestorm, 12- twatter, 13- twitter, 14- maga, 15- greatawakening";"hatespeech targeting Homosexual";"https://app.prolific.co/submissions/complete?cc=91442ADD"
"1179095090590969857_twitter";"HateXplain";"being a slut just takes too much effort";"1- being, 2- a, 3- slut, 4- just, 5- takes, 6- too, 7- much, 8- effort";"offensive targeting Women";"https://app.prolific.co/submissions/complete?cc=91442ADD"
"18151553_gab";"HateXplain";"i can talk to whoever i want faggot";"1- i, 2- can, 3- talk, 4- to, 5- whoever, 6- i, 7- want, 8- faggot";"offensive targeting Homosexual";"https://app.prolific.co/submissions/complete?cc=91442ADD"
"1179097500042584064_twitter";"HateXplain";"lmao the fucking lying slut";"1- lmao, 2- the, 3- fucking, 4- lying, 5- slut";"offensive targeting Women";"https://app.prolific.co/submissions/complete?cc=91442ADD"
"18156913_gab";"HateXplain";"yes so if you hate faggots but are not a faggot yourself god will like that you hate faggots because surprise god hates faggots you are a heretic and you are damned";"1- yes, 2- so, 3- if, 4- you, 5- hate, 6- faggots, 7- but, 8- are, 9- not, 10- a, 11- faggot, 12- yourself, 13- god, 14- will, 15- like, 16- that, 17- you, 18- hate, 19- faggots, 20- because, 21- surprise, 22- god, 23- hates, 24- faggots, 25- you, 26- are, 27- a, 28- heretic, 29- and, 30- you, 31- are, 32- damned";"hatespeech targeting Homosexual";"https://app.prolific.co/submissions/complete?cc=91442ADD"
"attention_7";"attention check sentences (HateXplain targeting)";"that person drives like a ukrainian i hate those people";"1- that, 2- person, 3- drives, 4- like, 5- a, 6- ukrainian, 7- i, 8- hate, 9- those, 10- people";"offensive";"https://app.prolific.co/submissions/complete?cc=91442ADD"