ID;dataset;text;tokens;label;redirectUrl
12337132_gab;HateXplain;do you think america has a gun violence problem in britain they banned guns now they have an acid attack and knife violence problem these are just symptoms of the disease the disease is blacks and muslims you do not see asians doing these things;1- do, 2- you, 3- think, 4- america, 5- has, 6- a, 7- gun, 8- violence, 9- problem, 10- in, 11- britain, 12- they, 13- banned, 14- guns, 15- now, 16- they, 17- have, 18- an, 19- acid, 20- attack, 21- and, 22- knife, 23- violence, 24- problem, 25- these, 26- are, 27- just, 28- symptoms, 29- of, 30- the, 31- disease, 32- the, 33- disease, 34- is, 35- blacks, 36- and, 37- muslims, 38- you, 39- do, 40- not, 41- see, 42- asians, 43- doing, 44- these, 45- things;hatespeech targeting African;https://app.prolific.co/submissions/complete?cc=91442ADD
1236862626732392449_twitter;HateXplain;taking down these knotless braids ghetto ass fuck i quit 😂;1- taking, 2- down, 3- these, 4- knotless, 5- braids, 6- ghetto, 7- ass, 8- fuck, 9- i, 10- quit, 11- 😂;offensive targeting African;https://app.prolific.co/submissions/complete?cc=91442ADD
12436423_gab;HateXplain;if it makes kicking arabs and the blickety blecks out easier than i am all for it;1- if, 2- it, 3- makes, 4- kicking, 5- arabs, 6- and, 7- the, 8- blickety, 9- blecks, 10- out, 11- easier, 12- than, 13- i, 14- am, 15- all, 16- for, 17- it;hatespeech targeting African;https://app.prolific.co/submissions/complete?cc=91442ADD
1246387576539414528_twitter;HateXplain;<user> paris is the ghetto i hated it there 😭;1- <user>, 2- paris, 3- is, 4- the, 5- ghetto, 6- i, 7- hated, 8- it, 9- there, 10- 😭;offensive targeting African;https://app.prolific.co/submissions/complete?cc=91442ADD
12504818_gab;HateXplain;sportsball makes white women fawn over retarded negroes gives retarded negroes millions of dollars turns working class white americans into dumbasses who worship rootless team brands memorize useless stats spend all their money on corn chips and lite beer owned run by people who hate us;1- sportsball, 2- makes, 3- white, 4- women, 5- fawn, 6- over, 7- retarded, 8- negroes, 9- gives, 10- retarded, 11- negroes, 12- millions, 13- of, 14- dollars, 15- turns, 16- working, 17- class, 18- white, 19- americans, 20- into, 21- dumbasses, 22- who, 23- worship, 24- rootless, 25- team, 26- brands, 27- memorize, 28- useless, 29- stats, 30- spend, 31- all, 32- their, 33- money, 34- on, 35- corn, 36- chips, 37- and, 38- lite, 39- beer, 40- owned, 41- run, 42- by, 43- people, 44- who, 45- hate, 46- us;hatespeech targeting African;https://app.prolific.co/submissions/complete?cc=91442ADD
1253479137936904192_twitter;HateXplain;this shit is ghetto;1- this, 2- shit, 3- is, 4- ghetto;offensive targeting African;https://app.prolific.co/submissions/complete?cc=91442ADD
12605314_gab;HateXplain;regrets the more i think about it these ignorant morons should be on both knees thanking god someone rescued them from the ghetto they crawled out of or many would be dead or in jail right now;1- regrets, 2- the, 3- more, 4- i, 5- think, 6- about, 7- it, 8- these, 9- ignorant, 10- morons, 11- should, 12- be, 13- on, 14- both, 15- knees, 16- thanking, 17- god, 18- someone, 19- rescued, 20- them, 21- from, 22- the, 23- ghetto, 24- they, 25- crawled, 26- out, 27- of, 28- or, 29- many, 30- would, 31- be, 32- dead, 33- or, 34- in, 35- jail, 36- right, 37- now;offensive targeting African;https://app.prolific.co/submissions/complete?cc=91442ADD
1267523077040074754_twitter;HateXplain;<user> <user> it true im fucking this pawg nurse and in bed we laugh about how they kill all the black corona patients;1- <user>, 2- <user>, 3- it, 4- true, 5- im, 6- fucking, 7- this, 8- pawg, 9- nurse, 10- and, 11- in, 12- bed, 13- we, 14- laugh, 15- about, 16- how, 17- they, 18- kill, 19- all, 20- the, 21- black, 22- corona, 23- patients;hatespeech targeting African;https://app.prolific.co/submissions/complete?cc=91442ADD
12694921_gab;HateXplain;chrisf206 chrisf206 <number> hours ago watch some episodes of cops and tell me blacks are being singled out for no reason ghetto blacks are fuck ups plain and simple ﻿;1- chrisf206, 2- chrisf206, 3- <number>, 4- hours, 5- ago, 6- watch, 7- some, 8- episodes, 9- of, 10- cops, 11- and, 12- tell, 13- me, 14- blacks, 15- are, 16- being, 17- singled, 18- out, 19- for, 20- no, 21- reason, 22- ghetto, 23- blacks, 24- are, 25- fuck, 26- ups, 27- plain, 28- and, 29- simple;offensive targeting African;https://app.prolific.co/submissions/complete?cc=91442ADD
1097012359481053185_twitter;HateXplain;<user> what if the sugar gramp was a ss soilder who killed hundreds of jews but is a multi billionaire 🤔;1- <user>, 2- what, 3- if, 4- the, 5- sugar, 6- gramp, 7- was, 8- a, 9- ss, 10- soilder, 11- who, 12- killed, 13- hundreds, 14- of, 15- jews, 16- but, 17- is, 18- a, 19- multi, 20- billionaire, 21- 🤔;hatespeech targeting Jewish;https://app.prolific.co/submissions/complete?cc=91442ADD
11432298_gab;HateXplain;concentrate on white genocide jews elites corrupt politicians etc and leave christianity alone;1- concentrate, 2- on, 3- white, 4- genocide, 5- jews, 6- elites, 7- corrupt, 8- politicians, 9- etc, 10- and, 11- leave, 12- christianity, 13- alone;offensive targeting Jewish;https://app.prolific.co/submissions/complete?cc=91442ADD
1172682083170258944_twitter;HateXplain;oomf just said ‘ they might not be nazi ’ they just hate jews ’;1- oomf, 2- just, 3- said, 4- ‘, 5- they, 6- might, 7- not, 8- be, 9- nazi, 10- ’, 11- they, 12- just, 13- hate, 14- jews, 15- ’;hatespeech targeting Jewish;https://app.prolific.co/submissions/complete?cc=91442ADD
13130170_gab;HateXplain;the only way for world peace is to get rid of all jews if you have not learned this yet just look around and see who is behind every nasty event ever after ww2 its the jews;1- the, 2- only, 3- way, 4- for, 5- world, 6- peace, 7- is, 8- to, 9- get, 10- rid, 11- of, 12- all, 13- jews, 14- if, 15- you, 16- have, 17- not, 18- learned, 19- this, 20- yet, 21- just, 22- look, 23- around, 24- and, 25- see, 26- who, 27- is, 28- behind, 29- every, 30- nasty, 31- event, 32- ever, 33- after, 34- ww2, 35- its, 36- the, 37- jews;hatespeech targeting Jewish;https://app.prolific.co/submissions/complete?cc=91442ADD
1178387062795505664_twitter;HateXplain;<user> to hell with your man white devil;1- <user>, 2- to, 3- hell, 4- with, 5- your, 6- man, 7- white, 8- devil;hatespeech targeting Caucasian;https://app.prolific.co/submissions/complete?cc=91442ADD
15108536_gab;HateXplain;more white people are going to get red pilled by the media outrage at it okay to be white and more posters will go up awesome;1- more, 2- white, 3- people, 4- are, 5- going, 6- to, 7- get, 8- red, 9- pilled, 10- by, 11- the, 12- media, 13- outrage, 14- at, 15- it, 16- okay, 17- to, 18- be, 19- white, 20- and, 21- more, 22- posters, 23- will, 24- go, 25- up, 26- awesome;offensive targeting Caucasian;https://app.prolific.co/submissions/complete?cc=91442ADD
1179085312976445440_twitter;HateXplain;this bitch in whataburger eating a burger with no top bun and holding it palm up i hate white bitches;1- this, 2- bitch, 3- in, 4- whataburger, 5- eating, 6- a, 7- burger, 8- with, 9- no, 10- top, 11- bun, 12- and, 13- holding, 14- it, 15- palm, 16- up, 17- i, 18- hate, 19- white, 20- bitches;hatespeech targeting Women;https://app.prolific.co/submissions/complete?cc=91442ADD
13297248_gab;HateXplain;<number> in <number> college attending women is raped but <number> in <number> hollywood actresses are raped by harvey weinstein alone;1- <number>, 2- in, 3- <number>, 4- college, 5- attending, 6- women, 7- is, 8- raped, 9- but, 10- <number>, 11- in, 12- <number>, 13- hollywood, 14- actresses, 15- are, 16- raped, 17- by, 18- harvey, 19- weinstein, 20- alone;offensive targeting Women;https://app.prolific.co/submissions/complete?cc=91442ADD
1178789180752744450_twitter;HateXplain;who the fuck you faggots think you are;1- who, 2- the, 3- fuck, 4- you, 5- faggots, 6- think, 7- you, 8- are;hatespeech targeting Homosexual;https://app.prolific.co/submissions/complete?cc=91442ADD
17016310_gab;HateXplain;not once have you refuted my arguments you ran from the debate like the faggot you are i stole your dinner money gave you a wedgie and stuffed you in your own locker 🐸;1- not, 2- once, 3- have, 4- you, 5- refuted, 6- my, 7- arguments, 8- you, 9- ran, 10- from, 11- the, 12- debate, 13- like, 14- the, 15- faggot, 16- you, 17- are, 18- i, 19- stole, 20- your, 21- dinner, 22- money, 23- gave, 24- you, 25- a, 26- wedgie, 27- and, 28- stuffed, 29- you, 30- in, 31- your, 32- own, 33- locker, 34- 🐸;offensive targeting Homosexual;https://app.prolific.co/submissions/complete?cc=91442ADD
1090003446831476736_twitter;HateXplain;<user> disgusting evil mooslim will be calling uncle tommy;1- <user>, 2- disgusting, 3- evil, 4- mooslim, 5- will, 6- be, 7- calling, 8- uncle, 9- tommy;offensive targeting Islam;https://app.prolific.co/submissions/complete?cc=91442ADD
13116041_gab;HateXplain;if dhimmi therea sharia may amber rudd y useless will not sort the moslem problem this bunch millions more brits will we will not be visiting mosques to sit down for samosas or posing with qurans footballadsalliance moslemsaretheproblem islamofascism muslim islam sandcoackroaches;1- if, 2- dhimmi, 3- therea, 4- sharia, 5- may, 6- amber, 7- rudd, 8- y, 9- useless, 10- will, 11- not, 12- sort, 13- the, 14- moslem, 15- problem, 16- this, 17- bunch, 18- millions, 19- more, 20- brits, 21- will, 22- we, 23- will, 24- not, 25- be, 26- visiting, 27- mosques, 28- to, 29- sit, 30- down, 31- for, 32- samosas, 33- or, 34- posing, 35- with, 36- qurans, 37- footballadsalliance, 38- moslemsaretheproblem, 39- islamofascism, 40- muslim, 41- islam, 42- sandcoackroaches;hatespeech targeting Islam;https://app.prolific.co/submissions/complete?cc=91442ADD
1162673479348563968_twitter;HateXplain;hell will freeze over before arabs arrive on time;1- hell, 2- will, 3- freeze, 4- over, 5- before, 6- arabs, 7- arrive, 8- on, 9- time;offensive targeting Arab;https://app.prolific.co/submissions/complete?cc=91442ADD
13232813_gab;HateXplain;good thing too or the place would have more sand niggers than the fucking sahara;1- good, 2- thing, 3- too, 4- or, 5- the, 6- place, 7- would, 8- have, 9- more, 10- sand, 11- niggers, 12- than, 13- the, 14- fucking, 15- sahara;hatespeech targeting Arab;https://app.prolific.co/submissions/complete?cc=91442ADD
1082057438554218497_twitter;HateXplain;<user> “ alexa what is the emoji for dense retard ”;1- <user>, 2- “, 3- alexa, 4- what, 5- is, 6- the, 7- emoji, 8- for, 9- dense, 10- retard, 11- ”;offensive targeting Other;https://app.prolific.co/submissions/complete?cc=91442ADD
13364649_gab;HateXplain;you misunderstood you were going on about calling the cops on people and i suggested something equally as retarded;1- you, 2- misunderstood, 3- you, 4- were, 5- going, 6- on, 7- about, 8- calling, 9- the, 10- cops, 11- on, 12- people, 13- and, 14- i, 15- suggested, 16- something, 17- equally, 18- as, 19- retarded;offensive targeting Other;https://app.prolific.co/submissions/complete?cc=91442ADD
1076969114462232576_twitter;HateXplain;<user> we need it illegal immigrants are going to make this country much more dirtier like tucker said i ’ ve seen it in my hometown;1- <user>, 2- we, 3- need, 4- it, 5- illegal, 6- immigrants, 7- are, 8- going, 9- to, 10- make, 11- this, 12- country, 13- much, 14- more, 15- dirtier, 16- like, 17- tucker, 18- said, 19- i, 20- ’, 21- ve, 22- seen, 23- it, 24- in, 25- my, 26- hometown;offensive targeting Refugee;https://app.prolific.co/submissions/complete?cc=91442ADD
13380605_gab;HateXplain;eurocucks love to watch their wives get raped by migrants;1- eurocucks, 2- love, 3- to, 4- watch, 5- their, 6- wives, 7- get, 8- raped, 9- by, 10- migrants;hatespeech targeting Refugee;https://app.prolific.co/submissions/complete?cc=91442ADD
1177935479766863872_twitter;HateXplain;<user> <user> chinaman satanist lee hsien loong criminals keep having audible chatter in <number> <number> wellington circle singapore ho ching is having suicidal tendencies;1- <user>, 2- <user>, 3- chinaman, 4- satanist, 5- lee, 6- hsien, 7- loong, 8- criminals, 9- keep, 10- having, 11- audible, 12- chatter, 13- in, 14- <number>, 15- <number>, 16- wellington, 17- circle, 18- singapore, 19- ho, 20- ching, 21- is, 22- having, 23- suicidal, 24- tendencies;offensive targeting Asian;https://app.prolific.co/submissions/complete?cc=91442ADD
15826491_gab;HateXplain;i always thought that nailing chicks age <number> when you are in early 3 0 is like an accomplishment minus the gook part but not casting aspersions;1- i, 2- always, 3- thought, 4- that, 5- nailing, 6- chicks, 7- age, 8- <number>, 9- when, 10- you, 11- are, 12- in, 13- early, 14- 3, 15- 0, 16- is, 17- like, 18- an, 19- accomplishment, 20- minus, 21- the, 22- gook, 23- part, 24- but, 25- not, 26- casting, 27- aspersions;hatespeech targeting Asian;https://app.prolific.co/submissions/complete?cc=91442ADD
attention_55;attention check sentences (HateXplain targeting);whats that smell it smells likeold people;1- whats, 2- that, 3- smell, 4- it, 5- smells, 6- likeold, 7- people;offensive;https://app.prolific.co/submissions/complete?cc=91442ADD