"ID";"dataset";"text";"tokens";"label";"redirectUrl"
"17019418_gab";"HateXplain";"the jews want to use the muslims as an army to wipeout us and then they will wipe out most of the muslims";"1- the, 2- jews, 3- want, 4- to, 5- use, 6- the, 7- muslims, 8- as, 9- an, 10- army, 11- to, 12- wipeout, 13- us, 14- and, 15- then, 16- they, 17- will, 18- wipe, 19- out, 20- most, 21- of, 22- the, 23- muslims";"hatespeech targeting Islam";"https://app.prolific.co/submissions/complete?cc=91442ADD"
"1225612446406266880_twitter";"HateXplain";"<user> that the retarded democrats for you";"1- <user>, 2- that, 3- the, 4- retarded, 5- democrats, 6- for, 7- you";"offensive targeting Other";"https://app.prolific.co/submissions/complete?cc=91442ADD"
"19200639_gab";"HateXplain";"brando daughter cheyenne lived a short life of tragedy and pain buried deep in hollywood print media in places we can no longer dig up she alleged he systematically raped her she alleged he systematically raped her";"1- brando, 2- daughter, 3- cheyenne, 4- lived, 5- a, 6- short, 7- life, 8- of, 9- tragedy, 10- and, 11- pain, 12- buried, 13- deep, 14- in, 15- hollywood, 16- print, 17- media, 18- in, 19- places, 20- we, 21- can, 22- no, 23- longer, 24- dig, 25- up, 26- she, 27- alleged, 28- he, 29- systematically, 30- raped, 31- her, 32- she, 33- alleged, 34- he, 35- systematically, 36- raped, 37- her";"offensive targeting Other";"https://app.prolific.co/submissions/complete?cc=91442ADD"
"1255332319860346881_twitter";"HateXplain";"<user> stupid nigger kill yourself";"1- <user>, 2- stupid, 3- nigger, 4- kill, 5- yourself";"hatespeech targeting African";"https://app.prolific.co/submissions/complete?cc=91442ADD"
"14602251_gab";"HateXplain";"that is because asians and whites are prejudiced and do not being laying up with ghetto rats well i am okay you are okay whitish liberal trust fund babies do not count";"1- that, 2- is, 3- because, 4- asians, 5- and, 6- whites, 7- are, 8- prejudiced, 9- and, 10- do, 11- not, 12- being, 13- laying, 14- up, 15- with, 16- ghetto, 17- rats, 18- well, 19- i, 20- am, 21- okay, 22- you, 23- are, 24- okay, 25- whitish, 26- liberal, 27- trust, 28- fund, 29- babies, 30- do, 31- not, 32- count";"offensive targeting African";"https://app.prolific.co/submissions/complete?cc=91442ADD"
"1111263476218056706_twitter";"HateXplain";"i ’ m so sick of all white parties";"1- i, 2- ’, 3- m, 4- so, 5- sick, 6- of, 7- all, 8- white, 9- parties";"offensive targeting Caucasian";"https://app.prolific.co/submissions/complete?cc=91442ADD"
"22276141_gab";"HateXplain";"why do their women always dress for halloween are they really that ugly";"1- why, 2- do, 3- their, 4- women, 5- always, 6- dress, 7- for, 8- halloween, 9- are, 10- they, 11- really, 12- that, 13- ugly";"offensive targeting Women";"https://app.prolific.co/submissions/complete?cc=91442ADD"
"1272988351612588032_twitter";"HateXplain";"<user> <user> modi always a hero who successfully killed muslims ✌ 🏻";"1- <user>, 2- <user>, 3- modi, 4- always, 5- a, 6- hero, 7- who, 8- successfully, 9- killed, 10- muslims, 11- ✌, 12- 🏻";"hatespeech targeting Islam";"https://app.prolific.co/submissions/complete?cc=91442ADD"
"17033996_gab";"HateXplain";"islam and the nazi best friend";"1- islam, 2- and, 3- the, 4- nazi, 5- best, 6- friend";"offensive targeting Islam";"https://app.prolific.co/submissions/complete?cc=91442ADD"
"1226390967969865728_twitter";"HateXplain";"<user> i didn ’ t stutter either survive out of your ghetto mentality first";"1- <user>, 2- i, 3- didn, 4- ’, 5- t, 6- stutter, 7- either, 8- survive, 9- out, 10- of, 11- your, 12- ghetto, 13- mentality, 14- first";"offensive targeting Other";"https://app.prolific.co/submissions/complete?cc=91442ADD"
"19317831_gab";"HateXplain";"justin trudeau is a deeply retarded asshole canada is fucked with this idiot in charge";"1- justin, 2- trudeau, 3- is, 4- a, 5- deeply, 6- retarded, 7- asshole, 8- canada, 9- is, 10- fucked, 11- with, 12- this, 13- idiot, 14- in, 15- charge";"offensive targeting Other";"https://app.prolific.co/submissions/complete?cc=91442ADD"
"1257145287170306051_twitter";"HateXplain";"bitches be with african niggas talkin about “ with papi 🥰 ” nah bitch you with baba 😫 😭";"1- bitches, 2- be, 3- with, 4- african, 5- niggas, 6- talkin, 7- about, 8- “, 9- with, 10- papi, 11- 🥰, 12- ”, 13- nah, 14- bitch, 15- you, 16- with, 17- baba, 18- 😫, 19- 😭";"offensive targeting African";"https://app.prolific.co/submissions/complete?cc=91442ADD"
"14714558_gab";"HateXplain";"blacks whites and asians are all different species what we are doing combining these species and producing so many different hybrid species is going against god plan for order";"1- blacks, 2- whites, 3- and, 4- asians, 5- are, 6- all, 7- different, 8- species, 9- what, 10- we, 11- are, 12- doing, 13- combining, 14- these, 15- species, 16- and, 17- producing, 18- so, 19- many, 20- different, 21- hybrid, 22- species, 23- is, 24- going, 25- against, 26- god, 27- plan, 28- for, 29- order";"hatespeech targeting African";"https://app.prolific.co/submissions/complete?cc=91442ADD"
"1112711240881586176_twitter";"HateXplain";"<user> i don ’ t take self help or career advice from white men or most white women most are too blind to poorer dynamics";"1- <user>, 2- i, 3- don, 4- ’, 5- t, 6- take, 7- self, 8- help, 9- or, 10- career, 11- advice, 12- from, 13- white, 14- men, 15- or, 16- most, 17- white, 18- women, 19- most, 20- are, 21- too, 22- blind, 23- to, 24- poorer, 25- dynamics";"offensive targeting Caucasian";"https://app.prolific.co/submissions/complete?cc=91442ADD"
"22584131_gab";"HateXplain";"beta orbiter literally just saying i do not believe you are a female and that makes someone a beta orbiter jesus you are retarded i actually take it back you must be a woman to be this stupid";"1- beta, 2- orbiter, 3- literally, 4- just, 5- saying, 6- i, 7- do, 8- not, 9- believe, 10- you, 11- are, 12- a, 13- female, 14- and, 15- that, 16- makes, 17- someone, 18- a, 19- beta, 20- orbiter, 21- jesus, 22- you, 23- are, 24- retarded, 25- i, 26- actually, 27- take, 28- it, 29- back, 30- you, 31- must, 32- be, 33- a, 34- woman, 35- to, 36- be, 37- this, 38- stupid";"offensive targeting Women";"https://app.prolific.co/submissions/complete?cc=91442ADD"
"1273342423431884800_twitter";"HateXplain";"watch muslim twitter say shit like voice notes are haram if ur a woman";"1- watch, 2- muslim, 3- twitter, 4- say, 5- shit, 6- like, 7- voice, 8- notes, 9- are, 10- haram, 11- if, 12- ur, 13- a, 14- woman";"offensive targeting Islam";"https://app.prolific.co/submissions/complete?cc=91442ADD"
"17034621_gab";"HateXplain";"i am very happy that wtp have a voice in the wh now muslim refugees w no skills will be welfare babies forever and a day we are <number> trillion in debt by the gop bush family and another <number> trillion by the dem obama family <number> the other";"1- i, 2- am, 3- very, 4- happy, 5- that, 6- wtp, 7- have, 8- a, 9- voice, 10- in, 11- the, 12- wh, 13- now, 14- muslim, 15- refugees, 16- w, 17- no, 18- skills, 19- will, 20- be, 21- welfare, 22- babies, 23- forever, 24- and, 25- a, 26- day, 27- we, 28- are, 29- <number>, 30- trillion, 31- in, 32- debt, 33- by, 34- the, 35- gop, 36- bush, 37- family, 38- and, 39- another, 40- <number>, 41- trillion, 42- by, 43- the, 44- dem, 45- obama, 46- family, 47- <number>, 48- the, 49- other";"offensive targeting Islam";"https://app.prolific.co/submissions/complete?cc=91442ADD"
"1228786699892817921_twitter";"HateXplain";"oh my god i fucking hate mardi gras traffic why the fuck do some many snowboomers think they ’ re entitled to the entirety of my fucking city";"1- oh, 2- my, 3- god, 4- i, 5- fucking, 6- hate, 7- mardi, 8- gras, 9- traffic, 10- why, 11- the, 12- fuck, 13- do, 14- some, 15- many, 16- snowboomers, 17- think, 18- they, 19- ’, 20- re, 21- entitled, 22- to, 23- the, 24- entirety, 25- of, 26- my, 27- fucking, 28- city";"offensive targeting Other";"https://app.prolific.co/submissions/complete?cc=91442ADD"
"19590995_gab";"HateXplain";"<number> yes retarded and ugly really lowers the numbers i got a <number> but i am sure i do not have your negative attributes";"1- <number>, 2- yes, 3- retarded, 4- and, 5- ugly, 6- really, 7- lowers, 8- the, 9- numbers, 10- i, 11- got, 12- a, 13- <number>, 14- but, 15- i, 16- am, 17- sure, 18- i, 19- do, 20- not, 21- have, 22- your, 23- negative, 24- attributes";"offensive targeting Other";"https://app.prolific.co/submissions/complete?cc=91442ADD"
"1121601667999440901_twitter";"HateXplain";"that shit was not relevant at all white people lame";"1- that, 2- shit, 3- was, 4- not, 5- relevant, 6- at, 7- all, 8- white, 9- people, 10- lame";"offensive targeting Caucasian";"https://app.prolific.co/submissions/complete?cc=91442ADD"
"22604550_gab";"HateXplain";"gang raped apparently and it was almost at the end of her world peace tour perfect timing one might say";"1- gang, 2- raped, 3- apparently, 4- and, 5- it, 6- was, 7- almost, 8- at, 9- the, 10- end, 11- of, 12- her, 13- world, 14- peace, 15- tour, 16- perfect, 17- timing, 18- one, 19- might, 20- say";"offensive targeting Women";"https://app.prolific.co/submissions/complete?cc=91442ADD"
"1273356661839798273_twitter";"HateXplain";"<user> muslims just simply should not be in the world";"1- <user>, 2- muslims, 3- just, 4- simply, 5- should, 6- not, 7- be, 8- in, 9- the, 10- world";"hatespeech targeting Islam";"https://app.prolific.co/submissions/complete?cc=91442ADD"
"17081882_gab";"HateXplain";"why not a safety area for our muslim friends and their jewish enablers";"1- why, 2- not, 3- a, 4- safety, 5- area, 6- for, 7- our, 8- muslim, 9- friends, 10- and, 11- their, 12- jewish, 13- enablers";"offensive targeting Islam";"https://app.prolific.co/submissions/complete?cc=91442ADD"
"1228919034348998656_twitter";"HateXplain";"<user> <user> needs there anymore don ’ t retarded there i fixed your ridiculous tweet for you";"1- <user>, 2- <user>, 3- needs, 4- there, 5- anymore, 6- don, 7- ’, 8- t, 9- retarded, 10- there, 11- i, 12- fixed, 13- your, 14- ridiculous, 15- tweet, 16- for, 17- you";"offensive targeting Other";"https://app.prolific.co/submissions/complete?cc=91442ADD"
"19711039_gab";"HateXplain";"the iq map shows the average iq in cuba is about <number> so at best idiot bot trudeau has an iq of maybe <number> only slightly mildly retarded it shows in his statements actions";"1- the, 2- iq, 3- map, 4- shows, 5- the, 6- average, 7- iq, 8- in, 9- cuba, 10- is, 11- about, 12- <number>, 13- so, 14- at, 15- best, 16- idiot, 17- bot, 18- trudeau, 19- has, 20- an, 21- iq, 22- of, 23- maybe, 24- <number>, 25- only, 26- slightly, 27- mildly, 28- retarded, 29- it, 30- shows, 31- in, 32- his, 33- statements, 34- actions";"offensive targeting Other";"https://app.prolific.co/submissions/complete?cc=91442ADD"
"1125142965003927554_twitter";"HateXplain";"my manager is a white boy who thinks he ’ ghetto lmao";"1- my, 2- manager, 3- is, 4- a, 5- white, 6- boy, 7- who, 8- thinks, 9- he, 10- ’, 11- ghetto, 12- lmao";"offensive targeting Caucasian";"https://app.prolific.co/submissions/complete?cc=91442ADD"
"22817338_gab";"HateXplain";"to the women at fox news who stabbed roger ailes and bill o in order to get money you are example of why men no longer trust women women who care more about money than their husbands or family or their employers who gave them their jobs and opportunity";"1- to, 2- the, 3- women, 4- at, 5- fox, 6- news, 7- who, 8- stabbed, 9- roger, 10- ailes, 11- and, 12- bill, 13- o, 14- in, 15- order, 16- to, 17- get, 18- money, 19- you, 20- are, 21- example, 22- of, 23- why, 24- men, 25- no, 26- longer, 27- trust, 28- women, 29- women, 30- who, 31- care, 32- more, 33- about, 34- money, 35- than, 36- their, 37- husbands, 38- or, 39- family, 40- or, 41- their, 42- employers, 43- who, 44- gave, 45- them, 46- their, 47- jobs, 48- and, 49- opportunity";"offensive targeting Women";"https://app.prolific.co/submissions/complete?cc=91442ADD"
"1231804803614830592_twitter";"HateXplain";"4 chan is retarded and so are you";"1- 4, 2- chan, 3- is, 4- retarded, 5- and, 6- so, 7- are, 8- you";"offensive targeting Other";"https://app.prolific.co/submissions/complete?cc=91442ADD"
"20005793_gab";"HateXplain";"i thought russian bots have no impact on elections people are smarter than that then i read these retarded qanon posts on gab and changed my mind";"1- i, 2- thought, 3- russian, 4- bots, 5- have, 6- no, 7- impact, 8- on, 9- elections, 10- people, 11- are, 12- smarter, 13- than, 14- that, 15- then, 16- i, 17- read, 18- these, 19- retarded, 20- qanon, 21- posts, 22- on, 23- gab, 24- and, 25- changed, 26- my, 27- mind";"offensive targeting Other";"https://app.prolific.co/submissions/complete?cc=91442ADD"
"attention_16";"attention check sentences (HateXplain targeting)";"oh these indians you find them everywhere you go my doctor is indian so is this taxi driver";"1- oh, 2- these, 3- indians, 4- you, 5- find, 6- them, 7- everywhere, 8- you, 9- go, 10- my, 11- doctor, 12- is, 13- indian, 14- so, 15- is, 16- this, 17- taxi, 18- driver";"offensive";"https://app.prolific.co/submissions/complete?cc=91442ADD"