"ID";"dataset";"text";"tokens";"label";"redirectUrl"
"17220078_gab";"HateXplain";"i think you are dreaming to an extent you are right but we have only dealt with a tiny minority of asians to date do not forget what the chinese did to their own people in the mao cultural revolution mainland chinese are a rapacious materialistic people that only respect money";"1- i, 2- think, 3- you, 4- are, 5- dreaming, 6- to, 7- an, 8- extent, 9- you, 10- are, 11- right, 12- but, 13- we, 14- have, 15- only, 16- dealt, 17- with, 18- a, 19- tiny, 20- minority, 21- of, 22- asians, 23- to, 24- date, 25- do, 26- not, 27- forget, 28- what, 29- the, 30- chinese, 31- did, 32- to, 33- their, 34- own, 35- people, 36- in, 37- the, 38- mao, 39- cultural, 40- revolution, 41- mainland, 42- chinese, 43- are, 44- a, 45- rapacious, 46- materialistic, 47- people, 48- that, 49- only, 50- respect, 51- money";"offensive targeting Asian";"https://app.prolific.co/submissions/complete?cc=91442ADD"
"1178926045044457472_twitter";"HateXplain";"stumptown is a shit show the writers are retarded the story is boring it is a total waste of its fantastic cast";"1- stumptown, 2- is, 3- a, 4- shit, 5- show, 6- the, 7- writers, 8- are, 9- retarded, 10- the, 11- story, 12- is, 13- boring, 14- it, 15- is, 16- a, 17- total, 18- waste, 19- of, 20- its, 21- fantastic, 22- cast";"offensive targeting Disability";"https://app.prolific.co/submissions/complete?cc=91442ADD"
"9478132_gab";"HateXplain";"remember how quiet every other pres has been after they left the use obongo because he is a nigger and they think white guilt will work obey obey you were taught in in schools gov and all media obey";"1- remember, 2- how, 3- quiet, 4- every, 5- other, 6- pres, 7- has, 8- been, 9- after, 10- they, 11- left, 12- the, 13- use, 14- obongo, 15- because, 16- he, 17- is, 18- a, 19- nigger, 20- and, 21- they, 22- think, 23- white, 24- guilt, 25- will, 26- work, 27- obey, 28- obey, 29- you, 30- were, 31- taught, 32- in, 33- in, 34- schools, 35- gov, 36- and, 37- all, 38- media, 39- obey";"offensive targeting African";"https://app.prolific.co/submissions/complete?cc=91442ADD"
"1095835383265480704_twitter";"HateXplain";"<user> what if some nigga threw ur airpods on some bitch";"1- <user>, 2- what, 3- if, 4- some, 5- nigga, 6- threw, 7- ur, 8- airpods, 9- on, 10- some, 11- bitch";"offensive targeting African";"https://app.prolific.co/submissions/complete?cc=91442ADD"
"12737393_gab";"HateXplain";"i do not blame blacks for not feeling any connections with america this country was not meant for them and never will be they would be a lot better off if we send them back to africa";"1- i, 2- do, 3- not, 4- blame, 5- blacks, 6- for, 7- not, 8- feeling, 9- any, 10- connections, 11- with, 12- america, 13- this, 14- country, 15- was, 16- not, 17- meant, 18- for, 19- them, 20- and, 21- never, 22- will, 23- be, 24- they, 25- would, 26- be, 27- a, 28- lot, 29- better, 30- off, 31- if, 32- we, 33- send, 34- them, 35- back, 36- to, 37- africa";"hatespeech targeting African";"https://app.prolific.co/submissions/complete?cc=91442ADD"
"1210998358162255874_twitter";"HateXplain";"i wish the holocaust actually killed <number> million jews that would have been awesome";"1- i, 2- wish, 3- the, 4- holocaust, 5- actually, 6- killed, 7- <number>, 8- million, 9- jews, 10- that, 11- would, 12- have, 13- been, 14- awesome";"hatespeech targeting Jewish";"https://app.prolific.co/submissions/complete?cc=91442ADD"
"13720526_gab";"HateXplain";"problem with jewish holocaust is that what really happened does not live up to expectations no gas chambers no shootings no experiments just starvation and typhus for less than <number> same shit as with every pow in history real events do not live up to hype like almost everything jews promote";"1- problem, 2- with, 3- jewish, 4- holocaust, 5- is, 6- that, 7- what, 8- really, 9- happened, 10- does, 11- not, 12- live, 13- up, 14- to, 15- expectations, 16- no, 17- gas, 18- chambers, 19- no, 20- shootings, 21- no, 22- experiments, 23- just, 24- starvation, 25- and, 26- typhus, 27- for, 28- less, 29- than, 30- <number>, 31- same, 32- shit, 33- as, 34- with, 35- every, 36- pow, 37- in, 38- history, 39- real, 40- events, 41- do, 42- not, 43- live, 44- up, 45- to, 46- hype, 47- like, 48- almost, 49- everything, 50- jews, 51- promote";"offensive targeting Jewish";"https://app.prolific.co/submissions/complete?cc=91442ADD"
"1178759428733952001_twitter";"HateXplain";"i just read an instagram caption that said nothing like a monday morning send with the squad i fucking hate white people";"1- i, 2- just, 3- read, 4- an, 5- instagram, 6- caption, 7- that, 8- said, 9- nothing, 10- like, 11- a, 12- monday, 13- morning, 14- send, 15- with, 16- the, 17- squad, 18- i, 19- fucking, 20- hate, 21- white, 22- people";"hatespeech targeting Caucasian";"https://app.prolific.co/submissions/complete?cc=91442ADD"
"16434890_gab";"HateXplain";"intense white male listening is just as threatening and violent as the white male gaze stop listening at us";"1- intense, 2- white, 3- male, 4- listening, 5- is, 6- just, 7- as, 8- threatening, 9- and, 10- violent, 11- as, 12- the, 13- white, 14- male, 15- gaze, 16- stop, 17- listening, 18- at, 19- us";"offensive targeting Caucasian";"https://app.prolific.co/submissions/complete?cc=91442ADD"
"1104599456941572097_twitter";"HateXplain";"so none of you all hoes want to get that waist snatched hurd it";"1- so, 2- none, 3- of, 4- you, 5- all, 6- hoes, 7- want, 8- to, 9- get, 10- that, 11- waist, 12- snatched, 13- hurd, 14- it";"offensive targeting Women";"https://app.prolific.co/submissions/complete?cc=91442ADD"
"14410299_gab";"HateXplain";"although the term feminist is rightly associated with obese ugly lesbian man hating termagants the term anti feminist is associated with misogyny in reality however the greatest enemies of women have always been the feminists who are generally freaks opposed to biology and female nature";"1- although, 2- the, 3- term, 4- feminist, 5- is, 6- rightly, 7- associated, 8- with, 9- obese, 10- ugly, 11- lesbian, 12- man, 13- hating, 14- termagants, 15- the, 16- term, 17- anti, 18- feminist, 19- is, 20- associated, 21- with, 22- misogyny, 23- in, 24- reality, 25- however, 26- the, 27- greatest, 28- enemies, 29- of, 30- women, 31- have, 32- always, 33- been, 34- the, 35- feminists, 36- who, 37- are, 38- generally, 39- freaks, 40- opposed, 41- to, 42- biology, 43- and, 44- female, 45- nature";"offensive targeting Women";"https://app.prolific.co/submissions/complete?cc=91442ADD"
"1103385226921762816_twitter";"HateXplain";"<user> <user> well she ’ muslim so of course she hates the jews jew hatred is one of the defining feature of islam";"1- <user>, 2- <user>, 3- well, 4- she, 5- ’, 6- muslim, 7- so, 8- of, 9- course, 10- she, 11- hates, 12- the, 13- jews, 14- jew, 15- hatred, 16- is, 17- one, 18- of, 19- the, 20- defining, 21- feature, 22- of, 23- islam";"hatespeech targeting Islam";"https://app.prolific.co/submissions/complete?cc=91442ADD"
"13415003_gab";"HateXplain";"my muslim pal asked me what it was like to be drunk oh you just make a cunt of yourself talk shit and want to fight the world i told him so it just like islam then he replied";"1- my, 2- muslim, 3- pal, 4- asked, 5- me, 6- what, 7- it, 8- was, 9- like, 10- to, 11- be, 12- drunk, 13- oh, 14- you, 15- just, 16- make, 17- a, 18- cunt, 19- of, 20- yourself, 21- talk, 22- shit, 23- and, 24- want, 25- to, 26- fight, 27- the, 28- world, 29- i, 30- told, 31- him, 32- so, 33- it, 34- just, 35- like, 36- islam, 37- then, 38- he, 39- replied";"hatespeech targeting Islam";"https://app.prolific.co/submissions/complete?cc=91442ADD"
"1213753110587310080_twitter";"HateXplain";"<user> this people are jihadi";"1- <user>, 2- this, 3- people, 4- are, 5- jihadi";"offensive targeting Arab";"https://app.prolific.co/submissions/complete?cc=91442ADD"
"14560961_gab";"HateXplain";"and a cucked sand nigger no less";"1- and, 2- a, 3- cucked, 4- sand, 5- nigger, 6- no, 7- less";"hatespeech targeting Arab";"https://app.prolific.co/submissions/complete?cc=91442ADD"
"1103932550026735618_twitter";"HateXplain";"<user> remember when her dad hung out with a ukrainian neo nazi or when he called his captors gooks";"1- <user>, 2- remember, 3- when, 4- her, 5- dad, 6- hung, 7- out, 8- with, 9- a, 10- ukrainian, 11- neo, 12- nazi, 13- or, 14- when, 15- he, 16- called, 17- his, 18- captors, 19- gooks";"offensive targeting Other";"https://app.prolific.co/submissions/complete?cc=91442ADD"
"14007631_gab";"HateXplain";"blind squirrel uses retarded logic it was already retarded";"1- blind, 2- squirrel, 3- uses, 4- retarded, 5- logic, 6- it, 7- was, 8- already, 9- retarded";"offensive targeting Other";"https://app.prolific.co/submissions/complete?cc=91442ADD"
"1080402504586854400_twitter";"HateXplain";"<user> famous for killing an immigrant";"1- <user>, 2- famous, 3- for, 4- killing, 5- an, 6- immigrant";"offensive targeting Refugee";"https://app.prolific.co/submissions/complete?cc=91442ADD"
"15223108_gab";"HateXplain";"i think removing all recent immigrants from the us will be a very good start to solving those issues deporting all illegal and end all future immigration we are long past a frontier nation there is <number> need for any more";"1- i, 2- think, 3- removing, 4- all, 5- recent, 6- immigrants, 7- from, 8- the, 9- us, 10- will, 11- be, 12- a, 13- very, 14- good, 15- start, 16- to, 17- solving, 18- those, 19- issues, 20- deporting, 21- all, 22- illegal, 23- and, 24- end, 25- all, 26- future, 27- immigration, 28- we, 29- are, 30- long, 31- past, 32- a, 33- frontier, 34- nation, 35- there, 36- is, 37- <number>, 38- need, 39- for, 40- any, 41- more";"hatespeech targeting Refugee";"https://app.prolific.co/submissions/complete?cc=91442ADD"
"1179052128280690691_twitter";"HateXplain";"<user> nice ching chong hat";"1- <user>, 2- nice, 3- ching, 4- chong, 5- hat";"hatespeech targeting Asian";"https://app.prolific.co/submissions/complete?cc=91442ADD"
"17330056_gab";"HateXplain";"how dafuk a ching chong gone deliver mah food wit all dis snow out heah shiet nigga best brang mah food";"1- how, 2- dafuk, 3- a, 4- ching, 5- chong, 6- gone, 7- deliver, 8- mah, 9- food, 10- wit, 11- all, 12- dis, 13- snow, 14- out, 15- heah, 16- shiet, 17- nigga, 18- best, 19- brang, 20- mah, 21- food";"offensive targeting Asian";"https://app.prolific.co/submissions/complete?cc=91442ADD"
"1178755833359994893_twitter";"HateXplain";"most white people are retarded";"1- most, 2- white, 3- people, 4- are, 5- retarded";"offensive targeting Disability";"https://app.prolific.co/submissions/complete?cc=91442ADD"
"15730084_gab";"HateXplain";"nice idea but i doubt it as my jewish gf back in hs used to say a jew is just a nigger turned inside out neither can ever be satisfied if you give a jew your teeth he will want your eyes too";"1- nice, 2- idea, 3- but, 4- i, 5- doubt, 6- it, 7- as, 8- my, 9- jewish, 10- gf, 11- back, 12- in, 13- hs, 14- used, 15- to, 16- say, 17- a, 18- jew, 19- is, 20- just, 21- a, 22- nigger, 23- turned, 24- inside, 25- out, 26- neither, 27- can, 28- ever, 29- be, 30- satisfied, 31- if, 32- you, 33- give, 34- a, 35- jew, 36- your, 37- teeth, 38- he, 39- will, 40- want, 41- your, 42- eyes, 43- too";"hatespeech targeting African";"https://app.prolific.co/submissions/complete?cc=91442ADD"
"1096706351470915585_twitter";"HateXplain";"danai gurira the world does not revolve around the u.s. ados folks how dare she these black immigrants hate us";"1- danai, 2- gurira, 3- the, 4- world, 5- does, 6- not, 7- revolve, 8- around, 9- the, 10- u.s., 11- ados, 12- folks, 13- how, 14- dare, 15- she, 16- these, 17- black, 18- immigrants, 19- hate, 20- us";"offensive targeting African";"https://app.prolific.co/submissions/complete?cc=91442ADD"
"12796430_gab";"HateXplain";"the heart of blm protest types are nerdy blacks who do not really fit into black or white groups perfectly mad in some sense that they were born in a black body mad that they do not really gel with ghetto blacks either";"1- the, 2- heart, 3- of, 4- blm, 5- protest, 6- types, 7- are, 8- nerdy, 9- blacks, 10- who, 11- do, 12- not, 13- really, 14- fit, 15- into, 16- black, 17- or, 18- white, 19- groups, 20- perfectly, 21- mad, 22- in, 23- some, 24- sense, 25- that, 26- they, 27- were, 28- born, 29- in, 30- a, 31- black, 32- body, 33- mad, 34- that, 35- they, 36- do, 37- not, 38- really, 39- gel, 40- with, 41- ghetto, 42- blacks, 43- either";"offensive targeting African";"https://app.prolific.co/submissions/complete?cc=91442ADD"
"1214210751109447680_twitter";"HateXplain";"<user> <user> there are literally nazis all over all the time rigjt now throw a rock you hit a nazi";"1- <user>, 2- <user>, 3- there, 4- are, 5- literally, 6- nazis, 7- all, 8- over, 9- all, 10- the, 11- time, 12- rigjt, 13- now, 14- throw, 15- a, 16- rock, 17- you, 18- hit, 19- a, 20- nazi";"offensive targeting Jewish";"https://app.prolific.co/submissions/complete?cc=91442ADD"
"13728564_gab";"HateXplain";"all these jews trying to dox <user> on crimes that he been accused of these same jews have not said a whole lot about the crimes against women perpetrated by the left";"1- all, 2- these, 3- jews, 4- trying, 5- to, 6- dox, 7- <user>, 8- on, 9- crimes, 10- that, 11- he, 12- been, 13- accused, 14- of, 15- these, 16- same, 17- jews, 18- have, 19- not, 20- said, 21- a, 22- whole, 23- lot, 24- about, 25- the, 26- crimes, 27- against, 28- women, 29- perpetrated, 30- by, 31- the, 32- left";"offensive targeting Jewish";"https://app.prolific.co/submissions/complete?cc=91442ADD"
"1178992202342494208_twitter";"HateXplain";"you dumbass redneck";"1- you, 2- dumbass, 3- redneck";"offensive targeting Caucasian";"https://app.prolific.co/submissions/complete?cc=91442ADD"
"16520172_gab";"HateXplain";"most whites adapt pretty easy to being a minority as long as the new majority are not violent idiots like blacks whites flee becoming a minority to blacks but they just accept becoming minorities to asians and hispanics";"1- most, 2- whites, 3- adapt, 4- pretty, 5- easy, 6- to, 7- being, 8- a, 9- minority, 10- as, 11- long, 12- as, 13- the, 14- new, 15- majority, 16- are, 17- not, 18- violent, 19- idiots, 20- like, 21- blacks, 22- whites, 23- flee, 24- becoming, 25- a, 26- minority, 27- to, 28- blacks, 29- but, 30- they, 31- just, 32- accept, 33- becoming, 34- minorities, 35- to, 36- asians, 37- and, 38- hispanics";"offensive targeting Caucasian";"https://app.prolific.co/submissions/complete?cc=91442ADD"
"attention_20";"attention check sentences (HateXplain targeting)";"my country philippines is kickass so back off you damn spanard";"1- my, 2- country, 3- philippines, 4- is, 5- kickass, 6- so, 7- back, 8- off, 9- you, 10- damn, 11- spanard";"offensive";"https://app.prolific.co/submissions/complete?cc=91442ADD"