ID;dataset;text;tokens;label;redirectUrl
19096665_gab;HateXplain;my next apt is taking forever on the background check my imagination so about your secret racist posting career what exactly did you mean in <date> by gelatinous sheboon theatrics;1- my, 2- next, 3- apt, 4- is, 5- taking, 6- forever, 7- on, 8- the, 9- background, 10- check, 11- my, 12- imagination, 13- so, 14- about, 15- your, 16- secret, 17- racist, 18- posting, 19- career, 20- what, 21- exactly, 22- did, 23- you, 24- mean, 25- in, 26- <date>, 27- by, 28- gelatinous, 29- sheboon, 30- theatrics;hatespeech targeting Women;https://app.prolific.co/submissions/complete?cc=91442ADD
1082827818948382720_twitter;HateXplain;you aint getting no bag from me better find captain save a hoe;1- you, 2- aint, 3- getting, 4- no, 5- bag, 6- from, 7- me, 8- better, 9- find, 10- captain, 11- save, 12- a, 13- hoe;offensive targeting Women;https://app.prolific.co/submissions/complete?cc=91442ADD
27078787_gab;HateXplain;lmfao are you actually this goofy i get the feeling you are either a nigger or a female i am going to have to throw in a noogie;1- lmfao, 2- are, 3- you, 4- actually, 5- this, 6- goofy, 7- i, 8- get, 9- the, 10- feeling, 11- you, 12- are, 13- either, 14- a, 15- nigger, 16- or, 17- a, 18- female, 19- i, 20- am, 21- going, 22- to, 23- have, 24- to, 25- throw, 26- in, 27- a, 28- noogie;hatespeech targeting Women;https://app.prolific.co/submissions/complete?cc=91442ADD
1179009703503945729_twitter;HateXplain;that bitch should have burned down;1- that, 2- bitch, 3- should, 4- have, 5- burned, 6- down;offensive targeting Women;https://app.prolific.co/submissions/complete?cc=91442ADD
16891858_gab;HateXplain;lol you are stupid even for a dumb bitch i am an american nationalist not a german national socialist but if you wish to refer to me by the same term that sjws use that fine you nigger loving sjw;1- lol, 2- you, 3- are, 4- stupid, 5- even, 6- for, 7- a, 8- dumb, 9- bitch, 10- i, 11- am, 12- an, 13- american, 14- nationalist, 15- not, 16- a, 17- german, 18- national, 19- socialist, 20- but, 21- if, 22- you, 23- wish, 24- to, 25- refer, 26- to, 27- me, 28- by, 29- the, 30- same, 31- term, 32- that, 33- sjws, 34- use, 35- that, 36- fine, 37- you, 38- nigger, 39- loving, 40- sjw;hatespeech targeting Women;https://app.prolific.co/submissions/complete?cc=91442ADD
1178517325420679168_twitter;HateXplain;you was supposed to be my bestfriend like yanno someone i could vent to spend time with share secrets with type shit someone i can call on and they be there when i need em but bitch you only hmu for one thang fuck youu 🖕 🏽 fuckin faggot;1- you, 2- was, 3- supposed, 4- to, 5- be, 6- my, 7- bestfriend, 8- like, 9- yanno, 10- someone, 11- i, 12- could, 13- vent, 14- to, 15- spend, 16- time, 17- with, 18- share, 19- secrets, 20- with, 21- type, 22- shit, 23- someone, 24- i, 25- can, 26- call, 27- on, 28- and, 29- they, 30- be, 31- there, 32- when, 33- i, 34- need, 35- em, 36- but, 37- bitch, 38- you, 39- only, 40- hmu, 41- for, 42- one, 43- thang, 44- fuck, 45- youu, 46- 🖕, 47- 🏽, 48- fuckin, 49- faggot;hatespeech targeting Women;https://app.prolific.co/submissions/complete?cc=91442ADD
15473637_gab;HateXplain;democrats from minnesota leftist muzzie shithole are the dumbest anti americans there are klobuchar one of the reps is a dumb bitch who has a moronic position on the tax bill fuck this stupid woman;1- democrats, 2- from, 3- minnesota, 4- leftist, 5- muzzie, 6- shithole, 7- are, 8- the, 9- dumbest, 10- anti, 11- americans, 12- there, 13- are, 14- klobuchar, 15- one, 16- of, 17- the, 18- reps, 19- is, 20- a, 21- dumb, 22- bitch, 23- who, 24- has, 25- a, 26- moronic, 27- position, 28- on, 29- the, 30- tax, 31- bill, 32- fuck, 33- this, 34- stupid, 35- woman;hatespeech targeting Women;https://app.prolific.co/submissions/complete?cc=91442ADD
1106193539954868227_twitter;HateXplain;can not trust these bitches they scandalous;1- can, 2- not, 3- trust, 4- these, 5- bitches, 6- they, 7- scandalous;offensive targeting Women;https://app.prolific.co/submissions/complete?cc=91442ADD
2867627_gab;HateXplain;politico terminated the contract of that kike bitch julia ioffe early due to her stupid fucking tweet;1- politico, 2- terminated, 3- the, 4- contract, 5- of, 6- that, 7- kike, 8- bitch, 9- julia, 10- ioffe, 11- early, 12- due, 13- to, 14- her, 15- stupid, 16- fucking, 17- tweet;hatespeech targeting Women;https://app.prolific.co/submissions/complete?cc=91442ADD
1178856832074424325_twitter;HateXplain;andy dalton is a fucking bitch disgrace to the name;1- andy, 2- dalton, 3- is, 4- a, 5- fucking, 6- bitch, 7- disgrace, 8- to, 9- the, 10- name;offensive targeting Women;https://app.prolific.co/submissions/complete?cc=91442ADD
17755939_gab;HateXplain;yeah i already knew oprah was a cunt a stink n fat sheboon cunt;1- yeah, 2- i, 3- already, 4- knew, 5- oprah, 6- was, 7- a, 8- cunt, 9- a, 10- stink, 11- n, 12- fat, 13- sheboon, 14- cunt;hatespeech targeting Women;https://app.prolific.co/submissions/complete?cc=91442ADD
1090787488044670977_twitter;HateXplain;having hoes is a sport dominated by females;1- having, 2- hoes, 3- is, 4- a, 5- sport, 6- dominated, 7- by, 8- females;offensive targeting Women;https://app.prolific.co/submissions/complete?cc=91442ADD
25479113_gab;HateXplain;lol only a female nigger could be so dumb;1- lol, 2- only, 3- a, 4- female, 5- nigger, 6- could, 7- be, 8- so, 9- dumb;hatespeech targeting Women;https://app.prolific.co/submissions/complete?cc=91442ADD
1179064127458889728_twitter;HateXplain;really slut cool bitch and followed my boyfriend for what wanna fuck with him;1- really, 2- slut, 3- cool, 4- bitch, 5- and, 6- followed, 7- my, 8- boyfriend, 9- for, 10- what, 11- wanna, 12- fuck, 13- with, 14- him;offensive targeting Women;https://app.prolific.co/submissions/complete?cc=91442ADD
27232945_gab;HateXplain;she can say this because she so ugly not even a moslim would rape her;1- she, 2- can, 3- say, 4- this, 5- because, 6- she, 7- so, 8- ugly, 9- not, 10- even, 11- a, 12- moslim, 13- would, 14- rape, 15- her;hatespeech targeting Women;https://app.prolific.co/submissions/complete?cc=91442ADD
1106221666949042181_twitter;HateXplain;can not trust them hoes that talk too much;1- can, 2- not, 3- trust, 4- them, 5- hoes, 6- that, 7- talk, 8- too, 9- much;offensive targeting Women;https://app.prolific.co/submissions/complete?cc=91442ADD
16909050_gab;HateXplain;someone please explain to this dunce what 3 dpd smuggies are and why i would include one in a quote of him beta orbiting some fat titted nigger loving brown e thot;1- someone, 2- please, 3- explain, 4- to, 5- this, 6- dunce, 7- what, 8- 3, 9- dpd, 10- smuggies, 11- are, 12- and, 13- why, 14- i, 15- would, 16- include, 17- one, 18- in, 19- a, 20- quote, 21- of, 22- him, 23- beta, 24- orbiting, 25- some, 26- fat, 27- titted, 28- nigger, 29- loving, 30- brown, 31- e, 32- thot;hatespeech targeting Women;https://app.prolific.co/submissions/complete?cc=91442ADD
1083545812473442311_twitter;HateXplain;alot yall hoes too burnt out;1- alot, 2- yall, 3- hoes, 4- too, 5- burnt, 6- out;offensive targeting Women;https://app.prolific.co/submissions/complete?cc=91442ADD
17372469_gab;HateXplain;an these nigger biches look like godzilla nasty;1- an, 2- these, 3- nigger, 4- biches, 5- look, 6- like, 7- godzilla, 8- nasty;hatespeech targeting Women;https://app.prolific.co/submissions/complete?cc=91442ADD
1179082009194332160_twitter;HateXplain;sandalphon not allowed to be in any hot attire that selfish bitch god;1- sandalphon, 2- not, 3- allowed, 4- to, 5- be, 6- in, 7- any, 8- hot, 9- attire, 10- that, 11- selfish, 12- bitch, 13- god;offensive targeting Women;https://app.prolific.co/submissions/complete?cc=91442ADD
15977594_gab;HateXplain;this is why we will need a trial period giving them a daily quota of loudly shouting kike nigger immigrant faggot sluts any former dem who fails their quota gets to vote for trump once as a confession of their guilt before their execution for violating anti trumpitism laws;1- this, 2- is, 3- why, 4- we, 5- will, 6- need, 7- a, 8- trial, 9- period, 10- giving, 11- them, 12- a, 13- daily, 14- quota, 15- of, 16- loudly, 17- shouting, 18- kike, 19- nigger, 20- immigrant, 21- faggot, 22- sluts, 23- any, 24- former, 25- dem, 26- who, 27- fails, 28- their, 29- quota, 30- gets, 31- to, 32- vote, 33- for, 34- trump, 35- once, 36- as, 37- a, 38- confession, 39- of, 40- their, 41- guilt, 42- before, 43- their, 44- execution, 45- for, 46- violating, 47- anti, 48- trumpitism, 49- laws;hatespeech targeting Women;https://app.prolific.co/submissions/complete?cc=91442ADD
1090051375109681152_twitter;HateXplain;niggas be acting like bitches bitches be loving these niggas wassup with these bitches 🤕;1- niggas, 2- be, 3- acting, 4- like, 5- bitches, 6- bitches, 7- be, 8- loving, 9- these, 10- niggas, 11- wassup, 12- with, 13- these, 14- bitches, 15- 🤕;offensive targeting Women;https://app.prolific.co/submissions/complete?cc=91442ADD
14288949_gab;HateXplain;another dumb nigger bitch;1- another, 2- dumb, 3- nigger, 4- bitch;hatespeech targeting Women;https://app.prolific.co/submissions/complete?cc=91442ADD
1179029931998756864_twitter;HateXplain;bitch you out of line why you waste my time i am trying to smoke trying to get high see it in my eyes i know she playin both sides that bitch tellin lies;1- bitch, 2- you, 3- out, 4- of, 5- line, 6- why, 7- you, 8- waste, 9- my, 10- time, 11- i, 12- am, 13- trying, 14- to, 15- smoke, 16- trying, 17- to, 18- get, 19- high, 20- see, 21- it, 22- in, 23- my, 24- eyes, 25- i, 26- know, 27- she, 28- playin, 29- both, 30- sides, 31- that, 32- bitch, 33- tellin, 34- lies;offensive targeting Women;https://app.prolific.co/submissions/complete?cc=91442ADD
21596006_gab;HateXplain;yeah and nobody wants to see nigger tits either;1- yeah, 2- and, 3- nobody, 4- wants, 5- to, 6- see, 7- nigger, 8- tits, 9- either;hatespeech targeting Women;https://app.prolific.co/submissions/complete?cc=91442ADD
1187767526647828480_twitter;HateXplain;been solid but all these bitches do is fold ew;1- been, 2- solid, 3- but, 4- all, 5- these, 6- bitches, 7- do, 8- is, 9- fold, 10- ew;offensive targeting Women;https://app.prolific.co/submissions/complete?cc=91442ADD
21849756_gab;HateXplain;you nigger biches ain t ever gonna have straight white girl hair so cut da shit wit da horsehair weaves;1- you, 2- nigger, 3- biches, 4- ain, 5- t, 6- ever, 7- gonna, 8- have, 9- straight, 10- white, 11- girl, 12- hair, 13- so, 14- cut, 15- da, 16- shit, 17- wit, 18- da, 19- horsehair, 20- weaves;hatespeech targeting Women;https://app.prolific.co/submissions/complete?cc=91442ADD
1178150335677960193_twitter;HateXplain;and tomatoes i hate tomatoes this hoe just said fuck my instructions;1- and, 2- tomatoes, 3- i, 4- hate, 5- tomatoes, 6- this, 7- hoe, 8- just, 9- said, 10- fuck, 11- my, 12- instructions;offensive targeting Women;https://app.prolific.co/submissions/complete?cc=91442ADD
18918814_gab;HateXplain;dumb yid cunt but most people know that anyway;1- dumb, 2- yid, 3- cunt, 4- but, 5- most, 6- people, 7- know, 8- that, 9- anyway;hatespeech targeting Women;https://app.prolific.co/submissions/complete?cc=91442ADD
attention_57;attention check sentences (HateXplain targeting);fucking commies;1- fucking, 2- commies;offensive;https://app.prolific.co/submissions/complete?cc=91442ADD