"session_id","participant_id","status","started_datetime","completed_date_time","time_taken","age","num_approvals","num_rejections","prolific_score","reviewed_at_datetime","entered_code","Country of Birth","Current Country of Residence","Employment Status","First Language","Fluent languages","Nationality","Nationality (UK)","Primary Language","Sex","Student Status"
"62573f5a39e09dbd504ffa83","5e23554c114df8614f53cb3e","APPROVED","2022-04-13 21:23:41.719000","2022-04-13 22:04:30.353000","2448.634","38","391","0","100","2022-04-14 11:48:09.851000","91442ADD","United Kingdom","United Kingdom","Not in paid work (e.g. homemaker', 'retired or disabled)","English","English","United Kingdom","England","English","Male","No"
"62573fb52b73ab7f3d81367e","5ec93e392d217842ea6a240a","RETURNED","2022-04-13 21:25:11.427000","","53507.673327","22","95","3","97","","","CONSENT REVOKED","CONSENT REVOKED","CONSENT REVOKED","CONSENT REVOKED","CONSENT REVOKED","CONSENT REVOKED","CONSENT REVOKED","CONSENT REVOKED","CONSENT REVOKED","CONSENT REVOKED"
"62573fced00840cdb2437173","604d1775ee579917b8f4bf17","APPROVED","2022-04-13 21:25:39.920000","2022-04-13 21:42:59.035000","1039.115","32","76","0","100","2022-04-14 11:47:55.375000","91442ADD","United Kingdom","United Kingdom","Part-Time","English","English","United Kingdom","England","English","Female","No"
"62573fda955476bf03daee62","5c9be05a9de0ed0016389a1c","APPROVED","2022-04-13 21:25:52.693000","2022-04-13 21:39:14.024000","801.331","22","33","0","100","2022-04-14 11:47:42.385000","91442ADD","United Kingdom","United Kingdom","Other","English","English","United Kingdom","England","English","Female","Yes"
"62573fe61b4da2371ba3513a","5ee531ca5f4c6f0be142ded4","RETURNED","2022-04-13 21:26:01.758000","","53457.38105","43","326","3","99","","","CONSENT REVOKED","CONSENT REVOKED","CONSENT REVOKED","CONSENT REVOKED","CONSENT REVOKED","CONSENT REVOKED","CONSENT REVOKED","CONSENT REVOKED","CONSENT REVOKED","CONSENT REVOKED"
"62574031b5c2d7bcc6cd41bb","5991980db83f800001a5e38f","APPROVED","2022-04-13 21:27:41.074000","2022-04-13 21:46:16.005000","1114.931","67","271","9","94","2022-04-14 11:47:27.793000","91442ADD","United Kingdom","Ireland","Not in paid work (e.g. homemaker', 'retired or disabled)","English","English","United Kingdom","England","English","Male","No"
"6257403b7759a2a60c8cfb50","5a2c5ea34ed219000159a0bf","RETURNED","2022-04-13 21:27:26.454000","","53372.710009","36","844","2","100","","","CONSENT REVOKED","CONSENT REVOKED","CONSENT REVOKED","CONSENT REVOKED","CONSENT REVOKED","CONSENT REVOKED","CONSENT REVOKED","CONSENT REVOKED","CONSENT REVOKED","CONSENT REVOKED"
"62574091d052f087a8b919f1","5df4c0797caa1e35e0cf78af","APPROVED","2022-04-13 21:28:52.064000","2022-04-13 21:55:39.023000","1606.959","29","238","5","98","2022-04-14 11:47:15.160000","91442ADD","United Kingdom","United Kingdom","Full-Time","English","English","United Kingdom","England","English","Female","No"
"6257409c7dad4c8b8aa27943","5f786bf20168893f2fce38fa@email.prolific.co","APPROVED","2022-04-13 21:29:04.111000","2022-04-13 21:43:40.931000","876.82","33","41","2","95","2022-04-14 11:50:08.611000","91442ADD","United Kingdom","United Kingdom","Not in paid work (e.g. homemaker', 'retired or disabled)","English","English","United Kingdom","England","English","Female","No"
"625740a3f897b5f221d7884a","616989dfe821dda0310ce721","APPROVED","2022-04-13 21:29:12.048000","2022-04-13 21:43:54.474000","882.426","53","76","4","95","2022-04-14 11:46:26.234000","91442ADD","United Kingdom","United Kingdom","Part-Time","English","English","United Kingdom","England","English","Female","No"
"625740f6c3bfd42d87e740a5","60173c3dd4e20d98d894aa6d","APPROVED","2022-04-13 21:30:33.032000","2022-04-13 21:56:58.956000","1585.924","34","105","1","100","2022-04-14 11:46:12.084000","91442ADD","United Kingdom","United Kingdom","Full-Time","English","English","United Kingdom","Scotland","English","Male","No"
"6257416c82610a66f827e3b9","5d8b485caa868c001a4417d5","REJECTED","2022-04-13 21:32:37.601000","2022-04-13 21:46:22.339000","824.738","59","243","1","100","2022-04-14 11:49:28.918000","91442ADD","United Kingdom","United Kingdom","Full-Time","English","English","United Kingdom","England","English","Female","No"
"625742c184899625620cb813","5e0dd8f36f6c6354500b6208","APPROVED","2022-04-13 21:38:27.113000","2022-04-13 21:48:16.807000","589.694","61","340","2","100","2022-04-14 11:45:36.570000","91442ADD","United Kingdom","United Kingdom","DATA EXPIRED","English","English","United Kingdom","Scotland","English","Female","No"
"62580b573a53536695e7f1b1","6141fd37a7eb80ab1d60862a","APPROVED","2022-04-14 11:54:07.582000","2022-04-14 12:04:59.278000","651.696","20","4","0","100","2022-04-14 12:16:52.235000","91442ADD","United Kingdom","United Kingdom","Full-Time","English","English","United Kingdom","England","English","Female","Yes"