session_id,participant_id,status,started_datetime,completed_date_time,time_taken,age,num_approvals,num_rejections,prolific_score,reviewed_at_datetime,entered_code,Country of Birth,Current Country of Residence,Employment Status,First Language,Fluent languages,Nationality,Nationality (UK),Primary Language,Sex,Student Status
6256c34266abeb7010b188f8,613a351ccdd16e7b9ea085f9,APPROVED,2022-04-13 12:34:13.350000,2022-04-13 12:40:45.849000,392.499,24,33,1,96,2022-04-13 15:00:22.722000,91442ADD,United Kingdom,United Kingdom,Part-Time,English,English,United Kingdom,Northern Ireland,English,Female,No
6256c43aedeaed8d7dda14db,610659e2d2015c331933c919,APPROVED,2022-04-13 12:38:32.123000,2022-04-13 12:49:04.219000,632.096,53,197,1,100,2022-04-13 15:00:21.711000,91442ADD,United Kingdom,United Kingdom,Full-Time,English,English,United Kingdom,Scotland,English,Female,No
6256c4618fd0e1d6e7b096d0,5de7baf95d4f97726bc2b11e,APPROVED,2022-04-13 12:39:01.729000,2022-04-13 12:52:11.609000,789.88,34,503,5,99,2022-04-13 15:00:21.053000,91442ADD,United Kingdom,United Kingdom,Full-Time,English,English,United Kingdom,England,English,Female,No
6256c4a2edeaed8d7dda14e4,5db41a3f9ca75a000b71110c,REJECTED,2022-04-13 12:40:07.024000,2022-04-13 12:54:05.740000,838.716,37,267,7,94,2022-04-13 14:57:36.572000,91442ADD,United Kingdom,United Kingdom,"Not in paid work (e.g. homemaker', 'retired or disabled)",English,English,United Kingdom,England,English,Female,No
6256c4fd9882467e19c6bc36,60e771826453c010d62b89b4,APPROVED,2022-04-13 12:41:41.794000,2022-04-13 13:19:00.032000,2238.238,47,136,2,99,2022-04-13 15:00:19.060000,91442ADD,United Kingdom,Ireland,Full-Time,English,"Greek, English",United Kingdom,England,English,Female,No
6256c531b8bb63de53475f09,5e4bf56083dc300479a6b40d,RETURNED,2022-04-13 12:42:27.951000,,30158.471781,23,117,4,94,,,CONSENT REVOKED,CONSENT REVOKED,CONSENT REVOKED,CONSENT REVOKED,CONSENT REVOKED,CONSENT REVOKED,CONSENT REVOKED,CONSENT REVOKED,CONSENT REVOKED,CONSENT REVOKED
6256c5328d6cae13cf6fd950,60fd3dcbeb03070b7de3174f,APPROVED,2022-04-13 12:42:30.235000,2022-04-13 12:52:15.738000,585.503,21,144,0,100,2022-04-13 15:00:17.041000,91442ADD,United Kingdom,United Kingdom,Part-Time,English,English,United Kingdom,England,English,Female,Yes
6256c53985a4021150ab3f4e,5f1a068aa6bd070e38001edc,APPROVED,2022-04-13 12:42:37.748000,2022-04-13 12:54:37.534000,719.786,23,209,0,100,2022-04-13 15:00:16.336000,91442ADD,United Kingdom,United Kingdom,Full-Time,English,English,United Kingdom,England,English,Female,No
6256c53f985147f8325e604b,5c32b371d3bc7f0001f04852,RETURNED,2022-04-13 12:42:43.120000,,30143.474515,37,483,9,97,,,CONSENT REVOKED,CONSENT REVOKED,CONSENT REVOKED,CONSENT REVOKED,CONSENT REVOKED,CONSENT REVOKED,CONSENT REVOKED,CONSENT REVOKED,CONSENT REVOKED,CONSENT REVOKED
6256c55b42c4d1b69e0be7d1,5fe0f4a8e6b281af7dd9de1a,TIMED-OUT,2022-04-13 12:43:11.161000,,30115.490306,49,334,5,98,,,United Kingdom,United Kingdom,Full-Time,English,English,United Kingdom,Wales,English,Female,No
6256c55c6ab51ec7a7f2f0d1,61265601df674efb2ffefb9e,APPROVED,2022-04-13 12:43:13.888000,2022-04-13 12:59:06.103000,952.215,20,153,0,100,2022-04-13 15:00:13.380000,91442ADD,United Kingdom,United Kingdom,"Not in paid work (e.g. homemaker', 'retired or disabled)",English,English,United Kingdom,England,English,Female,Yes
6256c58343e519228aea2592,611cdbc193e877feb68b0765,APPROVED,2022-04-13 12:44:53.260000,2022-04-13 13:00:53.344000,960.084,59,219,0,100,2022-04-13 14:58:27.477000,91442ADD,United Kingdom,United Kingdom,"Not in paid work (e.g. homemaker', 'retired or disabled)",English,"English, French",United Kingdom,England,English,Female,No
6256d774f848123a43849788,5eec2516eef2124196123a06,RETURNED,2022-04-13 14:00:33.309000,,25473.575194,33,202,2,100,,,CONSENT REVOKED,CONSENT REVOKED,CONSENT REVOKED,CONSENT REVOKED,CONSENT REVOKED,CONSENT REVOKED,CONSENT REVOKED,CONSENT REVOKED,CONSENT REVOKED,CONSENT REVOKED
6256d7a0d14310af15902f1b,5cb782e09e9daf0001d4a933,APPROVED,2022-04-13 14:01:07.388000,2022-04-13 14:18:32.088000,1044.7,38,240,1,100,2022-04-13 14:58:25.688000,91442ADD,United Kingdom,United Kingdom,Part-Time,English,English,United Kingdom,England,English,Female,No
6256e5a35d2ebd603bc91038,6032903277ccb729ab92972d,RETURNED,2022-04-13 15:02:17.021000,,21770.006186,36,173,0,100,,,CONSENT REVOKED,CONSENT REVOKED,CONSENT REVOKED,CONSENT REVOKED,CONSENT REVOKED,CONSENT REVOKED,CONSENT REVOKED,CONSENT REVOKED,CONSENT REVOKED,CONSENT REVOKED
6256e60e47a69369dc284a1d,5e8564ad2c33ae156b696c95,APPROVED,2022-04-13 15:02:45.467000,2022-04-13 15:29:02.783000,1577.316,30,115,0,100,2022-04-13 15:32:47.407000,91442ADD,United Kingdom,United Kingdom,DATA EXPIRED,English,English,United Kingdom,England,English,Male,No
