"session_id","participant_id","status","started_datetime","completed_date_time","time_taken","age","num_approvals","num_rejections","prolific_score","reviewed_at_datetime","entered_code","Country of Birth","Current Country of Residence","Employment Status","First Language","Fluent languages","Nationality","Nationality (UK)","Primary Language","Sex","Student Status"
"62aafbd40caeef806cb54a36","5f70f2db1da187103ac30229","APPROVED","2022-06-16 09:46:14.546000","2022-06-16 10:00:50.245000","875.699","21","263","1","100","2022-06-23 12:17:52.340000","91442ADD","United Kingdom","United Kingdom","Other","English","English","United Kingdom","England","English","Female","Yes"
"62aafeca335406c6d006bf20","59f882ae5ac99000018b0632","REJECTED","2022-06-16 09:58:37.765000","2022-06-16 10:16:27.883000","1070.118","45","491","5","99","2022-06-23 12:14:45.810000","91442ADD","United Kingdom","United Kingdom","Not in paid work (e.g. homemaker', 'retired or disabled)","English","English","United Kingdom","England","English","Female","No"
"62aaff0413d8598113b80ad0","5ea0768bb1197303d15208a3","APPROVED","2022-06-16 09:59:42.209000","2022-06-16 10:08:08.473000","506.264","61","503","1","100","2022-06-23 12:17:50.962000","91442ADD","United Kingdom","United Kingdom","Full-Time","English","English","United Kingdom","England","English","Female","No"
"62aaff5917a951d00ecd5b65","60fd158b17aecbf0aefaf5e9","APPROVED","2022-06-16 10:01:01.025000","2022-06-16 10:16:10.407000","909.382","23","121","0","100","2022-06-23 12:17:49.464000","91442ADD","United Kingdom","United Kingdom","Due to start a new job within the next month","English","English","United Kingdom","England","English","Female","Yes"
"62aaff65892f3bf0761e5264","5e664052c302df3b19df4a7d","REJECTED","2022-06-16 10:02:11.502000","2022-06-16 10:25:35.672000","1404.17","32","504","6","99","2022-06-23 12:16:36.587000","91442ADD","United Kingdom","United Kingdom","Unemployed (and job seeking)","English","English","United Kingdom","England","English","Male","No"
"62aaff67b555ba8b8199c8a2","5d4aebdd54ad1e001abee843","APPROVED","2022-06-16 10:01:15.263000","2022-06-16 10:13:42.297000","747.034","25","666","1","100","2022-06-23 12:17:48.532000","91442ADD","United Kingdom","United Kingdom","Full-Time","English","English","United Kingdom","England","English","Male","No"
"62aaff6b13d8598113b80ad4","613a328e1b4cb4d9c08837a3","APPROVED","2022-06-16 10:01:18.460000","2022-06-16 10:09:42.622000","504.162","26","148","1","100","2022-06-23 12:17:47.500000","91442ADD","United Kingdom","United Kingdom","Part-Time","English","English","United Kingdom","England","English","Female","No"
"62aaff91bc9634b581deca47","5fff1fc3f7de3a000aaeb197","APPROVED","2022-06-16 10:01:56.536000","2022-06-16 10:10:21.273000","504.737","28","124","1","100","2022-06-23 12:17:46.164000","91442ADD","United Kingdom","United Kingdom","Full-Time","English","English","United Kingdom","England","English","Female","No"
"62aaffb12d1834d0a19d52fe","61472b7245c652deca2b65ec","REJECTED","2022-06-16 10:02:29.751000","2022-06-16 10:18:19.879000","950.128","57","81","2","99","2022-06-23 12:17:23.453000","91442ADD","United Kingdom","United Kingdom","Full-Time","English","English","United Kingdom","Scotland","English","Female","No"
"62aaffbb16941ba1552ee827","5c63efbf571f930001eb2326","APPROVED","2022-06-16 10:02:38.513000","2022-06-16 10:22:23.594000","1185.081","31","548","5","99","2022-06-23 12:17:44.945000","91442ADD","United Kingdom","United Kingdom","Full-Time","English","English","United Kingdom","England","English","Female","No"
"62b5e79d126f17c9025def50","615761b7a319cfaf9e9047ad","REJECTED","2022-06-24 16:34:41.150000","2022-06-24 16:53:59.526000","1158.376","34","294","5","98","2022-06-24 17:01:31.397000","91442ADD","United Kingdom","United Kingdom","Part-Time","English","English","United Kingdom","England","English","Female","No"
"62b5e8feb00d7f42438fa229","5fec594488f057dbd3bdec07","REJECTED","2022-06-24 16:41:19.610000","2022-06-24 16:54:10.610000","771","25","388","8","98","2022-06-24 17:01:08.373000","91442ADD","United Kingdom","Spain","Part-Time","English","English, Spanish","United Kingdom","England","English","Female","No"
"62b5e97fc48215aa2898f5d9","614798dfac97292e210bfb67","APPROVED","2022-06-24 16:42:41.884000","2022-06-24 16:54:30.255000","708.371","34","68","0","100","2022-06-24 17:00:39.182000","91442ADD","United Kingdom","United Kingdom","Part-Time","English","English","United Kingdom","England","English","Female","No"
"62b5ee022ff604d16ebb68a9","5eff7a731d128004fbda59de","APPROVED","2022-06-24 17:02:10.296000","2022-06-24 17:20:54.979000","1124.683","63","419","1","100","2022-06-24 17:34:50.644000","91442ADD","United Kingdom","United Kingdom","Part-Time","English","English","United Kingdom","England","English","Female","No"
"62b5ee0c3d7cc3f706a39e84","5495fbf9fdf99b50089f79d8","APPROVED","2022-06-24 17:02:30.448000","2022-06-24 17:11:02.189000","511.741","53","82","0","100","2022-06-24 17:34:28.703000","91442ADD","United Kingdom","United Kingdom","Part-Time","English","English","United Kingdom","England","English","Female","No"