session_id,participant_id,status,started_datetime,completed_date_time,time_taken,age,num_approvals,num_rejections,prolific_score,reviewed_at_datetime,entered_code,Country of Birth,Current Country of Residence,Employment Status,First Language,Fluent languages,Nationality,Nationality (UK),Primary Language,Sex,Student Status
6299fc11743038df6e47b856,5c4e38f4d3a5e300018363ba,APPROVED,2022-06-03 12:18:33.166000,2022-06-03 12:44:26.352000,1553.186,45,602,4,99,2022-06-03 13:51:58.374000,91442ADD,United Kingdom,United Kingdom,"Not in paid work (e.g. homemaker', 'retired or disabled)",English,English,United Kingdom,Wales,English,Male,No
6299fc897106a6597b0660cb,610147745f4b8aea552cc248,APPROVED,2022-06-03 12:22:21.065000,2022-06-03 12:46:23.744000,1442.679,26,292,0,100,2022-06-03 13:51:56.405000,91442ADD,United Kingdom,United Kingdom,Part-Time,English,English,United Kingdom,England,English,Male,No
6299fcd53124b8d16d219456,5d494ee6034616000180b8cd,RETURNED,2022-06-03 12:21:44.733000,,5426.266426,26,463,3,100,,,CONSENT REVOKED,CONSENT REVOKED,CONSENT REVOKED,CONSENT REVOKED,CONSENT REVOKED,CONSENT REVOKED,CONSENT REVOKED,CONSENT REVOKED,CONSENT REVOKED,CONSENT REVOKED
6299fd3585542c1428412f94,60fda8aac057ab07fed47bc8,RETURNED,2022-06-03 12:23:19.423000,,5331.594516,19,217,1,100,,,CONSENT REVOKED,CONSENT REVOKED,CONSENT REVOKED,CONSENT REVOKED,CONSENT REVOKED,CONSENT REVOKED,CONSENT REVOKED,CONSENT REVOKED,CONSENT REVOKED,CONSENT REVOKED
6299fd373724346351e63f91,59024c8c70eeec000180b2b3,APPROVED,2022-06-03 12:23:23.303000,2022-06-03 12:45:59.183000,1355.88,42,560,3,100,2022-06-03 13:51:55.013000,91442ADD,United Kingdom,United Kingdom,Part-Time,English,English,United Kingdom,Scotland,English,Female,No
6299fd94d6ddbcaa80ef2219,5fe900ea3803bb82c41da093,RETURNED,2022-06-03 12:24:56.497000,,5234.554412,31,419,9,96,,,CONSENT REVOKED,CONSENT REVOKED,CONSENT REVOKED,CONSENT REVOKED,CONSENT REVOKED,CONSENT REVOKED,CONSENT REVOKED,CONSENT REVOKED,CONSENT REVOKED,CONSENT REVOKED
6299fdb7de35142a093dbadd,5e9ffaf7e9ea4e000b76917c,RETURNED,2022-06-03 12:25:30.885000,,5200.189719,38,484,3,100,,,CONSENT REVOKED,CONSENT REVOKED,CONSENT REVOKED,CONSENT REVOKED,CONSENT REVOKED,CONSENT REVOKED,CONSENT REVOKED,CONSENT REVOKED,CONSENT REVOKED,CONSENT REVOKED
6299fdcb9e5a593dfc3ce4b9,5a11f4d76924a60001eb7c1b,APPROVED,2022-06-03 12:25:53.065000,2022-06-03 12:34:38.309000,525.244,40,435,3,100,2022-06-03 13:51:53.464000,91442ADD,United Kingdom,United Kingdom,Full-Time,English,English,United Kingdom,England,English,Female,No
6299fddf2e94a4066ffd99f2,5f92fcf0da91be06c2a758e8,APPROVED,2022-06-03 12:26:15.649000,2022-06-03 12:38:30.711000,735.062,35,197,2,100,2022-06-03 13:51:51.761000,91442ADD,United Kingdom,United Kingdom,Part-Time,English,English,United Kingdom,England,English,Female,No
6299fe22ea34b92d653e2a17,5c7c6a0e28933500015ec7da,APPROVED,2022-06-03 12:27:16.034000,2022-06-03 12:37:08.430000,592.396,26,144,3,98,2022-06-03 13:51:50.513000,91442ADD,United Kingdom,United Kingdom,Full-Time,English,English,United Kingdom,England,English,Female,No
6299fe26c440af3b42200d1e,607c59fc4f707dcd8b6370c2,APPROVED,2022-06-03 12:27:21.826000,2022-06-03 12:47:51.692000,1229.866,24,77,0,100,2022-06-03 13:51:49.595000,91442ADD,United Kingdom,United Kingdom,"Not in paid work (e.g. homemaker', 'retired or disabled)",English,English,United Kingdom,England,English,Female,No
6299fe7603ebaf448d488717,5ef24f47c55ee909e220f6db,RETURNED,2022-06-03 12:39:00.053000,,4391.105035,40,173,1,100,,,CONSENT REVOKED,CONSENT REVOKED,CONSENT REVOKED,CONSENT REVOKED,CONSENT REVOKED,CONSENT REVOKED,CONSENT REVOKED,CONSENT REVOKED,CONSENT REVOKED,CONSENT REVOKED
6299fe772e27ab5b258f547e,5de39f38a1a3fb39ee68f7ab,APPROVED,2022-06-03 12:28:50.500000,2022-06-03 12:37:45.341000,534.841,51,578,2,100,2022-06-03 13:51:48.288000,91442ADD,United Kingdom,Portugal,Part-Time,English,English,United Kingdom,England,English,Female,No
629a003526c3831fd79b82c9,5e642059211a831a2b490c06,APPROVED,2022-06-03 12:36:17.278000,2022-06-03 12:48:52.619000,755.341,27,790,0,100,2022-06-03 13:51:46.654000,91442ADD,United Kingdom,United Kingdom,Full-Time,English,English,United Kingdom,England,English,Female,No
629a00ed877a390c73aef130,5ad44f87459c35000113830e,APPROVED,2022-06-03 12:39:20.699000,2022-06-03 12:52:35.291000,794.592,28,749,5,100,2022-06-03 13:51:45.296000,91442ADD,United Kingdom,United Kingdom,DATA EXPIRED,English,English,United Kingdom,England,English,Female,DATA EXPIRED
