session_id,participant_id,status,started_datetime,completed_date_time,time_taken,age,num_approvals,num_rejections,prolific_score,reviewed_at_datetime,entered_code,Country of Birth,Current Country of Residence,Employment Status,First Language,Fluent languages,Nationality,Nationality (UK),Primary Language,Sex,Student Status
62b72883bddea5d5ba1c5780,5f92b0152a19e11eeb4a401c,APPROVED,2022-06-25 15:24:00.878000,2022-06-25 15:40:02.823000,961.945,45,380,1,100,2022-06-28 15:37:44.522000,91442ADD,United Kingdom,United Kingdom,Full-Time,English,English,United Kingdom,England,English,Male,DATA EXPIRED
62b72896b50404e662e691f5,5ea6eba9aba41b078b6a832f,RETURNED,2022-06-25 15:24:10.541000,,260033.745253,39,582,2,100,,,CONSENT REVOKED,CONSENT REVOKED,CONSENT REVOKED,CONSENT REVOKED,CONSENT REVOKED,CONSENT REVOKED,CONSENT REVOKED,CONSENT REVOKED,CONSENT REVOKED,CONSENT REVOKED
62b72c61ac1cbb22903414f7,589c431f0da7f10001de7407,APPROVED,2022-06-25 15:40:17.186000,2022-06-25 15:49:50.674000,573.488,55,962,2,100,2022-06-28 15:37:42.870000,91442ADD,United Kingdom,United Kingdom,"Not in paid work (e.g. homemaker', 'retired or disabled)",English,English,United Kingdom,England,English,Female,No
62b72d231a68df0861f6cc61,5e10faccfeea897bcd4c4e85,APPROVED,2022-06-25 15:43:31.639000,2022-06-25 16:11:08.592000,1656.953,52,465,9,97,2022-06-28 15:37:41.962000,91442ADD,United Kingdom,United Kingdom,"Not in paid work (e.g. homemaker', 'retired or disabled)",English,English,United Kingdom,England,English,Female,No
62b72decd164f76237446eed,6165c39fe3e242147d050851,RETURNED,2022-06-25 15:46:56.283000,,258668.041851,52,264,4,98,,,CONSENT REVOKED,CONSENT REVOKED,CONSENT REVOKED,CONSENT REVOKED,CONSENT REVOKED,CONSENT REVOKED,CONSENT REVOKED,CONSENT REVOKED,CONSENT REVOKED,CONSENT REVOKED
62b72e190b6e2c8fee80c283,5efc6a4ba720250009909dfe,APPROVED,2022-06-25 15:47:37.954000,2022-06-25 15:56:24.078000,526.124,51,859,3,100,2022-06-28 15:37:38.446000,91442ADD,United Kingdom,United Kingdom,Full-Time,English,English,United Kingdom,Scotland,English,Female,No
62b72ea2e8a1d119dd7d1f20,5a296168390d120001c706c5,APPROVED,2022-06-25 15:49:57.646000,2022-06-25 15:59:02.459000,544.813,55,16,0,100,2022-06-28 15:37:35.700000,91442ADD,United Kingdom,United Kingdom,Part-Time,English,English,United Kingdom,England,English,Female,No
62b72eca4f5c49a27a3f02a0,62b627e2ed6eb246e558ca5f,RETURNED,2022-06-25 15:50:38.630000,,258445.735521,26,6,0,100,,,CONSENT REVOKED,CONSENT REVOKED,CONSENT REVOKED,CONSENT REVOKED,CONSENT REVOKED,CONSENT REVOKED,CONSENT REVOKED,CONSENT REVOKED,CONSENT REVOKED,CONSENT REVOKED
62b72ef70635143f2f400b14,59024c8c70eeec000180b2b3,APPROVED,2022-06-25 15:51:23.247000,2022-06-25 16:02:46.750000,683.503,42,575,3,100,2022-06-28 15:37:31.676000,91442ADD,United Kingdom,United Kingdom,Part-Time,English,English,United Kingdom,Scotland,English,Female,No
62b72efb5dd9d173325def50,5e9af03313028a17f82e1631,APPROVED,2022-06-25 15:51:27.681000,2022-06-25 16:08:10.923000,1003.242,22,301,3,99,2022-06-28 15:37:30.329000,91442ADD,United Kingdom,United Kingdom,Part-Time,English,English,United Kingdom,England,English,Female,No
62b72f131a2e625ed6eb05ba,5799d08d454e5400015f463c,RETURNED,2022-06-25 15:51:51.574000,,258372.833568,38,276,1,100,,,CONSENT REVOKED,CONSENT REVOKED,CONSENT REVOKED,CONSENT REVOKED,CONSENT REVOKED,CONSENT REVOKED,CONSENT REVOKED,CONSENT REVOKED,CONSENT REVOKED,CONSENT REVOKED
62b72f13a8a5967602516af1,5ae870c64357bd0001c57edd,APPROVED,2022-06-25 15:51:52.987000,2022-06-25 16:01:10.470000,557.483,42,985,1,100,2022-06-28 15:37:28.767000,91442ADD,United Kingdom,United Kingdom,Full-Time,English,English,United Kingdom,Scotland,English,Male,No
62b72f160703454a6d3fc260,60743e408fd768b1a939ed4c,RETURNED,2022-06-25 16:01:50.303000,,257774.134391,19,289,5,98,,,CONSENT REVOKED,CONSENT REVOKED,CONSENT REVOKED,CONSENT REVOKED,CONSENT REVOKED,CONSENT REVOKED,CONSENT REVOKED,CONSENT REVOKED,CONSENT REVOKED,CONSENT REVOKED
62b72f3b9cbbe11aa9784cfb,598b45b9d4d7ba0001bfd6e7,RETURNED,2022-06-25 15:52:30.826000,,258333.625747,39,115,0,100,,,CONSENT REVOKED,CONSENT REVOKED,CONSENT REVOKED,CONSENT REVOKED,CONSENT REVOKED,CONSENT REVOKED,CONSENT REVOKED,CONSENT REVOKED,CONSENT REVOKED,CONSENT REVOKED
62b72f5a6b7441d7cf1a9865,5ee689ebaedc563ff21eb620,APPROVED,2022-06-25 15:53:01.862000,2022-06-25 16:04:01.312000,659.45,42,601,2,100,2022-06-28 15:37:16.975000,91442ADD,United Kingdom,United Kingdom,Full-Time,English,English,United Kingdom,England,English,Female,Yes
62b72f5b9e4529cbd3bb689d,5f04dc9fb117c31680c1a4f5,APPROVED,2022-06-25 15:53:14.098000,2022-06-25 15:59:08.126000,354.028,35,119,1,100,2022-06-28 15:37:26.866000,91442ADD,United Kingdom,United Kingdom,Part-Time,English,English,United Kingdom,England,English,Female,No
