session_id,participant_id,status,started_datetime,completed_date_time,time_taken,age,num_approvals,num_rejections,prolific_score,reviewed_at_datetime,entered_code,Country of Birth,Current Country of Residence,Employment Status,First Language,Fluent languages,Nationality,Nationality (UK),Primary Language,Sex,Student Status
62b724cd46a4a09343b08de2,5c3cb454e02c6a000100e4fe,APPROVED,2022-06-25 15:08:01.985000,2022-06-25 15:25:15.825000,1033.84,27,189,1,99,2022-06-25 17:14:03.905000,91442ADD,United Kingdom,United Kingdom,Full-Time,English,English,United Kingdom,Northern Ireland,English,Female,No
62b724ef951c391c4fd922de,62b5ddd50bc67b50ae446f0c,TIMED-OUT,2022-06-25 15:08:55.244000,,7525.482376,37,0,0,100,,,United Kingdom,United Kingdom,Full-Time,English,English,United Kingdom,England,English,Male,No
62b724ff03ba148130f27adf,609c5961e1d11ae2bd9ebd6c,APPROVED,2022-06-25 15:08:51.725000,2022-06-25 15:19:23.526000,631.801,46,214,0,100,2022-06-25 17:14:00.898000,91442ADD,United Kingdom,United Kingdom,Part-Time,English,English,United Kingdom,England,English,Female,No
62b7253782db3bdb43f27ad0,613a4c8c7e9c6c51894b82a6,APPROVED,2022-06-25 15:09:47.206000,2022-06-25 15:30:46.441000,1259.235,67,253,3,98,2022-06-25 17:13:58.972000,91442ADD,United Kingdom,United Kingdom,Full-Time,English,English,United Kingdom,England,English,Female,No
62b7254a1fe138ce47ba272d,601035bc24cb8f2c108b3e48,APPROVED,2022-06-25 15:10:06.894000,2022-06-25 15:20:51.477000,644.583,33,278,2,100,2022-06-25 17:13:56.508000,91442ADD,United States,United Kingdom,Full-Time,English,English,United Kingdom,England,English,Female,No
62b7257351817153595def61,5cf8e269ac28dd00196e7ad2,APPROVED,2022-06-25 15:10:46.941000,2022-06-25 15:24:34.204000,827.263,65,464,4,99,2022-06-25 17:13:55.465000,91442ADD,United Kingdom,United Kingdom,Part-Time,English,English,United Kingdom,England,English,Male,No
62b72584f17f6cfa9edffc59,62b22949a3d0a8d422573f97,RETURNED,2022-06-25 15:11:47.026000,,7353.756905,57,2,0,100,,,CONSENT REVOKED,CONSENT REVOKED,CONSENT REVOKED,CONSENT REVOKED,CONSENT REVOKED,CONSENT REVOKED,CONSENT REVOKED,CONSENT REVOKED,CONSENT REVOKED,CONSENT REVOKED
62b7258ce40ac79271400b35,5ebd9828c25ad30a611bb585,RETURNED,2022-06-25 15:11:10.935000,,7389.859627,20,158,0,100,,,CONSENT REVOKED,CONSENT REVOKED,CONSENT REVOKED,CONSENT REVOKED,CONSENT REVOKED,CONSENT REVOKED,CONSENT REVOKED,CONSENT REVOKED,CONSENT REVOKED,CONSENT REVOKED
62b72598a8d84fb4ad2573f3,5aee10683c80f200013aeae6,APPROVED,2022-06-25 15:11:24.606000,2022-06-25 15:23:07.300000,702.694,53,238,4,98,2022-06-25 17:13:54.368000,91442ADD,United Kingdom,United Kingdom,Full-Time,English,English,United Kingdom,England,English,Female,No
62b725acb119d63e5e784ce9,5e06174335a7a5006aa0df98,RETURNED,2022-06-25 15:11:48.021000,,7352.795612,32,532,9,98,,,CONSENT REVOKED,CONSENT REVOKED,CONSENT REVOKED,CONSENT REVOKED,CONSENT REVOKED,CONSENT REVOKED,CONSENT REVOKED,CONSENT REVOKED,CONSENT REVOKED,CONSENT REVOKED
62b725e2eb23bc171ef5c5b3,5bc7b12e14dd840001c4e448,APPROVED,2022-06-25 15:12:44.637000,2022-06-25 15:32:04.068000,1159.431,34,538,1,100,2022-06-25 17:13:50.993000,91442ADD,United Kingdom,United Kingdom,Full-Time,English,English,United Kingdom,England,English,Male,No
62b726d6685c71ac82fa46b3,5ba7f8f5351c52000158a55b,APPROVED,2022-06-25 15:16:42.349000,2022-06-25 15:34:39.370000,1077.021,37,467,7,98,2022-06-25 17:13:47.794000,91442ADD,United Kingdom,United Kingdom,Full-Time,English,"Slovak, English",United Kingdom,England,English,Female,No
62b7270767a221e664ed0650,58f93198dbfafa0001d227c9,APPROVED,2022-06-25 15:21:39.014000,2022-06-25 15:34:45.201000,786.187,37,995,4,100,2022-06-25 17:13:47.015000,91442ADD,United Kingdom,United Kingdom,Part-Time,English,English,United Kingdom,England,English,Female,Yes
62b73812b151a514e1704658,60914b4649ec7b4af680e25b,APPROVED,2022-06-25 16:30:12.480000,2022-06-25 16:40:52.593000,640.113,23,239,2,100,2022-06-25 17:13:46.255000,91442ADD,United Kingdom,United Kingdom,Full-Time,English,English,United Kingdom,England,English,Male,Yes
