session_id,participant_id,status,started_datetime,completed_date_time,time_taken,age,num_approvals,num_rejections,prolific_score,reviewed_at_datetime,entered_code,Country of Birth,Current Country of Residence,Employment Status,First Language,Fluent languages,Nationality,Nationality (UK),Primary Language,Sex,Student Status
62b7275d9e79c45f232cdb8e,5ae76ee9a740ff0001937dba,APPROVED,2022-06-25 15:18:55.811000,2022-06-25 15:27:09.707000,493.896,42,601,13,96,2022-06-28 10:02:20.184000,91442ADD,United Kingdom,United Kingdom,Full-Time,English,English,United Kingdom,England,English,Female,No
62b72b3f50f1623e10eb05b3,62b627e2ed6eb246e558ca5f,APPROVED,2022-06-25 15:35:34.790000,2022-06-25 15:40:30.492000,295.702,26,6,0,100,2022-06-28 10:02:19.246000,91442ADD,United Kingdom,United Kingdom,Full-Time,English,English,United Kingdom,England,English,Male,No
62b72c0cb8377fc9569e3395,5ea2bdc24085721e0a3d8a56,APPROVED,2022-06-25 15:38:59.075000,2022-06-25 15:46:08.413000,429.338,56,608,9,98,2022-06-28 10:02:18.774000,91442ADD,United Kingdom,United Kingdom,Part-Time,English,English,United Kingdom,England,English,Female,No
62b72c6356a4b5679ae691d0,5d853d4eecc7dc001850467f,APPROVED,2022-06-25 15:40:33.102000,2022-06-25 15:58:25.666000,1072.564,42,897,1,100,2022-06-28 10:02:17.276000,91442ADD,United Kingdom,United Kingdom,Part-Time,English,English,United Kingdom,England,English,Female,No
62b72cde0eadae16448fa21e,615875cd00a23fb41e865fc0,APPROVED,2022-06-25 15:42:27.084000,2022-06-25 15:49:10.758000,403.674,52,320,4,98,2022-06-28 10:02:16.232000,91442ADD,United Kingdom,United Kingdom,Part-Time,English,English,United Kingdom,England,English,Female,No
62b72d2f6282414c29f5c5c2,5feeec52d92c4a9ea0c52250,APPROVED,2022-06-25 15:43:48.139000,2022-06-25 15:55:10.380000,682.241,29,437,4,99,2022-06-28 10:02:15.781000,91442ADD,United Kingdom,United Kingdom,Full-Time,English,English,United Kingdom,England,English,Female,Yes
62b72d65dd673a2379c09270,5ea964a32f7b3304bb975a05,APPROVED,2022-06-25 15:44:42.173000,2022-06-25 16:02:44.897000,1082.724,58,479,9,97,2022-06-28 10:02:15.175000,91442ADD,United Kingdom,United Kingdom,Full-Time,English,English,United Kingdom,England,English,Female,No
62b72d7388ffe14e70f6cc7c,558bb476fdf99b21155f2dbf,APPROVED,2022-06-25 15:45:01.717000,2022-06-25 15:58:23.133000,801.416,70,1499,6,100,2022-06-28 10:02:14.060000,91442ADD,United Kingdom,United Kingdom,"Not in paid work (e.g. homemaker', 'retired or disabled)",English,English,United Kingdom,England,English,Female,No
62b72d784609fd613e400b20,5e152c33814bbab3e0eb7371,APPROVED,2022-06-25 15:50:03.501000,2022-06-25 16:05:27.447000,923.946,31,665,0,100,2022-06-28 10:02:12.696000,91442ADD,United Kingdom,United Kingdom,Unemployed (and job seeking),English,English,United Kingdom,Northern Ireland,English,Male,No
62b72d889c59aef6591c5776,61471dc7b568462f804535ff,REJECTED,2022-06-25 15:45:16.449000,2022-06-25 15:57:43.631000,747.182,41,284,1,100,2022-06-28 10:01:34.711000,91442ADD,United Kingdom,United Kingdom,Full-Time,English,English,United Kingdom,England,English,Female,Yes
62bad2145b44457f4f9dd176,60c37e34e52fe776b87af876,APPROVED,2022-06-28 10:04:15.600000,2022-06-28 10:13:45.954000,570.354,30,86,1,100,2022-06-28 14:50:54.542000,91442ADD,United Kingdom,United Kingdom,Part-Time,English,English,United Kingdom,England,English,Female,Yes
